TestTime,DataYear,LocalTime,UUID,Direction,MeanThroughputMbps,MinRTT,LossRate,Subdivision1Name,City,Latitude,Longitude,AccuracyRadiusKm,ASName,ASNumber
2024-01-29 03:58:23.691781 UTC,2024,11:58:23,ndt-5ssdr_1705107907_000000000011C1D0,Download,3.0373606733174583,23.863,0.0027845457709711106,Taipei City,Taipei,25.0504,121.5324,20,Taiwan Star Telecom Corporation Limited.(Former Vibo Telecom Inc.),24157
2024-01-29 03:56:00.271255 UTC,2024,11:56:00,ndt-hlgmr_1705250860_00000000000FA1E8,Download,0.41342439384594465,54.699,0.0700089868438499,Taipei City,Taipei,25.0504,121.5324,50,"Far EastTone Telecommunication Co., Ltd.",9674
2024-01-29 03:52:12.875310 UTC,2024,11:52:12,ndt-hlgmr_1705250860_00000000001000BE,Download,14.458029760025632,32.9,0.0,Taipei City,Taipei,25.0504,121.5324,10,"Taiwan Mobile Co., Ltd.",24158
2024-01-29 03:44:05.091682 UTC,2024,11:44:05,ndt-8mwwk_1705045617_00000000001244D6,Download,19.319455390482958,19.024,0.00017887972372800827,Taipei City,Taipei,25.0504,121.5324,10,Mobile Business Group,17421
2024-01-29 03:40:09.267917 UTC,2024,11:40:09,ndt-8mwwk_1705045617_00000000001312AE,Download,54.143048257717005,82.103,0.0015053082916222629,Taipei City,Taipei,25.0504,121.5324,100,"Far EastTone Telecommunication Co., Ltd.",9674
2024-01-29 03:36:08.442747 UTC,2024,11:36:08,ndt-5ssdr_1705107907_000000000011842C,Download,12.555940285918775,55.479,0.17919116694755804,Taipei City,Taipei,25.0504,121.5324,50,"Far EastTone Telecommunication Co., Ltd.",9674
2024-01-29 03:25:43.207775 UTC,2024,11:25:43,ndt-hlgmr_1705250860_00000000000F91A1,Download,142.27507557617429,18.216,0.0,Taipei City,Taipei,25.0504,121.5324,10,Mobile Business Group,17421
2024-01-29 03:20:59.795598 UTC,2024,11:20:59,ndt-virtual-74kb6_1704946707_00000000000722FF,Download,14.619992985469692,147.1,0.0,Taipei City,Taipei,25.0504,121.5324,5,Mobile Business Group,17421
2024-01-29 03:20:12.517129 UTC,2024,11:20:12,ndt-virtual-74kb6_1704946707_00000000000722F8,Download,17.258606527407366,147.255,0.0018051952840918044,Taipei City,Taipei,25.0504,121.5324,5,Mobile Business Group,17421
2024-01-29 03:10:14.668414 UTC,2024,11:10:14,ndt-8mwwk_1705045617_000000000012350E,Download,10.868632757638832,29.004,0.0,Taipei City,Taipei,25.0504,121.5324,10,Mobile Business Group,17421
2024-01-29 03:10:00.153556 UTC,2024,11:10:00,ndt-virtual-74kb6_1704946707_00000000000722CE,Download,5.6727123280785827,31.919,0.0012588559591093964,Taipei City,Taipei,25.0504,121.5324,10,"Taiwan Mobile Co., Ltd.",24158
2024-01-29 03:09:56.071695 UTC,2024,11:09:56,ndt-virtual-c5kvd_1704940095_0000000000064DC3,Download,25.421571281607019,25.044,0.0042456137502942274,Taipei City,Taipei,25.0504,121.5324,10,"Taiwan Mobile Co., Ltd.",24158
2024-01-29 03:09:51.060790 UTC,2024,11:09:51,ndt-hlgmr_1705250860_00000000000FB170,Download,26.996454733660983,27.301,0.0,Taipei City,Taipei,25.0504,121.5324,10,"Taiwan Mobile Co., Ltd.",24158
2024-01-29 03:09:11.939439 UTC,2024,11:09:11,ndt-8mwwk_1705045617_000000000012B2E3,Download,12.375299474870872,48.934,0.054582252055104662,Taipei City,Taipei,25.0504,121.5324,100,"Far EastTone Telecommunication Co., Ltd.",9674
2024-01-29 03:06:50.065482 UTC,2024,11:06:50,ndt-hlgmr_1705250860_00000000000F09B1,Download,77.8063266862387,24.002,0.0,Taipei City,Taipei,25.0504,121.5324,10,Mobile Business Group,17421
2024-01-29 03:05:31.932776 UTC,2024,11:05:31,ndt-5ssdr_1705107907_0000000000117566,Download,51.94805004507559,33.029,0.0,Taipei City,Taipei,25.0504,121.5324,10,Mobile Business Group,17421
2024-01-29 03:02:20.459192 UTC,2024,11:02:20,ndt-8mwwk_1705045617_0000000000118E6C,Download,7.1499820413630086,79.447,0.081032322215018271,Taipei City,Taipei,25.0504,121.5324,20,"Far EastTone Telecommunication Co., Ltd.",9674
2024-01-29 02:55:39.572563 UTC,2024,10:55:39,ndt-virtual-c5kvd_1704940095_00000000000677EF,Download,40.745110589805776,21.989,0.015456460800865945,Taipei City,Taipei,25.0504,121.5324,100,"Far EastTone Telecommunication Co., Ltd.",9674
2024-01-29 02:55:32.335637 UTC,2024,10:55:32,ndt-virtual-c5kvd_1704940095_0000000000064D73,Download,17.054195126021163,292.921,0.22528848372872082,Taipei City,Taipei,25.0504,121.5324,100,Mobile Business Group,17421
2024-01-29 02:51:15.187977 UTC,2024,10:51:15,ndt-virtual-c5kvd_1704940095_0000000000064D5C,Download,14.115039525542688,19.803,0.0077090854710792538,Taipei City,Taipei,25.0504,121.5324,20,Mobile Business Group,17421
2024-01-29 02:50:59.856086 UTC,2024,10:50:59,ndt-virtual-c5kvd_1704940095_00000000000677D7,Download,56.408329436551412,26.672,0.0,Taipei City,Taipei,25.0504,121.5324,100,"Far EastTone Telecommunication Co., Ltd.",9674
2024-01-29 02:48:38.759005 UTC,2024,10:48:38,ndt-virtual-c5kvd_1704940095_0000000000066A12,Download,42.145952435570543,24.106,0.0016031747539843242,Taipei City,Taipei,25.0504,121.5324,100,"Far EastTone Telecommunication Co., Ltd.",9674
2024-01-29 02:46:33.187424 UTC,2024,10:46:33,ndt-virtual-74kb6_1704946707_00000000000706E0,Download,41.627978682320226,26.891,0.00803722571157014,Taipei City,Taipei,25.0504,121.5324,100,"Far EastTone Telecommunication Co., Ltd.",9674
2024-01-29 02:42:53.904665 UTC,2024,10:42:53,ndt-virtual-c5kvd_1704940095_0000000000064D3A,Download,25.010351446678921,21.672,0.065671438476225016,Taipei City,Taipei,25.0504,121.5324,10,Mobile Business Group,17421
2024-01-29 02:41:17.352573 UTC,2024,10:41:17,ndt-virtual-74kb6_1704946707_0000000000072267,Download,13.711672284907815,20.442,0.11656326251587569,Taipei City,Taipei,25.0504,121.5324,100,"Far EastTone Telecommunication Co., Ltd.",9674
2024-01-29 02:29:41.213711 UTC,2024,10:29:41,ndt-5ssdr_1705107907_00000000001155AB,Download,101.64333270038036,23.965,0.0,Taipei City,Taipei,25.0504,121.5324,10,Mobile Business Group,17421
2024-01-29 02:22:01.603053 UTC,2024,10:22:01,ndt-virtual-74kb6_1704946707_0000000000070684,Download,34.632184874680647,22.683,6.3422999094128111e-05,Taipei City,Taipei,25.0504,121.5324,100,"Far EastTone Telecommunication Co., Ltd.",9674
2024-01-29 02:20:46.623032 UTC,2024,10:20:46,ndt-virtual-74kb6_1704946707_000000000007161B,Download,9.5501423449588554,28.584,0.00011599176239634604,Taipei City,Taipei,25.0504,121.5324,50,"Far EastTone Telecommunication Co., Ltd.",9674
2024-01-29 02:20:07.000371 UTC,2024,10:20:07,ndt-virtual-74kb6_1704946707_0000000000071616,Download,145.24776313232178,20.038,0.0,Taipei City,Taipei,25.0504,121.5324,10,Mobile Business Group,17421
2024-01-29 01:43:05.242840 UTC,2024,09:43:05,ndt-virtual-74kb6_1704946707_0000000000073197,Download,1.5438458218177173,253.825,0.0514924851621952,Taipei City,Taipei,25.0504,121.5324,200,Mobile Business Group,17421
2024-01-29 01:41:37.461524 UTC,2024,09:41:37,ndt-virtual-74kb6_1704946707_0000000000073191,Download,26.974284042898926,25.049,8.09969037787348e-05,Taipei City,Taipei,25.0504,121.5324,50,"Far EastTone Telecommunication Co., Ltd.",9674
2024-01-29 01:41:31.143287 UTC,2024,09:41:31,ndt-hlgmr_1705250860_00000000000F6285,Download,23.20649833024126,49.853,0.067878694386905081,Taipei City,Taipei,25.0504,121.5324,100,"Far EastTone Telecommunication Co., Ltd.",9674
2024-01-29 01:41:19.656403 UTC,2024,09:41:19,ndt-8mwwk_1705045617_000000000011DB55,Download,64.633074725253863,83.521,0.00019570591958701915,Taipei City,Taipei,25.0504,121.5324,100,"Far EastTone Telecommunication Co., Ltd.",9674
2024-01-29 01:41:07.957772 UTC,2024,09:41:07,ndt-8mwwk_1705045617_0000000000133049,Download,38.274574511456727,49.416,0.1650862254192203,Taipei City,Taipei,25.0504,121.5324,100,"Far EastTone Telecommunication Co., Ltd.",9674
2024-01-29 01:36:37.323565 UTC,2024,09:36:37,ndt-virtual-c5kvd_1704940095_0000000000066902,Download,343.5470086198327,21.891,0.0,Taipei City,Taipei,25.0504,121.5324,10,Mobile Business Group,17421
2024-01-29 01:21:17.578742 UTC,2024,09:21:17,ndt-virtual-c5kvd_1704940095_00000000000668B4,Download,5.4224843977842534,21.976,0.013575492283337782,Taipei City,Taipei,25.0504,121.5324,20,"Taiwan Mobile Co., Ltd.",24158
2024-01-29 00:49:54.605457 UTC,2024,08:49:54,ndt-hlgmr_1705250860_00000000000F8167,Download,11.664656212547833,78.248,0.2218062529252286,Taipei City,Taipei,25.0504,121.5324,100,"Far EastTone Telecommunication Co., Ltd.",9674
2024-01-29 00:48:49.803813 UTC,2024,08:48:49,ndt-8mwwk_1705045617_0000000000118D93,Download,2.0450845927038648,19.418,0.00051493305870236867,Taipei City,Taipei,25.0504,121.5324,10,Taiwan Star Telecom Corporation Limited.(Former Vibo Telecom Inc.),24157
2024-01-29 00:14:00.582633 UTC,2024,08:14:00,ndt-virtual-74kb6_1704946707_000000000007141E,Download,16.185839205632536,22.229,0.00027316243501117777,Taipei City,Taipei,25.0504,121.5324,10,Mobile Business Group,17421
2024-01-29 00:03:10.634571 UTC,2024,08:03:10,ndt-hlgmr_1705250860_00000000000F2530,Download,36.700536957706476,97.496,0.051319539322181112,Taipei City,Taipei,25.0504,121.5324,5,Mobile Business Group,17421
2024-01-28 23:44:51.514855 UTC,2024,07:44:51,ndt-virtual-74kb6_1704946707_00000000000703DE,Download,194.81037545725459,28.806,0.0017469643996500565,Taipei City,Taipei,25.0504,121.5324,100,"Far EastTone Telecommunication Co., Ltd.",9674
2024-01-28 23:24:00.896774 UTC,2024,07:24:00,ndt-8mwwk_1705045617_000000000011BC32,Download,70.611740919779862,61.06,0.0033286138523374608,Taipei City,Taipei,25.0504,121.5324,100,"Far EastTone Telecommunication Co., Ltd.",9674
2024-01-28 23:23:50.720132 UTC,2024,07:23:50,ndt-8mwwk_1705045617_0000000000115F27,Download,29.436729107592374,57.166,0.0889183831085452,Taipei City,Taipei,25.0504,121.5324,100,"Far EastTone Telecommunication Co., Ltd.",9674
2024-01-28 23:23:12.088069 UTC,2024,07:23:12,ndt-virtual-74kb6_1704946707_0000000000070375,Download,43.743096646597643,26.229,0.011762298452668123,Taipei City,Taipei,25.0504,121.5324,100,"Far EastTone Telecommunication Co., Ltd.",9674
2024-01-28 23:18:14.088467 UTC,2024,07:18:14,ndt-hlgmr_1705250860_00000000000EAECA,Download,72.435978275162284,49.635,0.0067296368109919895,Taipei City,Taipei,25.0504,121.5324,100,"Far EastTone Telecommunication Co., Ltd.",9674
2024-01-28 23:05:28.792988 UTC,2024,07:05:28,ndt-virtual-c5kvd_1704940095_0000000000064A6C,Download,53.016868278004168,17.935,0.0046260369037165521,Taipei City,Taipei,25.0504,121.5324,20,Taiwan Star Telecom Corporation Limited.(Former Vibo Telecom Inc.),24157
2024-01-28 23:00:23.938945 UTC,2024,07:00:23,ndt-8mwwk_1705045617_0000000000114E20,Download,6.4032061502825828,18.962,0.0008271298593879239,Taipei City,Taipei,25.0504,121.5324,20,Taiwan Star Telecom Corporation Limited.(Former Vibo Telecom Inc.),24157
2024-01-28 22:56:22.873997 UTC,2024,06:56:22,ndt-virtual-74kb6_1704946707_000000000006FEB9,Download,31.574933261649072,14.508,3.3831602829712474e-05,Taipei City,Taipei,25.0504,121.5324,20,Taiwan Star Telecom Corporation Limited.(Former Vibo Telecom Inc.),24157
2024-01-28 22:55:52.265366 UTC,2024,06:55:52,ndt-virtual-74kb6_1704946707_00000000000702D9,Download,23.32261494533622,14.919,4.6607276900037373e-05,Taipei City,Taipei,25.0504,121.5324,20,Taiwan Star Telecom Corporation Limited.(Former Vibo Telecom Inc.),24157
2024-01-28 22:27:22.851603 UTC,2024,06:27:22,ndt-hlgmr_1705250860_00000000000F514F,Download,9.1851684693409368,28.263,0.094097559277409454,Taipei City,Taipei,25.0504,121.5324,200,Taiwan Star Telecom Corporation Limited.(Former Vibo Telecom Inc.),24157
2024-01-28 22:15:50.567614 UTC,2024,06:15:50,ndt-hlgmr_1705250860_00000000000ECEED,Download,13.391310495702724,45.104,0.16732490458361909,Taipei City,Taipei,25.0504,121.5324,100,"Far EastTone Telecommunication Co., Ltd.",9674
2024-01-28 22:04:26.058455 UTC,2024,06:04:26,ndt-virtual-c5kvd_1704940095_0000000000066631,Download,13.817030302391814,20.754,0.12455094987542981,Taipei City,Taipei,25.0504,121.5324,100,"Far EastTone Telecommunication Co., Ltd.",9674
2024-01-28 21:59:21.902297 UTC,2024,05:59:21,ndt-8mwwk_1705045617_000000000011BB95,Download,6.1616298644321557,22.048,0.1587214626942022,Taipei City,Taipei,25.0504,121.5324,10,Mobile Business Group,17421
2024-01-28 21:47:58.930671 UTC,2024,05:47:58,ndt-virtual-74kb6_1704946707_000000000006EDEC,Download,9.5953018806785426,26.452,0.078629778165835468,Taipei City,Taipei,25.0504,121.5324,200,Taiwan Star Telecom Corporation Limited.(Former Vibo Telecom Inc.),24157
2024-01-28 21:44:05.273436 UTC,2024,05:44:05,ndt-virtual-74kb6_1704946707_000000000006FDC3,Download,310.48326815193332,14.085,0.0,Taipei City,Taipei,25.0504,121.5324,100,"Far EastTone Telecommunication Co., Ltd.",18412
2024-01-28 21:18:51.461014 UTC,2024,05:18:51,ndt-virtual-74kb6_1704946707_000000000007111C,Download,9.81057511941432,16.468,0.063602993651895645,Taipei City,Taipei,25.0504,121.5324,100,"Far EastTone Telecommunication Co., Ltd.",9674
2024-01-28 20:58:46.055104 UTC,2024,04:58:46,ndt-hlgmr_1705250860_00000000000F0707,Download,22.252917291053688,21.551,0.00059808612440191385,Taipei City,Taipei,25.0504,121.5324,10,Taiwan Star Telecom Corporation Limited.(Former Vibo Telecom Inc.),24157
2024-01-28 20:31:47.796264 UTC,2024,04:31:47,ndt-8mwwk_1705045617_000000000011D944,Download,112.73768793038913,18.601,0.0,Taipei City,Taipei,25.0504,121.5324,5,Mobile Business Group,17421
2024-01-28 18:29:26.525934 UTC,2024,02:29:26,ndt-virtual-74kb6_1704946707_000000000006CEF6,Download,27.096964320104036,27.903,8.2185261091857241e-05,Taipei City,Taipei,25.0504,121.5324,50,"Far EastTone Telecommunication Co., Ltd.",9674
2024-01-28 17:56:13.745292 UTC,2024,01:56:13,ndt-8mwwk_1705045617_000000000010BF6F,Download,34.607718512362794,18.413,0.043823411196119579,Taipei City,Taipei,25.0504,121.5324,50,Mobile Business Group,17421
2024-01-28 17:44:06.317256 UTC,2024,01:44:06,ndt-virtual-c5kvd_1704940095_0000000000065250,Download,15.943036433222849,293.553,0.26029156246170571,Taipei City,Taipei,25.0504,121.5324,100,Mobile Business Group,17421
2024-01-28 17:14:06.155960 UTC,2024,01:14:06,ndt-virtual-c5kvd_1704940095_0000000000066205,Download,62.895129936003705,24.99,0.0,Taipei City,Taipei,25.0504,121.5324,10,Mobile Business Group,17421
2024-01-28 16:55:02.682885 UTC,2024,00:55:02,ndt-hlgmr_1705250860_00000000000F400A,Download,10.89207561055972,25.831,0.11931516913068177,Taipei City,Taipei,25.0504,121.5324,100,"Far EastTone Telecommunication Co., Ltd.",9674
2024-01-28 16:50:30.604079 UTC,2024,00:50:30,ndt-virtual-74kb6_1704946707_000000000006CD46,Download,28.122378382140404,19.9,0.0,Taipei City,Taipei,25.0504,121.5324,10,"Taiwan Mobile Co., Ltd.",24158
2024-01-28 16:45:13.816838 UTC,2024,00:45:13,ndt-hlgmr_1705250860_00000000000E2F0B,Download,20.575231600388186,55.902,0.055079216792016106,Taipei City,Taipei,25.0504,121.5324,100,"Far EastTone Telecommunication Co., Ltd.",9674
2024-01-28 16:42:29.699640 UTC,2024,00:42:29,ndt-5ssdr_1705107907_00000000000FBEDF,Download,22.724103619875805,84.256,0.011692220174617103,Taipei City,Taipei,25.0504,121.5324,100,"Far EastTone Telecommunication Co., Ltd.",9674
2024-01-28 16:37:25.163577 UTC,2024,00:37:25,ndt-5ssdr_1705107907_0000000000109B37,Download,42.406975132721541,22.979,0.0,Taipei City,Taipei,25.0504,121.5324,20,"Taiwan Mobile Co., Ltd.",24158
2024-01-28 16:27:10.557248 UTC,2024,00:27:10,ndt-virtual-74kb6_1704946707_000000000006E8E3,Download,6.2540301725801593,18.504,0.13490307362148166,Taipei City,Taipei,25.0504,121.5324,10,Mobile Business Group,17421
2024-01-28 16:25:23.060266 UTC,2024,00:25:23,ndt-5ssdr_1705107907_000000000011604E,Download,15.187549254879732,23.0,0.072878406946442376,Taipei City,Taipei,25.0504,121.5324,10,Mobile Business Group,17421
2024-01-28 16:20:41.304666 UTC,2024,00:20:41,ndt-8mwwk_1705045617_0000000000108FA8,Download,86.152141035013855,22.71,2.5261244998234076e-05,Taipei City,Taipei,25.0504,121.5324,20,Taiwan Star Telecom Corporation Limited.(Former Vibo Telecom Inc.),24157
2024-01-28 16:14:26.960206 UTC,2024,00:14:26,ndt-5ssdr_1705107907_0000000000113139,Download,137.99761199044795,27.648,8.1939846684694e-06,Taipei City,Taipei,25.0504,121.5324,10,"Taiwan Mobile Co., Ltd.",24158
2024-01-28 15:43:10.529640 UTC,2024,23:43:10,ndt-virtual-74kb6_1704946707_000000000006DB34,Download,41.62228342540174,23.258,0.0,Taipei City,Taipei,25.0504,121.5324,10,Mobile Business Group,17421
2024-01-28 15:39:20.336923 UTC,2024,23:39:20,ndt-8mwwk_1705045617_00000000001179ED,Download,24.670142599482286,22.484,0.06986125526238085,Taipei City,Taipei,25.0504,121.5324,10,Mobile Business Group,17421
2024-01-28 15:36:32.345212 UTC,2024,23:36:32,ndt-8mwwk_1705045617_0000000000121222,Download,5.3283169881129462,24.465,0.001217147111984306,Taipei City,Taipei,25.0504,121.5324,10,Mobile Business Group,17421
2024-01-28 15:36:29.913228 UTC,2024,23:36:29,ndt-8mwwk_1705045617_0000000000121221,Download,87.409152862834631,28.749,0.01540037532688519,Taipei City,Taipei,25.0504,121.5324,10,Mobile Business Group,17421
2024-01-28 15:36:26.500883 UTC,2024,23:36:26,ndt-8mwwk_1705045617_0000000000109F45,Download,104.95503560178143,30.0,0.019437984247922445,Taipei City,Taipei,25.0504,121.5324,10,Mobile Business Group,17421
2024-01-28 15:36:23.823295 UTC,2024,23:36:23,ndt-8mwwk_1705045617_000000000011F4DF,Download,83.292457012544588,24.965,0.00017226629241588656,Taipei City,Taipei,25.0504,121.5324,10,Mobile Business Group,17421
2024-01-28 15:36:06.280150 UTC,2024,23:36:06,ndt-5ssdr_1705107907_00000000001114E8,Download,1.8368734739149835,31.956,0.047386251074159835,Taipei City,Taipei,25.0504,121.5324,10,"Taiwan Mobile Co., Ltd.",24158
2024-01-28 15:26:36.318021 UTC,2024,23:26:36,ndt-8mwwk_1705045617_000000000010EEBB,Download,19.370197104010845,45.29,0.0,Taipei City,Taipei,25.0504,121.5324,10,Mobile Business Group,17421
2024-01-28 15:20:32.142542 UTC,2024,23:20:32,ndt-virtual-74kb6_1704946707_000000000006F6FB,Download,13.654431110754016,21.029,0.1129068304590147,Taipei City,Taipei,25.0504,121.5324,100,"Far EastTone Telecommunication Co., Ltd.",9674
2024-01-28 15:19:31.952606 UTC,2024,23:19:31,ndt-virtual-c5kvd_1704940095_00000000000643F5,Download,21.894468294043705,18.693,0.00015795997649264211,Taipei City,Taipei,25.0504,121.5324,10,Mobile Business Group,17421
2024-01-28 15:17:31.553115 UTC,2024,23:17:31,ndt-virtual-c5kvd_1704940095_0000000000062FFC,Download,10.689811078346482,19.869,0.0026584150312714411,Taipei City,Taipei,25.0504,121.5324,10,Mobile Business Group,17421
2024-01-28 15:16:50.900390 UTC,2024,23:16:50,ndt-8mwwk_1705045617_0000000000119961,Download,4.5695363179222106,23.383,0.0033080463362354907,Taipei City,Taipei,25.0504,121.5324,10,Mobile Business Group,17421
2024-01-28 15:13:10.293424 UTC,2024,23:13:10,ndt-virtual-c5kvd_1704940095_0000000000061FC8,Download,27.337806255072042,16.083,0.0041590512136054653,Taipei City,Taipei,25.0504,121.5324,10,Mobile Business Group,17421
2024-01-28 15:12:41.247137 UTC,2024,23:12:41,ndt-5ssdr_1705107907_0000000000104902,Download,7.9211994956316838,21.51,0.00390838429323384,Taipei City,Taipei,25.0504,121.5324,10,Mobile Business Group,17421
2024-01-28 15:12:10.588119 UTC,2024,23:12:10,ndt-8mwwk_1705045617_000000000010BEA8,Download,8.3103167785083834,23.059,0.0010036956805942329,Taipei City,Taipei,25.0504,121.5324,10,Mobile Business Group,17421
2024-01-28 15:02:26.793136 UTC,2024,23:02:26,ndt-virtual-74kb6_1704946707_000000000006DA50,Download,13.46392803401654,28.251,0.0,Taipei City,Taipei,25.0504,121.5324,10,"Taiwan Mobile Co., Ltd.",24158
2024-01-28 14:58:43.706369 UTC,2024,22:58:43,ndt-virtual-74kb6_1704946707_000000000006DA41,Download,31.162591586070658,23.0,0.017560814265179362,Taipei City,Taipei,25.0504,121.5324,10,Mobile Business Group,17421
2024-01-28 14:52:00.991987 UTC,2024,22:52:00,ndt-virtual-c5kvd_1704940095_000000000006436E,Download,13.597969965845463,21.133,0.1254929270001427,Taipei City,Taipei,25.0504,121.5324,100,"Far EastTone Telecommunication Co., Ltd.",9674
2024-01-28 14:45:44.820464 UTC,2024,22:45:44,ndt-5ssdr_1705107907_00000000000FED27,Download,3.2661139609679481,35.174,0.0054861685056337359,Taipei City,Taipei,25.0504,121.5324,10,"Taiwan Mobile Co., Ltd.",24158
2024-01-28 14:45:15.962597 UTC,2024,22:45:15,ndt-virtual-c5kvd_1704940095_0000000000061F55,Download,4.1969621485654729,25.14,0.0025163059070190522,Taipei City,Taipei,25.0504,121.5324,10,"Taiwan Mobile Co., Ltd.",24158
2024-01-28 14:40:07.756975 UTC,2024,22:40:07,ndt-virtual-74kb6_1704946707_000000000006CA69,Download,0.19733506400630021,293.918,0.44402580553432741,Taipei City,Taipei,25.0504,121.5324,10,Mobile Business Group,17421
2024-01-28 14:38:40.222011 UTC,2024,22:38:40,ndt-virtual-c5kvd_1704940095_0000000000063D50,Download,0.050380057768026093,292.817,0.32170177383592019,Taipei City,Taipei,25.0504,121.5324,10,Mobile Business Group,17421
2024-01-28 14:38:27.285581 UTC,2024,22:38:27,ndt-virtual-74kb6_1704946707_000000000006D9E7,Download,0.11578961388561637,293.0,0.3489970386098229,Taipei City,Taipei,25.0504,121.5324,10,Mobile Business Group,17421
2024-01-28 14:36:46.653631 UTC,2024,22:36:46,ndt-virtual-74kb6_1704946707_000000000006CA5B,Download,0.033320420720514748,290.818,0.46321059897389405,Taipei City,Taipei,25.0504,121.5324,5,Mobile Business Group,17421
2024-01-28 14:34:55.970754 UTC,2024,22:34:55,ndt-8mwwk_1705045617_000000000011F469,Download,14.280309049958511,22.039,0.024993456481424762,Taipei City,Taipei,25.0504,121.5324,10,Mobile Business Group,17421
2024-01-28 14:34:38.486289 UTC,2024,22:34:38,ndt-hlgmr_1705250860_00000000000E7C76,Download,4.5074522731733095,21.579,0.00046761748889408465,Taipei City,Taipei,25.0504,121.5324,10,Taiwan Star Telecom Corporation Limited.(Former Vibo Telecom Inc.),24157
2024-01-28 14:34:36.383917 UTC,2024,22:34:36,ndt-virtual-c5kvd_1704940095_0000000000062F55,Download,46.42925057695615,41.554,0.0,Taipei City,Taipei City,25.0759,121.5516,100,Mobile Business Group,17421
2024-01-28 14:34:26.555302 UTC,2024,22:34:26,ndt-virtual-c5kvd_1704940095_0000000000063D44,Download,16.997204081707327,17.924,0.020407816821481465,Taipei City,Taipei,25.0504,121.5324,10,Mobile Business Group,17421
2024-01-28 14:34:19.422366 UTC,2024,22:34:19,ndt-virtual-c5kvd_1704940095_0000000000063D43,Download,19.686921059504854,18.815,0.16173545068899547,Taipei City,Taipei,25.0504,121.5324,10,Mobile Business Group,17421
2024-01-28 14:31:11.300203 UTC,2024,22:31:11,ndt-8mwwk_1705045617_0000000000106FB7,Download,19.06360972535926,22.102,0.027020362251136146,Taipei City,Taipei,25.0504,121.5324,10,Mobile Business Group,17421
2024-01-28 14:30:20.202728 UTC,2024,22:30:20,ndt-virtual-74kb6_1704946707_000000000006D9C7,Download,10.397408133474286,19.693,0.0,Taipei City,Taipei,25.0504,121.5324,20,"Taiwan Mobile Co., Ltd.",24158
2024-01-28 14:29:50.219742 UTC,2024,22:29:50,ndt-virtual-c5kvd_1704940095_0000000000062F44,Download,22.849084865290553,20.25,0.0,Taipei City,Taipei,25.0504,121.5324,10,Mobile Business Group,17421
2024-01-28 14:24:57.678924 UTC,2024,22:24:57,ndt-hlgmr_1705250860_00000000000E4DD3,Download,2.0959157717614678,64.0,0.068221465327202385,Taipei City,Taipei,25.0504,121.5324,50,"Far EastTone Telecommunication Co., Ltd.",9674
2024-01-28 14:04:34.552115 UTC,2024,22:04:34,ndt-hlgmr_1705250860_00000000000E4DB3,Download,0.90455074666310631,27.793,0.1427277370682174,Taipei City,Taipei,25.0504,121.5324,10,Taiwan Star Telecom Corporation Limited.(Former Vibo Telecom Inc.),24157
2024-01-28 13:59:08.322551 UTC,2024,21:59:08,ndt-8mwwk_1705045617_0000000000106F83,Download,2.8520513372746708,22.145,9.22474153951432e-05,Taipei City,Taipei,25.0504,121.5324,20,"Taiwan Mobile Co., Ltd.",24158
2024-01-28 13:57:34.227252 UTC,2024,21:57:34,ndt-5ssdr_1705107907_00000000000F6FFF,Download,1.2580748040523935,45.067,0.060869170422718229,Taipei City,Taipei,25.0504,121.5324,50,"Far EastTone Telecommunication Co., Ltd.",9674
2024-01-28 13:56:41.577311 UTC,2024,21:56:41,ndt-hlgmr_1705250860_00000000000EDADF,Download,24.604701367559333,77.366,0.14165306312679521,Taipei City,Taipei,25.0504,121.5324,100,"Far EastTone Telecommunication Co., Ltd.",9674
2024-01-28 13:56:22.218861 UTC,2024,21:56:22,ndt-hlgmr_1705250860_00000000000E2DCC,Download,12.294067928130799,19.63,0.0911198018914002,Taipei City,Taipei,25.0504,121.5324,10,Mobile Business Group,17421
2024-01-28 13:56:00.794320 UTC,2024,21:56:00,ndt-virtual-c5kvd_1704940095_0000000000062EC1,Download,87.755528942499,21.436,0.020975707156161504,Taipei City,Taipei,25.0504,121.5324,100,"Far EastTone Telecommunication Co., Ltd.",9674
2024-01-28 13:54:13.230607 UTC,2024,21:54:13,ndt-5ssdr_1705107907_00000000000F7FA3,Download,15.283561210963567,106.847,0.00034493187318551986,Taipei City,Taipei,25.0504,121.5324,100,Mobile Business Group,17421
2024-01-28 13:52:38.322724 UTC,2024,21:52:38,ndt-virtual-74kb6_1704946707_000000000006E5D1,Download,36.193842329531961,22.033,0.00018269698927734522,Taipei City,Taipei,25.0504,121.5324,10,"Taiwan Mobile Co., Ltd.",24158
2024-01-28 13:50:51.143043 UTC,2024,21:50:51,ndt-5ssdr_1705107907_00000000000FBDCC,Download,5.2967994912149479,27.069,0.043558508822037059,Taipei City,Taipei,25.0504,121.5324,10,Mobile Business Group,17421
2024-01-28 13:50:48.487546 UTC,2024,21:50:48,ndt-5ssdr_1705107907_00000000000F8EF8,Download,54.030442396320737,86.706,0.12473756850112036,Taipei City,Taipei,25.0504,121.5324,50,"Far EastTone Telecommunication Co., Ltd.",9674
2024-01-28 13:46:17.596462 UTC,2024,21:46:17,ndt-hlgmr_1705250860_00000000000E6D31,Download,8.4647672641981284,23.852,0.0497272838913289,Taipei City,Taipei,25.0504,121.5324,10,"Taiwan Mobile Co., Ltd.",24158
2024-01-28 13:46:01.245123 UTC,2024,21:46:01,ndt-hlgmr_1705250860_00000000000F20B7,Download,1.2956615749264158,23.0,0.21404043854121066,Taipei City,Taipei,25.0504,121.5324,100,"Far EastTone Telecommunication Co., Ltd.",18412
2024-01-28 13:45:59.576808 UTC,2024,21:45:59,ndt-virtual-74kb6_1704946707_000000000006E5B6,Download,48.920950464942983,28.841,0.00022813763374933345,Taipei City,Taipei City,25.0759,121.5516,100,"Far EastTone Telecommunication Co., Ltd.",9674
2024-01-28 13:45:53.785631 UTC,2024,21:45:53,ndt-5ssdr_1705107907_0000000000104875,Download,11.495867828052253,22.694,0.015793690658430264,Taipei City,Taipei,25.0504,121.5324,10,"Taiwan Mobile Co., Ltd.",24158
2024-01-28 13:45:11.297116 UTC,2024,21:45:11,ndt-8mwwk_1705045617_0000000000115B90,Download,47.335454165006276,29.806,0.00011690886452497819,Taipei City,Taipei City,25.0759,121.5516,100,"Far EastTone Telecommunication Co., Ltd.",9674
2024-01-28 13:43:57.586852 UTC,2024,21:43:57,ndt-hlgmr_1705250860_00000000000E4DA0,Download,31.267691847417204,31.092,0.0592795086648462,Taipei City,Taipei,25.0504,121.5324,10,"Taiwan Mobile Co., Ltd.",24158
2024-01-28 13:43:17.795369 UTC,2024,21:43:17,ndt-virtual-c5kvd_1704940095_000000000006424C,Download,44.252043166409109,26.515,0.00030597267129462406,Taipei City,Taipei City,25.0759,121.5516,100,"Far EastTone Telecommunication Co., Ltd.",9674
2024-01-28 13:42:48.775171 UTC,2024,21:42:48,ndt-hlgmr_1705250860_00000000000EF92B,Download,19.293821763367749,59.299,0.094007936885401655,Taipei City,Taipei,25.0504,121.5324,50,"Far EastTone Telecommunication Co., Ltd.",9674
2024-01-28 13:28:21.725158 UTC,2024,21:28:21,ndt-8mwwk_1705045617_0000000000104E94,Download,9.23177203838109,34.63,0.0021375073784904389,Taipei City,Taipei,25.0504,121.5324,100,"Far EastTone Telecommunication Co., Ltd.",9674
2024-01-28 13:27:02.074901 UTC,2024,21:27:02,ndt-virtual-74kb6_1704946707_000000000006F50B,Download,1.7665439044580575,28.667,0.0021672701238039582,Taipei City,Taipei,25.0504,121.5324,50,"Far EastTone Telecommunication Co., Ltd.",9674
2024-01-28 13:25:16.128823 UTC,2024,21:25:16,ndt-8mwwk_1705045617_000000000011B837,Download,6.0051483452089629,57.942,0.0030134950605667532,Taipei City,Taipei,25.0504,121.5324,50,"Far EastTone Telecommunication Co., Ltd.",9674
2024-01-28 13:10:12.555247 UTC,2024,21:10:12,ndt-virtual-c5kvd_1704940095_00000000000641B9,Download,15.854279174996215,29.985,0.003261895591662478,Taipei City,Taipei,25.0504,121.5324,100,"Far EastTone Telecommunication Co., Ltd.",9674
2024-01-28 13:09:35.765680 UTC,2024,21:09:35,ndt-virtual-74kb6_1704946707_000000000006C905,Download,32.061553699161415,27.657,0.0067578490061493517,Taipei City,Taipei,25.0504,121.5324,100,"Far EastTone Telecommunication Co., Ltd.",9674
2024-01-28 13:05:41.250894 UTC,2024,21:05:41,ndt-virtual-c5kvd_1704940095_0000000000062E05,Download,26.012622320765523,16.874,0.028027544014047591,Taipei City,Taipei,25.0504,121.5324,10,Mobile Business Group,17421
2024-01-28 13:01:10.801765 UTC,2024,21:01:10,ndt-5ssdr_1705107907_000000000010B478,Download,30.813912816905937,43.621,0.10832037085994996,Taipei City,Taipei,25.0504,121.5324,100,"Far EastTone Telecommunication Co., Ltd.",9674
2024-01-28 12:58:41.834614 UTC,2024,20:58:41,ndt-hlgmr_1705250860_00000000000DCB23,Download,11.23561545233064,28.593,0.076979594724291681,Taipei City,Taipei,25.0504,121.5324,10,"Taiwan Mobile Co., Ltd.",24158
2024-01-28 12:56:13.677316 UTC,2024,20:56:13,ndt-5ssdr_1705107907_000000000011206A,Download,4.7785321463376915,30.633,0.083520090187349419,Taipei City,Taipei,25.0504,121.5324,10,"Taiwan Mobile Co., Ltd.",24158
2024-01-28 12:55:27.040199 UTC,2024,20:55:27,ndt-8mwwk_1705045617_000000000011D635,Download,21.77727214046282,20.591,0.073017833756279016,Taipei City,Taipei,25.0504,121.5324,10,"Taiwan Mobile Co., Ltd.",24158
2024-01-28 12:54:30.222571 UTC,2024,20:54:30,ndt-virtual-74kb6_1704946707_000000000006F49E,Download,60.29986713968011,14.617,3.7099406242552793e-05,Taipei City,Taipei,25.0504,121.5324,10,"Taiwan Mobile Co., Ltd.",24158
2024-01-28 12:30:17.425145 UTC,2024,20:30:17,ndt-virtual-c5kvd_1704940095_0000000000062D7A,Download,248.48798759914763,17.955,0.00626888375808807,Taipei City,Taipei,25.0504,121.5324,100,"Far EastTone Telecommunication Co., Ltd.",9674
2024-01-28 12:26:49.549588 UTC,2024,20:26:49,ndt-5ssdr_1705107907_0000000000112021,Download,2.0172166041305521,41.291,0.059078486044778181,Taipei City,Taipei,25.0504,121.5324,10,"Taiwan Mobile Co., Ltd.",24158
2024-01-28 12:26:39.819774 UTC,2024,20:26:39,ndt-5ssdr_1705107907_00000000001047CC,Download,2.1974552041507414,34.802,0.0,Taipei City,Taipei,25.0504,121.5324,10,"Taiwan Mobile Co., Ltd.",24158
2024-01-28 12:13:45.404054 UTC,2024,20:13:45,ndt-hlgmr_1705250860_00000000000D2C2C,Download,10.889948163913152,20.113,0.0016660133281066248,Taipei City,Taipei,25.0504,121.5324,10,Taiwan Star Telecom Corporation Limited.(Former Vibo Telecom Inc.),24157
2024-01-28 12:12:37.330350 UTC,2024,20:12:37,ndt-virtual-74kb6_1704946707_000000000006D767,Download,34.365413640004611,24.193,0.012398482337945852,Taipei City,Taipei,25.0504,121.5324,10,Mobile Business Group,17421
2024-01-28 12:12:02.504426 UTC,2024,20:12:02,ndt-virtual-74kb6_1704946707_000000000006C7F4,Download,27.893093881867156,24.0,0.011742549285833664,Taipei City,Taipei,25.0504,121.5324,10,Mobile Business Group,17421
2024-01-28 12:11:43.758258 UTC,2024,20:11:43,ndt-8mwwk_1705045617_000000000011B7D4,Download,4.9119537879809831,57.38,0.059746586149146394,Taipei City,Taipei,25.0504,121.5324,50,"Far EastTone Telecommunication Co., Ltd.",9674
2024-01-28 12:11:24.297055 UTC,2024,20:11:24,ndt-virtual-74kb6_1704946707_000000000006D75F,Download,36.598261892850225,24.786,0.028963638822954989,Taipei City,Taipei,25.0504,121.5324,10,Mobile Business Group,17421
2024-01-28 12:10:38.044216 UTC,2024,20:10:38,ndt-5ssdr_1705107907_00000000001098F6,Download,35.434400107378934,28.658,0.056645698299940227,Taipei City,Taipei,25.0504,121.5324,10,"Taiwan Mobile Co., Ltd.",24158
2024-01-28 12:10:34.079694 UTC,2024,20:10:34,ndt-virtual-74kb6_1704946707_000000000006D75C,Download,24.701857716312158,23.904,0.00689738077665452,Taipei City,Taipei,25.0504,121.5324,10,Mobile Business Group,17421
2024-01-28 12:10:07.443155 UTC,2024,20:10:07,ndt-virtual-c5kvd_1704940095_0000000000062D17,Download,27.373365275482033,21.353,0.015294788254429604,Taipei City,Taipei,25.0504,121.5324,10,Mobile Business Group,17421
2024-01-28 12:08:40.899607 UTC,2024,20:08:40,ndt-virtual-c5kvd_1704940095_0000000000063AFE,Download,6.3301430304915707,29.888,0.0011784038231192537,Taipei City,Taipei,25.0504,121.5324,50,"Far EastTone Telecommunication Co., Ltd.",9674
2024-01-28 12:08:10.200211 UTC,2024,20:08:10,ndt-hlgmr_1705250860_00000000000E4CF6,Download,5.0458992561301592,83.709,0.0040398675300666684,Taipei City,Taipei,25.0504,121.5324,50,"Far EastTone Telecommunication Co., Ltd.",9674
2024-01-28 12:07:05.236848 UTC,2024,20:07:05,ndt-8mwwk_1705045617_00000000001188C2,Download,0.90258471756644065,64.297,0.1005504449721928,Taipei City,Taipei,25.0504,121.5324,50,"Far EastTone Telecommunication Co., Ltd.",9674
2024-01-28 12:06:09.769930 UTC,2024,20:06:09,ndt-virtual-c5kvd_1704940095_0000000000063AEE,Download,0.70829256785467476,26.919,0.10530077181709119,Taipei City,Taipei,25.0504,121.5324,50,"Far EastTone Telecommunication Co., Ltd.",9674
2024-01-28 12:05:37.889702 UTC,2024,20:05:37,ndt-virtual-74kb6_1704946707_000000000006F391,Download,0.61994767723566713,33.146,0.094888278073385693,Taipei City,Taipei,25.0504,121.5324,50,"Far EastTone Telecommunication Co., Ltd.",9674
2024-01-28 12:05:00.475470 UTC,2024,20:05:00,ndt-virtual-c5kvd_1704940095_0000000000062D04,Download,1.6570188435779329,30.297,0.043543222416055669,Taipei City,Taipei,25.0504,121.5324,50,"Far EastTone Telecommunication Co., Ltd.",9674
2024-01-28 12:04:21.982389 UTC,2024,20:04:21,ndt-virtual-c5kvd_1704940095_0000000000063AE7,Download,21.929740870401616,25.627,0.0006138652614400403,Taipei City,Taipei,25.0504,121.5324,100,"Far EastTone Telecommunication Co., Ltd.",9674
2024-01-28 12:03:37.852541 UTC,2024,20:03:37,ndt-virtual-74kb6_1704946707_000000000006F389,Download,0.43729113438390826,26.046,0.017953952438249491,Taipei City,Taipei,25.0504,121.5324,50,"Far EastTone Telecommunication Co., Ltd.",9674
2024-01-28 12:03:21.654926 UTC,2024,20:03:21,ndt-virtual-74kb6_1704946707_000000000006E3E0,Download,42.015875061809624,31.304,0.00897910809445241,Taipei City,Taipei,25.0504,121.5324,100,"Far EastTone Telecommunication Co., Ltd.",9674
2024-01-28 12:03:14.319818 UTC,2024,20:03:14,ndt-hlgmr_1705250860_00000000000ECA33,Download,33.316829640400456,58.829,0.024760435529127073,Taipei City,Taipei,25.0504,121.5324,100,"Far EastTone Telecommunication Co., Ltd.",9674
2024-01-28 12:02:44.090346 UTC,2024,20:02:44,ndt-5ssdr_1705107907_00000000000F6F22,Download,0.32654614032179607,54.847,0.070431849943291824,Taipei City,Taipei,25.0504,121.5324,50,"Far EastTone Telecommunication Co., Ltd.",9674
2024-01-28 12:02:14.708502 UTC,2024,20:02:14,ndt-8mwwk_1705045617_0000000000115AF3,Download,0.20190310062326056,62.86,0.2404818661924793,Taipei City,Taipei,25.0504,121.5324,50,"Far EastTone Telecommunication Co., Ltd.",9674
2024-01-28 12:01:13.228075 UTC,2024,20:01:13,ndt-virtual-c5kvd_1704940095_000000000006408C,Download,3.9516050058986423,24.273,0.0027184982753503035,Taipei City,Taipei,25.0504,121.5324,50,"Far EastTone Telecommunication Co., Ltd.",9674
2024-01-28 12:00:19.679846 UTC,2024,20:00:19,ndt-virtual-c5kvd_1704940095_0000000000062CF0,Download,13.705827833157723,21.185,0.11877848467570797,Taipei City,Taipei,25.0504,121.5324,100,"Far EastTone Telecommunication Co., Ltd.",9674
2024-01-28 12:00:12.101854 UTC,2024,20:00:12,ndt-5ssdr_1705107907_00000000000F5E28,Download,5.408876579538819,58.649,0.003476726216280522,Taipei City,Taipei,25.0504,121.5324,50,"Far EastTone Telecommunication Co., Ltd.",9674
2024-01-28 11:59:57.116154 UTC,2024,19:59:57,ndt-5ssdr_1705107907_000000000010C421,Download,20.289908386312895,57.881,0.06830055582393102,Taipei City,Taipei,25.0504,121.5324,100,"Far EastTone Telecommunication Co., Ltd.",9674
2024-01-28 11:59:52.634307 UTC,2024,19:59:52,ndt-virtual-c5kvd_1704940095_0000000000063AD5,Download,55.310792556882149,28.003,5.8878795620705136e-05,Taipei City,Taipei,25.0504,121.5324,50,"Far EastTone Telecommunication Co., Ltd.",9674
2024-01-28 11:59:46.290069 UTC,2024,19:59:46,ndt-virtual-c5kvd_1704940095_0000000000064086,Download,3.7457361634944522,26.496,0.0030537058248058923,Taipei City,Taipei,25.0504,121.5324,50,"Far EastTone Telecommunication Co., Ltd.",9674
2024-01-28 11:57:21.946832 UTC,2024,19:57:21,ndt-5ssdr_1705107907_000000000010F325,Download,1.0154331866523423,54.404,0.077450126865477628,Taipei City,Taipei,25.0504,121.5324,50,"Far EastTone Telecommunication Co., Ltd.",9674
2024-01-28 11:56:38.973181 UTC,2024,19:56:38,ndt-hlgmr_1705250860_00000000000E5C6E,Download,0.82849050727317419,57.216,0.13512716369637248,Taipei City,Taipei,25.0504,121.5324,50,"Far EastTone Telecommunication Co., Ltd.",9674
2024-01-28 11:55:27.829651 UTC,2024,19:55:27,ndt-virtual-c5kvd_1704940095_0000000000063AC5,Download,5.1017636024969715,28.066,0.0042120881538033842,Taipei City,Taipei,25.0504,121.5324,50,"Far EastTone Telecommunication Co., Ltd.",9674
2024-01-28 11:54:44.500943 UTC,2024,19:54:44,ndt-virtual-c5kvd_1704940095_0000000000063ABF,Download,2.0657550661928363,21.704,0.00552419957154175,Taipei City,Taipei,25.0504,121.5324,50,"Far EastTone Telecommunication Co., Ltd.",9674
2024-01-28 11:54:20.632132 UTC,2024,19:54:20,ndt-virtual-74kb6_1704946707_000000000006E3B5,Download,4.3613787364166061,23.715,0.010208449974184203,Taipei City,Taipei,25.0504,121.5324,50,"Far EastTone Telecommunication Co., Ltd.",9674
2024-01-28 11:53:53.379404 UTC,2024,19:53:53,ndt-virtual-c5kvd_1704940095_0000000000064063,Download,1.3079789266350961,23.577,0.039386816800767936,Taipei City,Taipei,25.0504,121.5324,50,"Far EastTone Telecommunication Co., Ltd.",9674
2024-01-28 11:52:54.241830 UTC,2024,19:52:54,ndt-5ssdr_1705107907_000000000010B435,Download,8.803831013641835,160.935,0.0,Taipei City,Taipei,25.0504,121.5324,5,Mobile Business Group,17421
2024-01-28 11:52:37.928524 UTC,2024,19:52:37,ndt-virtual-74kb6_1704946707_000000000006F35E,Download,7.8504159616447362,28.166,0.016399527537806539,Taipei City,Taipei,25.0504,121.5324,50,"Far EastTone Telecommunication Co., Ltd.",9674
2024-01-28 11:47:32.296114 UTC,2024,19:47:32,ndt-hlgmr_1705250860_00000000000ED9F7,Download,4.1407081723671908,50.537,0.0029228663685472588,Taipei City,Taipei,25.0504,121.5324,50,"Far EastTone Telecommunication Co., Ltd.",9674
2024-01-28 11:46:53.993763 UTC,2024,19:46:53,ndt-virtual-c5kvd_1704940095_0000000000063A9B,Download,5.1241214777110482,24.858,0.0019848977051945297,Taipei City,Taipei,25.0504,121.5324,50,"Far EastTone Telecommunication Co., Ltd.",9674
2024-01-28 11:46:29.342100 UTC,2024,19:46:29,ndt-virtual-74kb6_1704946707_000000000006F33E,Download,1.2179769960627276,26.056,0.015407810001282695,Taipei City,Taipei,25.0504,121.5324,50,"Far EastTone Telecommunication Co., Ltd.",9674
2024-01-28 11:46:02.715691 UTC,2024,19:46:02,ndt-virtual-74kb6_1704946707_000000000006E391,Download,0.85757052297068181,25.114,0.053516202078194221,Taipei City,Taipei,25.0504,121.5324,50,"Far EastTone Telecommunication Co., Ltd.",9674
2024-01-28 11:45:28.470660 UTC,2024,19:45:28,ndt-8mwwk_1705045617_0000000000104E08,Download,2.319986990346028,62.434,0.095925029205301882,Taipei City,Taipei,25.0504,121.5324,50,"Far EastTone Telecommunication Co., Ltd.",9674
2024-01-28 11:45:21.933217 UTC,2024,19:45:21,ndt-virtual-c5kvd_1704940095_0000000000063A91,Download,32.813759045872168,32.193,0.043602274804581079,Taipei City,Taipei,25.0504,121.5324,100,"Far EastTone Telecommunication Co., Ltd.",9674
2024-01-28 11:45:13.289196 UTC,2024,19:45:13,ndt-5ssdr_1705107907_00000000000FADBF,Download,15.63990634343582,59.83,0.10075155586463461,Taipei City,Taipei,25.0504,121.5324,100,"Far EastTone Telecommunication Co., Ltd.",9674
2024-01-28 11:44:58.643525 UTC,2024,19:44:58,ndt-virtual-c5kvd_1704940095_0000000000062CC5,Download,4.18401051833943,24.293,0.0020647877693975676,Taipei City,Taipei,25.0504,121.5324,50,"Far EastTone Telecommunication Co., Ltd.",9674
2024-01-28 11:43:49.441219 UTC,2024,19:43:49,ndt-virtual-74kb6_1704946707_000000000006D6F8,Download,0.4435046634194777,44.977,0.0051682201163627869,Taipei City,Taipei,25.0504,121.5324,50,"Far EastTone Telecommunication Co., Ltd.",9674
2024-01-28 11:43:11.571554 UTC,2024,19:43:11,ndt-hlgmr_1705250860_00000000000DCAD1,Download,0.9669086894088621,53.638,0.067929970270862741,Taipei City,Taipei,25.0504,121.5324,50,"Far EastTone Telecommunication Co., Ltd.",9674
2024-01-28 11:42:55.009928 UTC,2024,19:42:55,ndt-virtual-74kb6_1704946707_000000000006E386,Download,7.011937295153027,160.648,0.0,Taipei City,Taipei,25.0504,121.5324,5,Mobile Business Group,17421
2024-01-28 11:32:57.156849 UTC,2024,19:32:57,ndt-virtual-c5kvd_1704940095_0000000000063A63,Download,15.434328493576228,17.35,0.00401444566714823,Taipei City,Taipei,25.0504,121.5324,50,Mobile Business Group,17421
2024-01-28 11:23:43.115549 UTC,2024,19:23:43,ndt-8mwwk_1705045617_000000000010DF53,Download,69.885614706767626,82.042,0.00018183301540751032,Taipei City,Taipei,25.0504,121.5324,50,"Far EastTone Telecommunication Co., Ltd.",9674
2024-01-28 11:20:41.164665 UTC,2024,19:20:41,ndt-8mwwk_1705045617_0000000000117880,Download,20.170929544044139,26.1,0.041931255072286122,Taipei City,Taipei,25.0504,121.5324,100,"Far EastTone Telecommunication Co., Ltd.",9674
2024-01-28 11:09:50.523181 UTC,2024,19:09:50,ndt-virtual-c5kvd_1704940095_0000000000061C26,Download,90.994398168873261,21.65,2.5935600215106978e-05,Taipei City,Taipei,25.0504,121.5324,10,Mobile Business Group,17421
2024-01-28 11:04:57.863550 UTC,2024,19:04:57,ndt-5ssdr_1705107907_00000000000F6EA2,Download,45.7818222293232,77.596,0.00014748284074672725,Taipei City,Taipei,25.0504,121.5324,50,"Far EastTone Telecommunication Co., Ltd.",9674
2024-01-28 10:41:16.835194 UTC,2024,18:41:16,ndt-5ssdr_1705107907_00000000001112BE,Download,98.707500034538342,23.966,0.0,Taipei City,Taipei,25.0504,121.5324,10,Mobile Business Group,17421
2024-01-28 10:14:43.358372 UTC,2024,18:14:43,ndt-5ssdr_1705107907_00000000000FDA4F,Download,9.650201604738319,49.133,0.054678668271179079,Taipei City,Taipei,25.0504,121.5324,100,"Far EastTone Telecommunication Co., Ltd.",9674
2024-01-28 10:05:52.780821 UTC,2024,18:05:52,ndt-virtual-c5kvd_1704940095_0000000000062B38,Download,49.244109880438273,24.501,0.00031242842258728869,Taipei City,Taipei,25.0504,121.5324,100,"Far EastTone Telecommunication Co., Ltd.",9674
2024-01-28 09:52:27.954482 UTC,2024,17:52:27,ndt-hlgmr_1705250860_00000000000D5F02,Download,56.442497695507832,24.121,2.0015164991536584e-05,Taipei City,Taipei,25.0504,121.5324,10,Mobile Business Group,17421
2024-01-28 09:42:09.728460 UTC,2024,17:42:09,ndt-8mwwk_1705045617_0000000000115A1D,Download,5.0993923134574164,57.732,0.05819475441746514,Taipei City,Taipei,25.0504,121.5324,50,"Far EastTone Telecommunication Co., Ltd.",9674
2024-01-28 09:41:21.958889 UTC,2024,17:41:21,ndt-8mwwk_1705045617_0000000000100F71,Download,17.189875794460427,32.737,0.13276595069470104,Taipei City,Taipei,25.0504,121.5324,10,"Taiwan Mobile Co., Ltd.",24158
2024-01-28 09:40:07.178240 UTC,2024,17:40:07,ndt-virtual-74kb6_1704946707_000000000006C573,Download,31.058951610647359,25.336,0.12578274041355672,Taipei City,Taipei,25.0504,121.5324,10,"Taiwan Mobile Co., Ltd.",24158
2024-01-28 09:16:24.377460 UTC,2024,17:16:24,ndt-virtual-c5kvd_1704940095_0000000000062A41,Download,421.4276179661216,16.724,0.0028205594655355917,Taipei City,Taipei,25.0504,121.5324,10,Mobile Business Group,17421
2024-01-28 09:14:37.113767 UTC,2024,17:14:37,ndt-virtual-c5kvd_1704940095_0000000000063816,Download,21.386158397802003,18.283,0.0,Taipei City,Taipei,25.0504,121.5324,20,"Taiwan Mobile Co., Ltd.",24158
2024-01-28 09:14:03.307895 UTC,2024,17:14:03,ndt-5ssdr_1705107907_00000000000FAC76,Download,3.7823668988751717,58.092,0.029190888068377815,Taipei City,Taipei,25.0504,121.5324,100,"Far EastTone Telecommunication Co., Ltd.",9674
2024-01-28 09:02:22.834278 UTC,2024,17:02:22,ndt-5ssdr_1705107907_00000000000F2E00,Download,119.09764675212064,26.169,1.0482292673163895e-05,Taipei City,Taipei,25.0504,121.5324,10,Mobile Business Group,17421
2024-01-28 09:01:09.155787 UTC,2024,17:01:09,ndt-hlgmr_1705250860_00000000000ED8EC,Download,4.2226215279498556,31.847,0.0666055033341916,Taipei City,Taipei,25.0504,121.5324,10,"Taiwan Mobile Co., Ltd.",24158
2024-01-28 08:52:07.681498 UTC,2024,16:52:07,ndt-virtual-74kb6_1704946707_000000000006C480,Download,5.4611822720070586,22.554,0.00020180560769513279,Taipei City,Taipei,25.0504,121.5324,50,"Far EastTone Telecommunication Co., Ltd.",9674
2024-01-28 08:37:46.556900 UTC,2024,16:37:46,ndt-hlgmr_1705250860_00000000000E2B7E,Download,31.109422791611575,277.065,0.14765594615052929,Taipei City,Taipei,25.0504,121.5324,20,"Far EastTone Telecommunication Co., Ltd.",9674
2024-01-28 08:14:46.750660 UTC,2024,16:14:46,ndt-hlgmr_1705250860_00000000000E99DF,Download,24.938893633428194,27.751,0.1045082312831009,Taipei City,Taipei,25.0504,121.5324,10,Mobile Business Group,17421
2024-01-28 08:10:51.852212 UTC,2024,16:10:51,ndt-virtual-c5kvd_1704940095_0000000000062944,Download,42.593116627304781,20.163,0.0,Taipei City,Taipei,25.0504,121.5324,20,"Taiwan Mobile Co., Ltd.",24158
2024-01-28 08:00:39.383274 UTC,2024,16:00:39,ndt-virtual-c5kvd_1704940095_0000000000063709,Download,34.661229896793024,19.713,0.0,Taipei City,Taipei,25.0504,121.5324,10,Taiwan Star Telecom Corporation Limited.(Former Vibo Telecom Inc.),24157
2024-01-28 07:42:08.694050 UTC,2024,15:42:08,ndt-virtual-74kb6_1704946707_000000000006C377,Download,2.5209369315980319,23.349,0.11373115483529356,Taipei City,Taipei,25.0504,121.5324,50,"Far EastTone Telecommunication Co., Ltd.",9674
2024-01-28 07:41:36.511440 UTC,2024,15:41:36,ndt-hlgmr_1705250860_00000000000EA87B,Download,4.3098179773998693,23.898,0.0054054054054054057,Taipei City,Taipei,25.0504,121.5324,10,Taiwan Star Telecom Corporation Limited.(Former Vibo Telecom Inc.),24157
2024-01-28 07:40:05.841982 UTC,2024,15:40:05,ndt-5ssdr_1705107907_00000000000F7C8C,Download,38.000170385006122,137.077,0.0053635179668691229,Taipei City,Taipei,25.0504,121.5324,10,Mobile Business Group,17421
2024-01-28 07:37:07.133610 UTC,2024,15:37:07,ndt-hlgmr_1705250860_00000000000EE7F9,Download,68.949375996005415,25.969,0.0,Taipei City,Taipei,25.0504,121.5324,10,Mobile Business Group,17421
2024-01-28 07:33:45.313855 UTC,2024,15:33:45,ndt-5ssdr_1705107907_00000000000F4D98,Download,13.950029958832104,20.208,0.0002892890721053012,Taipei City,Taipei,25.0504,121.5324,10,Taiwan Star Telecom Corporation Limited.(Former Vibo Telecom Inc.),24157
2024-01-28 07:33:38.347292 UTC,2024,15:33:38,ndt-virtual-c5kvd_1704940095_00000000000618A6,Download,53.835169495408664,30.726,0.0,Taipei City,Taipei,25.0504,121.5324,50,"Far EastTone Telecommunication Co., Ltd.",9674
2024-01-28 07:32:49.892825 UTC,2024,15:32:49,ndt-virtual-74kb6_1704946707_000000000006AF95,Download,2.6331763425292944,19.811,0.16057113945326082,Taipei City,Taipei,25.0504,121.5324,50,"Far EastTone Telecommunication Co., Ltd.",9674
2024-01-28 07:32:20.938705 UTC,2024,15:32:20,ndt-8mwwk_1705045617_000000000011E2D7,Download,1.1543783804333627,77.32,0.34901928943430804,Taipei City,Taipei,25.0504,121.5324,50,"Far EastTone Telecommunication Co., Ltd.",9674
2024-01-28 07:28:31.557858 UTC,2024,15:28:31,ndt-virtual-74kb6_1704946707_000000000006AF82,Download,243.92959289033422,17.342,0.00018718984480459844,Taipei City,Taipei,25.0504,121.5324,50,"Far EastTone Telecommunication Co., Ltd.",9674
2024-01-28 07:22:45.614354 UTC,2024,15:22:45,ndt-5ssdr_1705107907_0000000000108734,Download,43.421153826492407,50.45,0.057168560277801705,Taipei City,Taipei,25.0504,121.5324,100,"Far EastTone Telecommunication Co., Ltd.",9674
2024-01-28 07:22:21.137229 UTC,2024,15:22:21,ndt-virtual-74kb6_1704946707_000000000006C326,Download,35.428943522057118,21.621,0.016049673247155512,Taipei City,Taipei,25.0504,121.5324,100,"Far EastTone Telecommunication Co., Ltd.",9674
2024-01-28 07:21:06.430486 UTC,2024,15:21:06,ndt-8mwwk_1705045617_0000000000106CD7,Download,13.190141752691261,76.073,0.17866645327580249,Taipei City,Taipei,25.0504,121.5324,100,"Far EastTone Telecommunication Co., Ltd.",9674
2024-01-28 07:18:30.994832 UTC,2024,15:18:30,ndt-hlgmr_1705250860_00000000000EF659,Download,14.508797359501477,26.632,0.0,Taipei City,Taipei,25.0504,121.5324,20,Taiwan Star Telecom Corporation Limited.(Former Vibo Telecom Inc.),24157
2024-01-28 07:15:46.379676 UTC,2024,15:15:46,ndt-hlgmr_1705250860_00000000000E08EC,Download,21.678737797395677,28.958,0.0,Taipei City,Taipei,25.0504,121.5324,20,"Taiwan Mobile Co., Ltd.",24158
2024-01-28 07:15:03.142549 UTC,2024,15:15:03,ndt-5ssdr_1705107907_00000000000F4D78,Download,195.05593505284799,26.333,9.35964065272089e-05,Taipei City,Taipei,25.0504,121.5324,10,Mobile Business Group,17421
2024-01-28 07:05:06.891793 UTC,2024,15:05:06,ndt-5ssdr_1705107907_00000000000F2D1F,Download,1.727355886522691,88.245,0.022037459447158257,Taipei City,Taipei,25.0504,121.5324,100,Mobile Business Group,17421
2024-01-28 07:04:53.536344 UTC,2024,15:04:53,ndt-virtual-74kb6_1704946707_000000000006C2CE,Download,8.0021293432716334,28.473,0.0,Taipei City,Taipei,25.0504,121.5324,20,"Taiwan Mobile Co., Ltd.",24158
2024-01-28 06:59:21.892932 UTC,2024,14:59:21,ndt-8mwwk_1705045617_000000000010DD57,Download,28.578837779733185,82.838,0.0015077297545751012,Taipei City,Taipei,25.0504,121.5324,100,"Far EastTone Telecommunication Co., Ltd.",9674
2024-01-28 06:59:00.338277 UTC,2024,14:59:00,ndt-hlgmr_1705250860_00000000000DFC31,Download,35.858502292501889,83.962,0.016949096844631334,Taipei City,Taipei,25.0504,121.5324,100,"Far EastTone Telecommunication Co., Ltd.",9674
2024-01-28 06:58:45.395923 UTC,2024,14:58:45,ndt-5ssdr_1705107907_00000000000F9BAF,Download,25.955254904598004,51.281,0.0,Taipei City,Taipei,25.0504,121.5324,100,"Far EastTone Telecommunication Co., Ltd.",9674
2024-01-28 06:58:01.439870 UTC,2024,14:58:01,ndt-virtual-74kb6_1704946707_000000000006BE70,Download,22.269568213211574,19.245,0.0,Taipei City,Taipei,25.0504,121.5324,20,"Taiwan Mobile Co., Ltd.",24158
2024-01-28 06:53:19.730792 UTC,2024,14:53:19,ndt-virtual-c5kvd_1704940095_0000000000060B13,Download,19.911419670903793,19.88,0.0,Taipei City,Taipei,25.0504,121.5324,10,Mobile Business Group,17421
2024-01-28 06:50:58.143574 UTC,2024,14:50:58,ndt-5ssdr_1705107907_00000000001086FF,Download,20.546594675805625,44.799,0.13130956733548835,Taipei City,Taipei,25.0504,121.5324,50,"Far EastTone Telecommunication Co., Ltd.",9674
2024-01-28 06:47:06.546340 UTC,2024,14:47:06,ndt-virtual-74kb6_1704946707_000000000006D1E3,Download,12.97013001125684,23.312,0.001274358231928482,Taipei City,Taipei,25.0504,121.5324,50,"Far EastTone Telecommunication Co., Ltd.",9674
2024-01-28 06:46:11.243911 UTC,2024,14:46:11,ndt-virtual-c5kvd_1704940095_0000000000060AE2,Download,21.619458349034367,26.168,0.0,Taipei City,Taipei,25.0504,121.5324,20,"Taiwan Mobile Co., Ltd.",24158
2024-01-28 06:42:28.787151 UTC,2024,14:42:28,ndt-hlgmr_1705250860_00000000000EE784,Download,18.889072293761011,77.0,0.18053315633090838,Taipei City,Taipei,25.0504,121.5324,50,"Far EastTone Telecommunication Co., Ltd.",9674
2024-01-28 06:39:19.245699 UTC,2024,14:39:19,ndt-hlgmr_1705250860_00000000000F0120,Download,2.9227230284096803,17.728,0.1032702519417041,Taipei City,Taipei,25.0504,121.5324,10,Taiwan Star Telecom Corporation Limited.(Former Vibo Telecom Inc.),24157
2024-01-28 06:35:08.558975 UTC,2024,14:35:08,ndt-virtual-74kb6_1704946707_000000000006BE00,Download,87.609593257313321,21.003,0.0,Taipei City,Taipei,25.0504,121.5324,10,Mobile Business Group,17421
2024-01-28 06:32:15.598584 UTC,2024,14:32:15,ndt-8mwwk_1705045617_000000000011D3E5,Download,5.0533500682260915,30.855,0.00074377507169723659,Taipei City,Taipei,25.0504,121.5324,10,"Taiwan Mobile Co., Ltd.",24158
2024-01-28 06:05:36.062834 UTC,2024,14:05:36,ndt-8mwwk_1705045617_00000000001158AC,Download,3.5422082893704094,23.792,0.0,Taipei City,Taipei,25.0504,121.5324,20,Taiwan Star Telecom Corporation Limited.(Former Vibo Telecom Inc.),24157
2024-01-28 05:51:15.313148 UTC,2024,13:51:15,ndt-virtual-c5kvd_1704940095_000000000006345B,Download,43.754377699727868,24.135,0.0,Taipei City,Taipei,25.0504,121.5324,10,Mobile Business Group,17421
2024-01-28 05:48:40.367850 UTC,2024,13:48:40,ndt-5ssdr_1705107907_00000000000F9B1B,Download,49.590572062499326,30.679,0.0,Taipei City,Taipei,25.0504,121.5324,10,Mobile Business Group,17421
2024-01-28 05:44:04.301586 UTC,2024,13:44:04,ndt-5ssdr_1705107907_00000000001095AF,Download,21.257044992682733,25.493,0.064209331715207152,Taipei City,Taipei,25.0504,121.5324,10,"Taiwan Mobile Co., Ltd.",24158
2024-01-28 05:40:08.666642 UTC,2024,13:40:08,ndt-hlgmr_1705250860_00000000000EC738,Download,3.916621160797316,21.621,0.15367080948229073,Taipei City,Taipei,25.0504,121.5324,100,"Far EastTone Telecommunication Co., Ltd.",9674
2024-01-28 05:28:52.117732 UTC,2024,13:28:52,ndt-hlgmr_1705250860_00000000000D9964,Download,20.061812941088359,44.864,0.090723439906793671,Taipei City,Taipei,25.0504,121.5324,50,"Far EastTone Telecommunication Co., Ltd.",9674
2024-01-28 05:27:32.279454 UTC,2024,13:27:32,ndt-virtual-74kb6_1704946707_000000000006BD13,Download,4.2874476588980324,5.0,0.00092045329451101248,Taipei City,Taipei,25.0504,121.5324,50,"Far EastTone Telecommunication Co., Ltd.",9674
2024-01-28 05:25:46.322407 UTC,2024,13:25:46,ndt-virtual-74kb6_1704946707_000000000006AD7A,Download,167.37882343507243,20.308,0.0,Taipei City,Taipei,25.0504,121.5324,50,"Far EastTone Telecommunication Co., Ltd.",9674
2024-01-28 05:20:49.587853 UTC,2024,13:20:49,ndt-virtual-74kb6_1704946707_000000000006BD00,Download,23.503618652508841,24.826,0.0,Taipei City,Taipei,25.0504,121.5324,50,"Far EastTone Telecommunication Co., Ltd.",9674
2024-01-28 05:20:18.876610 UTC,2024,13:20:18,ndt-virtual-74kb6_1704946707_000000000006AD63,Download,7.5237008594960573,20.616,0.19642719756243465,Taipei City,Taipei,25.0504,121.5324,20,Taiwan Star Telecom Corporation Limited.(Former Vibo Telecom Inc.),24157
2024-01-28 05:17:41.708992 UTC,2024,13:17:41,ndt-hlgmr_1705250860_00000000000EF564,Download,29.045048165472444,55.672,0.061438289540018329,Taipei City,Taipei,25.0504,121.5324,50,"Far EastTone Telecommunication Co., Ltd.",9674
2024-01-28 05:16:49.480263 UTC,2024,13:16:49,ndt-5ssdr_1705107907_0000000000104542,Download,257.66737868276351,22.294,1.0916853758998381e-05,Taipei City,Taipei,25.0504,121.5324,100,"Far EastTone Telecommunication Co., Ltd.",9674
2024-01-28 05:16:24.422085 UTC,2024,13:16:24,ndt-5ssdr_1705107907_0000000000102752,Download,18.455848794429016,22.133,5.95371308398921e-05,Taipei City,Taipei,25.0504,121.5324,20,Taiwan Star Telecom Corporation Limited.(Former Vibo Telecom Inc.),24157
2024-01-28 05:05:27.419238 UTC,2024,13:05:27,ndt-virtual-74kb6_1704946707_000000000006BCCC,Download,57.396726739797522,26.06,0.00034431187114401091,Taipei City,Taipei,25.0504,121.5324,20,"Taiwan Mobile Co., Ltd.",24158
2024-01-28 05:03:18.734202 UTC,2024,13:03:18,ndt-virtual-c5kvd_1704940095_0000000000060879,Download,8.9908067021907883,21.678,0.0,Taipei City,Taipei,25.0504,121.5324,10,"Taiwan Mobile Co., Ltd.",24158
2024-01-28 05:02:23.506263 UTC,2024,13:02:23,ndt-8mwwk_1705045617_000000000011C4BA,Download,33.139251779720908,23.181,0.0,Taipei City,Taipei,25.0504,121.5324,20,Taiwan Star Telecom Corporation Limited.(Former Vibo Telecom Inc.),24157
2024-01-28 04:54:09.788067 UTC,2024,12:54:09,ndt-virtual-74kb6_1704946707_000000000006BC9A,Download,5.4766919837515644,22.584,0.0014440378164074412,Taipei City,Taipei,25.0504,121.5324,20,"Taiwan Mobile Co., Ltd.",24158
2024-01-28 04:52:04.421940 UTC,2024,12:52:04,ndt-virtual-74kb6_1704946707_000000000006C092,Download,3.7642722850516623,20.0,0.15618537173658542,Taipei City,Taipei,25.0504,121.5324,100,"Far EastTone Telecommunication Co., Ltd.",9674
2024-01-28 04:41:48.194483 UTC,2024,12:41:48,ndt-5ssdr_1705107907_0000000000102708,Download,15.566490883305121,62.71,0.00082698392122408019,Taipei City,Taipei,25.0504,121.5324,100,"Far EastTone Telecommunication Co., Ltd.",9674
2024-01-28 04:39:06.237866 UTC,2024,12:39:06,ndt-virtual-74kb6_1704946707_0000000000069FEB,Download,29.556482283085462,7.0,0.00029715331758039783,Taipei City,Taipei,25.0504,121.5324,50,"Far EastTone Telecommunication Co., Ltd.",9674
2024-01-28 04:31:23.728050 UTC,2024,12:31:23,ndt-virtual-74kb6_1704946707_0000000000069FD3,Download,17.26849715836849,18.965,0.0,Taipei City,Taipei,25.0504,121.5324,20,Taiwan Star Telecom Corporation Limited.(Former Vibo Telecom Inc.),24157
2024-01-28 04:31:02.209200 UTC,2024,12:31:02,ndt-virtual-74kb6_1704946707_000000000006BC3B,Download,57.877130379074359,16.866,0.0,Taipei City,Taipei,25.0504,121.5324,10,Mobile Business Group,17421
2024-01-28 04:29:23.524964 UTC,2024,12:29:23,ndt-virtual-c5kvd_1704940095_0000000000063302,Download,22.386716761341255,24.477,0.001771501657447025,Taipei City,Taipei,25.0504,121.5324,50,"Far EastTone Telecommunication Co., Ltd.",9674
2024-01-28 04:25:09.382572 UTC,2024,12:25:09,ndt-hlgmr_1705250860_00000000000EF507,Download,12.109591189407505,59.553,0.054650762593615856,Taipei City,Taipei,25.0504,121.5324,50,"Far EastTone Telecommunication Co., Ltd.",9674
2024-01-28 04:25:00.406332 UTC,2024,12:25:00,ndt-virtual-c5kvd_1704940095_000000000006150C,Download,18.562355471208747,31.504,0.0,Taipei City,Taipei,25.0504,121.5324,50,"Far EastTone Telecommunication Co., Ltd.",9674
2024-01-28 04:14:10.104451 UTC,2024,12:14:10,ndt-virtual-74kb6_1704946707_000000000006AC58,Download,18.645454634542229,33.949,0.0023924472859041773,Taipei City,Taipei,25.0504,121.5324,50,"Far EastTone Telecommunication Co., Ltd.",9674
2024-01-28 04:12:13.626011 UTC,2024,12:12:13,ndt-virtual-74kb6_1704946707_000000000006BBEC,Download,20.502816804362169,32.192,0.070367671940710724,Taipei City,Taipei,25.0504,121.5324,100,"Far EastTone Telecommunication Co., Ltd.",9674
2024-01-28 04:07:53.151447 UTC,2024,12:07:53,ndt-virtual-c5kvd_1704940095_0000000000062460,Download,7.6659509382193205,27.081,0.000292208840878196,Taipei City,Taipei,25.0504,121.5324,10,"Taiwan Mobile Co., Ltd.",24158
2024-01-28 04:07:44.450798 UTC,2024,12:07:44,ndt-virtual-74kb6_1704946707_0000000000068FEA,Download,2.880465888174518,17.022,0.11499545899651434,Taipei City,Taipei,25.0504,121.5324,10,Taiwan Star Telecom Corporation Limited.(Former Vibo Telecom Inc.),24157
2024-01-22 03:56:19.820265 UTC,2024,11:56:19,ndt-virtual-c8ztq_1704946707_0000000000044DBE,Download,11.492967299905251,31.781,0.0088141101145129651,Taipei City,Taipei,25.0504,121.5324,100,"Far EastTone Telecommunication Co., Ltd.",9674
2024-01-22 03:56:07.357392 UTC,2024,11:56:07,ndt-virtual-c8ztq_1704946707_000000000004791D,Download,54.206296913312457,29.112,0.0046231892782286534,Taipei City,Taipei,25.0504,121.5324,100,"Far EastTone Telecommunication Co., Ltd.",9674
2024-01-22 03:52:14.093648 UTC,2024,11:52:14,ndt-virtual-pnzgp_1704940095_000000000003FB6D,Download,25.679455751527204,27.605,0.00029984668810444987,Taipei City,Taipei,25.0504,121.5324,100,"Far EastTone Telecommunication Co., Ltd.",9674
2024-01-22 03:50:58.646797 UTC,2024,11:50:58,ndt-27r5s_1705045617_00000000000ADB26,Download,33.930135572574471,50.098,0.0003626529099282883,Taipei City,Taipei,25.0504,121.5324,100,"Far EastTone Telecommunication Co., Ltd.",9674
2024-01-22 03:48:03.569393 UTC,2024,11:48:03,ndt-kc4gk_1705107907_000000000008AC11,Download,52.876556886326341,45.744,0.0037462837407287327,Taipei City,Taipei,25.0504,121.5324,50,"Far EastTone Telecommunication Co., Ltd.",9674
2024-01-22 03:47:51.783494 UTC,2024,11:47:51,ndt-kc4gk_1705107907_00000000000A1144,Download,18.396265970199426,23.644,0.0,Taipei City,Taipei,25.0504,121.5324,10,Mobile Business Group,17421
2024-01-22 03:46:42.315181 UTC,2024,11:46:42,ndt-kc4gk_1705107907_00000000000A1141,Download,64.122636055248222,52.931,1.7504175689754619e-05,Taipei City,Taipei,25.0504,121.5324,100,"Far EastTone Telecommunication Co., Ltd.",9674
2024-01-22 03:45:18.517677 UTC,2024,11:45:18,ndt-2v49d_1705250860_000000000007DB04,Download,3.5472529743392891,27.846,0.00059382422802850359,Taipei City,Taipei,25.0504,121.5324,20,Taiwan Star Telecom Corporation Limited.(Former Vibo Telecom Inc.),24157
2024-01-22 03:41:28.753466 UTC,2024,11:41:28,ndt-virtual-c8ztq_1704946707_0000000000046B39,Download,6.1370323179955184,25.842,0.0,Taipei City,Taipei,25.0504,121.5324,10,Taiwan Star Telecom Corporation Limited.(Former Vibo Telecom Inc.),24157
2024-01-22 03:39:42.327737 UTC,2024,11:39:42,ndt-virtual-c8ztq_1704946707_0000000000045B55,Download,60.807258881727115,29.043,1.8466133203510822e-05,Taipei City,Taipei,25.0504,121.5324,100,"Far EastTone Telecommunication Co., Ltd.",9674
2024-01-22 03:39:19.635831 UTC,2024,11:39:19,ndt-virtual-c8ztq_1704946707_00000000000478DC,Download,3.4522922380869505,26.61,0.0,Taipei City,Taipei,25.0504,121.5324,10,Taiwan Star Telecom Corporation Limited.(Former Vibo Telecom Inc.),24157
2024-01-22 03:38:44.349669 UTC,2024,11:38:44,ndt-2v49d_1705250860_000000000007BD5F,Download,3.8309984309211669,31.924,0.063959954189158369,Taipei City,Taipei,25.0504,121.5324,10,Taiwan Star Telecom Corporation Limited.(Former Vibo Telecom Inc.),24157
2024-01-22 03:38:17.829475 UTC,2024,11:38:17,ndt-2v49d_1705250860_000000000008045B,Download,4.3499551803245113,29.886,0.0,Taipei City,Taipei,25.0504,121.5324,10,Taiwan Star Telecom Corporation Limited.(Former Vibo Telecom Inc.),24157
2024-01-22 03:37:51.225062 UTC,2024,11:37:51,ndt-virtual-c8ztq_1704946707_0000000000045B4E,Download,3.2130625357688332,23.302,0.0,Taipei City,Taipei,25.0504,121.5324,10,Taiwan Star Telecom Corporation Limited.(Former Vibo Telecom Inc.),24157
2024-01-22 03:37:11.654992 UTC,2024,11:37:11,ndt-27r5s_1705045617_00000000000A9C76,Download,3.4314367086165212,43.012,0.00037613950559829175,Taipei City,Taipei,25.0504,121.5324,10,Taiwan Star Telecom Corporation Limited.(Former Vibo Telecom Inc.),24157
2024-01-22 03:37:07.201769 UTC,2024,11:37:07,ndt-27r5s_1705045617_000000000009AD68,Download,23.373658759375054,78.04,0.1073250675297034,Taipei City,Taipei,25.0504,121.5324,100,"Far EastTone Telecommunication Co., Ltd.",9674
2024-01-22 03:36:43.169453 UTC,2024,11:36:43,ndt-kc4gk_1705107907_0000000000098B10,Download,0.365305849540968,31.023,0.037300272979189981,Taipei City,Taipei,25.0504,121.5324,10,Taiwan Star Telecom Corporation Limited.(Former Vibo Telecom Inc.),24157
2024-01-22 03:34:52.542805 UTC,2024,11:34:52,ndt-2v49d_1705250860_000000000007BD50,Download,1.9974533598884661,177.734,0.0,Taipei City,Taipei,25.0504,121.5324,100,Mobile Business Group,17421
2024-01-22 03:34:43.241451 UTC,2024,11:34:43,ndt-virtual-c8ztq_1704946707_0000000000045B45,Download,4.3890650452384472,91.778,0.05739324672796834,Taipei City,Taipei,25.0504,121.5324,10,Mobile Business Group,17421
2024-01-22 03:33:34.788389 UTC,2024,11:33:34,ndt-virtual-c8ztq_1704946707_00000000000478BE,Download,30.339133104334479,19.557,0.0,Taipei City,Taipei,25.0504,121.5324,10,Taiwan Star Telecom Corporation Limited.(Former Vibo Telecom Inc.),24157
2024-01-22 03:33:07.259673 UTC,2024,11:33:07,ndt-2v49d_1705250860_0000000000067F84,Download,0.36226491392010218,246.886,0.0015033867503717166,Taipei City,Taipei,25.0504,121.5324,100,Mobile Business Group,17421
2024-01-22 03:33:06.155746 UTC,2024,11:33:06,ndt-2v49d_1705250860_0000000000081096,Download,19.664742765121833,51.972,0.0,Taipei City,Taipei,25.0504,121.5324,100,"Far EastTone Telecommunication Co., Ltd.",9674
2024-01-22 03:31:58.532943 UTC,2024,11:31:58,ndt-27r5s_1705045617_00000000000A2F52,Download,0.78324292954405039,212.975,0.0014936712674898359,Taipei City,Taipei,25.0504,121.5324,100,Mobile Business Group,17421
2024-01-22 03:30:36.888609 UTC,2024,11:30:36,ndt-virtual-pnzgp_1704940095_000000000003CDA0,Download,74.463324782783218,25.139,0.0004043655684854852,Taipei City,Taipei,25.0504,121.5324,10,Mobile Business Group,17421
2024-01-22 03:29:29.351939 UTC,2024,11:29:29,ndt-virtual-pnzgp_1704940095_000000000003FB23,Download,48.299333993623421,28.131,0.003692983354434032,Taipei City,Taipei,25.0504,121.5324,100,"Far EastTone Telecommunication Co., Ltd.",9674
2024-01-22 03:25:17.486135 UTC,2024,11:25:17,ndt-virtual-c8ztq_1704946707_0000000000046AF2,Download,13.312451471239525,23.039,0.015931427299623307,Taipei City,Taipei,25.0504,121.5324,100,"Far EastTone Telecommunication Co., Ltd.",9674
2024-01-22 03:22:52.238357 UTC,2024,11:22:52,ndt-virtual-pnzgp_1704940095_000000000003FB0E,Download,19.277497387219849,18.384,0.0,Taipei City,Taipei,25.0504,121.5324,10,Taiwan Star Telecom Corporation Limited.(Former Vibo Telecom Inc.),24157
2024-01-22 03:18:28.251578 UTC,2024,11:18:28,ndt-2v49d_1705250860_0000000000070EA0,Download,8.3694186070493117,189.18,0.015758303866502354,Taipei City,Taipei,25.0504,121.5324,100,Mobile Business Group,17421
2024-01-22 03:17:56.482494 UTC,2024,11:17:56,ndt-virtual-pnzgp_1704940095_000000000003FAF3,Download,0.30781547400926368,199.0,0.034900678903696254,Taipei City,Taipei,25.0504,121.5324,10,Mobile Business Group,17421
2024-01-22 03:15:53.672916 UTC,2024,11:15:53,ndt-2v49d_1705250860_0000000000068FF4,Download,54.100609410672057,81.082,0.00022807488592335395,Taipei City,Taipei,25.0504,121.5324,100,"Far EastTone Telecommunication Co., Ltd.",9674
2024-01-22 03:15:41.700634 UTC,2024,11:15:41,ndt-27r5s_1705045617_00000000000B10D2,Download,34.636124928278633,48.327,0.16513351718327993,Taipei City,Taipei,25.0504,121.5324,100,"Far EastTone Telecommunication Co., Ltd.",9674
2024-01-22 03:15:17.874532 UTC,2024,11:15:17,ndt-kc4gk_1705107907_0000000000098AF0,Download,37.317260194632411,23.107,0.0,Taipei City,Taipei,25.0504,121.5324,20,Taiwan Star Telecom Corporation Limited.(Former Vibo Telecom Inc.),24157
2024-01-22 03:15:13.588406 UTC,2024,11:15:13,ndt-virtual-c8ztq_1704946707_0000000000046ACB,Download,65.489913707432024,27.69,3.3429575024600724e-05,Taipei City,Taipei,25.0504,121.5324,100,"Far EastTone Telecommunication Co., Ltd.",9674
2024-01-22 03:14:56.880817 UTC,2024,11:14:56,ndt-27r5s_1705045617_00000000000A3F26,Download,13.309209958661651,76.186,0.15958774882296672,Taipei City,Taipei,25.0504,121.5324,50,"Far EastTone Telecommunication Co., Ltd.",9674
2024-01-22 03:11:47.238755 UTC,2024,11:11:47,ndt-virtual-pnzgp_1704940095_000000000003CD63,Download,41.123934302174561,23.62,5.3246344866678324e-05,Taipei City,Taipei,25.0504,121.5324,100,"Far EastTone Telecommunication Co., Ltd.",9674
2024-01-22 03:04:45.370930 UTC,2024,11:04:45,ndt-kc4gk_1705107907_000000000009AA63,Download,38.645264563671589,26.751,0.0,Taipei City,Taipei,25.0504,121.5324,20,Taiwan Star Telecom Corporation Limited.(Former Vibo Telecom Inc.),24157
2024-01-22 03:01:11.043792 UTC,2024,11:01:11,ndt-2v49d_1705250860_000000000008103C,Download,36.834730430424564,22.175,0.0,Taipei City,Taipei,25.0504,121.5324,20,Taiwan Star Telecom Corporation Limited.(Former Vibo Telecom Inc.),24157
2024-01-22 02:58:33.838258 UTC,2024,10:58:33,ndt-2v49d_1705250860_000000000007CD04,Download,13.200347344575887,22.819,0.013454444707620441,Taipei City,Taipei,25.0504,121.5324,100,"Far EastTone Telecommunication Co., Ltd.",9674
2024-01-22 02:57:27.301608 UTC,2024,10:57:27,ndt-virtual-pnzgp_1704940095_000000000003EC77,Download,13.29921110449243,29.938,0.00057612444477755877,Taipei City,Taipei,25.0504,121.5324,50,"Far EastTone Telecommunication Co., Ltd.",9674
2024-01-22 02:55:30.274600 UTC,2024,10:55:30,ndt-kc4gk_1705107907_000000000008DCA4,Download,23.299888302030748,83.576,0.0065102618578692624,Taipei City,Taipei,25.0504,121.5324,100,"Far EastTone Telecommunication Co., Ltd.",9674
2024-01-22 02:54:05.198663 UTC,2024,10:54:05,ndt-2v49d_1705250860_000000000007DAB9,Download,21.217794450342176,28.001,0.095128704124526633,Taipei City,Taipei,25.0504,121.5324,100,"Far EastTone Telecommunication Co., Ltd.",9674
2024-01-22 02:52:44.787714 UTC,2024,10:52:44,ndt-virtual-pnzgp_1704940095_000000000003FA8B,Download,1.817972332488921,39.812,0.027846903354998429,Taipei City,Taipei,25.0504,121.5324,50,"Far EastTone Telecommunication Co., Ltd.",9674
2024-01-22 02:26:46.035226 UTC,2024,10:26:46,ndt-virtual-c8ztq_1704946707_0000000000045A5E,Download,23.115969552114993,22.097,0.00075566198366734184,Taipei City,Taipei,25.0504,121.5324,100,"Far EastTone Telecommunication Co., Ltd.",9674
2024-01-22 02:25:27.663656 UTC,2024,10:25:27,ndt-27r5s_1705045617_00000000000AAAFE,Download,6.7832744823180793,116.646,0.0,Taipei City,Taipei,25.0504,121.5324,10,Mobile Business Group,17421
2024-01-22 02:23:18.303745 UTC,2024,10:23:18,ndt-2v49d_1705250860_0000000000064FCB,Download,6.236458367843662,25.832,0.00057665432694237911,Taipei City,Taipei,25.0504,121.5324,100,"Far EastTone Telecommunication Co., Ltd.",9674
2024-01-22 02:21:25.588880 UTC,2024,10:21:25,ndt-2v49d_1705250860_0000000000066DF6,Download,8.7396697407492727,20.195,0.0,Taipei City,Taipei,25.0504,121.5324,10,Taiwan Star Telecom Corporation Limited.(Former Vibo Telecom Inc.),24157
2024-01-22 02:20:54.898042 UTC,2024,10:20:54,ndt-2v49d_1705250860_0000000000065FBB,Download,15.542215085830652,20.786,0.013907281883949567,Taipei City,Taipei,25.0504,121.5324,10,Taiwan Star Telecom Corporation Limited.(Former Vibo Telecom Inc.),24157
2024-01-22 02:07:44.920147 UTC,2024,10:07:44,ndt-2v49d_1705250860_000000000007DA80,Download,29.200873077743037,28.439,0.0,Taipei City,Taipei,25.0504,121.5324,10,Mobile Business Group,17421
2024-01-22 02:02:55.693328 UTC,2024,10:02:55,ndt-virtual-pnzgp_1704940095_000000000003F9EF,Download,94.898005916649538,22.792,0.0,Taipei City,Taipei,25.0504,121.5324,100,"Far EastTone Telecommunication Co., Ltd.",9674
2024-01-22 01:52:43.789122 UTC,2024,09:52:43,ndt-kc4gk_1705107907_00000000000998F2,Download,42.983664087269922,25.497,0.0,Taipei City,Taipei,25.0504,121.5324,10,Mobile Business Group,17421
2024-01-22 01:47:48.757394 UTC,2024,09:47:48,ndt-virtual-pnzgp_1704940095_000000000003DB99,Download,13.637192931999712,24.884,0.00016132592241408669,Taipei City,Taipei,25.0504,121.5324,10,Mobile Business Group,17421
2024-01-22 01:46:42.207110 UTC,2024,09:46:42,ndt-virtual-c8ztq_1704946707_0000000000044BC5,Download,3.3040280406086442,25.778,0.0,Taipei City,Taipei,25.0504,121.5324,10,Mobile Business Group,17421
2024-01-22 01:43:08.918408 UTC,2024,09:43:08,ndt-virtual-pnzgp_1704940095_000000000003CC12,Download,78.250664158025216,18.95,0.0,Taipei City,Taipei,25.0504,121.5324,10,"Taiwan Mobile Co., Ltd.",24158
2024-01-22 01:42:35.107239 UTC,2024,09:42:35,ndt-virtual-c8ztq_1704946707_0000000000044BAE,Download,65.810777159841834,19.857,0.0,Taipei City,Taipei,25.0504,121.5324,10,"Taiwan Mobile Co., Ltd.",24158
2024-01-22 01:42:10.289802 UTC,2024,09:42:10,ndt-virtual-pnzgp_1704940095_000000000003DB85,Download,73.543459425267329,20.306,0.0,Taipei City,Taipei,25.0504,121.5324,10,"Taiwan Mobile Co., Ltd.",24158
2024-01-22 01:32:16.446868 UTC,2024,09:32:16,ndt-2v49d_1705250860_0000000000064F64,Download,24.925395797994149,24.344,0.073074883005957825,Taipei City,Taipei,25.0504,121.5324,10,Mobile Business Group,17421
2024-01-22 01:32:07.053608 UTC,2024,09:32:07,ndt-virtual-pnzgp_1704940095_000000000003F975,Download,25.913417119561821,18.582,0.0,Taipei City,Taipei,25.0504,121.5324,10,Taiwan Star Telecom Corporation Limited.(Former Vibo Telecom Inc.),24157
2024-01-22 01:29:21.033282 UTC,2024,09:29:21,ndt-virtual-c8ztq_1704946707_0000000000044B7B,Download,303.09828355229018,5.0,0.00055596952355015594,Taipei City,Taipei,25.0504,121.5324,50,"Far EastTone Telecommunication Co., Ltd.",9674
2024-01-22 01:27:59.575586 UTC,2024,09:27:59,ndt-2v49d_1705250860_0000000000079A83,Download,41.881885963934984,28.289,0.0,Taipei City,Taipei,25.0504,121.5324,10,Mobile Business Group,17421
2024-01-22 01:18:40.233698 UTC,2024,09:18:40,ndt-kc4gk_1705107907_000000000009A9DB,Download,13.034631045531068,42.623,0.0691433386675142,Taipei City,Taipei,25.0504,121.5324,50,"Far EastTone Telecommunication Co., Ltd.",9674
2024-01-22 01:17:46.996071 UTC,2024,09:17:46,ndt-virtual-pnzgp_1704940095_000000000003F942,Download,28.638230334292231,19.911,0.0,Taipei City,Taipei,25.0504,121.5324,20,Taiwan Star Telecom Corporation Limited.(Former Vibo Telecom Inc.),24157
2024-01-22 01:09:46.956093 UTC,2024,09:09:46,ndt-kc4gk_1705107907_0000000000086D89,Download,110.32813219178404,23.562,0.0,Taipei City,Taipei,25.0504,121.5324,10,Mobile Business Group,17421
2024-01-22 01:09:43.387959 UTC,2024,09:09:43,ndt-kc4gk_1705107907_000000000008CB80,Download,13.514993522402847,20.078,0.041785460369437331,Taipei City,Taipei,25.0504,121.5324,100,Mobile Business Group,17421
2024-01-22 00:56:33.923930 UTC,2024,08:56:33,ndt-virtual-pnzgp_1704940095_000000000003EADE,Download,6.0437018520838128,373.505,0.00074133983020487125,Taipei City,Taipei,25.0504,121.5324,5,Mobile Business Group,17421
2024-01-22 00:56:06.211609 UTC,2024,08:56:06,ndt-virtual-pnzgp_1704940095_000000000003F8DB,Download,15.002653809430868,23.417,0.0,Taipei City,Taipei,25.0504,121.5324,50,"Far EastTone Telecommunication Co., Ltd.",9674
2024-01-22 00:54:52.597111 UTC,2024,08:54:52,ndt-virtual-pnzgp_1704940095_000000000003EAD7,Download,21.240764375709823,21.131,0.00010728288878408003,Taipei City,Taipei,25.0504,121.5324,50,"Far EastTone Telecommunication Co., Ltd.",9674
2024-01-22 00:54:07.222779 UTC,2024,08:54:07,ndt-virtual-c8ztq_1704946707_00000000000458D2,Download,6.6358854121694772,22.005,0.00016922855114079446,Taipei City,Taipei,25.0504,121.5324,100,"Far EastTone Telecommunication Co., Ltd.",9674
2024-01-22 00:35:46.118192 UTC,2024,08:35:46,ndt-27r5s_1705045617_00000000000A3DB4,Download,33.8019334253703,17.577,0.00057266480020361416,Taipei City,Taipei,25.0504,121.5324,10,Taiwan Star Telecom Corporation Limited.(Former Vibo Telecom Inc.),24157
2024-01-22 00:09:45.380366 UTC,2024,08:09:45,ndt-virtual-pnzgp_1704940095_000000000003EA38,Download,676.45906219073845,11.603,0.0055206352020927231,Taipei City,Taipei,25.0504,121.5324,10,Mobile Business Group,17421
2024-01-21 23:54:03.086157 UTC,2024,07:54:03,ndt-27r5s_1705045617_00000000000A3D64,Download,58.860144895072672,17.947,0.0,Taipei City,Taipei,25.0504,121.5324,10,Taiwan Star Telecom Corporation Limited.(Former Vibo Telecom Inc.),24157
2024-01-21 23:52:00.535945 UTC,2024,07:52:00,ndt-27r5s_1705045617_00000000000A7B51,Download,16.418809023549198,28.231,0.0021822926770441358,Taipei City,Taipei,25.0504,121.5324,10,"Taiwan Mobile Co., Ltd.",24158
2024-01-21 23:50:10.081429 UTC,2024,07:50:10,ndt-virtual-c8ztq_1704946707_00000000000457A8,Download,1.8190236464593101,22.773,0.021732532166044607,Taipei City,Taipei,25.0504,121.5324,20,"Taiwan Mobile Co., Ltd.",24158
2024-01-21 23:48:58.288254 UTC,2024,07:48:58,ndt-2v49d_1705250860_0000000000068E8E,Download,4.0323841012324548,25.045,0.0087132861670587858,Taipei City,Taipei,25.0504,121.5324,20,"Taiwan Mobile Co., Ltd.",24158
2024-01-21 23:44:34.738800 UTC,2024,07:44:34,ndt-virtual-pnzgp_1704940095_000000000003E9D1,Download,4.6490502382495054,28.149,0.0057276060080902434,Taipei City,Taipei,25.0504,121.5324,20,"Taiwan Mobile Co., Ltd.",24158
2024-01-21 23:44:03.375313 UTC,2024,07:44:03,ndt-virtual-c8ztq_1704946707_0000000000047524,Download,27.355377146826093,18.087,0.042358314728741277,Taipei City,Taipei,25.0504,121.5324,20,"Taiwan Mobile Co., Ltd.",24158
2024-01-21 23:42:50.811669 UTC,2024,07:42:50,ndt-kc4gk_1705107907_000000000009982E,Download,4.3957501440788,22.018,0.03150314320716107,Taipei City,Taipei,25.0504,121.5324,20,"Taiwan Mobile Co., Ltd.",24158
2024-01-21 23:32:26.666472 UTC,2024,07:32:26,ndt-virtual-c8ztq_1704946707_0000000000045771,Download,13.694382869897527,19.033,0.10694248611660476,Taipei City,Taipei,25.0504,121.5324,50,"Far EastTone Telecommunication Co., Ltd.",9674
2024-01-21 22:53:18.295497 UTC,2024,06:53:18,ndt-2v49d_1705250860_000000000006AB73,Download,7.1514974684588628,19.626,0.00089525514771709937,Taipei City,Taipei,25.0504,121.5324,20,Taiwan Star Telecom Corporation Limited.(Former Vibo Telecom Inc.),24157
2024-01-21 22:39:09.820093 UTC,2024,06:39:09,ndt-2v49d_1705250860_0000000000061E09,Download,14.778537034004422,24.666,0.00015161415317022781,Taipei City,Taipei,25.0504,121.5324,10,Taiwan Star Telecom Corporation Limited.(Former Vibo Telecom Inc.),24157
2024-01-21 20:59:59.681223 UTC,2024,04:59:59,ndt-virtual-pnzgp_1704940095_000000000003D7B6,Download,9.7051396690725671,17.279,0.138223388646836,Taipei City,Taipei,25.0504,121.5324,20,Taiwan Star Telecom Corporation Limited.(Former Vibo Telecom Inc.),24157
2024-01-21 20:52:06.630805 UTC,2024,04:52:06,ndt-virtual-pnzgp_1704940095_000000000003D793,Download,0.61004340716284788,35.294,0.0028095837697259258,Taipei City,Taipei,25.0504,121.5324,50,"Far EastTone Telecommunication Co., Ltd.",9674
2024-01-21 20:18:58.674166 UTC,2024,04:18:58,ndt-kc4gk_1705107907_0000000000088A9E,Download,41.745543515756658,21.166,2.5525832142127832e-05,Taipei City,Taipei,25.0504,121.5324,10,Taiwan Star Telecom Corporation Limited.(Former Vibo Telecom Inc.),24157
2024-01-21 19:55:41.635154 UTC,2024,03:55:41,ndt-2v49d_1705250860_0000000000072BF3,Download,0.234270400566156,30.261,0.08032383661288818,Taipei City,Taipei,25.0504,121.5324,10,"Taiwan Mobile Co., Ltd.",24158
2024-01-21 19:53:45.997746 UTC,2024,03:53:45,ndt-virtual-c8ztq_1704946707_00000000000470F9,Download,0.57093105825763968,30.769,0.0,Taipei City,Taipei,25.0504,121.5324,10,"Taiwan Mobile Co., Ltd.",24158
2024-01-21 19:52:56.937691 UTC,2024,03:52:56,ndt-virtual-c8ztq_1704946707_0000000000045352,Download,1.636218042679102,23.533,0.0,Taipei City,Taipei,25.0504,121.5324,10,"Taiwan Mobile Co., Ltd.",24158
2024-01-21 19:51:31.417312 UTC,2024,03:51:31,ndt-virtual-c8ztq_1704946707_000000000004534F,Download,2.6208049453255344,24.98,0.0011613798076976253,Taipei City,Taipei,25.0504,121.5324,10,"Taiwan Mobile Co., Ltd.",24158
2024-01-21 19:50:33.781638 UTC,2024,03:50:33,ndt-kc4gk_1705107907_0000000000085C67,Download,1.7315788017799922,33.148,0.06087796822905,Taipei City,Taipei,25.0504,121.5324,10,"Taiwan Mobile Co., Ltd.",24158
2024-01-21 19:49:58.660414 UTC,2024,03:49:58,ndt-virtual-c8ztq_1704946707_0000000000044576,Download,4.6872994937156944,21.838,0.00022577345955574878,Taipei City,Taipei,25.0504,121.5324,10,"Taiwan Mobile Co., Ltd.",24158
2024-01-21 19:49:17.810919 UTC,2024,03:49:17,ndt-kc4gk_1705107907_000000000008C9C5,Download,0.33334895832213424,36.95,0.02815428155259132,Taipei City,Taipei,25.0504,121.5324,10,"Taiwan Mobile Co., Ltd.",24158
2024-01-21 19:44:01.575425 UTC,2024,03:44:01,ndt-kc4gk_1705107907_0000000000085C5F,Download,4.0277909491227888,51.735,0.050213596964174739,Taipei City,Taipei,25.0504,121.5324,100,"Far EastTone Telecommunication Co., Ltd.",9674
2024-01-21 18:57:51.565893 UTC,2024,02:57:51,ndt-2v49d_1705250860_0000000000061CA3,Download,10.620829805453004,57.656,0.00073236767670787977,Taipei City,Taipei,25.0504,121.5324,50,"Far EastTone Telecommunication Co., Ltd.",9674
2024-01-21 18:55:54.760683 UTC,2024,02:55:54,ndt-virtual-c8ztq_1704946707_0000000000047041,Download,99.781642598831809,24.041,2.2267636114194504e-05,Taipei City,Taipei,25.0504,121.5324,100,"Far EastTone Telecommunication Co., Ltd.",9674
2024-01-21 18:15:48.986728 UTC,2024,02:15:48,ndt-virtual-pnzgp_1704940095_000000000003D4E1,Download,54.473368239315768,17.693,0.0,Taipei City,Taipei,25.0504,121.5324,10,"Taiwan Mobile Co., Ltd.",24158
2024-01-21 17:40:57.234298 UTC,2024,01:40:57,ndt-virtual-c8ztq_1704946707_0000000000044391,Download,325.46575540291087,22.039,0.0,Taipei City,Taipei,25.0504,121.5324,10,Mobile Business Group,17421
2024-01-21 17:10:56.006742 UTC,2024,01:10:56,ndt-27r5s_1705045617_0000000000098AA3,Download,17.563627387147925,26.734,0.0041204777159030556,Taipei City,Taipei,25.0504,121.5324,10,"Taiwan Mobile Co., Ltd.",24158
2024-01-21 16:35:31.362688 UTC,2024,00:35:31,ndt-virtual-pnzgp_1704940095_000000000003D34F,Download,0.16174139950664507,195.046,0.11357764919048453,Taipei City,Taipei,25.0504,121.5324,100,"Far EastTone Telecommunication Co., Ltd.",9674
2024-01-21 16:34:52.033216 UTC,2024,00:34:52,ndt-virtual-c8ztq_1704946707_0000000000046064,Download,0.35385897353719931,72.237,0.25353960857409136,Taipei City,Taipei,25.0504,121.5324,100,"Far EastTone Telecommunication Co., Ltd.",9674
2024-01-21 16:29:12.820804 UTC,2024,00:29:12,ndt-virtual-pnzgp_1704940095_000000000003D340,Download,0.817876175806669,32.058,0.004085725667658989,Taipei City,Taipei,25.0504,121.5324,50,"Far EastTone Telecommunication Co., Ltd.",9674
2024-01-21 16:28:47.087224 UTC,2024,00:28:47,ndt-kc4gk_1705107907_000000000008C887,Download,5.1893134586818288,35.074,0.073654487640805566,Taipei City,Taipei,25.0504,121.5324,10,"Taiwan Mobile Co., Ltd.",24158
2024-01-21 16:24:24.614900 UTC,2024,00:24:24,ndt-virtual-pnzgp_1704940095_000000000003F14A,Download,86.337872265850564,22.922,0.01095022191476021,Taipei City,Taipei,25.0504,121.5324,100,"Far EastTone Telecommunication Co., Ltd.",9674
2024-01-21 16:18:21.868782 UTC,2024,00:18:21,ndt-kc4gk_1705107907_0000000000087AB8,Download,2.9049677577074235,18.0,0.12626545559286531,Taipei City,Taipei,25.0504,121.5324,10,Taiwan Star Telecom Corporation Limited.(Former Vibo Telecom Inc.),24157
2024-01-21 16:16:18.889586 UTC,2024,00:16:18,ndt-2v49d_1705250860_000000000006FAF1,Download,109.26132171029805,23.814,0.0,Taipei City,Taipei,25.0504,121.5324,10,"Taiwan Mobile Co., Ltd.",24158
2024-01-21 16:11:25.537785 UTC,2024,00:11:25,ndt-2v49d_1705250860_0000000000068B74,Download,18.671698608296143,20.806,0.04994022946987467,Taipei City,Taipei,25.0504,121.5324,20,Taiwan Star Telecom Corporation Limited.(Former Vibo Telecom Inc.),24157
2024-01-21 15:42:05.699951 UTC,2024,23:42:05,ndt-27r5s_1705045617_00000000000AE432,Download,11.952930955888464,25.143,0.05907238159669314,Taipei City,Taipei,25.0504,121.5324,10,Taiwan Star Telecom Corporation Limited.(Former Vibo Telecom Inc.),24157
2024-01-21 15:36:30.728106 UTC,2024,23:36:30,ndt-27r5s_1705045617_00000000000A0C02,Download,151.48040181937029,25.934,0.0,Taipei City,Taipei,25.0504,121.5324,10,Mobile Business Group,17421
2024-01-21 15:34:03.615360 UTC,2024,23:34:03,ndt-27r5s_1705045617_00000000000AF249,Download,31.929417070267249,24.055,0.053335955145719968,Taipei City,Taipei,25.0504,121.5324,20,"Taiwan Mobile Co., Ltd.",24158
2024-01-21 15:28:02.606434 UTC,2024,23:28:02,ndt-virtual-pnzgp_1704940095_000000000003F072,Download,6.0718025923702124,17.634,0.00018870812401876466,Taipei City,Taipei,25.0504,121.5324,20,"Taiwan Mobile Co., Ltd.",24158
2024-01-21 15:17:50.261693 UTC,2024,23:17:50,ndt-virtual-pnzgp_1704940095_000000000003F048,Download,11.511813894328865,21.886,0.00037947629264238391,Taipei City,Taipei,25.0504,121.5324,10,Mobile Business Group,17421
2024-01-21 15:17:30.044697 UTC,2024,23:17:30,ndt-virtual-c8ztq_1704946707_000000000004414E,Download,2.5273867190869428,21.233,0.0,Taipei City,Taipei,25.0504,121.5324,10,Mobile Business Group,17421
2024-01-21 15:12:01.667491 UTC,2024,23:12:01,ndt-27r5s_1705045617_00000000000A586E,Download,26.163038834649051,55.529,0.11729451311005558,Taipei City,Taipei,25.0504,121.5324,100,"Far EastTone Telecommunication Co., Ltd.",9674
2024-01-21 15:11:45.681160 UTC,2024,23:11:45,ndt-2v49d_1705250860_000000000007F77B,Download,2.0055785983264207,35.713,0.0,Taipei City,Taipei,25.0504,121.5324,20,"Taiwan Mobile Co., Ltd.",24158
2024-01-21 15:08:06.670712 UTC,2024,23:08:06,ndt-virtual-pnzgp_1704940095_000000000003F013,Download,25.957083070853081,23.117,0.0,Taipei City,Taipei,25.0504,121.5324,20,Taiwan Star Telecom Corporation Limited.(Former Vibo Telecom Inc.),24157
2024-01-21 15:07:27.747037 UTC,2024,23:07:27,ndt-2v49d_1705250860_000000000007B8AA,Download,3.0776165391754469,35.079,0.12664210365230152,Taipei City,Taipei,25.0504,121.5324,100,"Far EastTone Telecommunication Co., Ltd.",9674
2024-01-21 15:06:50.371073 UTC,2024,23:06:50,ndt-virtual-c8ztq_1704946707_0000000000041EFB,Download,38.102341097325308,22.599,0.0,Taipei City,Taipei,25.0504,121.5324,20,Taiwan Star Telecom Corporation Limited.(Former Vibo Telecom Inc.),24157
2024-01-21 15:05:21.467884 UTC,2024,23:05:21,ndt-kc4gk_1705107907_0000000000081C5C,Download,4.356211087563338,23.835,0.022682230649020675,Taipei City,Taipei,25.0504,121.5324,10,Mobile Business Group,17421
2024-01-21 15:02:37.131327 UTC,2024,23:02:37,ndt-virtual-pnzgp_1704940095_000000000003D1EF,Download,32.7907647243925,25.723,0.0,Taipei City,Taipei,25.0504,121.5324,10,"Taiwan Mobile Co., Ltd.",24158
2024-01-21 15:01:54.705176 UTC,2024,23:01:54,ndt-kc4gk_1705107907_0000000000087A4E,Download,65.989811957285937,39.003,0.00045885856715288258,Taipei City,Taipei,25.0504,121.5324,50,"Far EastTone Telecommunication Co., Ltd.",9674
2024-01-21 14:58:24.263408 UTC,2024,22:58:24,ndt-virtual-pnzgp_1704940095_000000000003E1A9,Download,13.545446136976615,19.165,0.1170710478429771,Taipei City,Taipei,25.0504,121.5324,50,"Far EastTone Telecommunication Co., Ltd.",9674
2024-01-21 14:55:45.541280 UTC,2024,22:55:45,ndt-kc4gk_1705107907_000000000009C5C9,Download,7.2319247625074441,43.824,0.0,Taipei City,Taipei,25.0504,121.5324,100,"Far EastTone Telecommunication Co., Ltd.",18412
2024-01-21 14:55:36.086146 UTC,2024,22:55:36,ndt-kc4gk_1705107907_000000000009F59C,Download,34.767641916337446,26.555,0.0,Taipei City,Taipei,25.0504,121.5324,10,"Taiwan Mobile Co., Ltd.",24158
2024-01-21 14:55:12.300484 UTC,2024,22:55:12,ndt-virtual-c8ztq_1704946707_00000000000440C9,Download,70.00356918643709,17.0,0.085135000551503456,Taipei City,Taipei,25.0504,121.5324,10,Mobile Business Group,17421
2024-01-21 14:54:19.859173 UTC,2024,22:54:19,ndt-kc4gk_1705107907_0000000000081C41,Download,42.758504195561471,30.0,0.085889498744852952,Taipei City,Taipei,25.0504,121.5324,50,"Far EastTone Telecommunication Co., Ltd.",9674
2024-01-21 14:52:14.694722 UTC,2024,22:52:14,ndt-virtual-c8ztq_1704946707_0000000000042EA2,Download,15.597927166437159,26.3,0.0,Taipei City,Taipei,25.0504,121.5324,100,"Far EastTone Telecommunication Co., Ltd.",18412
2024-01-21 14:51:49.490079 UTC,2024,22:51:49,ndt-2v49d_1705250860_0000000000070A33,Download,12.509530753669074,26.265,0.052346514652559108,Taipei City,Taipei,25.0504,121.5324,10,Taiwan Star Telecom Corporation Limited.(Former Vibo Telecom Inc.),24157
2024-01-21 14:51:10.448848 UTC,2024,22:51:10,ndt-virtual-pnzgp_1704940095_000000000003BFD9,Download,74.665103565923559,12.023,0.034742959075753518,Taipei City,Taipei,25.0504,121.5324,10,Mobile Business Group,17421
2024-01-21 14:50:04.143180 UTC,2024,22:50:04,ndt-virtual-pnzgp_1704940095_000000000003E18F,Download,4.4085333103402435,31.063,0.0,Taipei City,Taipei,25.0504,121.5324,10,Taiwan Star Telecom Corporation Limited.(Former Vibo Telecom Inc.),24157
2024-01-21 14:49:04.889391 UTC,2024,22:49:04,ndt-virtual-c8ztq_1704946707_0000000000042E88,Download,2.15291404030969,26.397,0.0,Taipei City,Taipei,25.0504,121.5324,10,Taiwan Star Telecom Corporation Limited.(Former Vibo Telecom Inc.),24157
2024-01-21 14:44:01.419787 UTC,2024,22:44:01,ndt-virtual-pnzgp_1704940095_000000000003D195,Download,71.770300464724485,21.989,0.0,Taipei City,Taipei,25.0504,121.5324,10,"Taiwan Mobile Co., Ltd.",24158
2024-01-21 14:43:20.558058 UTC,2024,22:43:20,ndt-kc4gk_1705107907_000000000008D807,Download,4.4683377524436487,19.71,0.0042429656096471639,Taipei City,Taipei,25.0504,121.5324,20,Taiwan Star Telecom Corporation Limited.(Former Vibo Telecom Inc.),24157
2024-01-21 14:38:49.429833 UTC,2024,22:38:49,ndt-2v49d_1705250860_0000000000064B1E,Download,85.185542471973932,27.449,0.013040162771707267,Taipei City,Taipei,25.0504,121.5324,10,"Taiwan Mobile Co., Ltd.",24158
2024-01-21 14:36:43.300791 UTC,2024,22:36:43,ndt-virtual-c8ztq_1704946707_0000000000044074,Download,201.85027339015795,14.269,0.0,Taipei City,Taipei,25.0504,121.5324,50,"Far EastTone Telecommunication Co., Ltd.",9674
2024-01-21 14:36:32.410099 UTC,2024,22:36:32,ndt-2v49d_1705250860_000000000006FA5C,Download,38.593081950875813,24.094,0.0,Taipei City,Taipei,25.0504,121.5324,10,"Taiwan Mobile Co., Ltd.",24158
2024-01-21 14:36:04.192099 UTC,2024,22:36:04,ndt-2v49d_1705250860_00000000000729E9,Download,267.6518594895997,39.706,0.010207262793833053,Taipei City,Taipei,25.0504,121.5324,50,"Far EastTone Telecommunication Co., Ltd.",9674
2024-01-21 14:34:13.933975 UTC,2024,22:34:13,ndt-27r5s_1705045617_00000000000A5825,Download,53.062235103095091,23.245,0.0091469917396770975,Taipei City,Taipei,25.0504,121.5324,10,"Taiwan Mobile Co., Ltd.",24158
2024-01-21 14:34:03.466561 UTC,2024,22:34:03,ndt-virtual-c8ztq_1704946707_000000000004406B,Download,66.5368335180194,25.0,0.0269848864322424,Taipei City,Taipei,25.0504,121.5324,20,"Far EastTone Telecommunication Co., Ltd.",9674
2024-01-21 14:33:41.246493 UTC,2024,22:33:41,ndt-kc4gk_1705107907_000000000009B594,Download,80.710247445575519,23.826,0.013545161636991246,Taipei City,Taipei,25.0504,121.5324,10,Mobile Business Group,17421
2024-01-21 14:33:02.597700 UTC,2024,22:33:02,ndt-virtual-c8ztq_1704946707_0000000000042E3B,Download,35.103226050960131,17.683,0.014764579068297687,Taipei City,Taipei,25.0504,121.5324,10,Mobile Business Group,17421
2024-01-21 14:28:28.352304 UTC,2024,22:28:28,ndt-virtual-pnzgp_1704940095_000000000003BF79,Download,6.0908266207900175,21.0,0.2132794423201968,Taipei City,Taipei,25.0504,121.5324,10,Mobile Business Group,17421
2024-01-21 14:27:53.427674 UTC,2024,22:27:53,ndt-virtual-c8ztq_1704946707_0000000000042E2A,Download,6.3983660160029014,20.645,0.21662156865745247,Taipei City,Taipei,25.0504,121.5324,10,Mobile Business Group,17421
2024-01-21 14:08:50.891793 UTC,2024,22:08:50,ndt-2v49d_1705250860_000000000007B84F,Download,39.621107332176855,27.848,0.058230363200864325,Taipei City,Taipei,25.0504,121.5324,10,Mobile Business Group,17421
2024-01-21 14:08:48.414484 UTC,2024,22:08:48,ndt-kc4gk_1705107907_000000000008A7B9,Download,11.058327930212819,32.612,0.089217192711267074,Taipei City,Taipei,25.0504,121.5324,100,"Far EastTone Telecommunication Co., Ltd.",9674
2024-01-21 14:08:04.278625 UTC,2024,22:08:04,ndt-2v49d_1705250860_0000000000065B03,Download,6.6399818169615488,36.893,0.00092551056670905386,Taipei City,Taipei,25.0504,121.5324,100,"Far EastTone Telecommunication Co., Ltd.",9674
2024-01-21 14:07:28.165252 UTC,2024,22:07:28,ndt-virtual-c8ztq_1704946707_0000000000043BA0,Download,10.835993008421674,31.836,0.0411077018990758,Taipei City,Taipei,25.0504,121.5324,50,"Far EastTone Telecommunication Co., Ltd.",9674
2024-01-21 14:06:46.032792 UTC,2024,22:06:46,ndt-27r5s_1705045617_000000000008DB36,Download,4.1254293684485734,90.945,0.039501862687321095,Taipei City,Taipei,25.0504,121.5324,50,"Far EastTone Telecommunication Co., Ltd.",9674
2024-01-21 14:06:07.333619 UTC,2024,22:06:07,ndt-virtual-c8ztq_1704946707_0000000000041DEC,Download,1.0731600028875663,47.43,0.0,Taipei City,Taipei,25.0504,121.5324,100,"Far EastTone Telecommunication Co., Ltd.",9674
2024-01-21 14:04:47.586336 UTC,2024,22:04:47,ndt-virtual-pnzgp_1704940095_000000000003E0E6,Download,7.8034995351888643,31.626,0.11179340775507553,Taipei City,Taipei,25.0504,121.5324,50,"Far EastTone Telecommunication Co., Ltd.",9674
2024-01-21 14:04:01.202638 UTC,2024,22:04:01,ndt-virtual-pnzgp_1704940095_000000000003C1AA,Download,71.87716316919024,22.473,0.02408822076387639,Taipei City,Taipei,25.0504,121.5324,10,Mobile Business Group,17421
2024-01-21 14:01:52.334811 UTC,2024,22:01:52,ndt-virtual-pnzgp_1704940095_000000000003BF13,Download,12.137508035371166,25.779,0.096811243905476657,Taipei City,Taipei,25.0504,121.5324,10,Mobile Business Group,17421
2024-01-21 14:01:40.874063 UTC,2024,22:01:40,ndt-27r5s_1705045617_00000000000A6737,Download,197.42836554624716,19.165,0.058003824047085067,Taipei City,Taipei,25.0504,121.5324,10,"Taiwan Mobile Co., Ltd.",24158
2024-01-21 14:01:05.139593 UTC,2024,22:01:05,ndt-virtual-c8ztq_1704946707_0000000000041DDD,Download,75.9602846257813,27.106,2.8890335828349978e-05,Taipei City,Taipei,25.0504,121.5324,50,"Far EastTone Telecommunication Co., Ltd.",9674
2024-01-21 13:56:59.338311 UTC,2024,21:56:59,ndt-virtual-pnzgp_1704940095_000000000003BEFB,Download,75.165187385749078,24.295,0.00021927531551421936,Taipei City,Taipei,25.0504,121.5324,50,"Far EastTone Telecommunication Co., Ltd.",9674
2024-01-21 13:55:24.508535 UTC,2024,21:55:24,ndt-kc4gk_1705107907_000000000009F54F,Download,6.0542278975506685,39.008,0.00016153005504997237,Taipei City,Taipei,25.0504,121.5324,10,"Taiwan Mobile Co., Ltd.",24158
2024-01-21 13:54:12.014553 UTC,2024,21:54:12,ndt-virtual-pnzgp_1704940095_000000000003D0C8,Download,5.5362472768708981,23.728,0.0,Taipei City,Taipei,25.0504,121.5324,10,"Taiwan Mobile Co., Ltd.",24158
2024-01-21 13:44:35.064966 UTC,2024,21:44:35,ndt-2v49d_1705250860_0000000000061AB9,Download,13.795298219583485,21.099,0.10815248445543327,Taipei City,Taipei,25.0504,121.5324,50,"Far EastTone Telecommunication Co., Ltd.",9674
2024-01-21 13:37:27.262925 UTC,2024,21:37:27,ndt-kc4gk_1705107907_000000000009560A,Download,12.227643414379054,83.219,0.058117953155869172,Taipei City,Taipei,25.0504,121.5324,100,"Far EastTone Telecommunication Co., Ltd.",9674
2024-01-21 13:30:02.034362 UTC,2024,21:30:02,ndt-kc4gk_1705107907_000000000008884D,Download,12.195614571458844,52.983,0.11502605993444566,Taipei City,Taipei,25.0504,121.5324,100,"Far EastTone Telecommunication Co., Ltd.",9674
2024-01-21 13:28:42.809976 UTC,2024,21:28:42,ndt-virtual-pnzgp_1704940095_000000000003E002,Download,0.532562823800999,168.018,0.016060725278285622,Taipei City,Taipei,25.0504,121.5324,100,Mobile Business Group,17421
2024-01-21 13:26:25.452558 UTC,2024,21:26:25,ndt-kc4gk_1705107907_000000000008A77F,Download,15.541395879559863,27.693,0.0,Taipei City,Taipei,25.0504,121.5324,10,"Taiwan Mobile Co., Ltd.",24158
2024-01-21 13:26:06.753507 UTC,2024,21:26:06,ndt-virtual-pnzgp_1704940095_000000000003BE23,Download,12.803837463320152,23.978,0.057324105596169704,Taipei City,Taipei,25.0504,121.5324,100,"Far EastTone Telecommunication Co., Ltd.",9674
2024-01-21 13:25:48.950686 UTC,2024,21:25:48,ndt-virtual-c8ztq_1704946707_0000000000040F59,Download,4.9252011571483969,125.117,0.012613761070571505,Taipei City,Taipei,25.0504,121.5324,10,"Taiwan Mobile Co., Ltd.",24158
2024-01-21 13:25:22.972130 UTC,2024,21:25:22,ndt-kc4gk_1705107907_000000000008A77B,Download,9.60385352679186,22.905,0.040125929720725394,Taipei City,Taipei,25.0504,121.5324,10,Mobile Business Group,17421
2024-01-21 13:25:14.139802 UTC,2024,21:25:14,ndt-virtual-c8ztq_1704946707_0000000000043AC8,Download,2.742938023923263,320.985,0.086187944028078278,Taipei City,Taipei,25.0504,121.5324,10,"Taiwan Mobile Co., Ltd.",24158
2024-01-21 13:22:01.893645 UTC,2024,21:22:01,ndt-27r5s_1705045617_00000000000AB4B9,Download,29.45554592056012,24.0,0.075910289763601757,Taipei City,Taipei,25.0504,121.5324,10,Mobile Business Group,17421
2024-01-21 13:16:15.059291 UTC,2024,21:16:15,ndt-virtual-c8ztq_1704946707_0000000000040F16,Download,26.479112391672491,25.81,0.00012858287548681878,Taipei City,Taipei,25.0504,121.5324,100,"Far EastTone Telecommunication Co., Ltd.",9674
2024-01-21 13:14:31.516794 UTC,2024,21:14:31,ndt-2v49d_1705250860_0000000000067A3C,Download,0.077381832700068709,74.487,0.28540222002082855,Taipei City,Taipei,25.0504,121.5324,100,"Far EastTone Telecommunication Co., Ltd.",9674
2024-01-21 13:13:38.619792 UTC,2024,21:13:38,ndt-27r5s_1705045617_000000000009F856,Download,0.047864565993799936,328.277,0.1005320570442895,Taipei City,Taipei,25.0504,121.5324,100,"Far EastTone Telecommunication Co., Ltd.",9674
2024-01-21 13:08:07.553287 UTC,2024,21:08:07,ndt-27r5s_1705045617_00000000000A2874,Download,4.5536718313373488,83.701,0.11629830674224119,Taipei City,Taipei,25.0504,121.5324,100,"Far EastTone Telecommunication Co., Ltd.",9674
2024-01-21 12:59:38.933116 UTC,2024,20:59:38,ndt-virtual-pnzgp_1704940095_000000000003BDA0,Download,16.74771987723085,28.528,0.0,Taipei City,Taipei,25.0504,121.5324,20,"Taiwan Mobile Co., Ltd.",24158
2024-01-21 12:49:01.063626 UTC,2024,20:49:01,ndt-kc4gk_1705107907_00000000000994F5,Download,7.9733206760039765,18.923,0.0049597855227882038,Taipei City,Taipei,25.0504,121.5324,10,Taiwan Star Telecom Corporation Limited.(Former Vibo Telecom Inc.),24157
2024-01-21 12:48:04.551230 UTC,2024,20:48:04,ndt-virtual-c8ztq_1704946707_0000000000042C11,Download,28.322218638626182,29.805,0.031714826826089441,Taipei City,Taipei,25.0504,121.5324,10,Mobile Business Group,17421
2024-01-21 12:45:23.708852 UTC,2024,20:45:23,ndt-virtual-c8ztq_1704946707_00000000000439B8,Download,22.094735695355833,129.891,0.0014831813856034379,Taipei City,Taipei,25.0504,121.5324,10,Mobile Business Group,17421
2024-01-21 12:42:39.480553 UTC,2024,20:42:39,ndt-virtual-c8ztq_1704946707_0000000000041C08,Download,34.023416402854821,22.684,0.012416098838616175,Taipei City,Taipei,25.0504,121.5324,10,"Taiwan Mobile Co., Ltd.",24158
2024-01-21 12:37:10.224495 UTC,2024,20:37:10,ndt-2v49d_1705250860_00000000000679F1,Download,17.472373600749325,22.674,0.28850018410516853,Taipei City,Taipei,25.0504,121.5324,10,"Taiwan Mobile Co., Ltd.",24158
2024-01-21 12:35:33.157183 UTC,2024,20:35:33,ndt-kc4gk_1705107907_000000000008B761,Download,12.621423371969316,22.047,0.0,Taipei City,Taipei,25.0504,121.5324,20,"Taiwan Mobile Co., Ltd.",24158
2024-01-21 12:34:24.036377 UTC,2024,20:34:24,ndt-virtual-c8ztq_1704946707_0000000000040E26,Download,11.614666394288509,29.993,0.074109600321166952,Taipei City,Taipei,25.0504,121.5324,100,"Far EastTone Telecommunication Co., Ltd.",9674
2024-01-21 12:33:59.182313 UTC,2024,20:33:59,ndt-virtual-pnzgp_1704940095_000000000003BD3C,Download,2.4368192681976484,41.105,0.1186529952253414,Taipei City,Taipei,25.0504,121.5324,100,"Far EastTone Telecommunication Co., Ltd.",9674
2024-01-21 12:31:52.268178 UTC,2024,20:31:52,ndt-virtual-c8ztq_1704946707_0000000000043962,Download,27.65561377737124,21.752,0.0,Taipei City,Taipei,25.0504,121.5324,100,"Taiwan Mobile Co., Ltd.",24158
2024-01-21 12:28:59.306980 UTC,2024,20:28:59,ndt-kc4gk_1705107907_000000000008F715,Download,5.842704314560355,28.806,0.042155803708647389,Taipei City,Taipei,25.0504,121.5324,10,Taiwan Star Telecom Corporation Limited.(Former Vibo Telecom Inc.),24157
2024-01-21 12:24:54.542255 UTC,2024,20:24:54,ndt-2v49d_1705250860_0000000000065A84,Download,19.29286596274196,55.067,0.054825553150670184,Taipei City,Taipei,25.0504,121.5324,100,"Far EastTone Telecommunication Co., Ltd.",9674
2024-01-21 12:21:50.951180 UTC,2024,20:21:50,ndt-virtual-c8ztq_1704946707_0000000000042B32,Download,13.975507943993541,19.654,0.13547919660053193,Taipei City,Taipei,25.0504,121.5324,50,"Far EastTone Telecommunication Co., Ltd.",9674
2024-01-21 12:04:37.389119 UTC,2024,20:04:37,ndt-virtual-pnzgp_1704940095_000000000003AECE,Download,11.683041678565919,21.638,0.0080217484799606029,Taipei City,Taipei,25.0504,121.5324,10,Mobile Business Group,17421
2024-01-21 12:02:45.808870 UTC,2024,20:02:45,ndt-virtual-c8ztq_1704946707_0000000000041AD4,Download,13.631225204936905,19.274,0.098189838587869324,Taipei City,Taipei,25.0504,121.5324,50,"Far EastTone Telecommunication Co., Ltd.",9674
2024-01-21 12:02:20.711952 UTC,2024,20:02:20,ndt-virtual-pnzgp_1704940095_0000000000039EEA,Download,14.017755751824966,20.115,0.088657550819304265,Taipei City,Taipei,25.0504,121.5324,50,"Far EastTone Telecommunication Co., Ltd.",9674
2024-01-21 11:59:22.378462 UTC,2024,19:59:22,ndt-27r5s_1705045617_0000000000088BC9,Download,6.279780271323796,38.091,0.05889316905022933,Taipei City,Taipei,25.0504,121.5324,10,"Taiwan Mobile Co., Ltd.",24158
2024-01-21 11:57:40.582546 UTC,2024,19:57:40,ndt-27r5s_1705045617_00000000000A1937,Download,171.14262807752883,60.911,1.3166467960262309e-05,Taipei City,Taipei,25.0504,121.5324,100,"Far EastTone Telecommunication Co., Ltd.",9674
2024-01-21 11:55:39.029344 UTC,2024,19:55:39,ndt-2v49d_1705250860_000000000007B773,Download,4.7862755896941014,23.149,0.1267410992002963,Taipei City,Taipei,25.0504,121.5324,20,Taiwan Star Telecom Corporation Limited.(Former Vibo Telecom Inc.),24157
2024-01-21 11:54:14.622054 UTC,2024,19:54:14,ndt-virtual-c8ztq_1704946707_0000000000041AB2,Download,0.79331905067498165,114.616,0.0,Taipei City,Taipei,25.0504,121.5324,10,Mobile Business Group,17421
2024-01-21 11:45:23.952804 UTC,2024,19:45:23,ndt-kc4gk_1705107907_0000000000091659,Download,35.338222577396365,25.242,0.00012591515345188782,Taipei City,Taipei,25.0504,121.5324,100,"Far EastTone Telecommunication Co., Ltd.",18412
2024-01-21 11:45:02.715259 UTC,2024,19:45:02,ndt-27r5s_1705045617_00000000000AD39D,Download,15.062612913725339,22.54,0.0,Taipei City,Taipei,25.0504,121.5324,20,Taiwan Star Telecom Corporation Limited.(Former Vibo Telecom Inc.),24157
2024-01-21 11:37:20.688590 UTC,2024,19:37:20,ndt-27r5s_1705045617_00000000000A4793,Download,13.422088039368408,43.589,0.15778188369206081,Taipei City,Taipei,25.0504,121.5324,50,"Far EastTone Telecommunication Co., Ltd.",9674
2024-01-21 11:24:52.539571 UTC,2024,19:24:52,ndt-virtual-pnzgp_1704940095_0000000000039E65,Download,531.03117635247247,13.371,0.00039396734090744426,Taipei City,Taipei,25.0504,121.5324,10,Mobile Business Group,17421
2024-01-21 11:20:10.479710 UTC,2024,19:20:10,ndt-virtual-pnzgp_1704940095_0000000000038EE5,Download,10.477094312551628,28.055,0.0053167292715666139,Taipei City,Taipei,25.0504,121.5324,10,Mobile Business Group,17421
2024-01-21 11:19:51.515626 UTC,2024,19:19:51,ndt-2v49d_1705250860_00000000000689B0,Download,4.41639051784138,27.38,0.023841856055365873,Taipei City,Taipei,25.0504,121.5324,10,Mobile Business Group,17421
2024-01-21 11:19:33.331924 UTC,2024,19:19:33,ndt-kc4gk_1705107907_000000000009F460,Download,144.84373140191252,16.683,7.6511303542900335e-06,Taipei City,Taipei,25.0504,121.5324,10,Mobile Business Group,17421
2024-01-21 11:19:07.324608 UTC,2024,19:19:07,ndt-27r5s_1705045617_00000000000AC3D9,Download,191.66918996049785,16.492,0.010548153707432542,Taipei City,Taipei,25.0504,121.5324,10,Mobile Business Group,17421
2024-01-21 11:18:48.826895 UTC,2024,19:18:48,ndt-virtual-c8ztq_1704946707_0000000000041A02,Download,10.4299003516272,31.793,0.00867028424272215,Taipei City,Taipei,25.0504,121.5324,50,"Far EastTone Telecommunication Co., Ltd.",9674
2024-01-21 11:10:40.555494 UTC,2024,19:10:40,ndt-kc4gk_1705107907_000000000009C48D,Download,1.7930541346137403,48.648,0.021934828708819926,Taipei City,Taipei,25.0504,121.5324,50,"Far EastTone Telecommunication Co., Ltd.",9674
2024-01-21 11:07:52.665422 UTC,2024,19:07:52,ndt-2v49d_1705250860_00000000000619BF,Download,102.21512488678064,37.952,2.128449227304308e-05,Taipei City,Taipei,25.0504,121.5324,10,Mobile Business Group,17421
2024-01-21 11:07:00.418203 UTC,2024,19:07:00,ndt-27r5s_1705045617_00000000000A949C,Download,9.9316584476826915,27.018,0.01581131563821301,Taipei City,Taipei,25.0504,121.5324,100,"Far EastTone Telecommunication Co., Ltd.",9674
2024-01-21 10:58:32.458138 UTC,2024,18:58:32,ndt-2v49d_1705250860_00000000000728A0,Download,61.8893744,23.751,0.00047783869555125159,Taipei City,Taipei,25.0504,121.5324,50,"Far EastTone Telecommunication Co., Ltd.",9674
2024-01-21 10:51:52.093279 UTC,2024,18:51:52,ndt-2v49d_1705250860_000000000006F8ED,Download,0.4423153897895003,40.811,0.016176205903527717,Taipei City,Taipei,25.0504,121.5324,10,Mobile Business Group,17421
2024-01-21 10:50:10.808272 UTC,2024,18:50:10,ndt-virtual-pnzgp_1704940095_0000000000039DBE,Download,93.776725824220932,16.022,0.0,Taipei City,Taipei,25.0504,121.5324,50,"Far EastTone Telecommunication Co., Ltd.",9674
2024-01-21 10:48:32.864339 UTC,2024,18:48:32,ndt-virtual-c8ztq_1704946707_0000000000040BBE,Download,272.83117294614254,10.452,0.0,Taipei City,Taipei,25.0504,121.5324,50,"Far EastTone Telecommunication Co., Ltd.",9674
2024-01-21 10:48:13.760539 UTC,2024,18:48:13,ndt-27r5s_1705045617_000000000009E7E4,Download,9.2716319508033962,43.481,0.045670129004728811,Taipei City,Taipei,25.0504,121.5324,50,"Far EastTone Telecommunication Co., Ltd.",9674
2024-01-21 10:42:40.141721 UTC,2024,18:42:40,ndt-virtual-pnzgp_1704940095_000000000003BB9D,Download,64.699548274472079,19.992,0.0,Taipei City,Taipei,25.0504,121.5324,10,"Taiwan Mobile Co., Ltd.",24158
2024-01-21 10:42:18.038199 UTC,2024,18:42:18,ndt-2v49d_1705250860_000000000007B72B,Download,5.23665203840905,20.997,0.022956217258761905,Taipei City,Taipei,25.0504,121.5324,20,"Taiwan Mobile Co., Ltd.",24158
2024-01-21 10:21:40.265397 UTC,2024,18:21:40,ndt-virtual-pnzgp_1704940095_0000000000039D6C,Download,94.611020052048829,20.015,0.00057851153901298776,Taipei City,Taipei,25.0504,121.5324,100,"Far EastTone Telecommunication Co., Ltd.",9674
2024-01-21 10:20:27.915401 UTC,2024,18:20:27,ndt-virtual-c8ztq_1704946707_0000000000040B48,Download,1.1101852802763799,35.844,0.0,Taipei City,Taipei,25.0504,121.5324,100,Taiwan Star Telecom Corporation Limited.(Former Vibo Telecom Inc.),24157
2024-01-21 10:19:55.346466 UTC,2024,18:19:55,ndt-virtual-c8ztq_1704946707_00000000000428DE,Download,2.9777624612759048,31.155,0.0,Taipei City,Taipei,25.0504,121.5324,100,Taiwan Star Telecom Corporation Limited.(Former Vibo Telecom Inc.),24157
2024-01-21 10:18:59.635636 UTC,2024,18:18:59,ndt-2v49d_1705250860_000000000007A6EE,Download,16.69909091936815,27.978,6.8936285351029784e-05,Taipei City,Taipei,25.0504,121.5324,10,"Taiwan Mobile Co., Ltd.",24158
2024-01-21 10:17:30.255605 UTC,2024,18:17:30,ndt-2v49d_1705250860_0000000000068948,Download,19.507364946154258,81.843,0.11616212306035995,Taipei City,Taipei,25.0504,121.5324,100,"Far EastTone Telecommunication Co., Ltd.",9674
2024-01-21 10:15:22.140115 UTC,2024,18:15:22,ndt-27r5s_1705045617_00000000000AE15A,Download,13.797501849815019,21.401,0.1203008092046958,Taipei City,Taipei,25.0504,121.5324,50,"Far EastTone Telecommunication Co., Ltd.",9674
2024-01-21 10:05:26.110613 UTC,2024,18:05:26,ndt-27r5s_1705045617_00000000000A84A5,Download,10.133473146008734,77.937,0.051298532066144827,Taipei City,Taipei,25.0504,121.5324,50,"Far EastTone Telecommunication Co., Ltd.",9674
2024-01-21 09:59:13.729066 UTC,2024,17:59:13,ndt-2v49d_1705250860_0000000000064979,Download,104.267467482202,19.529,1.0424206817715693e-05,Taipei City,Taipei,25.0504,121.5324,10,Mobile Business Group,17421
2024-01-21 09:59:02.491609 UTC,2024,17:59:02,ndt-2v49d_1705250860_000000000007C710,Download,52.851803919333371,17.697,0.0,Taipei City,Taipei,25.0504,121.5324,10,Mobile Business Group,17421
2024-01-21 09:53:36.326974 UTC,2024,17:53:36,ndt-27r5s_1705045617_000000000009CFC5,Download,10.92871829124307,54.404,0.0011663518625469032,Taipei City,Taipei,25.0504,121.5324,100,"Far EastTone Telecommunication Co., Ltd.",9674
2024-01-21 09:46:40.836003 UTC,2024,17:46:40,ndt-virtual-pnzgp_1704940095_000000000003BAD0,Download,9.8247098312953316,19.93,0.00011653356591213403,Taipei City,Taipei,25.0504,121.5324,10,Mobile Business Group,17421
2024-01-21 09:45:12.543029 UTC,2024,17:45:12,ndt-virtual-c8ztq_1704946707_0000000000040A79,Download,6.8589027467977761,20.022,0.14514022240968671,Taipei City,Taipei,25.0504,121.5324,10,Mobile Business Group,17421
2024-01-21 09:35:52.503467 UTC,2024,17:35:52,ndt-virtual-pnzgp_1704940095_000000000003AC97,Download,128.28089131300501,20.358,0.0,Taipei City,Taipei,25.0504,121.5324,10,"Taiwan Mobile Co., Ltd.",24158
2024-01-21 09:35:43.967617 UTC,2024,17:35:43,ndt-virtual-pnzgp_1704940095_000000000003AC96,Download,3.7209718443601005,21.793,0.15912132658808695,Taipei City,Taipei,25.0504,121.5324,100,"Far EastTone Telecommunication Co., Ltd.",9674
2024-01-21 09:28:00.162528 UTC,2024,17:28:00,ndt-2v49d_1705250860_0000000000060CD7,Download,25.020199646392207,23.723,0.0938342406898789,Taipei City,Taipei,25.0504,121.5324,10,"Taiwan Mobile Co., Ltd.",24158
2024-01-21 09:26:16.647071 UTC,2024,17:26:16,ndt-virtual-c8ztq_1704946707_0000000000041798,Download,8.0646233289057232,18.89,0.01270272250071521,Taipei City,Taipei,25.0504,121.5324,20,"Taiwan Mobile Co., Ltd.",24158
2024-01-21 09:26:08.004919 UTC,2024,17:26:08,ndt-virtual-pnzgp_1704940095_000000000003BA91,Download,205.32338778902837,17.88,0.0,Taipei City,Taipei,25.0504,121.5324,10,"Taiwan Mobile Co., Ltd.",24158
2024-01-21 09:25:18.819355 UTC,2024,17:25:18,ndt-2v49d_1705250860_000000000006F846,Download,197.24796119312424,24.741,1.6694258094328552e-05,Taipei City,Taipei,25.0504,121.5324,10,"Taiwan Mobile Co., Ltd.",24158
2024-01-21 09:14:00.056816 UTC,2024,17:14:00,ndt-virtual-c8ztq_1704946707_00000000000434E5,Download,70.409647210532427,17.698,0.015580259643720167,Taipei City,Taipei,25.0504,121.5324,10,"Taiwan Mobile Co., Ltd.",24158
2024-01-21 09:13:45.666865 UTC,2024,17:13:45,ndt-2v49d_1705250860_0000000000070820,Download,113.68764275891959,47.416,0.00018112234478876246,Taipei City,Taipei,25.0504,121.5324,5,"Far EastTone Telecommunication Co., Ltd.",9674
2024-01-21 09:11:02.015105 UTC,2024,17:11:02,ndt-virtual-pnzgp_1704940095_0000000000038CFF,Download,66.489221906570108,30.962,0.0,Taipei City,Taipei,25.0504,121.5324,10,Mobile Business Group,17421
2024-01-21 09:10:30.552252 UTC,2024,17:10:30,ndt-27r5s_1705045617_000000000008DA12,Download,8.340974101717002,27.831,0.0071591486585274589,Taipei City,Taipei,25.0504,121.5324,10,Mobile Business Group,17421
2024-01-21 09:08:59.610521 UTC,2024,17:08:59,ndt-2v49d_1705250860_000000000007A665,Download,4.6183012184612648,23.837,0.065369305830303356,Taipei City,Taipei,25.0504,121.5324,10,Mobile Business Group,17421
2024-01-21 09:06:15.341295 UTC,2024,17:06:15,ndt-27r5s_1705045617_00000000000A17FD,Download,34.100980429801993,19.428,0.0,Taipei City,Taipei,25.0504,121.5324,10,Mobile Business Group,17421
2024-01-21 09:01:24.809496 UTC,2024,17:01:24,ndt-2v49d_1705250860_0000000000064918,Download,19.431338536426736,102.655,0.040943852280676769,Taipei City,Taipei,25.0504,121.5324,10,Mobile Business Group,17421
2024-01-21 09:01:17.698579 UTC,2024,17:01:17,ndt-virtual-c8ztq_1704946707_00000000000426CB,Download,136.55501809975971,12.766,0.00011373833704067701,Taipei City,Taipei,25.0504,121.5324,10,"Taiwan Mobile Co., Ltd.",24158
2024-01-21 09:01:17.529475 UTC,2024,17:01:17,ndt-kc4gk_1705107907_00000000000934D7,Download,27.975913574196905,48.239,0.1219513883478241,Taipei City,Taipei,25.0504,121.5324,5,"Far EastTone Telecommunication Co., Ltd.",9674
2024-01-21 09:00:50.858446 UTC,2024,17:00:50,ndt-2v49d_1705250860_0000000000074673,Download,88.59192221050985,49.421,0.00018691191245773052,Taipei City,Taipei,25.0504,121.5324,5,"Far EastTone Telecommunication Co., Ltd.",9674
2024-01-21 09:00:17.198298 UTC,2024,17:00:17,ndt-virtual-pnzgp_1704940095_0000000000039C5B,Download,173.33332480093173,13.737,0.00091806597554564755,Taipei City,Taipei,25.0504,121.5324,10,"Taiwan Mobile Co., Ltd.",24158
2024-01-21 08:53:44.072749 UTC,2024,16:53:44,ndt-27r5s_1705045617_00000000000A4632,Download,1.1574940190303007,48.292,0.27414896262034222,Taipei City,Taipei,25.0504,121.5324,50,"Far EastTone Telecommunication Co., Ltd.",9674
2024-01-21 08:53:31.592662 UTC,2024,16:53:31,ndt-27r5s_1705045617_00000000000988AB,Download,2.4999304845678405,43.0,0.19077101313428685,Taipei City,Taipei,25.0504,121.5324,50,"Far EastTone Telecommunication Co., Ltd.",9674
2024-01-21 08:52:23.522310 UTC,2024,16:52:23,ndt-virtual-pnzgp_1704940095_0000000000039C39,Download,2.461861842922572,17.324,0.094697545294242791,Taipei City,Taipei,25.0504,121.5324,50,"Far EastTone Telecommunication Co., Ltd.",9674
2024-01-21 08:49:27.704511 UTC,2024,16:49:27,ndt-virtual-pnzgp_1704940095_000000000003BA08,Download,9.8164106783483724,24.877,0.0,Taipei City,Taipei,25.0504,121.5324,10,"Taiwan Mobile Co., Ltd.",24158
2024-01-21 08:49:16.741250 UTC,2024,16:49:16,ndt-27r5s_1705045617_0000000000094A06,Download,11.706868481459669,25.203,0.0,Taipei City,Taipei,25.0504,121.5324,10,"Taiwan Mobile Co., Ltd.",24158
2024-01-21 08:40:04.981001 UTC,2024,16:40:04,ndt-virtual-c8ztq_1704946707_00000000000416B3,Download,12.993243363670684,20.13,6.5266215297953329e-05,Taipei City,Taipei,25.0504,121.5324,100,"Far EastTone Telecommunication Co., Ltd.",9674
2024-01-21 08:26:12.310706 UTC,2024,16:26:12,ndt-virtual-c8ztq_1704946707_00000000000433E1,Download,179.67072391121027,17.474,0.0,Taipei City,Taipei,25.0504,121.5324,10,Mobile Business Group,17421
2024-01-21 08:23:56.515252 UTC,2024,16:23:56,ndt-virtual-pnzgp_1704940095_000000000003AB8A,Download,49.676005632117828,23.182,0.060227356574155,Taipei City,Taipei,25.0504,121.5324,100,Mobile Business Group,17421
2024-01-21 08:21:48.790279 UTC,2024,16:21:48,ndt-2v49d_1705250860_000000000007F54C,Download,1.0039293355736847,96.074,0.05964533146888705,Taipei City,Taipei,25.0504,121.5324,100,"Far EastTone Telecommunication Co., Ltd.",9674
2024-01-21 08:21:22.984754 UTC,2024,16:21:22,ndt-virtual-c8ztq_1704946707_00000000000425B6,Download,5.9880095120072347,28.129,0.0,Taipei City,Taipei,25.0504,121.5324,100,Taiwan Star Telecom Corporation Limited.(Former Vibo Telecom Inc.),24157
2024-01-21 08:20:31.073516 UTC,2024,16:20:31,ndt-kc4gk_1705107907_000000000009153D,Download,67.223183038057812,20.539,0.0,Taipei City,Taipei,25.0504,121.5324,10,Mobile Business Group,17421
2024-01-21 08:19:56.256352 UTC,2024,16:19:56,ndt-virtual-pnzgp_1704940095_0000000000039BD3,Download,19.953763775357711,22.625,0.0562132634831043,Taipei City,Taipei,25.0504,121.5324,100,"Far EastTone Telecommunication Co., Ltd.",9674
2024-01-21 08:12:59.730586 UTC,2024,16:12:59,ndt-27r5s_1705045617_00000000000AE075,Download,298.82776616569424,39.195,0.0,Taipei City,Taipei,25.0504,121.5324,50,"Far EastTone Telecommunication Co., Ltd.",9674
2024-01-21 08:07:46.063013 UTC,2024,16:07:46,ndt-kc4gk_1705107907_000000000009841B,Download,13.902880076422711,21.545,0.17244404163002197,Taipei City,Taipei,25.0504,121.5324,50,"Far EastTone Telecommunication Co., Ltd.",9674
2024-01-21 08:02:16.840848 UTC,2024,16:02:16,ndt-virtual-c8ztq_1704946707_0000000000042566,Download,8.7565639426934467,21.176,0.075502402948410388,Taipei City,Taipei,25.0504,121.5324,10,"Taiwan Mobile Co., Ltd.",24158
2024-01-21 07:59:51.968593 UTC,2024,15:59:51,ndt-kc4gk_1705107907_0000000000089693,Download,63.704078541658752,80.117,0.0024937596917915558,Taipei City,Taipei,25.0504,121.5324,50,"Far EastTone Telecommunication Co., Ltd.",9674
2024-01-21 07:58:18.330902 UTC,2024,15:58:18,ndt-virtual-pnzgp_1704940095_000000000003B978,Download,2.9169722822669124,18.698,0.11313626429116097,Taipei City,Taipei,25.0504,121.5324,20,Taiwan Star Telecom Corporation Limited.(Former Vibo Telecom Inc.),24157
2024-01-21 07:55:12.634653 UTC,2024,15:55:12,ndt-kc4gk_1705107907_000000000008472A,Download,271.62302365135668,19.875,0.0023236070597408036,Taipei City,Taipei,25.0504,121.5324,10,Mobile Business Group,17421
2024-01-21 07:54:52.861934 UTC,2024,15:54:52,ndt-virtual-c8ztq_1704946707_00000000000415A4,Download,91.758800470145047,163.224,0.0018307808347732557,Taipei City,Taipei,25.0504,121.5324,10,Mobile Business Group,17421
2024-01-21 07:49:46.369927 UTC,2024,15:49:46,ndt-27r5s_1705045617_00000000000A1751,Download,105.46663029430812,162.156,0.0,Taipei City,Taipei,25.0504,121.5324,10,Mobile Business Group,17421
2024-01-21 07:48:58.728440 UTC,2024,15:48:58,ndt-27r5s_1705045617_00000000000A5506,Download,18.538562702968282,22.043,0.00010776442696265962,Taipei City,Taipei,25.0504,121.5324,10,Taiwan Star Telecom Corporation Limited.(Former Vibo Telecom Inc.),24157
2024-01-21 07:39:48.037828 UTC,2024,15:39:48,ndt-kc4gk_1705107907_0000000000080D63,Download,3.6202293135128487,21.668,0.0026292725679228747,Taipei City,Taipei,25.0504,121.5324,20,Taiwan Star Telecom Corporation Limited.(Former Vibo Telecom Inc.),24157
2024-01-21 07:19:53.236570 UTC,2024,15:19:53,ndt-virtual-pnzgp_1704940095_0000000000039B11,Download,76.100916771327249,22.181,0.0,Taipei City,Taipei,25.0504,121.5324,10,Mobile Business Group,17421
2024-01-21 07:08:48.062584 UTC,2024,15:08:48,ndt-kc4gk_1705107907_00000000000983D1,Download,36.574334285591938,20.972,0.0,Taipei City,Taipei,25.0504,121.5324,100,"Far EastTone Telecommunication Co., Ltd.",9674
2024-01-21 07:07:15.801139 UTC,2024,15:07:15,ndt-virtual-c8ztq_1704946707_0000000000042459,Download,42.270937678432517,21.325,0.00010582787202594252,Taipei City,Taipei,25.0504,121.5324,100,"Far EastTone Telecommunication Co., Ltd.",9674
2024-01-21 07:06:07.781329 UTC,2024,15:06:07,ndt-virtual-c8ztq_1704946707_00000000000414D4,Download,22.318299672366276,19.643,0.0,Taipei City,Taipei,25.0504,121.5324,100,"Far EastTone Telecommunication Co., Ltd.",9674
2024-01-21 07:05:00.077100 UTC,2024,15:05:00,ndt-virtual-pnzgp_1704940095_000000000003AA8B,Download,70.3097361058293,20.925,0.0,Taipei City,Taipei,25.0504,121.5324,10,Mobile Business Group,17421
2024-01-21 07:04:49.275236 UTC,2024,15:04:49,ndt-virtual-c8ztq_1704946707_000000000004244D,Download,40.783836912383435,20.258,8.1487089250862032e-05,Taipei City,Taipei,25.0504,121.5324,100,"Far EastTone Telecommunication Co., Ltd.",9674
2024-01-21 07:04:44.823738 UTC,2024,15:04:44,ndt-virtual-c8ztq_1704946707_0000000000043272,Download,6.6279496983852653,20.881,0.14867623827105161,Taipei City,Taipei,25.0504,121.5324,10,"Taiwan Mobile Co., Ltd.",24158
2024-01-21 07:04:13.076698 UTC,2024,15:04:13,ndt-virtual-c8ztq_1704946707_00000000000414CA,Download,43.660703938144657,23.185,0.0001273107214678551,Taipei City,Taipei,25.0504,121.5324,100,"Far EastTone Telecommunication Co., Ltd.",9674
2024-01-21 07:03:34.215841 UTC,2024,15:03:34,ndt-2v49d_1705250860_000000000007B5E3,Download,20.51102269534324,21.84,0.00010847252681087047,Taipei City,Taipei,25.0504,121.5324,100,"Far EastTone Telecommunication Co., Ltd.",9674
2024-01-21 07:03:11.095924 UTC,2024,15:03:11,ndt-kc4gk_1705107907_000000000008F518,Download,1.2470856271703228,27.774,0.17723874244452914,Taipei City,Taipei,25.0504,121.5324,10,"Taiwan Mobile Co., Ltd.",24158
2024-01-21 07:03:07.530383 UTC,2024,15:03:07,ndt-2v49d_1705250860_0000000000060BEF,Download,40.599846571415085,23.674,0.0,Taipei City,Taipei,25.0504,121.5324,100,"Far EastTone Telecommunication Co., Ltd.",9674
2024-01-21 07:01:51.104180 UTC,2024,15:01:51,ndt-virtual-pnzgp_1704940095_000000000003AA7C,Download,42.462755828867067,20.012,0.0,Taipei City,Taipei,25.0504,121.5324,10,"Taiwan Mobile Co., Ltd.",24158
2024-01-21 07:01:13.130505 UTC,2024,15:01:13,ndt-2v49d_1705250860_000000000007C5FA,Download,45.932268216494762,23.34,2.4649847875224543e-05,Taipei City,Taipei,25.0504,121.5324,10,"Taiwan Mobile Co., Ltd.",24158
2024-01-21 07:00:04.647297 UTC,2024,15:00:04,ndt-virtual-c8ztq_1704946707_00000000000406AB,Download,51.487172738591028,15.879,0.0,Taipei City,Taipei,25.0504,121.5324,10,"Taiwan Mobile Co., Ltd.",24158
2024-01-21 06:56:04.966559 UTC,2024,14:56:04,ndt-kc4gk_1705107907_0000000000093429,Download,70.189620999183063,22.843,0.0,Taipei City,Taipei,25.0504,121.5324,10,"Taiwan Mobile Co., Ltd.",24158
2024-01-21 06:50:10.240065 UTC,2024,14:50:10,ndt-kc4gk_1705107907_0000000000093420,Download,8.1765853084132569,50.306,0.0011884833631748818,Taipei City,Taipei,25.0504,121.5324,100,"Far EastTone Telecommunication Co., Ltd.",9674
2024-01-21 06:37:15.952935 UTC,2024,14:37:15,ndt-virtual-c8ztq_1704946707_00000000000423B1,Download,13.712859104743718,19.66,0.084708643574510981,Taipei City,Taipei,25.0504,121.5324,50,"Far EastTone Telecommunication Co., Ltd.",9674
2024-01-21 06:29:16.837411 UTC,2024,14:29:16,ndt-virtual-c8ztq_1704946707_0000000000041423,Download,0.7421784975973057,121.38,0.01691621443750374,Taipei City,Taipei,25.0504,121.5324,10,"Taiwan Mobile Co., Ltd.",24158
2024-01-21 06:17:13.533996 UTC,2024,14:17:13,ndt-2v49d_1705250860_0000000000065820,Download,50.482112695296529,76.762,0.00016685566077202831,Taipei City,Taipei,25.0504,121.5324,100,"Far EastTone Telecommunication Co., Ltd.",9674
2024-01-21 06:16:43.535532 UTC,2024,14:16:43,ndt-virtual-pnzgp_1704940095_0000000000039A35,Download,56.78488802951744,17.862,3.86486112022635e-05,Taipei City,Taipei,25.0504,121.5324,100,"Far EastTone Telecommunication Co., Ltd.",9674
2024-01-21 06:16:23.353360 UTC,2024,14:16:23,ndt-2v49d_1705250860_0000000000061804,Download,53.195440456618286,21.398,0.20787520968870415,Taipei City,Taipei,25.0504,121.5324,10,"Taiwan Mobile Co., Ltd.",24158
2024-01-21 06:15:52.878371 UTC,2024,14:15:52,ndt-2v49d_1705250860_000000000006B618,Download,75.477355715559383,21.376,0.19677650898392082,Taipei City,Taipei,25.0504,121.5324,10,"Taiwan Mobile Co., Ltd.",24158
2024-01-21 06:15:33.515913 UTC,2024,14:15:33,ndt-virtual-pnzgp_1704940095_0000000000039A32,Download,6.5814302819289514,37.114,0.021866858591771652,Taipei City,Taipei,25.0504,121.5324,10,Mobile Business Group,17421
2024-01-21 06:13:27.307206 UTC,2024,14:13:27,ndt-virtual-c8ztq_1704946707_00000000000413DF,Download,42.109199999959721,25.126,0.0,Taipei City,Taipei,25.0504,121.5324,10,"Taiwan Mobile Co., Ltd.",24158
2024-01-21 06:13:00.338248 UTC,2024,14:13:00,ndt-27r5s_1705045617_00000000000A3529,Download,6.8255746872469212,29.363,0.064910379367594445,Taipei City,Taipei,25.0504,121.5324,10,"Taiwan Mobile Co., Ltd.",24158
2024-01-21 06:08:20.926002 UTC,2024,14:08:20,ndt-virtual-c8ztq_1704946707_000000000004231C,Download,55.062208115695732,25.022,0.0,Taipei City,Taipei,25.0504,121.5324,50,"Far EastTone Telecommunication Co., Ltd.",9674
2024-01-21 06:02:15.989775 UTC,2024,14:02:15,ndt-27r5s_1705045617_000000000008F98B,Download,30.771794367125679,52.69,0.051305664102202879,Taipei City,Taipei,25.0504,121.5324,50,"Far EastTone Telecommunication Co., Ltd.",9674
2024-01-21 06:02:09.631831 UTC,2024,14:02:09,ndt-27r5s_1705045617_00000000000A9252,Download,10.791745815339135,24.513,0.0,Taipei City,Taipei,25.0504,121.5324,100,"Far EastTone Telecommunication Co., Ltd.",9674
2024-01-21 05:53:45.426277 UTC,2024,13:53:45,ndt-kc4gk_1705107907_00000000000953A1,Download,1.6051165397421949,38.36,0.051086183332400871,Taipei City,Taipei,25.0504,121.5324,20,Taiwan Star Telecom Corporation Limited.(Former Vibo Telecom Inc.),24157
2024-01-21 05:43:50.811451 UTC,2024,13:43:50,ndt-27r5s_1705045617_00000000000AC136,Download,27.785201933508304,63.714,0.075680210524166874,Taipei City,Taipei,25.0504,121.5324,10,Mobile Business Group,17421
2024-01-21 05:39:41.441511 UTC,2024,13:39:41,ndt-virtual-c8ztq_1704946707_000000000004055B,Download,69.52121545983438,28.943,0.00011018419097690642,Taipei City,Taipei,25.0504,121.5324,20,"Far EastTone Telecommunication Co., Ltd.",9674
2024-01-21 05:35:30.105063 UTC,2024,13:35:30,ndt-virtual-c8ztq_1704946707_000000000004135A,Download,155.90356182772177,14.943,0.00839814325769202,Taipei City,Taipei,25.0504,121.5324,10,"Taiwan Mobile Co., Ltd.",24158
2024-01-21 05:27:05.076894 UTC,2024,13:27:05,ndt-virtual-pnzgp_1704940095_000000000003B787,Download,31.44861069189939,18.21,0.03380361763357731,Taipei City,Taipei,25.0504,121.5324,20,"Taiwan Mobile Co., Ltd.",24158
2024-01-21 05:15:44.582085 UTC,2024,13:15:44,ndt-27r5s_1705045617_0000000000089A12,Download,19.674211976179048,23.449,0.0,Taipei City,Taipei,25.0504,121.5324,20,Taiwan Star Telecom Corporation Limited.(Former Vibo Telecom Inc.),24157
2024-01-21 05:13:26.260107 UTC,2024,13:13:26,ndt-virtual-c8ztq_1704946707_0000000000040500,Download,7.26925511859862,19.543,0.0,Taipei City,Taipei,25.0504,121.5324,20,Taiwan Star Telecom Corporation Limited.(Former Vibo Telecom Inc.),24157
2024-01-21 05:08:28.264437 UTC,2024,13:08:28,ndt-virtual-pnzgp_1704940095_000000000003A91F,Download,4.4811191441498464,27.863,0.0013595568040438502,Taipei City,Taipei,25.0504,121.5324,10,Mobile Business Group,17421
2024-01-21 05:00:46.892466 UTC,2024,13:00:46,ndt-27r5s_1705045617_00000000000AA0D0,Download,33.051709843157241,77.894,0.046264012679740951,Taipei City,Taipei,25.0504,121.5324,100,"Far EastTone Telecommunication Co., Ltd.",9674
2024-01-21 04:58:15.998752 UTC,2024,12:58:15,ndt-27r5s_1705045617_000000000009CDD1,Download,0.94848035193687485,23.0,0.13687317308510941,Taipei City,Taipei,25.0504,121.5324,10,"Taiwan Mobile Co., Ltd.",24158
2024-01-21 04:57:22.526833 UTC,2024,12:57:22,ndt-virtual-c8ztq_1704946707_000000000004305E,Download,113.8683818822023,19.756,0.0,Taipei City,Taipei,25.0504,121.5324,20,"Taiwan Mobile Co., Ltd.",24158
2024-01-21 04:55:27.990630 UTC,2024,12:55:27,ndt-2v49d_1705250860_0000000000067748,Download,17.645500874307253,22.026,0.0,Taipei City,Taipei,25.0504,121.5324,20,Taiwan Star Telecom Corporation Limited.(Former Vibo Telecom Inc.),24157
2024-01-21 04:54:12.860575 UTC,2024,12:54:12,ndt-kc4gk_1705107907_0000000000093381,Download,28.338645588283562,24.996,3.9171981860618554e-05,Taipei City,Taipei,25.0504,121.5324,20,Taiwan Star Telecom Corporation Limited.(Former Vibo Telecom Inc.),24157
2024-01-21 04:45:41.754657 UTC,2024,12:45:41,ndt-2v49d_1705250860_000000000006176D,Download,7.1555433706419107,48.777,0.0533153556361714,Taipei City,Taipei,25.0504,121.5324,50,"Far EastTone Telecommunication Co., Ltd.",9674
2024-01-21 04:43:51.448019 UTC,2024,12:43:51,ndt-27r5s_1705045617_00000000000A347E,Download,10.155180083079816,46.543,0.00059562365402122323,Taipei City,Taipei,25.0504,121.5324,50,"Far EastTone Telecommunication Co., Ltd.",9674
2024-01-21 04:35:48.313889 UTC,2024,12:35:48,ndt-27r5s_1705045617_00000000000A0652,Download,19.611725220370378,53.067,0.13848351754262417,Taipei City,Taipei,25.0504,121.5324,50,"Far EastTone Telecommunication Co., Ltd.",9674
2024-01-21 04:30:13.525545 UTC,2024,12:30:13,ndt-kc4gk_1705107907_000000000009430E,Download,11.472722963526682,16.872,0.07401117559702132,Taipei City,Taipei,25.0504,121.5324,20,"Taiwan Mobile Co., Ltd.",24158
2024-01-21 04:25:29.036486 UTC,2024,12:25:29,ndt-2v49d_1705250860_000000000007D369,Download,57.006866015503135,76.688,9.8340479614782985e-05,Taipei City,Taipei,25.0504,121.5324,50,"Far EastTone Telecommunication Co., Ltd.",9674
2024-01-21 04:21:09.423732 UTC,2024,12:21:09,ndt-2v49d_1705250860_0000000000068705,Download,5.6874661543776934,24.768,0.048751426829077606,Taipei City,Taipei,25.0504,121.5324,10,"Taiwan Mobile Co., Ltd.",24158
2024-01-21 04:20:14.287553 UTC,2024,12:20:14,ndt-2v49d_1705250860_000000000007F399,Download,230.495834268318,37.506,0.080126932587869085,Taipei City,Taipei,25.0504,121.5324,50,"Far EastTone Telecommunication Co., Ltd.",9674
2024-01-21 04:05:44.342449 UTC,2024,12:05:44,ndt-virtual-c8ztq_1704946707_00000000000411F8,Download,50.120823239830621,25.45,4.3644011444612664e-05,Taipei City,Taipei,25.0504,121.5324,100,"Far EastTone Telecommunication Co., Ltd.",9674
2024-01-15 03:59:54.167281 UTC,2024,11:59:54,ndt-2v49d_1705250860_00000000000103C5,Download,5.3928607072756911,28.959,0.00019505950398535465,Taipei City,Taipei,25.0504,121.5324,10,Mobile Business Group,17421
2024-01-15 03:52:17.501214 UTC,2024,11:52:17,ndt-virtual-pnzgp_1704940095_0000000000014E3C,Download,28.498903477932156,24.973,0.0,Taipei City,Taipei,25.0504,121.5324,100,"Far EastTone Telecommunication Co., Ltd.",9674
2024-01-15 03:49:38.638631 UTC,2024,11:49:38,ndt-virtual-pnzgp_1704940095_0000000000015D56,Download,6.0970990154914375,21.396,0.0041927446030961945,Taipei City,Taipei,25.0504,121.5324,20,"Taiwan Mobile Co., Ltd.",24158
2024-01-15 03:45:14.440743 UTC,2024,11:45:14,ndt-27r5s_1705045617_000000000002FC93,Download,53.399029225560461,21.761,0.0,Taipei City,Taipei,25.0504,121.5324,10,Mobile Business Group,17421
2024-01-15 03:33:18.466453 UTC,2024,11:33:18,ndt-kc4gk_1705107907_000000000003C0E8,Download,1.842352775766666,24.591,0.0040415704387990765,Taipei City,Taipei,25.0504,121.5324,20,Taiwan Star Telecom Corporation Limited.(Former Vibo Telecom Inc.),24157
2024-01-15 03:31:59.209517 UTC,2024,11:31:59,ndt-virtual-c8ztq_1704946707_000000000001A8BE,Download,37.935946977529156,25.092,0.0016149215591935208,Taipei City,Taipei,25.0504,121.5324,10,Mobile Business Group,17421
2024-01-15 03:11:09.626428 UTC,2024,11:11:09,ndt-27r5s_1705045617_000000000003145E,Download,34.343997033646275,23.589,0.0,Taipei City,Taipei,25.0504,121.5324,10,Mobile Business Group,17421
2024-01-15 03:08:57.832461 UTC,2024,11:08:57,ndt-2v49d_1705250860_000000000001037A,Download,9.0836058745074961,20.949,0.099915849664919454,Taipei City,Taipei,25.0504,121.5324,20,"Taiwan Mobile Co., Ltd.",24158
2024-01-15 03:04:26.074785 UTC,2024,11:04:26,ndt-virtual-c8ztq_1704946707_000000000001B7B4,Download,9.3759040896565562,18.459,0.0,Taipei City,Taipei,25.0504,121.5324,20,"Taiwan Mobile Co., Ltd.",24158
2024-01-15 03:02:02.214684 UTC,2024,11:02:02,ndt-virtual-c8ztq_1704946707_0000000000019883,Download,4.2772683670099836,19.645,0.0640361210900155,Taipei City,Taipei,25.0504,121.5324,20,"Taiwan Mobile Co., Ltd.",24158
2024-01-15 03:00:49.902229 UTC,2024,11:00:49,ndt-27r5s_1705045617_000000000003B355,Download,24.195488858037507,20.753,0.019343131221809379,Taipei City,Taipei,25.0504,121.5324,20,"Taiwan Mobile Co., Ltd.",24158
2024-01-15 02:53:58.625974 UTC,2024,10:53:58,ndt-virtual-c8ztq_1704946707_000000000001B77B,Download,21.132189204296527,20.345,0.0,Taipei City,Taipei,25.0504,121.5324,20,"Taiwan Mobile Co., Ltd.",24158
2024-01-15 02:51:48.826901 UTC,2024,10:51:48,ndt-2v49d_1705250860_000000000000A3A9,Download,13.60477087064171,22.33,0.023111392206748092,Taipei City,Taipei,25.0504,121.5324,20,"Taiwan Mobile Co., Ltd.",24158
2024-01-15 02:51:11.548455 UTC,2024,10:51:11,ndt-kc4gk_1705107907_000000000002E19D,Download,14.972654537924846,23.246,0.0,Taipei City,Taipei,25.0504,121.5324,20,"Taiwan Mobile Co., Ltd.",24158
2024-01-15 02:46:26.005826 UTC,2024,10:46:26,ndt-virtual-c8ztq_1704946707_000000000001983A,Download,16.527390789232637,24.24,0.036575479947342483,Taipei City,Taipei,25.0504,121.5324,10,Mobile Business Group,17421
2024-01-15 02:44:40.808737 UTC,2024,10:44:40,ndt-virtual-c8ztq_1704946707_0000000000018861,Download,47.441650635069244,20.641,0.0,Taipei City,Taipei,25.0504,121.5324,10,Mobile Business Group,17421
2024-01-15 02:42:18.243255 UTC,2024,10:42:18,ndt-virtual-pnzgp_1704940095_0000000000017AD8,Download,2.9060438734780543,17.254,0.1151630215463012,Taipei City,Taipei,25.0504,121.5324,10,Taiwan Star Telecom Corporation Limited.(Former Vibo Telecom Inc.),24157
2024-01-15 02:36:49.774765 UTC,2024,10:36:49,ndt-2v49d_1705250860_000000000001436D,Download,151.17355276371308,45.635,0.01636665265651838,Taipei City,Taipei,25.0504,121.5324,100,"Far EastTone Telecommunication Co., Ltd.",9674
2024-01-15 02:35:50.974209 UTC,2024,10:35:50,ndt-virtual-c8ztq_1704946707_0000000000018841,Download,48.04559262371567,32.303,0.0023452909174664339,Taipei City,Taipei,25.0504,121.5324,100,Mobile Business Group,17421
2024-01-15 02:23:13.612927 UTC,2024,10:23:13,ndt-virtual-pnzgp_1704940095_0000000000015C49,Download,13.464970428035327,19.878,0.069499019524000283,Taipei City,Taipei,25.0504,121.5324,50,"Far EastTone Telecommunication Co., Ltd.",9674
2024-01-15 02:08:00.001631 UTC,2024,10:08:00,ndt-virtual-pnzgp_1704940095_0000000000014CB5,Download,299.29191564792768,17.391,0.0,Taipei City,Taipei,25.0504,121.5324,50,"Far EastTone Telecommunication Co., Ltd.",9674
2024-01-15 02:05:17.253321 UTC,2024,10:05:17,ndt-virtual-c8ztq_1704946707_00000000000187AE,Download,15.953958576228413,135.234,0.0,Taipei City,Taipei,25.0504,121.5324,10,Mobile Business Group,17421
2024-01-15 02:04:02.329024 UTC,2024,10:04:02,ndt-2v49d_1705250860_00000000000022DC,Download,7.8334225616805595,21.365,0.0076130679974206255,Taipei City,Taipei,25.0504,121.5324,10,"Taiwan Mobile Co., Ltd.",24158
2024-01-15 02:02:01.563749 UTC,2024,10:02:01,ndt-27r5s_1705045617_0000000000026C98,Download,58.132273333863331,53.0,0.055160868240135122,Taipei City,Taipei,25.0504,121.5324,50,"Far EastTone Telecommunication Co., Ltd.",9674
2024-01-15 01:40:45.445119 UTC,2024,09:40:45,ndt-virtual-pnzgp_1704940095_0000000000015BAA,Download,44.012280106252028,162.058,2.428966907068261e-05,Taipei City,Taipei,25.0504,121.5324,10,Mobile Business Group,17421
2024-01-15 01:34:32.565499 UTC,2024,09:34:32,ndt-virtual-pnzgp_1704940095_0000000000015B90,Download,59.9530611546956,20.29,0.0,Taipei City,Taipei,25.0504,121.5324,10,Mobile Business Group,17421
2024-01-15 01:34:26.073488 UTC,2024,09:34:26,ndt-27r5s_1705045617_0000000000020F94,Download,262.22017184706766,19.748,0.031398926424909296,Taipei City,Taipei,25.0504,121.5324,10,Mobile Business Group,17421
2024-01-15 01:30:08.717103 UTC,2024,09:30:08,ndt-virtual-pnzgp_1704940095_0000000000014C06,Download,22.588344214760191,19.765,0.0,Taipei City,Taipei,25.0504,121.5324,10,Mobile Business Group,17421
2024-01-15 01:28:00.656300 UTC,2024,09:28:00,ndt-2v49d_1705250860_000000000000A2ED,Download,35.246684963027192,23.971,0.0,Taipei City,Taipei,25.0504,121.5324,20,Mobile Business Group,17421
2024-01-15 01:22:31.632597 UTC,2024,09:22:31,ndt-virtual-c8ztq_1704946707_000000000001A679,Download,45.590065732373681,25.221,0.0083630150173276858,Taipei City,Taipei,25.0504,121.5324,10,Mobile Business Group,17421
2024-01-15 01:12:16.064224 UTC,2024,09:12:16,ndt-kc4gk_1705107907_000000000002B149,Download,71.621469011811243,27.851,0.0,Taipei City,Taipei,25.0504,121.5324,10,"Taiwan Mobile Co., Ltd.",24158
2024-01-15 01:12:11.740734 UTC,2024,09:12:11,ndt-kc4gk_1705107907_00000000000330C1,Download,11.365308271137527,73.108,0.16071337558810625,Taipei City,Taipei,25.0504,121.5324,50,"Far EastTone Telecommunication Co., Ltd.",9674
2024-01-15 01:08:34.674221 UTC,2024,09:08:34,ndt-virtual-pnzgp_1704940095_0000000000017956,Download,61.794592028451994,131.824,0.0,Taipei City,Taipei,25.0504,121.5324,100,Mobile Business Group,17421
2024-01-15 00:51:46.427880 UTC,2024,08:51:46,ndt-virtual-c8ztq_1704946707_000000000001B53D,Download,116.26001587988431,21.553,0.0,Taipei City,Taipei,25.0504,121.5324,10,Mobile Business Group,17421
2024-01-15 00:51:31.890878 UTC,2024,08:51:31,ndt-virtual-pnzgp_1704940095_0000000000016A16,Download,5.4244962824484411,20.9,0.00021700147116991621,Taipei City,Taipei,25.0504,121.5324,100,"Far EastTone Telecommunication Co., Ltd.",9674
2024-01-15 00:42:37.847996 UTC,2024,08:42:37,ndt-virtual-c8ztq_1704946707_0000000000018629,Download,36.136542958569422,23.439,0.00012061751596665577,Taipei City,Taipei,25.0504,121.5324,100,"Far EastTone Telecommunication Co., Ltd.",9674
2024-01-15 00:39:19.504671 UTC,2024,08:39:19,ndt-27r5s_1705045617_000000000002DC81,Download,28.69382187911684,59.262,0.051509451425525356,Taipei City,Taipei,25.0504,121.5324,100,"Far EastTone Telecommunication Co., Ltd.",9674
2024-01-15 00:36:40.132585 UTC,2024,08:36:40,ndt-kc4gk_1705107907_0000000000020199,Download,94.262611017328908,23.539,0.0,Taipei City,Taipei,25.0504,121.5324,10,Mobile Business Group,17421
2024-01-15 00:36:02.549175 UTC,2024,08:36:02,ndt-virtual-pnzgp_1704940095_0000000000015A3E,Download,61.015135394584213,19.713,0.0,Taipei City,Taipei,25.0504,121.5324,10,Mobile Business Group,17421
2024-01-15 00:32:59.075839 UTC,2024,08:32:59,ndt-2v49d_1705250860_000000000001F285,Download,85.717671893027827,21.395,0.0,Taipei City,Taipei,25.0504,121.5324,10,Mobile Business Group,17421
2024-01-15 00:32:32.980972 UTC,2024,08:32:32,ndt-2v49d_1705250860_0000000000012263,Download,72.384688646303076,24.585,0.0,Taipei City,Taipei,25.0504,121.5324,10,Mobile Business Group,17421
2024-01-15 00:27:57.024270 UTC,2024,08:27:57,ndt-virtual-c8ztq_1704946707_00000000000195E2,Download,199.95182931950995,14.366,0.0020343377251850038,Taipei City,Taipei,25.0504,121.5324,20,"Taiwan Mobile Co., Ltd.",24158
2024-01-15 00:27:03.271073 UTC,2024,08:27:03,ndt-virtual-c8ztq_1704946707_000000000001B4D3,Download,13.615230493779389,26.798,0.030852651307237747,Taipei City,Taipei,25.0504,121.5324,10,Mobile Business Group,17421
2024-01-15 00:21:40.769501 UTC,2024,08:21:40,ndt-virtual-pnzgp_1704940095_0000000000014ABA,Download,2.9466327279002544,59.781,0.0,Taipei City,Taipei,25.0504,121.5324,10,"Taiwan Mobile Co., Ltd.",24158
2024-01-15 00:20:13.057113 UTC,2024,08:20:13,ndt-virtual-c8ztq_1704946707_00000000000185EA,Download,308.60129623014865,13.435,0.00066713268363935646,Taipei City,Taipei,25.0504,121.5324,20,"Taiwan Mobile Co., Ltd.",24158
2024-01-15 00:18:10.863415 UTC,2024,08:18:10,ndt-kc4gk_1705107907_000000000001FFEA,Download,14.372969446712904,28.719,0.00022218930528810547,Taipei City,Taipei,25.0504,121.5324,20,Taiwan Star Telecom Corporation Limited.(Former Vibo Telecom Inc.),24157
2024-01-15 00:09:02.376147 UTC,2024,08:09:02,ndt-virtual-pnzgp_1704940095_000000000001782E,Download,21.298738571571104,20.956,0.095837361953864941,Taipei City,Taipei,25.0504,121.5324,50,"Far EastTone Telecommunication Co., Ltd.",9674
2024-01-15 00:01:19.085018 UTC,2024,08:01:19,ndt-kc4gk_1705107907_000000000003306B,Download,8.5240937516300619,45.338,0.0,Taipei City,Taipei,25.0504,121.5324,10,"Taiwan Mobile Co., Ltd.",24158
2024-01-15 00:00:53.801001 UTC,2024,08:00:53,ndt-virtual-c8ztq_1704946707_000000000001A508,Download,242.56467561432689,14.571,0.0034054322702682109,Taipei City,Taipei,25.0504,121.5324,20,"Taiwan Mobile Co., Ltd.",24158
2024-01-14 23:56:51.936879 UTC,2024,07:56:51,ndt-2v49d_1705250860_000000000000323E,Download,8.885548067218334,51.891,0.054400936704870416,Taipei City,Taipei,25.0504,121.5324,100,"Far EastTone Telecommunication Co., Ltd.",9674
2024-01-14 23:55:36.468802 UTC,2024,07:55:36,ndt-kc4gk_1705107907_000000000003506D,Download,92.1306055299846,176.376,2.3683029384041082e-05,Taipei City,Taipei,25.0504,121.5324,10,Mobile Business Group,17421
2024-01-14 23:53:31.681695 UTC,2024,07:53:31,ndt-virtual-pnzgp_1704940095_0000000000014A64,Download,12.016463865403628,92.083,0.075380774843951351,Taipei City,Taipei,25.0504,121.5324,10,Mobile Business Group,17421
2024-01-14 23:50:52.694426 UTC,2024,07:50:52,ndt-virtual-pnzgp_1704940095_00000000000159A4,Download,13.699782502352774,19.47,0.13341881800586652,Taipei City,Taipei,25.0504,121.5324,50,"Far EastTone Telecommunication Co., Ltd.",9674
2024-01-14 23:50:41.275528 UTC,2024,07:50:41,ndt-27r5s_1705045617_0000000000028B78,Download,72.018359965416224,29.717,0.0,Taipei City,Taipei,25.0504,121.5324,10,"Taiwan Mobile Co., Ltd.",24158
2024-01-14 23:34:19.357669 UTC,2024,07:34:19,ndt-kc4gk_1705107907_00000000000290CC,Download,13.808111986453858,20.387,0.12490056250328094,Taipei City,Taipei,25.0504,121.5324,20,"Far EastTone Telecommunication Co., Ltd.",9674
2024-01-14 23:32:49.398329 UTC,2024,07:32:49,ndt-27r5s_1705045617_000000000002FA8F,Download,72.908304663034215,122.668,0.0,Taipei City,Taipei,25.0504,121.5324,10,Mobile Business Group,17421
2024-01-14 23:26:09.432403 UTC,2024,07:26:09,ndt-27r5s_1705045617_0000000000022D5C,Download,137.33681969897248,52.868,0.00013845178961085968,Taipei City,Taipei,25.0504,121.5324,50,"Far EastTone Telecommunication Co., Ltd.",9674
2024-01-14 23:23:07.901487 UTC,2024,07:23:07,ndt-27r5s_1705045617_000000000002CA58,Download,46.297455362345552,75.0,0.12303047250004509,Taipei City,Taipei,25.0504,121.5324,50,"Far EastTone Telecommunication Co., Ltd.",9674
2024-01-14 23:16:26.672138 UTC,2024,07:16:26,ndt-virtual-pnzgp_1704940095_0000000000015918,Download,21.197075899522535,22.402,0.108497988165876,Taipei City,Taipei,25.0504,121.5324,50,"Far EastTone Telecommunication Co., Ltd.",9674
2024-01-14 22:57:31.257065 UTC,2024,06:57:31,ndt-virtual-pnzgp_1704940095_0000000000017711,Download,57.711576354802951,21.935,0.00011597065516590233,Taipei City,Taipei,25.0504,121.5324,100,"Far EastTone Telecommunication Co., Ltd.",9674
2024-01-14 22:54:43.843405 UTC,2024,06:54:43,ndt-virtual-c8ztq_1704946707_000000000001849F,Download,165.52021105376497,19.243,0.0,Taipei City,Taipei,25.0504,121.5324,10,Mobile Business Group,17421
2024-01-14 22:41:55.223110 UTC,2024,06:41:55,ndt-27r5s_1705045617_000000000002EA4B,Download,7.4891660784427252,18.009,0.0026606358919781829,Taipei City,Taipei,25.0504,121.5324,20,Taiwan Star Telecom Corporation Limited.(Former Vibo Telecom Inc.),24157
2024-01-14 22:28:19.480006 UTC,2024,06:28:19,ndt-virtual-c8ztq_1704946707_00000000000193D4,Download,23.738209807892719,22.529,0.11776196138313512,Taipei City,Taipei,25.0504,121.5324,50,"Far EastTone Telecommunication Co., Ltd.",9674
2024-01-14 22:27:09.749081 UTC,2024,06:27:09,ndt-kc4gk_1705107907_000000000002B054,Download,24.650206902566115,26.632,0.021723843394031061,Taipei City,Taipei,25.0504,121.5324,10,Mobile Business Group,17421
2024-01-14 22:19:08.303842 UTC,2024,06:19:08,ndt-kc4gk_1705107907_0000000000015FFA,Download,5.607319028948055,51.982,0.21182852488072113,Taipei City,Taipei,25.0504,121.5324,100,"Far EastTone Telecommunication Co., Ltd.",9674
2024-01-14 22:03:52.623006 UTC,2024,06:03:52,ndt-27r5s_1705045617_000000000002BA85,Download,17.281027413958761,34.222,0.069974986700587508,Taipei City,Taipei,25.0504,121.5324,100,"Far EastTone Telecommunication Co., Ltd.",9674
2024-01-14 21:53:21.953180 UTC,2024,05:53:21,ndt-virtual-pnzgp_1704940095_000000000001578A,Download,7.8442316822770231,17.48,0.016577393160353608,Taipei City,Taipei,25.0504,121.5324,10,"Taiwan Mobile Co., Ltd.",24158
2024-01-14 21:50:13.880211 UTC,2024,05:50:13,ndt-virtual-pnzgp_1704940095_0000000000014828,Download,8.3125491762186776,14.797,0.0,Taipei City,Taipei,25.0504,121.5324,10,"Taiwan Mobile Co., Ltd.",24158
2024-01-14 21:49:32.469201 UTC,2024,05:49:32,ndt-virtual-pnzgp_1704940095_00000000000175D5,Download,11.47565602099049,16.296,0.10290695418366544,Taipei City,Taipei,25.0504,121.5324,10,"Taiwan Mobile Co., Ltd.",24158
2024-01-14 21:49:04.438202 UTC,2024,05:49:04,ndt-virtual-c8ztq_1704946707_000000000001836A,Download,11.53098670104038,16.647,0.11343120256137895,Taipei City,Taipei,25.0504,121.5324,10,"Taiwan Mobile Co., Ltd.",24158
2024-01-14 20:51:33.869822 UTC,2024,04:51:33,ndt-2v49d_1705250860_000000000000B13B,Download,51.246530942701838,21.921,3.3774721627765368e-05,Taipei City,Taipei,25.0504,121.5324,10,Mobile Business Group,17421
2024-01-14 20:31:45.072797 UTC,2024,04:31:45,ndt-27r5s_1705045617_0000000000023BC6,Download,22.388967963894352,18.589,0.00017967030499034273,Taipei City,Taipei,25.0504,121.5324,20,Taiwan Star Telecom Corporation Limited.(Former Vibo Telecom Inc.),24157
2024-01-14 18:45:48.129938 UTC,2024,02:45:48,ndt-virtual-pnzgp_1704940095_000000000001458C,Download,137.11943380251984,26.299,0.0040074317376304165,Taipei City,Taipei,25.0504,121.5324,50,"Far EastTone Telecommunication Co., Ltd.",9674
2024-01-14 18:25:47.985750 UTC,2024,02:25:47,ndt-2v49d_1705250860_000000000001B0B6,Download,52.704695363648632,31.383,0.0007963061025380078,Taipei City,Taipei,25.0504,121.5324,10,Mobile Business Group,17421
2024-01-14 17:41:24.794105 UTC,2024,01:41:24,ndt-virtual-c8ztq_1704946707_0000000000016EAE,Download,48.490898347151322,19.426,0.068470919790503529,Taipei City,Taipei,25.0504,121.5324,50,"Far EastTone Telecommunication Co., Ltd.",9674
2024-01-14 17:20:24.936753 UTC,2024,01:20:24,ndt-2v49d_1705250860_000000000001E034,Download,14.912104979175275,17.948,0.0,Taipei City,Taipei,25.0504,121.5324,20,"Taiwan Mobile Co., Ltd.",24158
2024-01-14 17:19:59.836926 UTC,2024,01:19:59,ndt-2v49d_1705250860_000000000000803A,Download,11.294939942103401,17.768,0.0,Taipei City,Taipei,25.0504,121.5324,20,"Taiwan Mobile Co., Ltd.",24158
2024-01-14 17:08:10.836268 UTC,2024,01:08:10,ndt-virtual-pnzgp_1704940095_0000000000015353,Download,47.451255532274864,19.383,0.0,Taipei City,Taipei,25.0504,121.5324,10,Mobile Business Group,17421
2024-01-14 16:56:18.950364 UTC,2024,00:56:18,ndt-27r5s_1705045617_000000000002D8DB,Download,5.0819314212791848,80.594,0.054402401086035189,Taipei City,Taipei,25.0504,121.5324,50,"Far EastTone Telecommunication Co., Ltd.",9674
2024-01-14 16:52:29.718709 UTC,2024,00:52:29,ndt-kc4gk_1705107907_0000000000014F12,Download,8.9856007272663128,30.16,0.10413315057650832,Taipei City,Taipei,25.0504,121.5324,10,"Taiwan Mobile Co., Ltd.",24158
2024-01-14 16:49:42.093942 UTC,2024,00:49:42,ndt-virtual-pnzgp_1704940095_000000000001716E,Download,8.5838835973587333,25.211,0.094683038424391783,Taipei City,Taipei,25.0504,121.5324,10,"Taiwan Mobile Co., Ltd.",24158
2024-01-14 16:36:56.425658 UTC,2024,00:36:56,ndt-virtual-pnzgp_1704940095_0000000000016254,Download,9.1507772287018785,20.4,0.13877633465135739,Taipei City,Taipei,25.0504,121.5324,100,Mobile Business Group,17421
2024-01-14 16:36:49.579639 UTC,2024,00:36:49,ndt-kc4gk_1705107907_000000000001FD0B,Download,11.115319767337207,23.427,0.15943749043694697,Taipei City,Taipei,25.0504,121.5324,100,Mobile Business Group,17421
2024-01-14 16:34:40.110099 UTC,2024,00:34:40,ndt-2v49d_1699924444_000000000040A65E,Download,12.631535411945571,22.68,0.12958900952316904,Taipei City,Taipei,25.0504,121.5324,100,Mobile Business Group,17421
2024-01-14 16:29:05.641306 UTC,2024,00:29:05,ndt-2v49d_1699924444_00000000003FBBD8,Download,118.40978593761453,26.277,0.0,Taipei City,Taipei,25.0504,121.5324,10,"Taiwan Mobile Co., Ltd.",24158
2024-01-14 16:27:51.871785 UTC,2024,00:27:51,ndt-virtual-pnzgp_1704940095_000000000001710B,Download,17.119472978284421,24.589,0.18006482680500641,Taipei City,Taipei,25.0504,121.5324,100,Mobile Business Group,17421
2024-01-14 16:27:47.167836 UTC,2024,00:27:47,ndt-virtual-pnzgp_1704940095_00000000000152D0,Download,17.754017679846164,23.827,0.18274091302764586,Taipei City,Taipei,25.0504,121.5324,100,Mobile Business Group,17421
2024-01-14 16:27:32.799085 UTC,2024,00:27:32,ndt-kc4gk_1705107907_000000000000AEBB,Download,15.551947111904648,21.951,0.13290925625611619,Taipei City,Taipei,25.0504,121.5324,100,Mobile Business Group,17421
2024-01-14 16:27:22.814853 UTC,2024,00:27:22,ndt-27r5s_1705045617_00000000000297BD,Download,13.614194524740203,22.541,0.13194395057912359,Taipei City,Taipei,25.0504,121.5324,100,Mobile Business Group,17421
2024-01-14 16:25:51.397453 UTC,2024,00:25:51,ndt-virtual-pnzgp_1704940095_0000000000016229,Download,140.39546168688423,15.979,0.0,Taipei City,Taipei,25.0504,121.5324,10,Mobile Business Group,17421
2024-01-14 16:06:26.945421 UTC,2024,00:06:26,ndt-27r5s_1705045617_000000000002191E,Download,12.887847777233967,45.116,0.32533788394277291,Taipei City,Taipei,25.0504,121.5324,50,"Far EastTone Telecommunication Co., Ltd.",9674
2024-01-14 16:00:43.633571 UTC,2024,00:00:43,ndt-kc4gk_1705107907_0000000000006E5E,Download,27.486160742986797,19.914,0.038691113004089644,Taipei City,Taipei,25.0504,121.5324,10,Taiwan Star Telecom Corporation Limited.(Former Vibo Telecom Inc.),24157
2024-01-14 15:59:32.710659 UTC,2024,23:59:32,ndt-kc4gk_1705107907_0000000000014EC1,Download,1.2110682403279673,45.819,0.12413739528982223,Taipei City,Taipei,25.0504,121.5324,100,"Far EastTone Telecommunication Co., Ltd.",9674
2024-01-14 15:57:00.170886 UTC,2024,23:57:00,ndt-virtual-pnzgp_1704940095_0000000000017073,Download,181.10914745892467,19.737,0.0,Taipei City,Taipei,25.0504,121.5324,50,Mobile Business Group,17421
2024-01-14 15:43:54.551836 UTC,2024,23:43:54,ndt-kc4gk_1705107907_000000000000BE65,Download,12.946614733079276,42.922,0.21180773111279794,Taipei City,Taipei,25.0504,121.5324,100,"Far EastTone Telecommunication Co., Ltd.",9674
2024-01-14 15:40:46.580142 UTC,2024,23:40:46,ndt-kc4gk_1705107907_0000000000014EA1,Download,11.285048121857175,27.156,0.08137844046356181,Taipei City,Taipei,25.0504,121.5324,10,"Taiwan Mobile Co., Ltd.",24158
2024-01-14 15:40:09.341357 UTC,2024,23:40:09,ndt-virtual-pnzgp_1704940095_000000000001615C,Download,11.222076296046888,24.0,0.078259000360613493,Taipei City,Taipei,25.0504,121.5324,10,"Taiwan Mobile Co., Ltd.",24158
2024-01-14 15:35:05.043495 UTC,2024,23:35:05,ndt-virtual-pnzgp_1704940095_000000000001700E,Download,7.2216637331736795,20.626,0.00087713422302211923,Taipei City,Taipei,25.0504,121.5324,100,"Far EastTone Telecommunication Co., Ltd.",9674
2024-01-14 15:34:33.272916 UTC,2024,23:34:33,ndt-virtual-pnzgp_1704940095_0000000000016136,Download,7.8907317197117965,25.281,0.0010146871332602941,Taipei City,Taipei,25.0504,121.5324,100,"Far EastTone Telecommunication Co., Ltd.",9674
2024-01-14 15:32:32.655995 UTC,2024,23:32:32,ndt-virtual-pnzgp_1704940095_000000000001425A,Download,0.84109010483699664,29.096,0.0,Taipei City,Taipei,25.0504,121.5324,10,Mobile Business Group,17421
2024-01-14 15:27:05.263156 UTC,2024,23:27:05,ndt-kc4gk_1705107907_0000000000013E07,Download,5.9379520199380558,27.008,0.0,Taipei City,Taipei,25.0504,121.5324,10,Mobile Business Group,17421
2024-01-14 15:20:23.045415 UTC,2024,23:20:23,ndt-virtual-c8ztq_1704946707_0000000000017B6E,Download,11.47133625287039,13.0,0.089758691948254754,Taipei City,Taipei,25.0504,121.5324,20,"Taiwan Mobile Co., Ltd.",24158
2024-01-14 15:14:41.897554 UTC,2024,23:14:41,ndt-kc4gk_1705107907_000000000001EDF5,Download,4.3155783671619865,30.078,0.0,Taipei City,Taipei,25.0504,121.5324,10,"Taiwan Mobile Co., Ltd.",24158
2024-01-14 15:08:56.023758 UTC,2024,23:08:56,ndt-virtual-c8ztq_1704946707_0000000000016BDA,Download,284.87476483207013,11.699,0.0,Taipei City,Taipei,25.0504,121.5324,50,"Far EastTone Telecommunication Co., Ltd.",9674
2024-01-14 15:07:21.485628 UTC,2024,23:07:21,ndt-virtual-c8ztq_1704946707_0000000000014BB7,Download,3.6561697045606043,25.244,0.0,Taipei City,Taipei,25.0504,121.5324,10,"Taiwan Mobile Co., Ltd.",24158
2024-01-14 15:07:13.857184 UTC,2024,23:07:13,ndt-kc4gk_1705107907_0000000000014E73,Download,51.638485592941706,20.035,0.0,Taipei City,Taipei,25.0504,121.5324,20,"Taiwan Mobile Co., Ltd.",24158
2024-01-14 15:02:25.766291 UTC,2024,23:02:25,ndt-27r5s_1705045617_000000000002F69A,Download,2.9007476596206727,31.843,0.054153214210577533,Taipei City,Taipei,25.0504,121.5324,10,Taiwan Star Telecom Corporation Limited.(Former Vibo Telecom Inc.),24157
2024-01-14 14:59:03.310681 UTC,2024,22:59:03,ndt-27r5s_1705045617_000000000003E012,Download,2.7470627852696521,27.299,0.0156421242029675,Taipei City,Taipei,25.0504,121.5324,10,Mobile Business Group,17421
2024-01-14 14:57:09.923827 UTC,2024,22:57:09,ndt-27r5s_1705045617_00000000000267A5,Download,13.876347382854343,26.664,0.10362265147310359,Taipei City,Taipei,25.0504,121.5324,10,"Taiwan Mobile Co., Ltd.",24158
2024-01-14 14:57:03.198166 UTC,2024,22:57:03,ndt-virtual-c8ztq_1704946707_0000000000016BAC,Download,10.375225084256758,26.0,0.013932238110215898,Taipei City,Taipei,25.0504,121.5324,20,Taiwan Star Telecom Corporation Limited.(Former Vibo Telecom Inc.),24157
2024-01-14 14:55:44.572378 UTC,2024,22:55:44,ndt-virtual-c8ztq_1704946707_0000000000017AF8,Download,297.78925898597441,17.303,0.029357418964605121,Taipei City,Taipei,25.0504,121.5324,100,"Far EastTone Telecommunication Co., Ltd.",9674
2024-01-14 14:49:43.643030 UTC,2024,22:49:43,ndt-virtual-pnzgp_1704940095_00000000000141C3,Download,202.99441581479272,16.901,0.027875361165025963,Taipei City,Taipei,25.0504,121.5324,10,Mobile Business Group,17421
2024-01-14 14:49:07.156518 UTC,2024,22:49:07,ndt-virtual-pnzgp_1704940095_00000000000141BF,Download,225.32656368212093,16.03,0.017139847644352533,Taipei City,Taipei,25.0504,121.5324,10,Mobile Business Group,17421
2024-01-14 14:43:57.083734 UTC,2024,22:43:57,ndt-kc4gk_1705107907_0000000000005E5E,Download,30.542528870805157,30.687,0.067138441647141445,Taipei City,Taipei,25.0504,121.5324,10,"Taiwan Mobile Co., Ltd.",24158
2024-01-14 14:40:47.489104 UTC,2024,22:40:47,ndt-27r5s_1705045617_000000000002D7D1,Download,16.195369707063836,23.512,0.00013697294686321665,Taipei City,Taipei,25.0504,121.5324,100,"Far EastTone Telecommunication Co., Ltd.",9674
2024-01-14 14:40:21.130066 UTC,2024,22:40:21,ndt-27r5s_1705045617_00000000000360B8,Download,38.318318188408291,38.716,0.0,Taipei City,Taipei,25.0504,121.5324,10,"Taiwan Mobile Co., Ltd.",24158
2024-01-14 14:40:20.468400 UTC,2024,22:40:20,ndt-virtual-pnzgp_1704940095_0000000000014199,Download,27.533974322307561,21.67,0.0058850708339854086,Taipei City,Taipei,25.0504,121.5324,10,Mobile Business Group,17421
2024-01-14 14:37:21.092005 UTC,2024,22:37:21,ndt-virtual-pnzgp_1704940095_0000000000013F6D,Download,8.8199621984767109,25.955,0.0016854427171085185,Taipei City,Taipei,25.0504,121.5324,100,"Far EastTone Telecommunication Co., Ltd.",9674
2024-01-14 14:32:53.581191 UTC,2024,22:32:53,ndt-virtual-pnzgp_1704940095_0000000000013F65,Download,10.459001539304712,16.253,0.010474266572640776,Taipei City,Taipei,25.0504,121.5324,10,Mobile Business Group,17421
2024-01-14 14:28:51.929643 UTC,2024,22:28:51,ndt-virtual-pnzgp_1704940095_00000000000150DA,Download,35.487979463972906,25.032,1.2759253258559699e-05,Taipei City,Taipei,25.0504,121.5324,10,"Taiwan Mobile Co., Ltd.",24158
2024-01-14 14:27:58.380506 UTC,2024,22:27:58,ndt-virtual-c8ztq_1704946707_0000000000015B51,Download,10.80508504585252,19.546,0.054852556469450316,Taipei City,Taipei,25.0504,121.5324,20,"Taiwan Mobile Co., Ltd.",24158
2024-01-14 14:27:29.372594 UTC,2024,22:27:29,ndt-kc4gk_1705107907_0000000000015D85,Download,5.699695119034299,15.75,0.00025387914457003735,Taipei City,Taipei,25.0504,121.5324,20,"Taiwan Mobile Co., Ltd.",24158
2024-01-14 14:26:29.845311 UTC,2024,22:26:29,ndt-kc4gk_1705107907_0000000000016E04,Download,4.3992277132335653,77.591,0.17435832582598493,Taipei City,Taipei,25.0504,121.5324,50,"Far EastTone Telecommunication Co., Ltd.",9674
2024-01-14 14:18:19.026659 UTC,2024,22:18:19,ndt-2v49d_1699924444_00000000004131FB,Download,3.8316021998919818,24.783,0.0055417013022998063,Taipei City,Taipei,25.0504,121.5324,10,Taiwan Star Telecom Corporation Limited.(Former Vibo Telecom Inc.),24157
2024-01-14 14:17:54.896373 UTC,2024,22:17:54,ndt-kc4gk_1705107907_0000000000000DCA,Download,172.08266250640864,19.256,0.0,Taipei City,Taipei,25.0504,121.5324,10,Mobile Business Group,17421
2024-01-14 14:17:25.493151 UTC,2024,22:17:25,ndt-virtual-c8ztq_1704946707_0000000000016B07,Download,25.40537159023534,14.858,0.017405448761468018,Taipei City,Taipei,25.0504,121.5324,10,Mobile Business Group,17421
2024-01-14 14:17:20.564674 UTC,2024,22:17:20,ndt-virtual-c8ztq_1704946707_0000000000017A52,Download,14.704106539602721,21.0,0.046150495317514292,Taipei City,Taipei,25.0504,121.5324,10,Mobile Business Group,17421
2024-01-14 14:17:00.659050 UTC,2024,22:17:00,ndt-virtual-c8ztq_1704946707_0000000000017A4F,Download,36.157929663305886,14.857,0.009714363866692291,Taipei City,Taipei,25.0504,121.5324,10,Mobile Business Group,17421
2024-01-14 14:16:55.477893 UTC,2024,22:16:55,ndt-27r5s_1705045617_00000000000257D8,Download,3.2266525016272873,79.279,0.061953466943100666,Taipei City,Taipei,25.0504,121.5324,100,"Far EastTone Telecommunication Co., Ltd.",9674
2024-01-14 14:09:17.746505 UTC,2024,22:09:17,ndt-2v49d_1699924444_000000000040B4FB,Download,5.4017417283440929,37.319,0.0,Taipei City,Taipei,25.0504,121.5324,10,"Taiwan Mobile Co., Ltd.",24158
2024-01-14 14:02:13.508185 UTC,2024,22:02:13,ndt-kc4gk_1705107907_000000000001DDDD,Download,24.220341811579573,65.713,0.077293752220793085,Taipei City,Taipei,25.0504,121.5324,100,"Taiwan Mobile Co., Ltd.",24158
2024-01-14 14:02:02.927085 UTC,2024,22:02:02,ndt-virtual-pnzgp_1704940095_000000000001502A,Download,26.670033227418671,25.594,0.0,Taipei City,Taipei,25.0504,121.5324,10,"Taiwan Mobile Co., Ltd.",24158
2024-01-14 14:01:46.319644 UTC,2024,22:01:46,ndt-27r5s_1705045617_00000000000248B3,Download,11.334421600742672,101.137,0.056008670189242361,Taipei City,Taipei,25.0504,121.5324,100,"Taiwan Mobile Co., Ltd.",24158
2024-01-14 14:01:17.180748 UTC,2024,22:01:17,ndt-virtual-c8ztq_1704946707_0000000000016ACB,Download,23.102285883351772,23.059,0.0,Taipei City,Taipei,25.0504,121.5324,100,"Taiwan Mobile Co., Ltd.",24158
2024-01-14 14:00:42.286119 UTC,2024,22:00:42,ndt-virtual-pnzgp_1704940095_000000000001501D,Download,9.5532296350440209,15.527,0.11057312714009512,Taipei City,Taipei,25.0504,121.5324,10,"Taiwan Mobile Co., Ltd.",24158
2024-01-14 13:59:04.853014 UTC,2024,21:59:04,ndt-virtual-pnzgp_1704940095_00000000000140BC,Download,13.640059519784392,20.659,0.082472647946390559,Taipei City,Taipei,25.0504,121.5324,50,"Far EastTone Telecommunication Co., Ltd.",9674
2024-01-14 13:52:53.163068 UTC,2024,21:52:53,ndt-virtual-c8ztq_1704946707_00000000000179DD,Download,34.861352838234907,24.229,0.0,Taipei City,Taipei,25.0504,121.5324,50,Mobile Business Group,17421
2024-01-14 13:43:03.870699 UTC,2024,21:43:03,ndt-27r5s_1705045617_000000000002386A,Download,7.3451974229115642,35.001,0.041473224323502686,Taipei City,Taipei,25.0504,121.5324,10,Mobile Business Group,17421
2024-01-14 13:42:52.356554 UTC,2024,21:42:52,ndt-kc4gk_1705107907_0000000000014DFB,Download,65.492495772428128,39.985,0.00016850560374480727,Taipei City,Taipei,25.0504,121.5324,100,"Far EastTone Telecommunication Co., Ltd.",9674
2024-01-14 13:40:44.465089 UTC,2024,21:40:44,ndt-2v49d_1699924444_00000000004076CF,Download,7.9750510228882492,34.833,0.0,Taipei City,Taipei,25.0504,121.5324,10,"Taiwan Mobile Co., Ltd.",24158
2024-01-14 13:39:35.108401 UTC,2024,21:39:35,ndt-27r5s_1705045617_0000000000014FE3,Download,19.145182936164762,38.616,0.0,Taipei City,Taipei,25.0504,121.5324,10,"Taiwan Mobile Co., Ltd.",24158
2024-01-14 13:30:00.941773 UTC,2024,21:30:00,ndt-kc4gk_1705107907_000000000000BD9E,Download,16.876267451093412,32.918,0.080006752088149169,Taipei City,Taipei,25.0504,121.5324,10,"Taiwan Mobile Co., Ltd.",24158
2024-01-14 13:26:10.265925 UTC,2024,21:26:10,ndt-kc4gk_1705107907_000000000001FBD2,Download,0.89017590913504563,104.971,0.13440773311781321,Taipei City,Taipei,25.0504,121.5324,10,Mobile Business Group,17421
2024-01-14 13:25:55.046770 UTC,2024,21:25:55,ndt-virtual-c8ztq_1704946707_00000000000169E6,Download,13.288689513136003,19.643,0.12421297849522411,Taipei City,Taipei,25.0504,121.5324,50,"Far EastTone Telecommunication Co., Ltd.",9674
2024-01-14 13:24:35.967795 UTC,2024,21:24:35,ndt-virtual-pnzgp_1704940095_000000000001402F,Download,0.7817615445217132,105.0,0.22009057424600353,Taipei City,Taipei,25.0504,121.5324,10,Mobile Business Group,17421
2024-01-14 13:11:24.251200 UTC,2024,21:11:24,ndt-virtual-c8ztq_1704946707_0000000000014968,Download,41.24419771845691,23.912,0.0,Taipei City,Taipei,25.0504,121.5324,10,Taiwan Star Telecom Corporation Limited.(Former Vibo Telecom Inc.),24157
2024-01-14 13:08:16.544999 UTC,2024,21:08:16,ndt-kc4gk_1705107907_000000000001BD9A,Download,58.727195051102264,29.713,0.021902359696204111,Taipei City,Taipei,25.0504,121.5324,10,Mobile Business Group,17421
2024-01-14 13:07:52.553457 UTC,2024,21:07:52,ndt-kc4gk_1705107907_0000000000015D3A,Download,28.373829069528085,24.882,0.028565683119982397,Taipei City,Taipei,25.0504,121.5324,10,Taiwan Star Telecom Corporation Limited.(Former Vibo Telecom Inc.),24157
2024-01-14 13:05:26.543143 UTC,2024,21:05:26,ndt-virtual-pnzgp_1704940095_0000000000012F28,Download,19.823439400510743,22.761,0.0011403001967058739,Taipei City,Taipei,25.0504,121.5324,10,Taiwan Star Telecom Corporation Limited.(Former Vibo Telecom Inc.),24157
2024-01-14 13:04:22.585415 UTC,2024,21:04:22,ndt-virtual-pnzgp_1704940095_0000000000013DE3,Download,5.18556646495017,29.828,0.0013611784564976446,Taipei City,Taipei,25.0504,121.5324,10,"Taiwan Mobile Co., Ltd.",24158
2024-01-14 13:02:47.237776 UTC,2024,21:02:47,ndt-2v49d_1699924444_000000000040A53D,Download,16.977119213784643,61.605,0.023939223007113378,Taipei City,Taipei,25.0504,121.5324,100,"Taiwan Mobile Co., Ltd.",24158
2024-01-14 12:59:58.615689 UTC,2024,20:59:58,ndt-2v49d_1699924444_00000000004095A7,Download,23.804593828557692,30.131,0.10330417057607393,Taipei City,Taipei,25.0504,121.5324,10,"Taiwan Mobile Co., Ltd.",24158
2024-01-14 12:55:28.512607 UTC,2024,20:55:28,ndt-27r5s_1705045617_000000000002F56E,Download,12.020560928775611,27.163,0.065673585705663534,Taipei City,Taipei,25.0504,121.5324,10,"Taiwan Mobile Co., Ltd.",24158
2024-01-14 12:52:14.558265 UTC,2024,20:52:14,ndt-virtual-c8ztq_1704946707_00000000000168F6,Download,43.032901783334857,24.475,0.036592809415996817,Taipei City,Taipei,25.0504,121.5324,10,Mobile Business Group,17421
2024-01-14 12:52:02.350564 UTC,2024,20:52:02,ndt-kc4gk_1705107907_000000000001ADB3,Download,3.3674323923376344,52.659,0.055921281427080992,Taipei City,Taipei,25.0504,121.5324,100,"Far EastTone Telecommunication Co., Ltd.",9674
2024-01-14 12:50:39.507599 UTC,2024,20:50:39,ndt-virtual-pnzgp_1704940095_0000000000013DBC,Download,68.27851902436943,18.84,0.0,Taipei City,Taipei,25.0504,121.5324,10,"Taiwan Mobile Co., Ltd.",24158
2024-01-14 12:41:45.093814 UTC,2024,20:41:45,ndt-2v49d_1699924444_00000000003FFADC,Download,11.378919540824784,22.848,0.0056667580659903113,Taipei City,Taipei,25.0504,121.5324,20,Taiwan Star Telecom Corporation Limited.(Former Vibo Telecom Inc.),24157
2024-01-14 12:41:01.853691 UTC,2024,20:41:01,ndt-virtual-pnzgp_1704940095_0000000000011E67,Download,0.77380193875537762,24.011,0.011165065365988894,Taipei City,Taipei,25.0504,121.5324,50,"Far EastTone Telecommunication Co., Ltd.",9674
2024-01-14 12:39:17.919570 UTC,2024,20:39:17,ndt-27r5s_1705045617_00000000000247FC,Download,5.3299102383948709,77.881,0.15083901185978263,Taipei City,Taipei,25.0504,121.5324,100,"Far EastTone Telecommunication Co., Ltd.",9674
2024-01-14 12:26:24.488640 UTC,2024,20:26:24,ndt-2v49d_1699924444_0000000000409565,Download,63.416931728480428,39.977,0.072393622603257213,Taipei City,Taipei,25.0504,121.5324,50,"Far EastTone Telecommunication Co., Ltd.",9674
2024-01-14 12:25:40.670042 UTC,2024,20:25:40,ndt-kc4gk_1705107907_0000000000013D08,Download,53.435286539150162,44.965,0.089762240799044615,Taipei City,Taipei,25.0504,121.5324,50,"Far EastTone Telecommunication Co., Ltd.",9674
2024-01-14 12:23:23.079278 UTC,2024,20:23:23,ndt-virtual-pnzgp_1704940095_0000000000011E26,Download,3.0996999236779086,21.574,0.00469984004290805,Taipei City,Taipei,25.0504,121.5324,50,"Far EastTone Telecommunication Co., Ltd.",9674
2024-01-14 12:12:44.540356 UTC,2024,20:12:44,ndt-27r5s_1705045617_0000000000026666,Download,0.57091139483025244,87.805,0.13216791711738812,Taipei City,Taipei,25.0504,121.5324,50,"Far EastTone Telecommunication Co., Ltd.",9674
2024-01-14 12:12:15.437488 UTC,2024,20:12:15,ndt-virtual-pnzgp_1704940095_0000000000012E40,Download,0.088835985157186145,226.82,0.079550060802594247,Taipei City,Taipei,25.0504,121.5324,50,"Far EastTone Telecommunication Co., Ltd.",9674
2024-01-14 12:11:28.587281 UTC,2024,20:11:28,ndt-kc4gk_1705107907_0000000000005D7D,Download,121.85201623745562,22.278,0.05420018555551976,Taipei City,Taipei,25.0504,121.5324,10,"Taiwan Mobile Co., Ltd.",24158
2024-01-14 12:06:34.914128 UTC,2024,20:06:34,ndt-kc4gk_1705107907_0000000000017CE6,Download,42.912886608170247,24.433,0.16186401825549165,Taipei City,Taipei,25.0504,121.5324,10,Taiwan Star Telecom Corporation Limited.(Former Vibo Telecom Inc.),24157
2024-01-14 12:06:31.042432 UTC,2024,20:06:31,ndt-virtual-pnzgp_1704940095_0000000000012E23,Download,13.552722849954282,21.32,0.11311040635231093,Taipei City,Taipei,25.0504,121.5324,50,"Far EastTone Telecommunication Co., Ltd.",9674
2024-01-14 12:05:07.476878 UTC,2024,20:05:07,ndt-kc4gk_1705107907_0000000000007D4E,Download,8.9243760368553,35.475,0.052306085039933795,Taipei City,Taipei,25.0504,121.5324,10,"Taiwan Mobile Co., Ltd.",24158
2024-01-14 12:02:15.961156 UTC,2024,20:02:15,ndt-27r5s_1705045617_000000000002E571,Download,75.182381991700069,28.263,0.0,Taipei City,Taipei,25.0504,121.5324,20,Taiwan Star Telecom Corporation Limited.(Former Vibo Telecom Inc.),24157
2024-01-14 11:48:03.639382 UTC,2024,19:48:03,ndt-virtual-c8ztq_1704946707_00000000000157E3,Download,41.125313968406665,23.664,2.6706360373702794e-05,Taipei City,Taipei,25.0504,121.5324,100,"Far EastTone Telecommunication Co., Ltd.",9674
2024-01-14 11:42:33.363641 UTC,2024,19:42:33,ndt-2v49d_1699924444_000000000040760F,Download,39.860719256175877,22.971,0.00047221631293152159,Taipei City,Taipei,25.0504,121.5324,10,Taiwan Star Telecom Corporation Limited.(Former Vibo Telecom Inc.),24157
2024-01-14 11:41:42.647212 UTC,2024,19:41:42,ndt-virtual-pnzgp_1704940095_0000000000010E7D,Download,35.694947924864159,21.644,0.00069019085933263037,Taipei City,Taipei,25.0504,121.5324,10,Taiwan Star Telecom Corporation Limited.(Former Vibo Telecom Inc.),24157
2024-01-14 11:41:21.453477 UTC,2024,19:41:21,ndt-virtual-c8ztq_1704946707_0000000000016799,Download,27.438811346203117,21.436,0.00096220117729344467,Taipei City,Taipei,25.0504,121.5324,10,Taiwan Star Telecom Corporation Limited.(Former Vibo Telecom Inc.),24157
2024-01-14 11:41:10.554755 UTC,2024,19:41:10,ndt-27r5s_1705045617_0000000000023766,Download,28.319133528868264,24.996,0.00084015284272662518,Taipei City,Taipei,25.0504,121.5324,10,Taiwan Star Telecom Corporation Limited.(Former Vibo Telecom Inc.),24157
2024-01-14 11:40:53.588074 UTC,2024,19:40:53,ndt-kc4gk_1705107907_0000000000006CF0,Download,19.523990662418576,24.261,0.0013513170736908873,Taipei City,Taipei,25.0504,121.5324,10,Taiwan Star Telecom Corporation Limited.(Former Vibo Telecom Inc.),24157
2024-01-14 11:40:44.396380 UTC,2024,19:40:44,ndt-27r5s_1705045617_00000000000247A6,Download,31.7755145732636,25.507,0.00058922514134018811,Taipei City,Taipei,25.0504,121.5324,10,Taiwan Star Telecom Corporation Limited.(Former Vibo Telecom Inc.),24157
2024-01-14 11:40:30.418886 UTC,2024,19:40:30,ndt-27r5s_1705045617_000000000002C579,Download,13.702400612050877,37.081,8.7605883066003444e-05,Taipei City,Taipei,25.0504,121.5324,10,"Taiwan Mobile Co., Ltd.",24158
2024-01-14 11:38:15.865449 UTC,2024,19:38:15,ndt-virtual-c8ztq_1704946707_00000000000147A5,Download,12.775307212652169,21.509,0.0,Taipei City,Taipei,25.0504,121.5324,20,"Taiwan Mobile Co., Ltd.",24158
2024-01-14 11:32:22.687194 UTC,2024,19:32:22,ndt-2v49d_1699924444_00000000003FB9BB,Download,107.79384018052154,21.758,0.0,Taipei City,Taipei,25.0504,121.5324,10,Mobile Business Group,17421
2024-01-14 11:32:21.478397 UTC,2024,19:32:21,ndt-27r5s_1705045617_000000000002F4DE,Download,12.18649128296482,17.296,0.0,Taipei City,Taipei,25.0504,121.5324,10,Taiwan Star Telecom Corporation Limited.(Former Vibo Telecom Inc.),24157
2024-01-14 11:30:12.536769 UTC,2024,19:30:12,ndt-2v49d_1699924444_000000000040B40E,Download,76.432907860058918,24.155,0.0,Taipei City,Taipei,25.0504,121.5324,20,Taiwan Star Telecom Corporation Limited.(Former Vibo Telecom Inc.),24157
2024-01-14 11:27:56.308305 UTC,2024,19:27:56,ndt-virtual-pnzgp_1704940095_0000000000013C45,Download,35.514404263058495,22.607,0.00063981079959321986,Taipei City,Taipei,25.0504,121.5324,10,Taiwan Star Telecom Corporation Limited.(Former Vibo Telecom Inc.),24157
2024-01-14 11:26:08.129047 UTC,2024,19:26:08,ndt-2v49d_1699924444_00000000004065DC,Download,4.5988140245080986,23.413,0.10394924722777894,Taipei City,Taipei,25.0504,121.5324,10,"Taiwan Mobile Co., Ltd.",24158
2024-01-14 11:24:19.714806 UTC,2024,19:24:19,ndt-27r5s_1705045617_0000000000023741,Download,40.498344222679677,23.415,0.0,Taipei City,Taipei,25.0504,121.5324,10,Mobile Business Group,17421
2024-01-14 11:15:08.978106 UTC,2024,19:15:08,ndt-2v49d_1699924444_00000000004094FA,Download,165.49430504797155,24.765,0.059807437538465277,Taipei City,Taipei,25.0504,121.5324,10,Mobile Business Group,17421
2024-01-14 11:14:07.621566 UTC,2024,19:14:07,ndt-virtual-c8ztq_1704946707_000000000001471E,Download,55.211635887432614,23.094,0.0,Taipei City,Taipei,25.0504,121.5324,100,"Far EastTone Telecommunication Co., Ltd.",9674
2024-01-14 11:09:42.733603 UTC,2024,19:09:42,ndt-kc4gk_1705107907_0000000000006CC9,Download,45.116493517133641,55.92,0.0096223231105667991,Taipei City,Taipei,25.0504,121.5324,100,"Far EastTone Telecommunication Co., Ltd.",9674
2024-01-14 11:09:40.015805 UTC,2024,19:09:40,ndt-kc4gk_1705107907_000000000001BCFC,Download,47.161314958560993,56.675,0.035547217811108194,Taipei City,Taipei,25.0504,121.5324,100,"Far EastTone Telecommunication Co., Ltd.",9674
2024-01-14 11:08:19.960659 UTC,2024,19:08:19,ndt-virtual-pnzgp_1704940095_0000000000011CF0,Download,13.647050150393211,19.857,0.11156797089066793,Taipei City,Taipei,25.0504,121.5324,50,"Far EastTone Telecommunication Co., Ltd.",9674
2024-01-14 11:05:52.488871 UTC,2024,19:05:52,ndt-virtual-c8ztq_1704946707_00000000000146FB,Download,6.81973468270104,22.759,0.00048229466628892321,Taipei City,Taipei,25.0504,121.5324,50,"Far EastTone Telecommunication Co., Ltd.",9674
2024-01-14 10:42:10.080078 UTC,2024,18:42:10,ndt-kc4gk_1705107907_000000000001BCCF,Download,4.5241339035265469,85.774,0.0,Taipei City,Taipei,25.0504,121.5324,50,"Far EastTone Telecommunication Co., Ltd.",9674
2024-01-14 10:41:23.844534 UTC,2024,18:41:23,ndt-kc4gk_1705107907_000000000001DC9A,Download,4.1236041130174854,55.355,0.0026585296533162576,Taipei City,Taipei,25.0504,121.5324,50,"Far EastTone Telecommunication Co., Ltd.",9674
2024-01-14 10:37:53.418855 UTC,2024,18:37:53,ndt-kc4gk_1705107907_000000000001CC49,Download,39.511231075975012,23.598,0.00025299055566453639,Taipei City,Taipei,25.0504,121.5324,10,Taiwan Star Telecom Corporation Limited.(Former Vibo Telecom Inc.),24157
2024-01-14 10:37:12.578365 UTC,2024,18:37:12,ndt-virtual-c8ztq_1704946707_000000000001664F,Download,40.878078593607448,22.946,0.0011068444796165471,Taipei City,Taipei,25.0504,121.5324,10,Taiwan Star Telecom Corporation Limited.(Former Vibo Telecom Inc.),24157
2024-01-14 10:35:16.874807 UTC,2024,18:35:16,ndt-27r5s_1705045617_000000000001AF35,Download,14.253531287997427,18.882,0.0,Taipei City,Taipei,25.0504,121.5324,10,Mobile Business Group,17421
2024-01-14 10:33:29.271911 UTC,2024,18:33:29,ndt-2v49d_1699924444_00000000004094BF,Download,72.22426352558432,154.381,0.00129496970196439,Taipei City,Taipei,25.0504,121.5324,5,Mobile Business Group,17421
2024-01-14 10:30:19.808138 UTC,2024,18:30:19,ndt-virtual-pnzgp_1704940095_0000000000012CA1,Download,200.19677000611273,21.912,0.0,Taipei City,Taipei,25.0504,121.5324,10,Mobile Business Group,17421
2024-01-14 10:27:07.078161 UTC,2024,18:27:07,ndt-27r5s_1705045617_0000000000000FF8,Download,102.07856058818994,23.888,0.0,Taipei City,Taipei,25.0504,121.5324,10,Mobile Business Group,17421
2024-01-14 10:20:15.719158 UTC,2024,18:20:15,ndt-2v49d_1699924444_00000000003FAA57,Download,19.441798218836915,57.178,0.0001410032163421161,Taipei City,Taipei,25.0504,121.5324,100,"Far EastTone Telecommunication Co., Ltd.",9674
2024-01-14 10:19:39.256534 UTC,2024,18:19:39,ndt-virtual-c8ztq_1704946707_000000000001752E,Download,66.136073248764959,24.475,1.669999325984422e-05,Taipei City,Taipei,25.0504,121.5324,50,"Far EastTone Telecommunication Co., Ltd.",9674
2024-01-14 10:19:15.889781 UTC,2024,18:19:15,ndt-2v49d_1699924444_000000000041020B,Download,69.288581527880737,44.848,0.00014647435809766598,Taipei City,Taipei,25.0504,121.5324,50,"Far EastTone Telecommunication Co., Ltd.",9674
2024-01-14 10:13:32.333832 UTC,2024,18:13:32,ndt-27r5s_1705045617_00000000000226D0,Download,43.5429131378176,24.458,5.0425527789602413e-05,Taipei City,Taipei,25.0504,121.5324,10,Taiwan Star Telecom Corporation Limited.(Former Vibo Telecom Inc.),24157
2024-01-14 10:13:11.481671 UTC,2024,18:13:11,ndt-2v49d_1699924444_00000000004094AD,Download,13.82042998677529,19.678,0.12690065744248993,Taipei City,Taipei,25.0504,121.5324,10,"Far EastTone Telecommunication Co., Ltd.",9674
2024-01-14 10:01:23.290906 UTC,2024,18:01:23,ndt-virtual-c8ztq_1704946707_00000000000145B8,Download,75.2567180106454,23.552,0.0,Taipei City,Taipei,25.0504,121.5324,10,"Taiwan Mobile Co., Ltd.",24158
2024-01-14 10:01:15.615892 UTC,2024,18:01:15,ndt-27r5s_1705045617_0000000000021663,Download,29.988362559268957,26.915,0.0,Taipei City,Taipei,25.0504,121.5324,10,Mobile Business Group,17421
2024-01-14 09:56:48.021565 UTC,2024,17:56:48,ndt-27r5s_1705045617_000000000002A53B,Download,7.8702642681945383,19.967,0.15158979550183485,Taipei City,Taipei,25.0504,121.5324,10,Mobile Business Group,17421
2024-01-14 09:46:50.670210 UTC,2024,17:46:50,ndt-virtual-c8ztq_1704946707_00000000000174A3,Download,5.2831116144890862,26.697,0.0,Taipei City,Taipei,25.0504,121.5324,50,"Far EastTone Telecommunication Co., Ltd.",9674
2024-01-14 09:36:09.149394 UTC,2024,17:36:09,ndt-virtual-c8ztq_1704946707_0000000000016541,Download,3.998772711949071,23.818,0.0,Taipei City,Taipei,25.0504,121.5324,10,Mobile Business Group,17421
2024-01-14 09:33:26.013957 UTC,2024,17:33:26,ndt-2v49d_1699924444_000000000040B367,Download,6.2853724236617072,93.912,0.19418376161977416,Taipei City,Taipei,25.0504,121.5324,100,Mobile Business Group,17421
2024-01-14 09:24:30.823856 UTC,2024,17:24:30,ndt-virtual-c8ztq_1704946707_0000000000017443,Download,7.3140465661617293,22.439,0.00780685684759267,Taipei City,Taipei,25.0504,121.5324,10,"Taiwan Mobile Co., Ltd.",24158
2024-01-14 09:24:29.295525 UTC,2024,17:24:29,ndt-virtual-pnzgp_1704940095_0000000000012B5F,Download,74.135601209734062,19.494,0.0,Taipei City,Taipei,25.0504,121.5324,20,Taiwan Star Telecom Corporation Limited.(Former Vibo Telecom Inc.),24157
2024-01-14 09:18:35.667614 UTC,2024,17:18:35,ndt-2v49d_1699924444_00000000003FB8E6,Download,13.289150696711681,42.127,0.14603246805386913,Taipei City,Taipei,25.0504,121.5324,50,"Far EastTone Telecommunication Co., Ltd.",9674
2024-01-14 09:12:49.106953 UTC,2024,17:12:49,ndt-2v49d_1699924444_000000000040C2D2,Download,0.2521950356455222,30.92,0.12215030297893978,Taipei City,Taipei,25.0504,121.5324,10,Mobile Business Group,17421
2024-01-14 09:09:04.575153 UTC,2024,17:09:04,ndt-virtual-pnzgp_1704940095_0000000000012ADB,Download,49.930339416285463,22.908,0.00064543097031516709,Taipei City,Taipei,25.0504,121.5324,100,"Far EastTone Telecommunication Co., Ltd.",9674
2024-01-14 09:06:22.783752 UTC,2024,17:06:22,ndt-virtual-c8ztq_1704946707_00000000000164AB,Download,78.8617816087015,28.89,1.5846252594427705e-05,Taipei City,Taipei,25.0504,121.5324,50,"Far EastTone Telecommunication Co., Ltd.",9674
2024-01-14 09:00:24.218589 UTC,2024,17:00:24,ndt-virtual-pnzgp_1704940095_0000000000013962,Download,22.104697374607433,22.549,0.0,Taipei City,Taipei,25.0504,121.5324,10,Mobile Business Group,17421
2024-01-14 08:59:44.609898 UTC,2024,16:59:44,ndt-virtual-pnzgp_1704940095_0000000000010B43,Download,98.779041557188322,20.496,0.0,Taipei City,Taipei,25.0504,121.5324,10,Mobile Business Group,17421
2024-01-14 08:59:02.201484 UTC,2024,16:59:02,ndt-virtual-c8ztq_1704946707_0000000000016474,Download,369.54709539299529,19.882,0.00042713056119658319,Taipei City,Taipei,25.0504,121.5324,20,"Taiwan Mobile Co., Ltd.",24158
2024-01-14 08:58:08.457348 UTC,2024,16:58:08,ndt-virtual-c8ztq_1704946707_00000000000173A3,Download,82.631819394464443,24.679,0.00025213216933567056,Taipei City,Taipei,25.0504,121.5324,50,"Far EastTone Telecommunication Co., Ltd.",9674
2024-01-14 08:57:14.246085 UTC,2024,16:57:14,ndt-virtual-pnzgp_1704940095_0000000000011A2B,Download,8.2306074058781142,17.881,0.0,Taipei City,Taipei,25.0504,121.5324,10,Taiwan Star Telecom Corporation Limited.(Former Vibo Telecom Inc.),24157
2024-01-14 08:56:31.283387 UTC,2024,16:56:31,ndt-2v49d_1699924444_00000000003FC832,Download,26.86316169212439,21.518,0.10736005113916128,Taipei City,Taipei,25.0504,121.5324,10,Mobile Business Group,17421
2024-01-14 08:50:52.823428 UTC,2024,16:50:52,ndt-27r5s_1705045617_000000000000CF41,Download,1.3998414078764227,190.085,0.003622260158435833,Taipei City,Taipei,25.0504,121.5324,100,"Far EastTone Telecommunication Co., Ltd.",9674
2024-01-14 08:43:35.817659 UTC,2024,16:43:35,ndt-virtual-pnzgp_1704940095_0000000000012A49,Download,6.9053763578951761,34.41,0.0,Taipei City,Taipei,25.0504,121.5324,10,"Taiwan Mobile Co., Ltd.",24158
2024-01-14 08:34:34.709978 UTC,2024,16:34:34,ndt-virtual-pnzgp_1704940095_0000000000010AB6,Download,90.550285401141608,20.869,0.0,Taipei City,Taipei,25.0504,121.5324,10,Mobile Business Group,17421
2024-01-14 08:34:28.565288 UTC,2024,16:34:28,ndt-27r5s_1705045617_0000000000024638,Download,46.766664983494074,24.35,0.0629427825151186,Taipei City,Taipei,25.0504,121.5324,10,"Taiwan Mobile Co., Ltd.",24158
2024-01-14 08:31:02.995882 UTC,2024,16:31:02,ndt-virtual-c8ztq_1704946707_00000000000172FC,Download,0.91925386177704815,24.813,0.017995729986370796,Taipei City,Taipei,25.0504,121.5324,10,"Taiwan Mobile Co., Ltd.",24158
2024-01-14 08:29:54.178547 UTC,2024,16:29:54,ndt-kc4gk_1705107907_0000000000014C31,Download,11.900215437123478,83.14,0.28538814490512521,Taipei City,Taipei,25.0504,121.5324,50,"Far EastTone Telecommunication Co., Ltd.",9674
2024-01-14 08:27:47.247298 UTC,2024,16:27:47,ndt-virtual-pnzgp_1704940095_0000000000010A9A,Download,24.13282765755989,24.783,9.3165110793654653e-05,Taipei City,Taipei,25.0504,121.5324,10,"Taiwan Mobile Co., Ltd.",24158
2024-01-14 08:24:49.663801 UTC,2024,16:24:49,ndt-2v49d_1699924444_00000000003FC80C,Download,249.42437793676774,49.886,2.658645711342076e-05,Taipei City,Taipei,25.0504,121.5324,50,"Far EastTone Telecommunication Co., Ltd.",9674
2024-01-14 08:23:35.041820 UTC,2024,16:23:35,ndt-virtual-pnzgp_1704940095_0000000000010A88,Download,14.80972244734461,18.283,0.0,Taipei City,Taipei,25.0504,121.5324,10,"Taiwan Mobile Co., Ltd.",24158
2024-01-14 08:23:32.228993 UTC,2024,16:23:32,ndt-27r5s_1705045617_000000000002077F,Download,2.145562439564749,30.018,0.0,Taipei City,Taipei,25.0504,121.5324,10,"Taiwan Mobile Co., Ltd.",24158
2024-01-14 08:23:28.028535 UTC,2024,16:23:28,ndt-virtual-pnzgp_1704940095_0000000000010A87,Download,18.2790035942492,22.251,0.0,Taipei City,Taipei,25.0504,121.5324,10,"Taiwan Mobile Co., Ltd.",24158
2024-01-14 08:23:16.634772 UTC,2024,16:23:16,ndt-2v49d_1699924444_00000000004064E9,Download,45.434232887757638,36.751,0.0,Taipei City,Taipei,25.0504,121.5324,10,"Taiwan Mobile Co., Ltd.",24158
2024-01-14 08:23:09.598241 UTC,2024,16:23:09,ndt-virtual-pnzgp_1704940095_0000000000010A86,Download,48.053919064657663,22.158,0.0,Taipei City,Taipei,25.0504,121.5324,10,"Taiwan Mobile Co., Ltd.",24158
2024-01-14 08:14:33.906829 UTC,2024,16:14:33,ndt-kc4gk_1705107907_0000000000016C12,Download,12.854552998106097,76.847,0.26881105511562131,Taipei City,Taipei,25.0504,121.5324,50,"Far EastTone Telecommunication Co., Ltd.",9674
2024-01-14 08:14:04.933227 UTC,2024,16:14:04,ndt-2v49d_1699924444_00000000003F4C53,Download,13.434751586291128,51.678,0.1602960993690222,Taipei City,Taipei,25.0504,121.5324,50,"Far EastTone Telecommunication Co., Ltd.",9674
2024-01-14 08:12:31.299824 UTC,2024,16:12:31,ndt-2v49d_1699924444_000000000040E23A,Download,4.9492524909394922,26.654,0.016272963250452795,Taipei City,Taipei,25.0504,121.5324,10,Taiwan Star Telecom Corporation Limited.(Former Vibo Telecom Inc.),24157
2024-01-14 08:08:54.795369 UTC,2024,16:08:54,ndt-virtual-c8ztq_1704946707_000000000001635D,Download,24.669915786267644,18.156,0.0,Taipei City,Taipei,25.0504,121.5324,10,Mobile Business Group,17421
2024-01-14 08:05:25.296023 UTC,2024,16:05:25,ndt-virtual-pnzgp_1704940095_000000000001193F,Download,15.718498715278111,20.911,0.0,Taipei City,Taipei,25.0504,121.5324,10,Mobile Business Group,17421
2024-01-14 08:05:12.521382 UTC,2024,16:05:12,ndt-kc4gk_1705107907_0000000000017BA5,Download,194.00604198411531,17.053,2.4672857113749242e-05,Taipei City,Taipei,25.0504,121.5324,10,Mobile Business Group,17421
2024-01-14 08:04:41.792871 UTC,2024,16:04:41,ndt-kc4gk_1705107907_0000000000007BD9,Download,27.756825455956097,24.452,0.0,Taipei City,Taipei,25.0504,121.5324,10,Mobile Business Group,17421
2024-01-14 08:03:24.544700 UTC,2024,16:03:24,ndt-virtual-c8ztq_1704946707_0000000000014359,Download,13.43901565153498,19.489,0.066757251884473054,Taipei City,Taipei,25.0504,121.5324,50,"Far EastTone Telecommunication Co., Ltd.",9674
2024-01-14 07:57:18.120276 UTC,2024,15:57:18,ndt-virtual-pnzgp_1704940095_0000000000010A0C,Download,11.338371692234988,22.96,0.00039532325134726911,Taipei City,Taipei,25.0504,121.5324,100,"Far EastTone Telecommunication Co., Ltd.",9674
2024-01-14 07:55:03.875645 UTC,2024,15:55:03,ndt-27r5s_1705045617_000000000002F315,Download,20.536775365911552,76.049,0.00032010994313054052,Taipei City,Taipei,25.0504,121.5324,100,"Far EastTone Telecommunication Co., Ltd.",9674
2024-01-14 07:54:51.466288 UTC,2024,15:54:51,ndt-2v49d_1699924444_00000000003FA950,Download,41.998677628034287,48.301,0.00054176349127385971,Taipei City,Taipei,25.0504,121.5324,100,"Far EastTone Telecommunication Co., Ltd.",9674
2024-01-14 07:54:21.866710 UTC,2024,15:54:21,ndt-virtual-pnzgp_1704940095_0000000000013830,Download,8.9615428310308118,25.198,0.00036903537865582927,Taipei City,Taipei,25.0504,121.5324,100,"Far EastTone Telecommunication Co., Ltd.",9674
2024-01-14 07:53:50.847037 UTC,2024,15:53:50,ndt-virtual-pnzgp_1704940095_000000000001295B,Download,244.06159985054089,25.96,0.0,Taipei City,Taipei,25.0504,121.5324,50,"Far EastTone Telecommunication Co., Ltd.",9674
2024-01-14 07:53:30.078383 UTC,2024,15:53:30,ndt-virtual-pnzgp_1704940095_00000000000109FC,Download,9.3410217137429079,20.431,0.00036178132935298026,Taipei City,Taipei,25.0504,121.5324,100,"Far EastTone Telecommunication Co., Ltd.",9674
2024-01-14 07:53:09.095861 UTC,2024,15:53:09,ndt-virtual-c8ztq_1704946707_0000000000016323,Download,15.230225976262894,21.776,0.0,Taipei City,Taipei,25.0504,121.5324,50,"Far EastTone Telecommunication Co., Ltd.",9674
2024-01-14 07:51:55.058022 UTC,2024,15:51:55,ndt-virtual-c8ztq_1704946707_0000000000016320,Download,162.56450102740891,21.936,6.81862149068485e-05,Taipei City,Taipei,25.0504,121.5324,50,"Far EastTone Telecommunication Co., Ltd.",9674
2024-01-14 07:46:02.242214 UTC,2024,15:46:02,ndt-virtual-c8ztq_1704946707_0000000000015309,Download,73.251740738031245,21.447,1.5328429353408475e-05,Taipei City,Taipei,25.0504,121.5324,20,"Far EastTone Telecommunication Co., Ltd.",9674
2024-01-14 07:43:55.090480 UTC,2024,15:43:55,ndt-virtual-pnzgp_1704940095_000000000001292A,Download,142.14664195509246,17.442,0.0,Taipei City,Taipei,25.0504,121.5324,50,"Far EastTone Telecommunication Co., Ltd.",9674
2024-01-14 07:42:56.739479 UTC,2024,15:42:56,ndt-2v49d_1699924444_00000000003FA940,Download,15.382213068759059,59.872,0.074830294473939421,Taipei City,Taipei,25.0504,121.5324,50,"Far EastTone Telecommunication Co., Ltd.",9674
2024-01-14 07:36:41.227483 UTC,2024,15:36:41,ndt-virtual-c8ztq_1704946707_00000000000162DA,Download,28.046363169160927,147.015,0.24393792197774838,Taipei City,Taipei,25.0504,121.5324,10,Mobile Business Group,17421
2024-01-14 07:33:42.009327 UTC,2024,15:33:42,ndt-virtual-c8ztq_1704946707_00000000000142DC,Download,30.627920309899206,23.875,0.0038160206090070508,Taipei City,Taipei,25.0504,121.5324,5,"Far EastTone Telecommunication Co., Ltd.",9674
2024-01-14 07:28:49.201487 UTC,2024,15:28:49,ndt-virtual-c8ztq_1704946707_00000000000142C3,Download,35.62514991786469,21.211,0.0020208201214751806,Taipei City,Taipei,25.0504,121.5324,10,"Taiwan Mobile Co., Ltd.",24158
2024-01-14 07:28:05.698459 UTC,2024,15:28:05,ndt-27r5s_1705045617_0000000000026444,Download,145.29757441830236,102.882,0.039114270224986238,Taipei City,Taipei,25.0504,121.5324,10,Mobile Business Group,17421
2024-01-14 07:27:36.391373 UTC,2024,15:27:36,ndt-virtual-c8ztq_1704946707_00000000000171E6,Download,7.8278053085785011,21.126,0.13163174071227354,Taipei City,Taipei,25.0504,121.5324,100,"Far EastTone Telecommunication Co., Ltd.",9674
2024-01-14 07:25:57.321437 UTC,2024,15:25:57,ndt-virtual-pnzgp_1704940095_00000000000128D4,Download,7.8654994007821788,28.087,0.0003753599769207237,Taipei City,Taipei,25.0504,121.5324,100,"Far EastTone Telecommunication Co., Ltd.",9674
2024-01-14 07:25:42.564432 UTC,2024,15:25:42,ndt-2v49d_1699924444_000000000040748C,Download,13.641624778558487,28.049,0.00024494928668653047,Taipei City,Taipei,25.0504,121.5324,10,Mobile Business Group,17421
2024-01-14 07:24:13.573248 UTC,2024,15:24:13,ndt-virtual-pnzgp_1704940095_00000000000128C9,Download,12.930047998873651,19.796,0.00050984614383921235,Taipei City,Taipei,25.0504,121.5324,10,Mobile Business Group,17421
2024-01-14 07:19:42.884138 UTC,2024,15:19:42,ndt-kc4gk_1705107907_000000000001DB74,Download,27.148563130927304,23.539,0.0895376498908312,Taipei City,Taipei,25.0504,121.5324,10,Mobile Business Group,17421
2024-01-14 07:19:19.100931 UTC,2024,15:19:19,ndt-27r5s_1705045617_0000000000025461,Download,2.9464004784552511,21.685,0.0028880866425992778,Taipei City,Taipei,25.0504,121.5324,10,Taiwan Star Telecom Corporation Limited.(Former Vibo Telecom Inc.),24157
2024-01-14 07:15:14.804722 UTC,2024,15:15:14,ndt-virtual-c8ztq_1704946707_0000000000015282,Download,15.449452098409493,25.579,0.0,Taipei City,Taipei,25.0504,121.5324,200,Taiwan Star Telecom Corporation Limited.(Former Vibo Telecom Inc.),24157
2024-01-14 07:13:05.935698 UTC,2024,15:13:05,ndt-27r5s_1705045617_0000000000010EDF,Download,10.289597275944589,144.977,0.00065506910088720157,Taipei City,Taipei,25.0504,121.5324,20,Mobile Business Group,17421
2024-01-14 07:11:51.795299 UTC,2024,15:11:51,ndt-2v49d_1699924444_00000000003F4BF0,Download,12.582132066048382,51.814,0.0645521501515641,Taipei City,Taipei,25.0504,121.5324,100,"Far EastTone Telecommunication Co., Ltd.",9674
2024-01-14 07:11:43.914963 UTC,2024,15:11:43,ndt-2v49d_1699924444_00000000003FD907,Download,12.6898300099552,18.673,0.00016644474034620507,Taipei City,Taipei,25.0504,121.5324,20,Taiwan Star Telecom Corporation Limited.(Former Vibo Telecom Inc.),24157
2024-01-14 07:11:10.001802 UTC,2024,15:11:10,ndt-27r5s_1705045617_0000000000024565,Download,180.45156295809821,24.61,0.12131686227470141,Taipei City,Taipei,25.0504,121.5324,100,"Far EastTone Telecommunication Co., Ltd.",9674
2024-01-14 07:06:57.205562 UTC,2024,15:06:57,ndt-virtual-c8ztq_1704946707_000000000001425A,Download,22.33135764951858,29.062,0.0,Taipei City,Taipei,25.0504,121.5324,10,"Taiwan Mobile Co., Ltd.",24158
2024-01-14 07:05:27.217401 UTC,2024,15:05:27,ndt-virtual-pnzgp_1704940095_0000000000012866,Download,33.8604264750691,21.005,3.4248745633531326e-05,Taipei City,Taipei,25.0504,121.5324,100,"Far EastTone Telecommunication Co., Ltd.",9674
2024-01-14 07:04:26.984851 UTC,2024,15:04:26,ndt-virtual-pnzgp_1704940095_0000000000010923,Download,42.518617800338369,25.936,0.0,Taipei City,Taipei,25.0504,121.5324,100,"Far EastTone Telecommunication Co., Ltd.",9674
2024-01-14 07:03:48.117188 UTC,2024,15:03:48,ndt-kc4gk_1705107907_0000000000016B79,Download,104.42150532043344,19.298,0.0,Taipei City,Taipei,25.0504,121.5324,10,Mobile Business Group,17421
2024-01-14 06:52:31.134780 UTC,2024,14:52:31,ndt-virtual-c8ztq_1704946707_00000000000170FD,Download,17.850971336576205,89.156,0.19814747907383159,Taipei City,Taipei,25.0504,121.5324,10,Mobile Business Group,17421
2024-01-14 06:50:51.760811 UTC,2024,14:50:51,ndt-27r5s_1705045617_000000000002069E,Download,19.607869122446694,53.258,0.070925344139935592,Taipei City,Taipei,25.0504,121.5324,50,"Far EastTone Telecommunication Co., Ltd.",9674
2024-01-14 06:50:46.175638 UTC,2024,14:50:46,ndt-virtual-pnzgp_1704940095_0000000000012816,Download,13.723272302086354,19.558,0.11723668538369916,Taipei City,Taipei,25.0504,121.5324,50,"Far EastTone Telecommunication Co., Ltd.",9674
2024-01-14 06:46:55.299588 UTC,2024,14:46:55,ndt-27r5s_1705045617_0000000000005E99,Download,21.674009303203828,23.981,0.000291963122334894,Taipei City,Taipei,25.0504,121.5324,20,Taiwan Star Telecom Corporation Limited.(Former Vibo Telecom Inc.),24157
2024-01-14 06:40:21.763720 UTC,2024,14:40:21,ndt-kc4gk_1705107907_0000000000007B54,Download,18.924145401524022,90.382,0.0,Taipei City,Taipei,25.0504,121.5324,10,Mobile Business Group,17421
2024-01-14 06:38:42.619566 UTC,2024,14:38:42,ndt-virtual-pnzgp_1704940095_00000000000136F8,Download,24.19642427149029,21.111,0.0,Taipei City,Taipei,25.0504,121.5324,10,Mobile Business Group,17421
2024-01-14 06:36:05.503838 UTC,2024,14:36:05,ndt-virtual-pnzgp_1704940095_00000000000108B3,Download,16.565220121735855,22.694,0.0,Taipei City,Taipei,25.0504,121.5324,10,Mobile Business Group,17421
2024-01-14 06:35:30.457260 UTC,2024,14:35:30,ndt-2v49d_1699924444_000000000040E1B1,Download,16.502403584050079,29.521,0.0,Taipei City,Taipei,25.0504,121.5324,10,Mobile Business Group,17421
2024-01-14 06:17:05.871103 UTC,2024,14:17:05,ndt-kc4gk_1705107907_0000000000009971,Download,11.559034660131728,27.982,0.0023626905662921679,Taipei City,Taipei,25.0504,121.5324,10,Mobile Business Group,17421
2024-01-14 06:09:15.748853 UTC,2024,14:09:15,ndt-27r5s_1705045617_000000000002C2F8,Download,10.68854668720601,19.502,0.0,Taipei City,Taipei,25.0504,121.5324,10,Mobile Business Group,17421
2024-01-14 06:06:00.742196 UTC,2024,14:06:00,ndt-27r5s_1705045617_0000000000020636,Download,26.529350510461548,26.917,0.0637229379201437,Taipei City,Taipei,25.0504,121.5324,10,Mobile Business Group,17421
2024-01-14 06:01:53.489763 UTC,2024,14:01:53,ndt-2v49d_1699924444_000000000040F0BB,Download,54.49854813365603,150.687,0.032026425103848656,Taipei City,Taipei,25.0504,121.5324,5,Mobile Business Group,17421
2024-01-14 06:01:24.309567 UTC,2024,14:01:24,ndt-virtual-pnzgp_1704940095_0000000000012760,Download,56.232128322911066,149.835,0.0089394400420694017,Taipei City,Taipei,25.0504,121.5324,5,Mobile Business Group,17421
2024-01-14 05:42:36.430363 UTC,2024,13:42:36,ndt-virtual-c8ztq_1704946707_0000000000014052,Download,1.0223665216993267,31.65,0.0,Taipei City,Taipei,25.0504,121.5324,10,"Taiwan Mobile Co., Ltd.",24158
2024-01-14 05:41:16.097350 UTC,2024,13:41:16,ndt-virtual-pnzgp_1704940095_00000000000116F8,Download,18.980759639126866,24.489,0.059152604669664072,Taipei City,Taipei,25.0504,121.5324,10,"Taiwan Mobile Co., Ltd.",24158
2024-01-14 05:38:57.067188 UTC,2024,13:38:57,ndt-virtual-pnzgp_1704940095_00000000000107C1,Download,41.605294487651513,29.841,0.0,Taipei City,Taipei,25.0504,121.5324,50,"Far EastTone Telecommunication Co., Ltd.",9674
2024-01-14 05:27:45.587587 UTC,2024,13:27:45,ndt-kc4gk_1705107907_0000000000016AED,Download,26.647720204515551,32.37,0.00073808722926981853,Taipei City,Taipei,25.0504,121.5324,10,Mobile Business Group,17421
2024-01-14 05:25:32.360182 UTC,2024,13:25:32,ndt-27r5s_1705045617_00000000000292EC,Download,34.110723788828039,35.752,0.0,Taipei City,Taipei,25.0504,121.5324,10,"Taiwan Mobile Co., Ltd.",24158
2024-01-14 05:25:01.846904 UTC,2024,13:25:01,ndt-27r5s_1705045617_0000000000022494,Download,2.1326828562421509,29.209,0.053475336322869958,Taipei City,Taipei,25.0504,121.5324,10,"Taiwan Mobile Co., Ltd.",24158
2024-01-14 05:24:59.403854 UTC,2024,13:24:59,ndt-kc4gk_1705107907_0000000000007AF2,Download,19.883100745804338,26.75,0.039463612428607568,Taipei City,Taipei,25.0504,121.5324,100,"Far EastTone Telecommunication Co., Ltd.",9674
2024-01-14 05:19:19.972322 UTC,2024,13:19:19,ndt-virtual-pnzgp_1704940095_0000000000011655,Download,19.826961522419591,20.993,0.00034881316830640208,Taipei City,Taipei,25.0504,121.5324,100,"Far EastTone Telecommunication Co., Ltd.",9674
2024-01-14 05:18:45.426049 UTC,2024,13:18:45,ndt-27r5s_1705045617_000000000002D2AD,Download,36.063392940088946,43.46,0.00023625145377158363,Taipei City,Taipei,25.0504,121.5324,100,"Far EastTone Telecommunication Co., Ltd.",9674
2024-01-14 05:01:48.556758 UTC,2024,13:01:48,ndt-virtual-c8ztq_1704946707_0000000000013EFF,Download,179.79946285443103,23.518,0.0,Taipei City,Taipei,25.0504,121.5324,10,"Taiwan Mobile Co., Ltd.",24158
2024-01-14 05:01:04.019663 UTC,2024,13:01:04,ndt-27r5s_1705045617_000000000002531C,Download,10.366216473741478,71.593,0.30780203026311148,Taipei City,Taipei,25.0504,121.5324,50,"Far EastTone Telecommunication Co., Ltd.",9674
2024-01-14 04:59:36.822430 UTC,2024,12:59:36,ndt-virtual-c8ztq_1704946707_0000000000011F88,Download,3.5098541933350202,36.065,0.0,Taipei City,Taipei,25.0504,121.5324,50,"Far EastTone Telecommunication Co., Ltd.",9674
2024-01-14 04:53:37.994413 UTC,2024,12:53:37,ndt-2v49d_1699924444_0000000000407390,Download,278.287955747857,20.03,4.3459972120729694e-06,Taipei City,Taipei,25.0504,121.5324,10,"Taiwan Mobile Co., Ltd.",24158
2024-01-14 04:53:30.918504 UTC,2024,12:53:30,ndt-27r5s_1705045617_000000000002242B,Download,216.29707470241107,18.621,0.0,Taipei City,Taipei,25.0504,121.5324,10,Mobile Business Group,17421
2024-01-14 04:51:11.616290 UTC,2024,12:51:11,ndt-kc4gk_1705107907_0000000000007ABD,Download,0.85556753592506685,99.928,0.0,Taipei City,Taipei,25.0504,121.5324,10,Mobile Business Group,17421
2024-01-14 04:47:05.233276 UTC,2024,12:47:05,ndt-virtual-pnzgp_1704940095_00000000000125D7,Download,78.455897855180808,28.407,5.9475914596452571e-05,Taipei City,Taipei,25.0504,121.5324,100,"Far EastTone Telecommunication Co., Ltd.",9674
2024-01-14 04:33:58.268218 UTC,2024,12:33:58,ndt-virtual-c8ztq_1704946707_0000000000010F38,Download,125.13629720785408,28.176,0.0033401441324797184,Taipei City,Taipei,25.0504,121.5324,10,"Taiwan Mobile Co., Ltd.",24158
2024-01-14 04:29:55.307611 UTC,2024,12:29:55,ndt-27r5s_1705045617_000000000002F168,Download,57.077348792863482,26.416,0.0,Taipei City,Taipei,25.0504,121.5324,20,Taiwan Star Telecom Corporation Limited.(Former Vibo Telecom Inc.),24157
2024-01-14 04:24:02.256981 UTC,2024,12:24:02,ndt-virtual-pnzgp_1704940095_0000000000013498,Download,9.9827550198907513,17.986,0.17911076530357603,Taipei City,Taipei,25.0504,121.5324,50,"Far EastTone Telecommunication Co., Ltd.",9674
2024-01-14 04:20:23.581899 UTC,2024,12:20:23,ndt-27r5s_1705045617_00000000000243C1,Download,16.698984537691338,26.128,0.048100286943414144,Taipei City,Taipei,25.0504,121.5324,10,"Taiwan Mobile Co., Ltd.",24158
2024-01-14 04:17:59.874638 UTC,2024,12:17:59,ndt-kc4gk_1705107907_000000000001CA15,Download,13.226480706111422,35.662,0.28231180790178784,Taipei City,Taipei,25.0504,121.5324,50,"Far EastTone Telecommunication Co., Ltd.",9674
2024-01-14 04:10:01.688078 UTC,2024,12:10:01,ndt-virtual-pnzgp_1704940095_0000000000012534,Download,9.5358830407466311,15.185,0.041729191860704104,Taipei City,Taipei,25.0504,121.5324,20,Taiwan Star Telecom Corporation Limited.(Former Vibo Telecom Inc.),24157
2024-01-14 04:07:50.551311 UTC,2024,12:07:50,ndt-27r5s_1705045617_000000000002E1E0,Download,5.2094095548155561,18.965,0.0008524181660056622,Taipei City,Taipei,25.0504,121.5324,20,Taiwan Star Telecom Corporation Limited.(Former Vibo Telecom Inc.),24157
2024-01-14 04:07:16.764711 UTC,2024,12:07:16,ndt-virtual-pnzgp_1704940095_00000000000105C2,Download,0.19960715243030511,18.457,0.076031542270309921,Taipei City,Taipei,25.0504,121.5324,20,Taiwan Star Telecom Corporation Limited.(Former Vibo Telecom Inc.),24157
2024-01-14 04:07:10.179957 UTC,2024,12:07:10,ndt-27r5s_1705045617_000000000001DE26,Download,78.738008807337536,24.671,0.0,Taipei City,Taipei,25.0504,121.5324,10,"Taiwan Mobile Co., Ltd.",24158
2024-01-14 04:05:05.963493 UTC,2024,12:05:05,ndt-virtual-pnzgp_1704940095_0000000000013444,Download,14.174890709192804,20.05,0.0,Taipei City,Taipei,25.0504,121.5324,100,"Far EastTone Telecommunication Co., Ltd.",9674
2024-01-14 04:03:05.419431 UTC,2024,12:03:05,ndt-virtual-pnzgp_1704940095_00000000000105B2,Download,0.67486061180920165,22.833,0.0052728978122544177,Taipei City,Taipei,25.0504,121.5324,20,Taiwan Star Telecom Corporation Limited.(Former Vibo Telecom Inc.),24157
2024-01-14 04:00:52.078707 UTC,2024,12:00:52,ndt-2v49d_1699924444_00000000003FE7FA,Download,2.1895796726961927,24.011,0.039545356462674382,Taipei City,Taipei,25.0504,121.5324,20,Taiwan Star Telecom Corporation Limited.(Former Vibo Telecom Inc.),24157
2024-01-14 04:00:01.412384 UTC,2024,12:00:01,ndt-virtual-c8ztq_1704946707_0000000000012E11,Download,0.73934222698999574,21.839,0.041001769875290292,Taipei City,Taipei,25.0504,121.5324,20,Taiwan Star Telecom Corporation Limited.(Former Vibo Telecom Inc.),24157
2024-01-08 03:57:46.708753 UTC,2024,11:57:46,ndt-virtual-gxglj_1700353924_0000000000121892,Download,2.5896016181500308,27.928,0.0050456978579413092,Taipei City,Taipei,25.0504,121.5324,100,"Far EastTone Telecommunication Co., Ltd.",9674
2024-01-08 03:55:32.666997 UTC,2024,11:55:32,ndt-2v49d_1699924444_000000000039C46A,Download,3.1685747085201927,21.936,0.001658374792703151,Taipei City,Taipei,25.0504,121.5324,10,Taiwan Star Telecom Corporation Limited.(Former Vibo Telecom Inc.),24157
2024-01-08 03:48:39.254307 UTC,2024,11:48:39,ndt-virtual-gxglj_1700353924_000000000012269C,Download,4.201399833639786,25.254,0.0,Taipei City,Taipei,25.0504,121.5324,20,Mobile Business Group,17421
2024-01-08 03:48:29.687460 UTC,2024,11:48:29,ndt-2v49d_1699924444_000000000039E2D7,Download,17.788224623793262,20.807,0.0,Taipei City,Taipei,25.0504,121.5324,20,Taiwan Star Telecom Corporation Limited.(Former Vibo Telecom Inc.),24157
2024-01-08 03:45:34.036228 UTC,2024,11:45:34,ndt-2v49d_1699924444_000000000038DF24,Download,5.1881976527055755,25.791,0.002853917222465929,Taipei City,Taipei,25.0504,121.5324,100,"Far EastTone Telecommunication Co., Ltd.",9674
2024-01-08 03:42:41.341008 UTC,2024,11:42:41,ndt-virtual-6t4gv_1700449809_0000000000124933,Download,26.148804652597274,22.534,0.0,Taipei City,Taipei,25.0504,121.5324,20,Taiwan Star Telecom Corporation Limited.(Former Vibo Telecom Inc.),24157
2024-01-08 03:38:46.792866 UTC,2024,11:38:46,ndt-virtual-6t4gv_1700449809_0000000000124929,Download,34.996589484154349,20.959,6.2119268725477139e-05,Taipei City,Taipei,25.0504,121.5324,50,"Far EastTone Telecommunication Co., Ltd.",9674
2024-01-08 03:30:23.350630 UTC,2024,11:30:23,ndt-virtual-6t4gv_1700449809_0000000000126059,Download,8.8701624089839317,23.416,0.0,Taipei City,Taipei,25.0504,121.5324,20,Taiwan Star Telecom Corporation Limited.(Former Vibo Telecom Inc.),24157
2024-01-08 03:29:23.751516 UTC,2024,11:29:23,ndt-2v49d_1699924444_000000000039D355,Download,47.92816612326331,48.985,0.052488186745779111,Taipei City,Taipei,25.0504,121.5324,100,"Far EastTone Telecommunication Co., Ltd.",9674
2024-01-08 03:24:19.263079 UTC,2024,11:24:19,ndt-virtual-6t4gv_1700449809_000000000012505F,Download,19.283494653299581,28.524,0.0041070105582011757,Taipei City,Taipei,25.0504,121.5324,20,"Far EastTone Telecommunication Co., Ltd.",9674
2024-01-08 03:07:06.582569 UTC,2024,11:07:06,ndt-virtual-6t4gv_1700449809_00000000001248B2,Download,1.7509507615968558,117.003,0.0,Taipei City,Taipei,25.0504,121.5324,5,Mobile Business Group,17421
2024-01-08 03:07:04.466237 UTC,2024,11:07:04,ndt-virtual-6t4gv_1700449809_0000000000123FAE,Download,35.328066077348709,33.182,0.0,Taipei City,Taipei,25.0504,121.5324,10,Mobile Business Group,17421
2024-01-08 03:06:39.916358 UTC,2024,11:06:39,ndt-virtual-gxglj_1700353924_00000000001233E7,Download,3.0329006443888629,36.604,0.0,Taipei City,Taipei,25.0504,121.5324,10,"Taiwan Mobile Co., Ltd.",24158
2024-01-08 03:06:13.354487 UTC,2024,11:06:13,ndt-2v49d_1699924444_00000000003A119D,Download,114.4047064964047,27.943,0.0,Taipei City,Taipei,25.0504,121.5324,10,Mobile Business Group,17421
2024-01-08 03:04:51.787038 UTC,2024,11:04:51,ndt-virtual-gxglj_1700353924_0000000000124206,Download,30.17013137924182,19.375,0.0,Taipei City,Taipei,25.0504,121.5324,10,"Taiwan Mobile Co., Ltd.",24158
2024-01-08 02:45:16.272976 UTC,2024,10:45:16,ndt-virtual-gxglj_1700353924_000000000012339E,Download,6.7772239814355464,19.006,0.0,Taipei City,Taipei,25.0504,121.5324,20,"Taiwan Mobile Co., Ltd.",24158
2024-01-08 02:39:26.321314 UTC,2024,10:39:26,ndt-virtual-6t4gv_1700449809_0000000000122FB5,Download,133.04595821861926,22.586,0.0030825886782680544,Taipei City,Taipei,25.0504,121.5324,10,Mobile Business Group,17421
2024-01-08 02:30:24.994505 UTC,2024,10:30:24,ndt-virtual-gxglj_1700353924_0000000000121767,Download,69.569334083021616,20.811,1.5878242161450651e-05,Taipei City,Taipei,25.0504,121.5324,100,"Far EastTone Telecommunication Co., Ltd.",9674
2024-01-08 02:27:14.912669 UTC,2024,10:27:14,ndt-virtual-6t4gv_1700449809_0000000000123F17,Download,19.747360803916898,20.109,0.0,Taipei City,Taipei,25.0504,121.5324,20,"Taiwan Mobile Co., Ltd.",24158
2024-01-08 02:18:31.369909 UTC,2024,10:18:31,ndt-virtual-6t4gv_1700449809_0000000000123EFA,Download,43.468639503889463,21.466,0.0,Taipei City,Taipei,25.0504,121.5324,100,"Far EastTone Telecommunication Co., Ltd.",9674
2024-01-08 02:12:20.270821 UTC,2024,10:12:20,ndt-27r5s_1700174223_0000000000384E40,Download,0.29925109222166479,33.257,0.0,Taipei City,Taipei,25.0504,121.5324,20,Taiwan Star Telecom Corporation Limited.(Former Vibo Telecom Inc.),24157
2024-01-08 02:11:36.598721 UTC,2024,10:11:36,ndt-27r5s_1700174223_0000000000390609,Download,0.2550935300205901,22.062,0.0019205330459066189,Taipei City,Taipei,25.0504,121.5324,20,Taiwan Star Telecom Corporation Limited.(Former Vibo Telecom Inc.),24157
2024-01-08 02:10:53.586748 UTC,2024,10:10:53,ndt-27r5s_1700174223_0000000000389C0B,Download,0.17679795396963446,19.95,0.0079185001833516691,Taipei City,Taipei,25.0504,121.5324,20,Taiwan Star Telecom Corporation Limited.(Former Vibo Telecom Inc.),24157
2024-01-08 02:06:03.855146 UTC,2024,10:06:03,ndt-virtual-gxglj_1700353924_000000000012413C,Download,12.956643469166098,21.068,0.0,Taipei City,Taipei,25.0504,121.5324,20,Mobile Business Group,17421
2024-01-08 02:03:32.914743 UTC,2024,10:03:32,ndt-kc4gk_1699966477_00000000003A2B58,Download,0.14212961484309466,19.033,0.0,Taipei City,Taipei,25.0504,121.5324,20,Taiwan Star Telecom Corporation Limited.(Former Vibo Telecom Inc.),24157
2024-01-08 02:02:52.203616 UTC,2024,10:02:52,ndt-virtual-gxglj_1700353924_0000000000123318,Download,0.14656113045029878,16.987,0.0044506873313236847,Taipei City,Taipei,25.0504,121.5324,20,Taiwan Star Telecom Corporation Limited.(Former Vibo Telecom Inc.),24157
2024-01-08 02:01:58.120649 UTC,2024,10:01:58,ndt-2v49d_1699924444_0000000000399685,Download,4.8409792186577407,16.846,0.13024398233463569,Taipei City,Taipei,25.0504,121.5324,20,Taiwan Star Telecom Corporation Limited.(Former Vibo Telecom Inc.),24157
2024-01-08 02:01:54.913844 UTC,2024,10:01:54,ndt-2v49d_1699924444_000000000039D2CA,Download,20.894858904291215,38.0,0.081617225159029985,Taipei City,Taipei,25.0504,121.5324,100,"Far EastTone Telecommunication Co., Ltd.",9674
2024-01-08 01:57:10.463641 UTC,2024,09:57:10,ndt-kc4gk_1699966477_00000000003AF3DF,Download,3.0366780780248486,23.418,0.10554261147573894,Taipei City,Taipei,25.0504,121.5324,10,Mobile Business Group,17421
2024-01-08 01:52:51.580472 UTC,2024,09:52:51,ndt-27r5s_1700174223_0000000000384E1F,Download,53.315700018579378,49.218,2.1074093413309814e-05,Taipei City,Taipei,25.0504,121.5324,100,"Far EastTone Telecommunication Co., Ltd.",9674
2024-01-08 01:47:03.848594 UTC,2024,09:47:03,ndt-kc4gk_1699966477_00000000003A736C,Download,201.58509960600682,22.76,0.010608262617504322,Taipei City,Taipei,25.0504,121.5324,20,Mobile Business Group,17421
2024-01-08 01:29:29.285083 UTC,2024,09:29:29,ndt-virtual-6t4gv_1700449809_00000000001246E2,Download,97.803059996913873,21.124,1.1255823500061866e-05,Taipei City,Taipei,25.0504,121.5324,50,"Far EastTone Telecommunication Co., Ltd.",9674
2024-01-08 01:23:45.256858 UTC,2024,09:23:45,ndt-virtual-gxglj_1700353924_0000000000121678,Download,1.0044927035373072,113.689,0.0,Taipei City,Taipei,25.0504,121.5324,10,Mobile Business Group,17421
2024-01-08 00:35:44.296090 UTC,2024,08:35:44,ndt-kc4gk_1699966477_00000000003A1B68,Download,2.0199656632420009,52.332,0.053209931897479634,Taipei City,Taipei,25.0504,121.5324,50,"Far EastTone Telecommunication Co., Ltd.",9674
2024-01-08 00:34:40.166655 UTC,2024,08:34:40,ndt-virtual-6t4gv_1700449809_0000000000123CF3,Download,157.84485670705044,19.193,0.0,Taipei City,Taipei,25.0504,121.5324,10,Mobile Business Group,17421
2024-01-08 00:30:12.585464 UTC,2024,08:30:12,ndt-virtual-gxglj_1700353924_000000000012158D,Download,20.029020395920938,16.376,0.0,Taipei City,Taipei,25.0504,121.5324,20,Mobile Business Group,17421
2024-01-08 00:26:08.631001 UTC,2024,08:26:08,ndt-2v49d_1699924444_00000000003A409B,Download,59.702118534357716,23.26,0.0,Taipei City,Taipei,25.0504,121.5324,20,Mobile Business Group,17421
2024-01-08 00:18:23.380276 UTC,2024,08:18:23,ndt-virtual-gxglj_1700353924_0000000000121554,Download,1.3441751859608964,20.845,0.14424266415953288,Taipei City,Taipei,25.0504,121.5324,20,"Taiwan Mobile Co., Ltd.",24158
2024-01-08 00:18:17.420380 UTC,2024,08:18:17,ndt-virtual-gxglj_1700353924_000000000012316B,Download,37.8044516749242,17.626,0.055503238534891891,Taipei City,Taipei,25.0504,121.5324,20,"Taiwan Mobile Co., Ltd.",24158
2024-01-08 00:10:55.311968 UTC,2024,08:10:55,ndt-virtual-6t4gv_1700449809_0000000000121D2B,Download,111.53278563286203,21.493,0.0,Taipei City,Taipei,25.0504,121.5324,100,"Far EastTone Telecommunication Co., Ltd.",9674
2024-01-07 23:33:32.802474 UTC,2024,07:33:32,ndt-2v49d_1699924444_0000000000396604,Download,25.103221768439187,21.197,0.0,Taipei City,Taipei,25.0504,121.5324,20,Taiwan Star Telecom Corporation Limited.(Former Vibo Telecom Inc.),24157
2024-01-07 23:32:31.942124 UTC,2024,07:32:31,ndt-virtual-gxglj_1700353924_000000000012144D,Download,52.489944985751968,17.638,0.000358723815007877,Taipei City,Taipei,25.0504,121.5324,10,Mobile Business Group,17421
2024-01-07 23:30:39.682039 UTC,2024,07:30:39,ndt-2v49d_1699924444_00000000003995A8,Download,234.82302922628907,17.575,0.0,Taipei City,Taipei,25.0504,121.5324,10,Mobile Business Group,17421
2024-01-07 23:26:26.545604 UTC,2024,07:26:26,ndt-virtual-6t4gv_1700449809_0000000000122C3E,Download,191.26870644422911,10.842,0.0,Taipei City,Taipei,25.0504,121.5324,10,Mobile Business Group,17421
2024-01-07 23:17:50.759262 UTC,2024,07:17:50,ndt-virtual-6t4gv_1700449809_0000000000122C1B,Download,72.403708308113963,21.703,0.0,Taipei City,Taipei,25.0504,121.5324,10,Mobile Business Group,17421
2024-01-07 23:17:12.286548 UTC,2024,07:17:12,ndt-virtual-6t4gv_1700449809_0000000000122C17,Download,35.3234085655031,18.34,0.0,Taipei City,Taipei,25.0504,121.5324,20,"Taiwan Mobile Co., Ltd.",24158
2024-01-07 23:16:14.957193 UTC,2024,07:16:14,ndt-virtual-6t4gv_1700449809_0000000000122C15,Download,30.85532986015571,17.04,0.0,Taipei City,Taipei,25.0504,121.5324,20,"Taiwan Mobile Co., Ltd.",24158
2024-01-07 23:15:56.003698 UTC,2024,07:15:56,ndt-kc4gk_1699966477_00000000003A923F,Download,35.453705427139816,24.511,0.13545672331785527,Taipei City,Taipei,25.0504,121.5324,20,"Taiwan Mobile Co., Ltd.",24158
2024-01-07 23:14:58.992331 UTC,2024,07:14:58,ndt-virtual-6t4gv_1700449809_0000000000124504,Download,155.16940582730717,17.557,0.0,Taipei City,Taipei,25.0504,121.5324,20,"Taiwan Mobile Co., Ltd.",24158
2024-01-07 23:07:48.383683 UTC,2024,07:07:48,ndt-kc4gk_1699966477_0000000000387B01,Download,82.1102435483871,24.665,0.0,Taipei City,Taipei,25.0504,121.5324,20,Mobile Business Group,17421
2024-01-07 22:57:07.967007 UTC,2024,06:57:07,ndt-virtual-gxglj_1700353924_000000000011FFA8,Download,14.059984639423925,21.996,0.068790520307472472,Taipei City,Taipei,25.0504,121.5324,10,Mobile Business Group,17421
2024-01-07 22:57:05.393005 UTC,2024,06:57:05,ndt-virtual-gxglj_1700353924_000000000011FFA7,Download,66.947010831212012,20.011,0.0,Taipei City,Taipei,25.0504,121.5324,50,"Far EastTone Telecommunication Co., Ltd.",9674
2024-01-07 22:51:02.302026 UTC,2024,06:51:02,ndt-27r5s_1700174223_00000000003904B2,Download,157.27374630342763,22.696,0.0,Taipei City,Taipei,25.0504,121.5324,20,Mobile Business Group,17421
2024-01-07 22:29:15.137541 UTC,2024,06:29:15,ndt-27r5s_1700174223_000000000037AA6C,Download,53.081639859594709,22.863,0.0,Taipei City,Taipei,25.0504,121.5324,20,Mobile Business Group,17421
2024-01-07 22:11:48.561996 UTC,2024,06:11:48,ndt-kc4gk_1699966477_00000000003AB120,Download,11.042785552609592,17.808,0.00019512195121951221,Taipei City,Taipei,25.0504,121.5324,10,Taiwan Star Telecom Corporation Limited.(Former Vibo Telecom Inc.),24157
2024-01-07 21:58:07.051544 UTC,2024,05:58:07,ndt-27r5s_1700174223_000000000037BE8C,Download,5.9212651275233421,27.927,0.0,Taipei City,Taipei,25.0504,121.5324,10,Mobile Business Group,17421
2024-01-07 21:38:37.363811 UTC,2024,05:38:37,ndt-virtual-6t4gv_1700449809_0000000000122A2C,Download,0.89106941589869393,28.052,0.18494416779840048,Taipei City,Taipei,25.0504,121.5324,20,"Taiwan Mobile Co., Ltd.",24158
2024-01-07 21:38:27.292219 UTC,2024,05:38:27,ndt-virtual-6t4gv_1700449809_0000000000123A0A,Download,15.387063081867932,21.046,0.048400292920713309,Taipei City,Taipei,25.0504,121.5324,20,"Taiwan Mobile Co., Ltd.",24158
2024-01-07 21:37:48.923287 UTC,2024,05:37:48,ndt-2v49d_1699924444_000000000039B24F,Download,0.81833550319320991,30.001,0.11597187977875531,Taipei City,Taipei,25.0504,121.5324,10,"Taiwan Mobile Co., Ltd.",24158
2024-01-07 21:25:48.095631 UTC,2024,05:25:48,ndt-virtual-gxglj_1700353924_0000000000121279,Download,86.283318825848681,19.375,0.0,Taipei City,Taipei,25.0504,121.5324,10,Mobile Business Group,17421
2024-01-07 21:18:54.646126 UTC,2024,05:18:54,ndt-kc4gk_1699966477_00000000003AF169,Download,7.0382072273539631,53.888,0.051931626874005536,Taipei City,Taipei,25.0504,121.5324,100,"Far EastTone Telecommunication Co., Ltd.",9674
2024-01-07 20:58:55.043667 UTC,2024,04:58:55,ndt-27r5s_1700174223_000000000037BE3C,Download,1.3346386458758639,28.581,0.12955061578327057,Taipei City,Taipei,25.0504,121.5324,20,"Taiwan Mobile Co., Ltd.",24158
2024-01-07 20:25:00.004012 UTC,2024,04:25:00,ndt-virtual-gxglj_1700353924_000000000011FDEB,Download,33.138354867465033,18.467,3.511573341207893e-05,Taipei City,Taipei,25.0504,121.5324,20,"Taiwan Mobile Co., Ltd.",24158
2024-01-07 20:21:56.060021 UTC,2024,04:21:56,ndt-virtual-gxglj_1700353924_000000000011FDDF,Download,0.63847287813734077,23.659,0.075601531498835514,Taipei City,Taipei,25.0504,121.5324,10,"Taiwan Mobile Co., Ltd.",24158
2024-01-07 20:21:50.603086 UTC,2024,04:21:50,ndt-virtual-gxglj_1700353924_00000000001211B1,Download,76.028978737781785,17.591,0.0,Taipei City,Taipei,25.0504,121.5324,10,"Taiwan Mobile Co., Ltd.",24158
2024-01-07 20:19:36.544857 UTC,2024,04:19:36,ndt-virtual-gxglj_1700353924_000000000011EF90,Download,1.9024921091209119,29.863,0.088200723853413862,Taipei City,Taipei,25.0504,121.5324,20,"Taiwan Mobile Co., Ltd.",24158
2024-01-07 20:19:31.298391 UTC,2024,04:19:31,ndt-virtual-6t4gv_1700449809_00000000001241B0,Download,1.034376552488822,23.612,0.097300215982721386,Taipei City,Taipei,25.0504,121.5324,20,"Taiwan Mobile Co., Ltd.",24158
2024-01-07 20:19:25.175297 UTC,2024,04:19:25,ndt-virtual-gxglj_1700353924_000000000011EF8F,Download,2.0241643781806173,28.943,0.057850637930841352,Taipei City,Taipei,25.0504,121.5324,20,"Taiwan Mobile Co., Ltd.",24158
2024-01-07 20:19:18.517575 UTC,2024,04:19:18,ndt-2v49d_1699924444_00000000003955F4,Download,14.299815431598731,27.948,0.13930864857534647,Taipei City,Taipei,25.0504,121.5324,20,"Taiwan Mobile Co., Ltd.",24158
2024-01-07 19:46:54.371227 UTC,2024,03:46:54,ndt-virtual-gxglj_1700353924_000000000012114D,Download,59.7888220048842,15.964,0.0,Taipei City,Taipei,25.0504,121.5324,20,"Taiwan Mobile Co., Ltd.",24158
2024-01-07 18:56:44.543412 UTC,2024,02:56:44,ndt-virtual-6t4gv_1700449809_0000000000122732,Download,133.04028102655766,31.426,0.0,Taipei City,Taipei,25.0504,121.5324,20,Taiwan Star Telecom Corporation Limited.(Former Vibo Telecom Inc.),24157
2024-01-07 18:51:28.139215 UTC,2024,02:51:28,ndt-27r5s_1700174223_0000000000382BC5,Download,38.055899200755036,35.296,0.0,Taipei City,Taipei,25.0504,121.5324,100,Mobile Business Group,17421
2024-01-07 18:38:47.357764 UTC,2024,02:38:47,ndt-virtual-6t4gv_1700449809_00000000001236DB,Download,44.502852628763279,37.265,0.0,Taipei City,Taipei,25.0504,121.5324,100,Mobile Business Group,17421
2024-01-07 18:34:03.754638 UTC,2024,02:34:03,ndt-virtual-6t4gv_1700449809_0000000000121732,Download,32.91238079982049,24.558,0.047048038219559558,Taipei City,Taipei,25.0504,121.5324,10,Mobile Business Group,17421
2024-01-07 18:33:37.443388 UTC,2024,02:33:37,ndt-virtual-gxglj_1700353924_0000000000120A6E,Download,50.80772339701425,25.013,0.069877960504814041,Taipei City,Taipei,25.0504,121.5324,10,Mobile Business Group,17421
2024-01-07 18:32:28.571415 UTC,2024,02:32:28,ndt-kc4gk_1699966477_000000000039F38E,Download,21.593087316052969,22.432,0.020927963397690045,Taipei City,Taipei,25.0504,121.5324,10,Mobile Business Group,17421
2024-01-07 18:28:48.518798 UTC,2024,02:28:48,ndt-27r5s_1700174223_0000000000381B94,Download,6.3249288928762581,21.996,0.021922345041647938,Taipei City,Taipei,25.0504,121.5324,10,Mobile Business Group,17421
2024-01-07 18:24:05.844947 UTC,2024,02:24:05,ndt-kc4gk_1699966477_0000000000398E03,Download,201.39671026138291,22.884,0.0,Taipei City,Taipei,25.0504,121.5324,20,Mobile Business Group,17421
2024-01-07 17:40:23.186342 UTC,2024,01:40:23,ndt-virtual-6t4gv_1700449809_0000000000120F33,Download,77.375819771253234,24.328,0.0,Taipei City,Taipei,25.0504,121.5324,100,"Far EastTone Telecommunication Co., Ltd.",9674
2024-01-07 17:40:16.182936 UTC,2024,01:40:16,ndt-virtual-6t4gv_1700449809_000000000012164E,Download,60.358997685586012,22.118,3.680900702611811e-05,Taipei City,Taipei,25.0504,121.5324,100,"Far EastTone Telecommunication Co., Ltd.",9674
2024-01-07 17:40:14.115196 UTC,2024,01:40:14,ndt-virtual-6t4gv_1700449809_00000000001235DF,Download,194.33134672515632,18.685,1.1352397217139759e-05,Taipei City,Taipei,25.0504,121.5324,10,Mobile Business Group,17421
2024-01-07 17:39:07.600834 UTC,2024,01:39:07,ndt-2v49d_1699924444_0000000000384E34,Download,78.713332019419127,52.727,2.857664360877062e-05,Taipei City,Taipei,25.0504,121.5324,100,"Far EastTone Telecommunication Co., Ltd.",9674
2024-01-07 17:26:21.577296 UTC,2024,01:26:21,ndt-virtual-6t4gv_1700449809_0000000000120F02,Download,0.84577395155826862,15.481,0.14910981675506288,Taipei City,Taipei,25.0504,121.5324,20,"Taiwan Mobile Co., Ltd.",24158
2024-01-07 17:17:36.736682 UTC,2024,01:17:36,ndt-virtual-6t4gv_1700449809_0000000000123589,Download,1.0122583597838046,23.285,0.10950608268172346,Taipei City,Taipei,25.0504,121.5324,20,"Taiwan Mobile Co., Ltd.",24158
2024-01-07 17:17:30.383243 UTC,2024,01:17:30,ndt-virtual-6t4gv_1700449809_0000000000123587,Download,44.496554406266206,21.021,0.0,Taipei City,Taipei,25.0504,121.5324,20,"Taiwan Mobile Co., Ltd.",24158
2024-01-07 17:13:51.692945 UTC,2024,01:13:51,ndt-virtual-6t4gv_1700449809_000000000012357F,Download,73.875562609267092,22.89,0.0,Taipei City,Taipei,25.0504,121.5324,20,Mobile Business Group,17421
2024-01-07 17:10:19.613993 UTC,2024,01:10:19,ndt-kc4gk_1699966477_00000000003A3789,Download,9.3611611245409243,50.126,0.060986030346663493,Taipei City,Taipei,25.0504,121.5324,100,"Far EastTone Telecommunication Co., Ltd.",9674
2024-01-07 17:09:44.352978 UTC,2024,01:09:44,ndt-27r5s_1700174223_000000000039211A,Download,10.277022118269947,48.143,0.20779691602603212,Taipei City,Taipei,25.0504,121.5324,100,"Far EastTone Telecommunication Co., Ltd.",9674
2024-01-07 17:07:29.799190 UTC,2024,01:07:29,ndt-virtual-gxglj_1700353924_000000000011DF1F,Download,10.375259499135531,18.805,0.097585560842001151,Taipei City,Taipei,25.0504,121.5324,100,"Far EastTone Telecommunication Co., Ltd.",9674
2024-01-07 17:06:18.015407 UTC,2024,01:06:18,ndt-27r5s_1700174223_000000000038E3FE,Download,10.805391122434608,53.031,0.16364446172464547,Taipei City,Taipei,25.0504,121.5324,100,"Far EastTone Telecommunication Co., Ltd.",9674
2024-01-07 17:04:56.830821 UTC,2024,01:04:56,ndt-virtual-6t4gv_1700449809_0000000000120EB0,Download,10.937134169471607,18.107,0.11790711776959292,Taipei City,Taipei,25.0504,121.5324,100,"Far EastTone Telecommunication Co., Ltd.",9674
2024-01-07 16:56:01.023013 UTC,2024,00:56:01,ndt-virtual-gxglj_1700353924_000000000011DEFE,Download,15.296118161035416,23.805,5.6938985315823672e-05,Taipei City,Taipei,25.0504,121.5324,10,Mobile Business Group,17421
2024-01-07 16:16:30.614502 UTC,2024,00:16:30,ndt-virtual-gxglj_1700353924_000000000011EC31,Download,9.5568162231803289,54.982,0.0,Taipei City,Taipei,25.0504,121.5324,10,Mobile Business Group,17421
2024-01-07 16:16:14.399907 UTC,2024,00:16:14,ndt-virtual-gxglj_1700353924_000000000011DE78,Download,15.386480098673548,24.953,0.0,Taipei City,Taipei,25.0504,121.5324,10,Mobile Business Group,17421
2024-01-07 15:40:33.316918 UTC,2024,23:40:33,ndt-virtual-gxglj_1700353924_000000000011EBB7,Download,10.138160154322517,23.321,0.0,Taipei City,Taipei,25.0504,121.5324,10,Mobile Business Group,17421
2024-01-07 15:20:56.943420 UTC,2024,23:20:56,ndt-27r5s_1700174223_00000000003901DD,Download,23.605137437631594,31.841,0.10681031081107181,Taipei City,Taipei,25.0504,121.5324,20,"Taiwan Mobile Co., Ltd.",24158
2024-01-07 15:05:29.706202 UTC,2024,23:05:29,ndt-virtual-gxglj_1700353924_0000000000120738,Download,29.746072502185655,21.882,0.012712514036823913,Taipei City,Taipei,25.0504,121.5324,20,Mobile Business Group,17421
2024-01-07 15:02:45.087034 UTC,2024,23:02:45,ndt-virtual-6t4gv_1700449809_00000000001232BE,Download,0.54508387430910865,26.313,0.21650395637814646,Taipei City,Taipei,25.0504,121.5324,100,"Far EastTone Telecommunication Co., Ltd.",9674
2024-01-07 15:00:27.948071 UTC,2024,23:00:27,ndt-2v49d_1699924444_0000000000393525,Download,2.3314973404212238,50.09,0.10312397729452789,Taipei City,Taipei,25.0504,121.5324,100,"Far EastTone Telecommunication Co., Ltd.",9674
2024-01-07 14:59:52.903651 UTC,2024,22:59:52,ndt-kc4gk_1699966477_00000000003A81C1,Download,4.3629885359757568,28.717,0.0022775858021857778,Taipei City,Taipei,25.0504,121.5324,100,"Far EastTone Telecommunication Co., Ltd.",9674
2024-01-07 14:58:40.637457 UTC,2024,22:58:40,ndt-virtual-6t4gv_1700449809_00000000001232AF,Download,4.1177242408202206,29.189,0.0067896181064831269,Taipei City,Taipei,25.0504,121.5324,100,"Far EastTone Telecommunication Co., Ltd.",9674
2024-01-07 14:40:29.672253 UTC,2024,22:40:29,ndt-virtual-6t4gv_1700449809_00000000001212E0,Download,40.513948859131261,23.69,0.11555035095280308,Taipei City,Taipei,25.0504,121.5324,20,Mobile Business Group,17421
2024-01-07 14:36:07.404522 UTC,2024,22:36:07,ndt-kc4gk_1699966477_000000000039C8C4,Download,7.6861942980176572,24.929,0.0,Taipei City,Taipei,25.0504,121.5324,10,Mobile Business Group,17421
2024-01-07 14:35:57.758983 UTC,2024,22:35:57,ndt-virtual-gxglj_1700353924_000000000011DCC7,Download,191.50232452057762,19.625,0.0086664780551002074,Taipei City,Taipei,25.0504,121.5324,20,"Taiwan Mobile Co., Ltd.",24158
2024-01-07 14:34:20.163016 UTC,2024,22:34:20,ndt-virtual-gxglj_1700353924_000000000012066F,Download,6.0962506616200791,28.307,0.0,Taipei City,Taipei,25.0504,121.5324,50,Mobile Business Group,17421
2024-01-07 14:34:08.624484 UTC,2024,22:34:08,ndt-kc4gk_1699966477_00000000003A16A3,Download,5.5605845842992849,20.738,0.0,Taipei City,Taipei,25.0504,121.5324,50,Mobile Business Group,17421
2024-01-07 14:30:12.539853 UTC,2024,22:30:12,ndt-2v49d_1699924444_00000000003973BE,Download,3.8450926966901475,29.578,0.00082530949105914721,Taipei City,Taipei,25.0504,121.5324,20,Taiwan Star Telecom Corporation Limited.(Former Vibo Telecom Inc.),24157
2024-01-07 14:19:42.571369 UTC,2024,22:19:42,ndt-virtual-gxglj_1700353924_000000000012062A,Download,13.55067159848349,104.981,0.0043614934645746367,Taipei City,Taipei,25.0504,121.5324,10,Mobile Business Group,17421
2024-01-07 14:17:14.077939 UTC,2024,22:17:14,ndt-virtual-gxglj_1700353924_000000000011DC69,Download,12.967763563855922,19.163,0.12075745249220149,Taipei City,Taipei,25.0504,121.5324,50,"Far EastTone Telecommunication Co., Ltd.",9674
2024-01-07 14:12:38.586704 UTC,2024,22:12:38,ndt-27r5s_1700174223_000000000038E2C0,Download,7.9461733212871133,119.437,0.030765310714302632,Taipei City,Taipei,25.0504,121.5324,10,"Taiwan Mobile Co., Ltd.",24158
2024-01-07 14:00:31.032687 UTC,2024,22:00:31,ndt-virtual-gxglj_1700353924_000000000011F85C,Download,105.71338532840359,5.0,0.022274473403009313,Taipei City,Taipei,25.0504,121.5324,100,"Far EastTone Telecommunication Co., Ltd.",9674
2024-01-07 14:00:27.343345 UTC,2024,22:00:27,ndt-27r5s_1700174223_000000000038E297,Download,172.72118675188727,17.0,5.0681808080391357e-05,Taipei City,Taipei,25.0504,121.5324,10,Mobile Business Group,17421
2024-01-07 13:59:41.488240 UTC,2024,21:59:41,ndt-kc4gk_1699966477_00000000003A06B2,Download,110.48266665933807,17.943,9.8262578442953115e-06,Taipei City,Taipei,25.0504,121.5324,10,Mobile Business Group,17421
2024-01-07 13:59:10.499721 UTC,2024,21:59:10,ndt-virtual-6t4gv_1700449809_0000000000122205,Download,6.2462691481367738,21.227,0.0092505889919323927,Taipei City,Taipei,25.0504,121.5324,10,Mobile Business Group,17421
2024-01-07 13:57:37.240432 UTC,2024,21:57:37,ndt-kc4gk_1699966477_00000000003A35AD,Download,6.18169971501425,58.896,0.0021794130052027426,Taipei City,Taipei,25.0504,121.5324,100,"Far EastTone Telecommunication Co., Ltd.",9674
2024-01-07 13:49:51.249540 UTC,2024,21:49:51,ndt-virtual-gxglj_1700353924_000000000011DBE6,Download,9.2318338043389,20.092,0.092259954515668971,Taipei City,Taipei,25.0504,121.5324,20,Mobile Business Group,17421
2024-01-07 13:44:13.765463 UTC,2024,21:44:13,ndt-virtual-6t4gv_1700449809_0000000000120A9A,Download,104.82403860692759,26.683,0.0,Taipei City,Taipei,25.0504,121.5324,100,"Far EastTone Telecommunication Co., Ltd.",9674
2024-01-07 13:21:34.915627 UTC,2024,21:21:34,ndt-kc4gk_1699966477_00000000003A4528,Download,2.7204167793546183,100.166,0.2830595077539631,Taipei City,Taipei,25.0504,121.5324,10,Mobile Business Group,17421
2024-01-07 13:14:11.197750 UTC,2024,21:14:11,ndt-kc4gk_1699966477_00000000003A2529,Download,13.79547617455361,57.852,0.001658219771019358,Taipei City,Taipei,25.0504,121.5324,100,"Far EastTone Telecommunication Co., Ltd.",9674
2024-01-07 12:59:57.312348 UTC,2024,20:59:57,ndt-kc4gk_1699966477_000000000039C807,Download,48.208028938294213,29.062,0.0,Taipei City,Taipei,25.0504,121.5324,10,"Taiwan Mobile Co., Ltd.",24158
2024-01-07 12:59:27.592121 UTC,2024,20:59:27,ndt-2v49d_1699924444_000000000039923F,Download,19.219607041020339,25.413,0.0,Taipei City,Taipei,25.0504,121.5324,10,"Taiwan Mobile Co., Ltd.",24158
2024-01-07 12:58:53.199827 UTC,2024,20:58:53,ndt-27r5s_1700174223_0000000000389674,Download,13.469414444127212,26.229,0.0,Taipei City,Taipei,25.0504,121.5324,10,"Taiwan Mobile Co., Ltd.",24158
2024-01-07 12:58:38.021797 UTC,2024,20:58:38,ndt-27r5s_1700174223_0000000000386819,Download,14.788899789303464,24.688,0.0,Taipei City,Taipei,25.0504,121.5324,10,"Taiwan Mobile Co., Ltd.",24158
2024-01-07 12:58:23.681122 UTC,2024,20:58:23,ndt-virtual-gxglj_1700353924_000000000011E920,Download,11.142435118015241,25.786,0.0,Taipei City,Taipei,25.0504,121.5324,10,"Taiwan Mobile Co., Ltd.",24158
2024-01-07 12:58:09.581449 UTC,2024,20:58:09,ndt-virtual-gxglj_1700353924_00000000001204D0,Download,10.689023015337259,25.275,0.0,Taipei City,Taipei,25.0504,121.5324,10,"Taiwan Mobile Co., Ltd.",24158
2024-01-07 12:57:55.000900 UTC,2024,20:57:55,ndt-virtual-gxglj_1700353924_000000000011DB2A,Download,17.834413044493473,19.826,0.0,Taipei City,Taipei,25.0504,121.5324,10,"Taiwan Mobile Co., Ltd.",24158
2024-01-07 12:57:41.689048 UTC,2024,20:57:41,ndt-27r5s_1700174223_000000000038D31B,Download,21.35968302654863,25.079,0.0,Taipei City,Taipei,25.0504,121.5324,10,"Taiwan Mobile Co., Ltd.",24158
2024-01-07 12:57:23.022294 UTC,2024,20:57:23,ndt-27r5s_1700174223_000000000037F94A,Download,27.466869782177813,24.232,0.0,Taipei City,Taipei,25.0504,121.5324,10,"Taiwan Mobile Co., Ltd.",24158
2024-01-07 12:56:58.798686 UTC,2024,20:56:58,ndt-virtual-gxglj_1700353924_000000000011E91A,Download,27.129886618331081,24.869,0.0,Taipei City,Taipei,25.0504,121.5324,10,"Taiwan Mobile Co., Ltd.",24158
2024-01-07 12:56:35.241979 UTC,2024,20:56:35,ndt-2v49d_1699924444_000000000037CEC3,Download,18.348386039048204,24.128,0.0,Taipei City,Taipei,25.0504,121.5324,10,"Taiwan Mobile Co., Ltd.",24158
2024-01-07 12:46:38.647138 UTC,2024,20:46:38,ndt-virtual-gxglj_1700353924_0000000000120492,Download,94.136036327551125,21.659,4.0832370047873689e-06,Taipei City,Taipei,25.0504,121.5324,10,Mobile Business Group,17421
2024-01-07 12:45:50.233408 UTC,2024,20:45:50,ndt-kc4gk_1699966477_000000000039B980,Download,96.083948679052085,22.177,0.0,Taipei City,Taipei,25.0504,121.5324,10,Mobile Business Group,17421
2024-01-07 12:45:25.621006 UTC,2024,20:45:25,ndt-virtual-6t4gv_1700449809_00000000001220A2,Download,28.410988009587015,21.856,0.0,Taipei City,Taipei,25.0504,121.5324,10,Mobile Business Group,17421
2024-01-07 12:41:23.225053 UTC,2024,20:41:23,ndt-virtual-6t4gv_1700449809_000000000011FFFC,Download,16.959928051547816,23.944,0.045877259160388296,Taipei City,Taipei,25.0504,121.5324,20,Mobile Business Group,17421
2024-01-07 12:35:02.344983 UTC,2024,20:35:02,ndt-27r5s_1700174223_000000000037CB62,Download,57.107447660175865,55.49,0.00038998457033269417,Taipei City,Taipei,25.0504,121.5324,100,"Far EastTone Telecommunication Co., Ltd.",9674
2024-01-07 12:34:26.346911 UTC,2024,20:34:26,ndt-27r5s_1700174223_00000000003858D1,Download,5.9786423437801055,59.93,0.0023445297291254091,Taipei City,Taipei,25.0504,121.5324,100,"Far EastTone Telecommunication Co., Ltd.",9674
2024-01-07 12:28:52.377916 UTC,2024,20:28:52,ndt-virtual-gxglj_1700353924_000000000011F6CE,Download,14.145971133436278,18.156,0.0,Taipei City,Taipei,25.0504,121.5324,20,Taiwan Star Telecom Corporation Limited.(Former Vibo Telecom Inc.),24157
2024-01-07 12:17:13.772011 UTC,2024,20:17:13,ndt-2v49d_1699924444_0000000000380D1B,Download,14.748146882931177,54.042,0.058646925887403112,Taipei City,Taipei,25.0504,121.5324,100,"Far EastTone Telecommunication Co., Ltd.",9674
2024-01-07 12:16:47.344426 UTC,2024,20:16:47,ndt-virtual-gxglj_1700353924_000000000011E843,Download,0.40382966473284909,117.029,0.0,Taipei City,Taipei,25.0504,121.5324,20,Taiwan Star Telecom Corporation Limited.(Former Vibo Telecom Inc.),24157
2024-01-07 12:15:04.485173 UTC,2024,20:15:04,ndt-2v49d_1699924444_000000000039538E,Download,10.372498200143989,32.463,0.0,Taipei City,Taipei,25.0504,121.5324,20,Taiwan Star Telecom Corporation Limited.(Former Vibo Telecom Inc.),24157
2024-01-07 12:13:39.416330 UTC,2024,20:13:39,ndt-virtual-gxglj_1700353924_000000000011E82C,Download,8.2302244935087927,38.695,0.0,Taipei City,Taipei,25.0504,121.5324,20,Taiwan Star Telecom Corporation Limited.(Former Vibo Telecom Inc.),24157
2024-01-07 12:13:35.870661 UTC,2024,20:13:35,ndt-virtual-6t4gv_1700449809_0000000000122034,Download,57.470946233472581,28.016,0.0,Taipei City,Taipei,25.0504,121.5324,100,"Far EastTone Telecommunication Co., Ltd.",9674
2024-01-07 12:13:10.521331 UTC,2024,20:13:10,ndt-virtual-6t4gv_1700449809_0000000000122031,Download,11.129854000254845,22.267,0.0,Taipei City,Taipei,25.0504,121.5324,20,Taiwan Star Telecom Corporation Limited.(Former Vibo Telecom Inc.),24157
2024-01-07 12:13:02.017192 UTC,2024,20:13:02,ndt-2v49d_1699924444_0000000000393431,Download,77.364259263684929,56.937,0.00055394584638309113,Taipei City,Taipei,25.0504,121.5324,100,"Far EastTone Telecommunication Co., Ltd.",9674
2024-01-07 12:11:48.292340 UTC,2024,20:11:48,ndt-virtual-6t4gv_1700449809_00000000001208DB,Download,9.4345521706943636,28.707,0.00011881982128829471,Taipei City,Taipei,25.0504,121.5324,100,"Far EastTone Telecommunication Co., Ltd.",9674
2024-01-07 12:11:02.766151 UTC,2024,20:11:02,ndt-virtual-gxglj_1700353924_000000000011DA25,Download,7.216754545514239,23.339,0.00024837201017757532,Taipei City,Taipei,25.0504,121.5324,20,"Taiwan Mobile Co., Ltd.",24158
2024-01-07 12:06:05.331193 UTC,2024,20:06:05,ndt-27r5s_1700174223_0000000000375BAC,Download,1.125306523222205,36.808,0.05248116544781798,Taipei City,Taipei,25.0504,121.5324,20,"Taiwan Mobile Co., Ltd.",24158
2024-01-07 12:05:10.500005 UTC,2024,20:05:10,ndt-kc4gk_1699966477_0000000000394CF1,Download,1.513893243058239,35.683,0.089896082165541985,Taipei City,Taipei,25.0504,121.5324,20,"Taiwan Mobile Co., Ltd.",24158
2024-01-07 11:47:45.115582 UTC,2024,19:47:45,ndt-27r5s_1700174223_000000000038588C,Download,62.600350498878605,27.23,0.0,Taipei City,Taipei,25.0504,121.5324,10,Mobile Business Group,17421
2024-01-07 11:40:05.129928 UTC,2024,19:40:05,ndt-virtual-6t4gv_1700449809_0000000000120860,Download,35.84076150356816,19.839,0.0,Taipei City,Taipei,25.0504,121.5324,10,Mobile Business Group,17421
2024-01-07 11:31:20.030443 UTC,2024,19:31:20,ndt-virtual-gxglj_1700353924_000000000011E78C,Download,28.279044073958691,22.488,0.0,Taipei City,Taipei,25.0504,121.5324,10,"Taiwan Mobile Co., Ltd.",24158
2024-01-07 11:28:46.059384 UTC,2024,19:28:46,ndt-virtual-6t4gv_1700449809_000000000012082D,Download,0.982930905169743,28.883,0.19516208010968564,Taipei City,Taipei,25.0504,121.5324,20,"Taiwan Mobile Co., Ltd.",24158
2024-01-07 11:28:40.838191 UTC,2024,19:28:40,ndt-virtual-6t4gv_1700449809_000000000011EF85,Download,19.69685174909387,19.037,0.09904600311814539,Taipei City,Taipei,25.0504,121.5324,20,"Taiwan Mobile Co., Ltd.",24158
2024-01-07 11:20:04.307439 UTC,2024,19:20:04,ndt-kc4gk_1699966477_000000000039D6F0,Download,11.602072142133762,53.883,0.18762834731629532,Taipei City,Taipei,25.0504,121.5324,50,"Far EastTone Telecommunication Co., Ltd.",9674
2024-01-07 11:12:19.781589 UTC,2024,19:12:19,ndt-virtual-6t4gv_1700449809_000000000011DF61,Download,6.2894732748303674,28.705,0.0,Taipei City,Taipei,25.0504,121.5324,100,"Far EastTone Telecommunication Co., Ltd.",9674
2024-01-07 10:58:13.618924 UTC,2024,18:58:13,ndt-virtual-gxglj_1700353924_000000000011D91F,Download,296.60365609894632,14.013,0.0021248050548880407,Taipei City,Taipei,25.0504,121.5324,20,"Taiwan Mobile Co., Ltd.",24158
2024-01-07 10:48:32.312813 UTC,2024,18:48:32,ndt-virtual-6t4gv_1700449809_000000000011EEC0,Download,3.4902766376390244,122.961,0.0,Taipei City,Taipei,25.0504,121.5324,5,Mobile Business Group,17421
2024-01-07 10:48:11.529456 UTC,2024,18:48:11,ndt-virtual-6t4gv_1700449809_0000000000120776,Download,9.3129383750417283,8.0,0.00026033993117497524,Taipei City,Taipei,25.0504,121.5324,100,"Far EastTone Telecommunication Co., Ltd.",9674
2024-01-07 10:45:16.433266 UTC,2024,18:45:16,ndt-virtual-6t4gv_1700449809_000000000011DEDE,Download,20.9785594509449,24.629,0.10610788959684217,Taipei City,Taipei,25.0504,121.5324,100,"Far EastTone Telecommunication Co., Ltd.",9674
2024-01-07 10:44:40.045310 UTC,2024,18:44:40,ndt-virtual-6t4gv_1700449809_000000000011FE0D,Download,20.757275773573092,24.753,0.11463173298964456,Taipei City,Taipei,25.0504,121.5324,100,"Far EastTone Telecommunication Co., Ltd.",9674
2024-01-07 10:35:36.647919 UTC,2024,18:35:36,ndt-virtual-gxglj_1700353924_000000000011D8D2,Download,2.9196992547642848,16.0,0.089858307156760492,Taipei City,Taipei,25.0504,121.5324,10,Taiwan Star Telecom Corporation Limited.(Former Vibo Telecom Inc.),24157
2024-01-07 10:32:32.555220 UTC,2024,18:32:32,ndt-2v49d_1699924444_0000000000379F0A,Download,12.590232389869248,20.573,0.0056772794172292472,Taipei City,Taipei,25.0504,121.5324,20,Taiwan Star Telecom Corporation Limited.(Former Vibo Telecom Inc.),24157
2024-01-07 10:31:29.543681 UTC,2024,18:31:29,ndt-virtual-6t4gv_1700449809_000000000011DEA1,Download,13.173908594151515,22.726,0.018332751401109838,Taipei City,Taipei,25.0504,121.5324,20,Taiwan Star Telecom Corporation Limited.(Former Vibo Telecom Inc.),24157
2024-01-07 10:28:10.834736 UTC,2024,18:28:10,ndt-2v49d_1699924444_000000000037CDF5,Download,91.097648139585459,45.608,0.00086837203830388476,Taipei City,Taipei,25.0504,121.5324,100,"Far EastTone Telecommunication Co., Ltd.",9674
2024-01-07 10:28:05.112151 UTC,2024,18:28:05,ndt-kc4gk_1699966477_0000000000397A8E,Download,46.899940865280385,46.24,0.31205909745741633,Taipei City,Taipei,25.0504,121.5324,50,"Far EastTone Telecommunication Co., Ltd.",9674
2024-01-07 10:27:57.148351 UTC,2024,18:27:57,ndt-27r5s_1700174223_0000000000377E63,Download,36.664123831802868,45.255,0.17392473308475487,Taipei City,Taipei,25.0504,121.5324,50,"Far EastTone Telecommunication Co., Ltd.",9674
2024-01-07 10:26:24.992655 UTC,2024,18:26:24,ndt-kc4gk_1699966477_000000000039B859,Download,24.831523038198554,23.556,0.0022676904245930692,Taipei City,Taipei,25.0504,121.5324,100,Mobile Business Group,17421
2024-01-07 10:25:23.927017 UTC,2024,18:25:23,ndt-virtual-6t4gv_1700449809_0000000000120709,Download,13.830391968236755,27.789,0.0,Taipei City,Taipei,25.0504,121.5324,20,"Taiwan Mobile Co., Ltd.",24158
2024-01-07 10:18:52.222197 UTC,2024,18:18:52,ndt-2v49d_1699924444_00000000003952EA,Download,3.9990473895884735,24.973,0.0565231279090789,Taipei City,Taipei,25.0504,121.5324,20,"Taiwan Mobile Co., Ltd.",24158
2024-01-07 10:18:24.682349 UTC,2024,18:18:24,ndt-virtual-6t4gv_1700449809_00000000001206EA,Download,4.0889918762844273,21.53,0.0,Taipei City,Taipei,25.0504,121.5324,20,"Taiwan Mobile Co., Ltd.",24158
2024-01-07 10:14:34.541398 UTC,2024,18:14:34,ndt-kc4gk_1699966477_0000000000398A16,Download,15.479406439649614,59.0,0.055337495944584529,Taipei City,Taipei,25.0504,121.5324,100,"Far EastTone Telecommunication Co., Ltd.",9674
2024-01-07 10:12:27.137208 UTC,2024,18:12:27,ndt-27r5s_1700174223_000000000038D1EA,Download,24.987164278891022,31.674,8.9392636713276545e-05,Taipei City,Taipei,25.0504,121.5324,50,"Far EastTone Telecommunication Co., Ltd.",9674
2024-01-07 10:09:11.400546 UTC,2024,18:09:11,ndt-virtual-gxglj_1700353924_000000000011E64E,Download,373.867904454733,12.127,0.0,Taipei City,Taipei,25.0504,121.5324,20,Mobile Business Group,17421
2024-01-07 10:06:43.248679 UTC,2024,18:06:43,ndt-2v49d_1699924444_000000000039819A,Download,18.744421828957005,54.865,0.051548383884290359,Taipei City,Taipei,25.0504,121.5324,100,"Far EastTone Telecommunication Co., Ltd.",9674
2024-01-07 09:58:44.099403 UTC,2024,17:58:44,ndt-2v49d_1699924444_0000000000385B1C,Download,11.813133846958147,53.0,0.14671114993475887,Taipei City,Taipei,25.0504,121.5324,50,"Far EastTone Telecommunication Co., Ltd.",9674
2024-01-07 09:54:58.602631 UTC,2024,17:54:58,ndt-2v49d_1699924444_00000000003952BC,Download,4.40608358798614,59.279,0.21942174045103321,Taipei City,Taipei,25.0504,121.5324,100,"Far EastTone Telecommunication Co., Ltd.",9674
2024-01-07 09:54:27.428960 UTC,2024,17:54:27,ndt-2v49d_1699924444_00000000003952BA,Download,27.580441156254718,61.884,0.15069122783584388,Taipei City,Taipei,25.0504,121.5324,100,"Far EastTone Telecommunication Co., Ltd.",9674
2024-01-07 09:43:12.309302 UTC,2024,17:43:12,ndt-virtual-6t4gv_1700449809_000000000011FD14,Download,12.315782625738256,28.801,0.0011912239703688523,Taipei City,Taipei,25.0504,121.5324,100,"Far EastTone Telecommunication Co., Ltd.",9674
2024-01-07 09:35:52.072297 UTC,2024,17:35:52,ndt-virtual-6t4gv_1700449809_000000000011DDBB,Download,15.508135161883217,29.378,0.0,Taipei City,Taipei,25.0504,121.5324,100,"Far EastTone Telecommunication Co., Ltd.",9674
2024-01-07 09:26:46.770898 UTC,2024,17:26:46,ndt-virtual-gxglj_1700353924_000000000011F3C7,Download,19.232080493653772,4.0,0.061477698111282258,Taipei City,Taipei,25.0504,121.5324,100,"Far EastTone Telecommunication Co., Ltd.",9674
2024-01-07 09:24:16.212062 UTC,2024,17:24:16,ndt-virtual-gxglj_1700353924_00000000001200F1,Download,43.617094242928296,24.01,0.0,Taipei City,Taipei,25.0504,121.5324,20,"Taiwan Mobile Co., Ltd.",24158
2024-01-07 09:19:19.818077 UTC,2024,17:19:19,ndt-virtual-6t4gv_1700449809_000000000011ED50,Download,0.96173464591605384,56.099,0.0,Taipei City,Taipei,25.0504,121.5324,10,Mobile Business Group,17421
2024-01-07 09:15:26.994463 UTC,2024,17:15:26,ndt-kc4gk_1699966477_0000000000395BF2,Download,28.014100414606908,29.635,0.055768985358736665,Taipei City,Taipei,25.0504,121.5324,20,"Taiwan Mobile Co., Ltd.",24158
2024-01-07 09:14:57.053659 UTC,2024,17:14:57,ndt-kc4gk_1699966477_000000000039C653,Download,22.9661101184017,30.003,0.053523040108678172,Taipei City,Taipei,25.0504,121.5324,20,"Taiwan Mobile Co., Ltd.",24158
2024-01-07 09:14:43.504677 UTC,2024,17:14:43,ndt-kc4gk_1699966477_00000000003989B5,Download,7.640973482368441,30.0,0.00059108419038126378,Taipei City,Taipei,25.0504,121.5324,100,"Far EastTone Telecommunication Co., Ltd.",9674
2024-01-07 09:12:32.943819 UTC,2024,17:12:32,ndt-kc4gk_1699966477_00000000003989AE,Download,44.16368822158681,22.042,2.3541334136804858e-05,Taipei City,Taipei,25.0504,121.5324,100,Taiwan Star Telecom Corporation Limited.(Former Vibo Telecom Inc.),24157
2024-01-07 09:11:17.736267 UTC,2024,17:11:17,ndt-27r5s_1700174223_000000000038E0C7,Download,18.903384412847494,28.506,6.036405561944085e-05,Taipei City,Taipei,25.0504,121.5324,20,"Taiwan Mobile Co., Ltd.",24158
2024-01-07 09:10:33.059668 UTC,2024,17:10:33,ndt-virtual-gxglj_1700353924_000000000011F355,Download,31.136367445344085,27.921,0.0,Taipei City,Taipei,25.0504,121.5324,20,"Taiwan Mobile Co., Ltd.",24158
2024-01-07 09:10:06.115963 UTC,2024,17:10:06,ndt-2v49d_1699924444_000000000037BD16,Download,21.317278369317638,32.964,0.0497167942232884,Taipei City,Taipei,25.0504,121.5324,20,"Taiwan Mobile Co., Ltd.",24158
2024-01-07 09:09:20.515163 UTC,2024,17:09:20,ndt-27r5s_1700174223_000000000037B95F,Download,7.1993079614696045,42.322,0.0,Taipei City,Taipei,25.0504,121.5324,20,"Taiwan Mobile Co., Ltd.",24158
2024-01-07 09:08:54.822281 UTC,2024,17:08:54,ndt-kc4gk_1699966477_00000000003A232F,Download,61.135041856107712,24.895,0.0,Taipei City,Taipei,25.0504,121.5324,20,"Taiwan Mobile Co., Ltd.",24158
2024-01-07 09:04:29.713731 UTC,2024,17:04:29,ndt-virtual-6t4gv_1700449809_00000000001205D1,Download,16.448095740747309,4.0,0.023675662440032916,Taipei City,Taipei,25.0504,121.5324,100,"Far EastTone Telecommunication Co., Ltd.",9674
2024-01-07 09:03:22.572612 UTC,2024,17:03:22,ndt-virtual-6t4gv_1700449809_00000000001205CE,Download,8.21665134112183,4.0,0.0028126517995355478,Taipei City,Taipei,25.0504,121.5324,100,"Far EastTone Telecommunication Co., Ltd.",9674
2024-01-07 09:01:32.272261 UTC,2024,17:01:32,ndt-virtual-6t4gv_1700449809_000000000011DD36,Download,7.3746630814008132,28.534,0.0001505766872010246,Taipei City,Taipei,25.0504,121.5324,20,"Taiwan Mobile Co., Ltd.",24158
2024-01-07 09:00:17.993971 UTC,2024,17:00:17,ndt-virtual-6t4gv_1700449809_00000000001205C3,Download,17.998244939000831,32.794,6.1503889593840619e-05,Taipei City,Taipei,25.0504,121.5324,20,"Taiwan Mobile Co., Ltd.",24158
2024-01-07 09:00:16.399754 UTC,2024,17:00:16,ndt-virtual-6t4gv_1700449809_000000000011DD34,Download,79.268997305755192,23.582,1.4005950224576094e-05,Taipei City,Taipei,25.0504,121.5324,100,"Far EastTone Telecommunication Co., Ltd.",9674
2024-01-07 08:57:56.484561 UTC,2024,16:57:56,ndt-virtual-gxglj_1700353924_000000000011D6F8,Download,35.16939862295883,24.576,0.0,Taipei City,Taipei,25.0504,121.5324,20,"Taiwan Mobile Co., Ltd.",24158
2024-01-07 08:56:55.994152 UTC,2024,16:56:55,ndt-2v49d_1699924444_0000000000395275,Download,30.474778639656797,30.613,0.0,Taipei City,Taipei,25.0504,121.5324,20,"Taiwan Mobile Co., Ltd.",24158
2024-01-07 08:56:43.113526 UTC,2024,16:56:43,ndt-virtual-gxglj_1700353924_000000000012003D,Download,9.22711644807843,31.457,0.0,Taipei City,Taipei,25.0504,121.5324,20,"Taiwan Mobile Co., Ltd.",24158
2024-01-07 08:56:28.816763 UTC,2024,16:56:28,ndt-virtual-gxglj_1700353924_0000000000120038,Download,75.184416845495264,31.493,0.0058639467354176505,Taipei City,Taipei,25.0504,121.5324,100,"Far EastTone Telecommunication Co., Ltd.",9674
2024-01-07 08:56:12.028702 UTC,2024,16:56:12,ndt-27r5s_1700174223_000000000038E0AA,Download,6.4706094596875552,33.295,0.0,Taipei City,Taipei,25.0504,121.5324,20,"Taiwan Mobile Co., Ltd.",24158
2024-01-07 08:55:34.016935 UTC,2024,16:55:34,ndt-kc4gk_1699966477_00000000003A60C8,Download,40.528148409177874,26.018,0.0,Taipei City,Taipei,25.0504,121.5324,20,"Taiwan Mobile Co., Ltd.",24158
2024-01-07 08:54:22.589902 UTC,2024,16:54:22,ndt-kc4gk_1699966477_00000000003A332E,Download,35.950494155535033,30.464,3.1708635688386555e-05,Taipei City,Taipei,25.0504,121.5324,20,"Taiwan Mobile Co., Ltd.",24158
2024-01-07 08:51:18.374712 UTC,2024,16:51:18,ndt-kc4gk_1699966477_00000000003A4313,Download,20.45913993160956,29.729,5.5475193573753577e-05,Taipei City,Taipei,25.0504,121.5324,20,"Taiwan Mobile Co., Ltd.",24158
2024-01-07 08:48:57.573299 UTC,2024,16:48:57,ndt-kc4gk_1699966477_0000000000390F08,Download,28.518940440104018,29.673,0.0,Taipei City,Taipei,25.0504,121.5324,20,"Taiwan Mobile Co., Ltd.",24158
2024-01-07 08:48:20.299004 UTC,2024,16:48:20,ndt-virtual-6t4gv_1700449809_000000000011DD02,Download,15.404506728626638,25.344,0.020088280689743911,Taipei City,Taipei,25.0504,121.5324,20,"Taiwan Mobile Co., Ltd.",24158
2024-01-07 08:46:57.461858 UTC,2024,16:46:57,ndt-virtual-6t4gv_1700449809_000000000012058C,Download,21.175315464242452,25.073,0.0,Taipei City,Taipei,25.0504,121.5324,20,"Taiwan Mobile Co., Ltd.",24158
2024-01-07 08:46:51.568228 UTC,2024,16:46:51,ndt-27r5s_1700174223_00000000003817B8,Download,17.552196991551863,28.293,0.0,Taipei City,Taipei,25.0504,121.5324,20,"Taiwan Mobile Co., Ltd.",24158
2024-01-07 08:46:18.364663 UTC,2024,16:46:18,ndt-2v49d_1699924444_0000000000384B12,Download,26.28647402538574,26.86,0.0,Taipei City,Taipei,25.0504,121.5324,20,"Taiwan Mobile Co., Ltd.",24158
2024-01-07 08:46:02.758563 UTC,2024,16:46:02,ndt-kc4gk_1699966477_000000000039D5CC,Download,44.256888886018814,23.516,0.0,Taipei City,Taipei,25.0504,121.5324,20,Mobile Business Group,17421
2024-01-07 08:45:29.763803 UTC,2024,16:45:29,ndt-virtual-6t4gv_1700449809_000000000011ECD5,Download,10.680106805100092,206.642,0.002157454048289324,Taipei City,Taipei,25.0504,121.5324,20,"Taiwan Mobile Co., Ltd.",24158
2024-01-07 08:44:55.794970 UTC,2024,16:44:55,ndt-virtual-6t4gv_1700449809_000000000012057F,Download,30.896545600124316,28.963,0.0,Taipei City,Taipei,25.0504,121.5324,20,"Taiwan Mobile Co., Ltd.",24158
2024-01-07 08:44:22.766034 UTC,2024,16:44:22,ndt-kc4gk_1699966477_0000000000399973,Download,17.411291867191142,29.634,0.0541136655126472,Taipei City,Taipei,25.0504,121.5324,20,"Taiwan Mobile Co., Ltd.",24158
2024-01-07 08:36:17.313762 UTC,2024,16:36:17,ndt-virtual-6t4gv_1700449809_000000000011DCCE,Download,26.223313763793804,22.007,0.071278126721732088,Taipei City,Taipei,25.0504,121.5324,10,"Taiwan Mobile Co., Ltd.",24158
2024-01-07 08:34:21.579254 UTC,2024,16:34:21,ndt-2v49d_1699924444_0000000000384AF8,Download,16.857369868416026,34.0,0.00066848380663516057,Taipei City,Taipei,25.0504,121.5324,100,"Far EastTone Telecommunication Co., Ltd.",9674
2024-01-07 08:33:47.789314 UTC,2024,16:33:47,ndt-virtual-gxglj_1700353924_000000000011F2AD,Download,5.7465072916905315,5.0,0.0072626309109049894,Taipei City,Taipei,25.0504,121.5324,100,"Far EastTone Telecommunication Co., Ltd.",9674
2024-01-07 08:33:28.969467 UTC,2024,16:33:28,ndt-virtual-6t4gv_1700449809_000000000011FBF6,Download,11.141907387799176,4.0,0.039526626365743493,Taipei City,Taipei,25.0504,121.5324,100,"Far EastTone Telecommunication Co., Ltd.",9674
2024-01-07 08:32:25.737328 UTC,2024,16:32:25,ndt-27r5s_1700174223_000000000038838A,Download,2.4079301740418604,27.884,0.012626332041379184,Taipei City,Taipei,25.0504,121.5324,20,"Taiwan Mobile Co., Ltd.",24158
2024-01-07 08:32:15.487667 UTC,2024,16:32:15,ndt-virtual-gxglj_1700353924_000000000011CFE6,Download,101.88604855060551,18.12,0.0,Taipei City,Taipei,25.0504,121.5324,20,"Taiwan Mobile Co., Ltd.",24158
2024-01-07 08:21:58.731081 UTC,2024,16:21:58,ndt-virtual-gxglj_1700353924_000000000011D655,Download,5.5118555464937593,21.69,0.0,Taipei City,Taipei,25.0504,121.5324,10,Mobile Business Group,17421
2024-01-07 08:18:33.864829 UTC,2024,16:18:33,ndt-virtual-gxglj_1700353924_000000000011E432,Download,7.4046540896324418,37.573,0.0,Taipei City,Taipei,25.0504,121.5324,10,Mobile Business Group,17421
2024-01-07 08:18:00.750261 UTC,2024,16:18:00,ndt-virtual-gxglj_1700353924_000000000011D647,Download,5.1778602813503642,24.477,0.0,Taipei City,Taipei,25.0504,121.5324,10,Mobile Business Group,17421
2024-01-07 08:12:31.723247 UTC,2024,16:12:31,ndt-virtual-gxglj_1700353924_000000000011E411,Download,1.6571387488224469,21.459,0.13634025038586864,Taipei City,Taipei,25.0504,121.5324,20,"Taiwan Mobile Co., Ltd.",24158
2024-01-07 08:12:27.125597 UTC,2024,16:12:27,ndt-27r5s_1700174223_0000000000388370,Download,1.2296257733028484,25.444,0.14643778605956959,Taipei City,Taipei,25.0504,121.5324,20,"Taiwan Mobile Co., Ltd.",24158
2024-01-07 08:12:21.941838 UTC,2024,16:12:21,ndt-virtual-gxglj_1700353924_000000000011D632,Download,24.4515822288347,19.254,0.073197099467298743,Taipei City,Taipei,25.0504,121.5324,20,"Taiwan Mobile Co., Ltd.",24158
2024-01-07 08:08:22.697618 UTC,2024,16:08:22,ndt-27r5s_1700174223_00000000003787A2,Download,171.96198103851592,21.796,0.0,Taipei City,Taipei,25.0504,121.5324,10,Mobile Business Group,17421
2024-01-07 08:06:02.719609 UTC,2024,16:06:02,ndt-virtual-6t4gv_1700449809_00000000001204CB,Download,56.202490159027022,23.078,0.00011880519295101743,Taipei City,Taipei,25.0504,121.5324,100,"Far EastTone Telecommunication Co., Ltd.",9674
2024-01-07 08:02:10.965655 UTC,2024,16:02:10,ndt-kc4gk_1699966477_00000000003858E2,Download,14.127893338875467,24.963,0.0,Taipei City,Taipei,25.0504,121.5324,50,Mobile Business Group,17421
2024-01-07 07:49:44.602730 UTC,2024,15:49:44,ndt-kc4gk_1699966477_0000000000395B34,Download,503.40088397790055,19.717,0.0059344271300379231,Taipei City,Taipei,25.0504,121.5324,10,Mobile Business Group,17421
2024-01-07 07:46:40.246315 UTC,2024,15:46:40,ndt-virtual-6t4gv_1700449809_000000000011FB2D,Download,11.027259806462165,22.934,0.011646673375276546,Taipei City,Taipei,25.0504,121.5324,10,Mobile Business Group,17421
2024-01-07 07:43:08.928451 UTC,2024,15:43:08,ndt-kc4gk_1699966477_0000000000395B24,Download,64.865793517824372,52.687,0.036270004747326688,Taipei City,Taipei,25.0504,121.5324,100,"Far EastTone Telecommunication Co., Ltd.",9674
2024-01-07 07:42:28.243797 UTC,2024,15:42:28,ndt-2v49d_1699924444_00000000003951F7,Download,22.068719287461608,57.102,0.11300777087579099,Taipei City,Taipei,25.0504,121.5324,100,"Far EastTone Telecommunication Co., Ltd.",9674
2024-01-07 07:38:51.573118 UTC,2024,15:38:51,ndt-27r5s_1700174223_000000000037972D,Download,77.0438804961248,22.751,0.0,Taipei City,Taipei,25.0504,121.5324,5,Mobile Business Group,17421
2024-01-07 07:38:30.140586 UTC,2024,15:38:30,ndt-virtual-gxglj_1700353924_000000000011E366,Download,36.750488252143562,23.802,0.0,Taipei City,Taipei,25.0504,121.5324,5,Mobile Business Group,17421
2024-01-07 07:34:31.292829 UTC,2024,15:34:31,ndt-2v49d_1699924444_000000000037EBBE,Download,94.5072001119807,49.104,0.0015979833980503454,Taipei City,Taipei,25.0504,121.5324,100,"Far EastTone Telecommunication Co., Ltd.",9674
2024-01-07 07:34:02.873201 UTC,2024,15:34:02,ndt-virtual-6t4gv_1700449809_0000000000120436,Download,220.37008689150338,13.902,0.0022591896177659035,Taipei City,Taipei,25.0504,121.5324,50,"Far EastTone Telecommunication Co., Ltd.",9674
2024-01-07 07:32:51.104852 UTC,2024,15:32:51,ndt-27r5s_1700174223_0000000000370CB9,Download,106.37518711920028,18.711,0.0,Taipei City,Taipei,25.0504,121.5324,10,Mobile Business Group,17421
2024-01-07 07:31:25.088094 UTC,2024,15:31:25,ndt-virtual-6t4gv_1700449809_000000000011EBA6,Download,0.72474927596167316,21.87,0.095334132780987679,Taipei City,Taipei,25.0504,121.5324,20,"Taiwan Mobile Co., Ltd.",24158
2024-01-07 07:29:29.983690 UTC,2024,15:29:29,ndt-2v49d_1699924444_0000000000379E06,Download,19.237603219334542,26.002,0.0,Taipei City,Taipei,25.0504,121.5324,10,"Taiwan Mobile Co., Ltd.",24158
2024-01-07 07:25:28.004397 UTC,2024,15:25:28,ndt-27r5s_1700174223_000000000036AF5A,Download,2.203438787535688,20.536,0.0066666666666666671,Taipei City,Taipei,25.0504,121.5324,20,Taiwan Star Telecom Corporation Limited.(Former Vibo Telecom Inc.),24157
2024-01-07 07:23:06.221564 UTC,2024,15:23:06,ndt-virtual-6t4gv_1700449809_000000000011DBA8,Download,91.68597199514997,20.451,0.0,Taipei City,Taipei,25.0504,121.5324,20,Mobile Business Group,17421
2024-01-07 07:17:43.148631 UTC,2024,15:17:43,ndt-27r5s_1700174223_00000000003856C7,Download,104.49981076894203,41.617,0.21310623507830215,Taipei City,Taipei,25.0504,121.5324,100,"Far EastTone Telecommunication Co., Ltd.",9674
2024-01-07 07:15:18.584760 UTC,2024,15:15:18,ndt-virtual-6t4gv_1700449809_000000000011DB8C,Download,131.47122609891562,19.877,0.0,Taipei City,Taipei,25.0504,121.5324,20,"Taiwan Mobile Co., Ltd.",24158
2024-01-07 07:14:54.056305 UTC,2024,15:14:54,ndt-27r5s_1700174223_000000000038171C,Download,134.33751228156416,28.978,0.0030504009289688719,Taipei City,Taipei,25.0504,121.5324,20,"Taiwan Mobile Co., Ltd.",24158
2024-01-07 07:14:44.533613 UTC,2024,15:14:44,ndt-2v49d_1699924444_0000000000380B43,Download,42.522629165615946,19.974,0.0,Taipei City,Taipei,25.0504,121.5324,10,"Taiwan Mobile Co., Ltd.",24158
2024-01-07 07:12:47.543651 UTC,2024,15:12:47,ndt-2v49d_1699924444_000000000037EB9D,Download,2.8425138891158821,25.423,0.1349782446829158,Taipei City,Taipei,25.0504,121.5324,20,"Taiwan Mobile Co., Ltd.",24158
2024-01-07 06:50:56.856374 UTC,2024,14:50:56,ndt-27r5s_1700174223_000000000038569F,Download,155.65002397945327,18.854,0.0,Taipei City,Taipei,25.0504,121.5324,10,"Taiwan Mobile Co., Ltd.",24158
2024-01-07 06:50:56.786394 UTC,2024,14:50:56,ndt-virtual-6t4gv_1700449809_000000000011EB15,Download,9.3456093079226132,20.016,0.046528164421914035,Taipei City,Taipei,25.0504,121.5324,20,"Taiwan Mobile Co., Ltd.",24158
2024-01-07 06:50:29.631519 UTC,2024,14:50:29,ndt-virtual-gxglj_1700353924_000000000011E295,Download,144.00775975168796,17.045,0.0,Taipei City,Taipei,25.0504,121.5324,10,"Taiwan Mobile Co., Ltd.",24158
2024-01-07 06:45:16.270892 UTC,2024,14:45:16,ndt-kc4gk_1699966477_0000000000390DD9,Download,40.232272360085986,57.714,0.00039631400873482849,Taipei City,Taipei,25.0504,121.5324,100,"Far EastTone Telecommunication Co., Ltd.",9674
2024-01-07 06:44:52.037132 UTC,2024,14:44:52,ndt-2v49d_1699924444_00000000003960B1,Download,8.9572315832831091,26.851,0.095860260566142913,Taipei City,Taipei,25.0504,121.5324,20,"Taiwan Mobile Co., Ltd.",24158
2024-01-07 06:41:59.086858 UTC,2024,14:41:59,ndt-kc4gk_1699966477_000000000039E178,Download,3.7222660271426062,27.421,0.072631546234969563,Taipei City,Taipei,25.0504,121.5324,20,"Taiwan Mobile Co., Ltd.",24158
2024-01-07 06:40:32.548785 UTC,2024,14:40:32,ndt-virtual-6t4gv_1700449809_000000000011FA21,Download,11.48496593003915,18.18,0.00015238817597630711,Taipei City,Taipei,25.0504,121.5324,100,"Far EastTone Telecommunication Co., Ltd.",9674
2024-01-07 06:40:03.811958 UTC,2024,14:40:03,ndt-kc4gk_1699966477_0000000000385892,Download,18.808240428991162,34.232,0.0,Taipei City,Taipei,25.0504,121.5324,20,"Taiwan Mobile Co., Ltd.",24158
2024-01-07 06:34:10.460912 UTC,2024,14:34:10,ndt-2v49d_1699924444_0000000000382A83,Download,11.356492223897748,59.616,0.096658128382315786,Taipei City,Taipei,25.0504,121.5324,50,"Far EastTone Telecommunication Co., Ltd.",9674
2024-01-07 06:30:30.284870 UTC,2024,14:30:30,ndt-virtual-6t4gv_1700449809_000000000011EAC7,Download,50.75711432296557,19.639,0.0,Taipei City,Taipei,25.0504,121.5324,10,Taiwan Star Telecom Corporation Limited.(Former Vibo Telecom Inc.),24157
2024-01-07 06:25:20.897759 UTC,2024,14:25:20,ndt-27r5s_1700174223_0000000000376E1D,Download,6.9944285331838181,30.123,0.14726751282636524,Taipei City,Taipei,25.0504,121.5324,20,"Taiwan Mobile Co., Ltd.",24158
2024-01-07 06:25:15.435239 UTC,2024,14:25:15,ndt-27r5s_1700174223_000000000037B841,Download,5.7560777453243031,31.0,0.16636478223339346,Taipei City,Taipei,25.0504,121.5324,20,"Taiwan Mobile Co., Ltd.",24158
2024-01-07 06:25:11.282193 UTC,2024,14:25:11,ndt-virtual-6t4gv_1700449809_000000000011F9DD,Download,2.6078967603509988,24.66,0.0,Taipei City,Taipei,25.0504,121.5324,20,"Taiwan Mobile Co., Ltd.",24158
2024-01-07 06:25:02.696682 UTC,2024,14:25:02,ndt-2v49d_1699924444_0000000000379DB1,Download,9.5888690430918615,27.904,0.0,Taipei City,Taipei,25.0504,121.5324,20,"Taiwan Mobile Co., Ltd.",24158
2024-01-07 06:23:03.676144 UTC,2024,14:23:03,ndt-27r5s_1700174223_000000000037D7DB,Download,49.35937250008,21.965,0.0,Taipei City,Taipei,25.0504,121.5324,10,Mobile Business Group,17421
2024-01-07 06:02:18.749127 UTC,2024,14:02:18,ndt-27r5s_1700174223_000000000037D7BB,Download,135.94532120671172,102.824,0.0,Taipei City,Taipei,25.0504,121.5324,100,Mobile Business Group,17421
2024-01-07 05:56:46.306951 UTC,2024,13:56:46,ndt-virtual-6t4gv_1700449809_000000000011EA25,Download,25.250779449316916,117.386,4.0244923899364216e-05,Taipei City,Taipei,25.0504,121.5324,10,Mobile Business Group,17421
2024-01-07 05:47:31.063945 UTC,2024,13:47:31,ndt-kc4gk_1699966477_00000000003997EB,Download,18.241536220513307,28.596,0.023482722387925172,Taipei City,Taipei,25.0504,121.5324,20,Mobile Business Group,17421
2024-01-07 05:34:06.647749 UTC,2024,13:34:06,ndt-virtual-6t4gv_1700449809_000000000011D9E8,Download,41.291576619874832,24.625,0.00013274478300569919,Taipei City,Taipei,25.0504,121.5324,100,"Far EastTone Telecommunication Co., Ltd.",9674
2024-01-07 05:31:50.065872 UTC,2024,13:31:50,ndt-27r5s_1700174223_000000000038935F,Download,2.9756916794486963,21.421,0.012623711324016094,Taipei City,Taipei,25.0504,121.5324,20,Mobile Business Group,17421
2024-01-07 05:25:34.215800 UTC,2024,13:25:34,ndt-27r5s_1700174223_000000000037B7EB,Download,128.68532571994638,54.829,0.00034224027925820744,Taipei City,Taipei,25.0504,121.5324,100,"Far EastTone Telecommunication Co., Ltd.",9674
2024-01-07 05:12:06.908120 UTC,2024,13:12:06,ndt-virtual-gxglj_1700353924_000000000011E0F6,Download,21.553583951388742,27.19,0.0004075836483685864,Taipei City,Taipei,25.0504,121.5324,20,Mobile Business Group,17421
2024-01-07 05:07:55.598281 UTC,2024,13:07:55,ndt-virtual-gxglj_1700353924_000000000011D311,Download,9.9254354183195037,21.13,0.0008981204338736992,Taipei City,Taipei,25.0504,121.5324,100,"Far EastTone Telecommunication Co., Ltd.",9674
2024-01-07 05:06:41.140102 UTC,2024,13:06:41,ndt-kc4gk_1699966477_000000000037DA9C,Download,10.273073404738067,51.607,0.062676912654981237,Taipei City,Taipei,25.0504,121.5324,100,"Far EastTone Telecommunication Co., Ltd.",9674
2024-01-07 05:04:38.966930 UTC,2024,13:04:38,ndt-virtual-8l8zg_1700445698_00000000001D3236,Download,18.032689168203945,351.862,0.025171955711264789,Taipei City,Taipei,25.0504,121.5324,10,"Taiwan Mobile Co., Ltd.",24158
2024-01-07 05:04:00.497300 UTC,2024,13:04:00,ndt-2v49d_1699924444_0000000000380A67,Download,38.285275600852515,24.095,0.0,Taipei City,Taipei,25.0504,121.5324,20,"Taiwan Mobile Co., Ltd.",24158
2024-01-07 05:02:22.220102 UTC,2024,13:02:22,ndt-virtual-6t4gv_1700449809_000000000011D960,Download,133.66499657639363,20.825,0.0,Taipei City,Taipei,25.0504,121.5324,20,"Taiwan Mobile Co., Ltd.",24158
2024-01-07 04:41:59.055296 UTC,2024,12:41:59,ndt-virtual-gxglj_1700353924_000000000011CBB5,Download,74.334859648627543,17.682,0.0,Taipei City,Taipei,25.0504,121.5324,20,"Taiwan Mobile Co., Ltd.",24158
2024-01-07 04:38:41.514070 UTC,2024,12:38:41,ndt-2v49d_1699924444_000000000038E66C,Download,42.507688796501334,22.88,0.0001002383116723583,Taipei City,Taipei,25.0504,121.5324,20,Mobile Business Group,17421
2024-01-07 04:36:39.285416 UTC,2024,12:36:39,ndt-virtual-gxglj_1700353924_000000000011CBA1,Download,18.586631099424693,7.0,0.00011988062032175165,Taipei City,Taipei,25.0504,121.5324,100,"Far EastTone Telecommunication Co., Ltd.",9674
2024-01-07 04:33:27.398700 UTC,2024,12:33:27,ndt-27r5s_1700174223_000000000037D718,Download,0.89728225605337819,93.967,0.0055244024931319141,Taipei City,Taipei,25.0504,121.5324,20,Mobile Business Group,17421
2024-01-07 04:32:25.488940 UTC,2024,12:32:25,ndt-kc4gk_1699966477_00000000003977A3,Download,17.454764009199909,18.865,0.017545705372722487,Taipei City,Taipei,25.0504,121.5324,20,Taiwan Star Telecom Corporation Limited.(Former Vibo Telecom Inc.),24157
2024-01-07 04:25:59.399680 UTC,2024,12:25:59,ndt-2v49d_1699924444_0000000000377F41,Download,3.312925611512997,92.684,0.0022119886170768282,Taipei City,Taipei,25.0504,121.5324,20,Mobile Business Group,17421
2024-01-07 04:10:41.316068 UTC,2024,12:10:41,ndt-2v49d_1699924444_0000000000375FC1,Download,20.122999634015372,85.892,0.13328032663934769,Taipei City,Taipei,25.0504,121.5324,10,Mobile Business Group,17421
2024-01-07 04:08:33.917300 UTC,2024,12:08:33,ndt-virtual-6t4gv_1700449809_000000000011F79F,Download,5.8257202871398563,18.597,0.083530969376007375,Taipei City,Taipei,25.0504,121.5324,20,Taiwan Star Telecom Corporation Limited.(Former Vibo Telecom Inc.),24157
2024-01-07 04:07:55.420110 UTC,2024,12:07:55,ndt-2v49d_1699924444_0000000000393140,Download,5.8590187184990929,20.555,0.10452016516486497,Taipei City,Taipei,25.0504,121.5324,20,Taiwan Star Telecom Corporation Limited.(Former Vibo Telecom Inc.),24157
2024-01-07 04:07:08.130874 UTC,2024,12:07:08,ndt-virtual-gxglj_1700353924_000000000011D22C,Download,5.845529242261942,20.972,0.057814304303586521,Taipei City,Taipei,25.0504,121.5324,20,Taiwan Star Telecom Corporation Limited.(Former Vibo Telecom Inc.),24157