TestTime,DataYear,LocalTime,UUID,Direction,MeanThroughputMbps,MinRTT,LossRate,Subdivision1Name,City,Latitude,Longitude,AccuracyRadiusKm,ASName,ASNumber
2023-12-18 03:56:55.781357 UTC,2023,11:56:55,ndt-virtual-8f258_1700449809_00000000000A9255,Download,19.152234339906503,96.61,0.00021020647147236552,Taipei City,Taipei,25.0504,121.5324,100,Mobile Business Group,17421
2023-12-18 03:51:34.504109 UTC,2023,11:51:34,ndt-wx99j_1699966477_0000000000229F2B,Download,3.2415838581120893,99.0,0.049896587026472893,Taipei City,Taipei,25.0504,121.5324,100,Mobile Business Group,17421
2023-12-18 03:49:04.797687 UTC,2023,11:49:04,ndt-virtual-xvxkc_1700353924_00000000000A6F8C,Download,14.774001463889801,21.107,0.064627537788327874,Taipei City,Taipei,25.0504,121.5324,100,Mobile Business Group,17421
2023-12-18 03:44:41.064290 UTC,2023,11:44:41,ndt-virtual-8f258_1700449809_00000000000A8291,Download,117.41653707581642,23.961,0.0,Taipei City,Taipei,25.0504,121.5324,10,"Taiwan Mobile Co., Ltd.",24158
2023-12-18 03:44:35.992121 UTC,2023,11:44:35,ndt-kwth4_1700174223_0000000000217440,Download,134.31817171413448,21.874,8.4597196491562319e-06,Taipei City,Taipei,25.0504,121.5324,10,Mobile Business Group,17421
2023-12-18 03:39:12.812761 UTC,2023,11:39:12,ndt-virtual-8f258_1700449809_00000000000AA1E0,Download,54.103969783741604,95.47,0.00014096313718892339,Taipei City,Taipei,25.0504,121.5324,100,Mobile Business Group,17421
2023-12-18 03:33:34.184561 UTC,2023,11:33:34,ndt-wx99j_1699966477_0000000000231D6B,Download,29.153073240691963,187.668,0.00052522415816750364,Taipei City,Taipei,25.0504,121.5324,100,"Far EastTone Telecommunication Co., Ltd.",9674
2023-12-18 03:33:05.542303 UTC,2023,11:33:05,ndt-whwc2_1699924444_000000000023E39F,Download,26.419049018975524,186.171,0.0017916220795180004,Taipei City,Taipei,25.0504,121.5324,100,"Far EastTone Telecommunication Co., Ltd.",9674
2023-12-18 03:32:01.769891 UTC,2023,11:32:01,ndt-virtual-xvxkc_1700353924_00000000000A6F2E,Download,28.596522077779142,107.586,0.032626126352592634,Taipei City,Taipei,25.0504,121.5324,10,Mobile Business Group,17421
2023-12-18 03:29:46.287142 UTC,2023,11:29:46,ndt-virtual-8f258_1700449809_00000000000AA1BE,Download,27.678178033173765,19.746,0.0,Taipei City,Taipei,25.0504,121.5324,10,"Taiwan Mobile Co., Ltd.",24158
2023-12-18 03:26:08.982580 UTC,2023,11:26:08,ndt-wx99j_1699966477_0000000000239AA1,Download,447.99794703444894,17.395,0.0,Taipei City,Taipei,25.0504,121.5324,10,Mobile Business Group,17421
2023-12-18 03:24:29.022059 UTC,2023,11:24:29,ndt-wx99j_1699966477_0000000000239AA0,Download,157.27008736067452,82.382,0.062667755399305566,Taipei City,Taipei,25.0504,121.5324,10,Mobile Business Group,17421
2023-12-18 03:16:06.738463 UTC,2023,11:16:06,ndt-kwth4_1700174223_00000000002250A3,Download,68.067432563087166,23.155,0.0,Taipei City,Taipei,25.0504,121.5324,10,Mobile Business Group,17421
2023-12-18 03:16:06.675310 UTC,2023,11:16:06,ndt-kwth4_1700174223_000000000022329F,Download,157.80789103217441,44.83,0.0,Taipei City,Taipei,25.0504,121.5324,10,"Taiwan Mobile Co., Ltd.",24158
2023-12-18 03:12:54.375091 UTC,2023,11:12:54,ndt-whwc2_1699924444_0000000000230EA6,Download,2.1991987972831595,33.219,0.0,Taipei City,Taipei,25.0504,121.5324,20,Taiwan Star Telecom Corporation Limited.(Former Vibo Telecom Inc.),24157
2023-12-18 02:54:59.449392 UTC,2023,10:54:59,ndt-virtual-8f258_1700449809_00000000000A81E4,Download,19.218717466923504,91.573,0.22712828181433833,Taipei City,Taipei,25.0504,121.5324,5,Mobile Business Group,17421
2023-12-18 02:51:51.523888 UTC,2023,10:51:51,ndt-whwc2_1699924444_0000000000233D14,Download,325.61997754355741,21.317,0.0019721791093224848,Taipei City,Taipei,25.0504,121.5324,10,Mobile Business Group,17421
2023-12-18 02:47:35.712841 UTC,2023,10:47:35,ndt-virtual-xvxkc_1700353924_00000000000A8839,Download,11.332421474530769,13.808,0.10011690642119343,Taipei City,Taipei,25.0504,121.5324,10,"Taiwan Mobile Co., Ltd.",24158
2023-12-18 02:44:09.569918 UTC,2023,10:44:09,ndt-kwth4_1700174223_000000000021F4E5,Download,2.0184663803304397,35.915,0.00023993258148805678,Taipei City,Taipei,25.0504,121.5324,10,Taiwan Star Telecom Corporation Limited.(Former Vibo Telecom Inc.),24157
2023-12-18 02:42:20.532323 UTC,2023,10:42:20,ndt-virtual-xvxkc_1700353924_00000000000A5FA8,Download,13.64764851616102,20.011,0.07568303589150166,Taipei City,Taipei,25.0504,121.5324,100,"Far EastTone Telecommunication Co., Ltd.",9674
2023-12-18 02:32:56.027787 UTC,2023,10:32:56,ndt-virtual-8f258_1700449809_00000000000A9149,Download,12.362743759263269,27.787,0.0,Taipei City,Taipei,25.0504,121.5324,10,Mobile Business Group,17421
2023-12-18 02:31:05.899057 UTC,2023,10:31:05,ndt-kwth4_1700174223_00000000001FDFC5,Download,4.0296463808809033,41.986,0.0,Taipei City,Taipei,25.0504,121.5324,10,Taiwan Star Telecom Corporation Limited.(Former Vibo Telecom Inc.),24157
2023-12-18 02:30:37.099971 UTC,2023,10:30:37,ndt-virtual-8f258_1700449809_00000000000A8189,Download,5.3585831984401944,17.691,0.0,Taipei City,Taipei,25.0504,121.5324,10,Taiwan Star Telecom Corporation Limited.(Former Vibo Telecom Inc.),24157
2023-12-18 02:23:12.681472 UTC,2023,10:23:12,ndt-virtual-8f258_1700449809_00000000000A7EE8,Download,51.670363569592361,22.291,0.0,Taipei City,Taipei,25.0504,121.5324,10,Mobile Business Group,17421
2023-12-18 02:23:09.518626 UTC,2023,10:23:09,ndt-virtual-8f258_1700449809_00000000000A816B,Download,29.185681623699224,132.601,0.288544139575868,Taipei City,Taipei,25.0504,121.5324,10,Mobile Business Group,17421
2023-12-18 02:13:56.278072 UTC,2023,10:13:56,ndt-kwth4_1700174223_00000000002212C0,Download,201.1031571798907,24.711,0.0010287828417364637,Taipei City,Taipei,25.0504,121.5324,10,"Taiwan Mobile Co., Ltd.",24158
2023-12-18 02:11:36.118554 UTC,2023,10:11:36,ndt-wx99j_1699966477_0000000000229EC0,Download,143.48643516242188,27.321,0.0018024138683922827,Taipei City,Taipei,25.0504,121.5324,10,"Taiwan Mobile Co., Ltd.",24158
2023-12-18 02:08:17.030605 UTC,2023,10:08:17,ndt-virtual-8f258_1700449809_00000000000A9100,Download,48.515162463249794,35.824,0.00090242071703165163,Taipei City,Taipei,25.0504,121.5324,10,"Taiwan Mobile Co., Ltd.",24158
2023-12-18 02:05:55.103129 UTC,2023,10:05:55,ndt-whwc2_1699924444_0000000000236980,Download,41.303908280487562,31.135,0.0,Taipei City,Taipei,25.0504,121.5324,10,"Taiwan Mobile Co., Ltd.",24158
2023-12-18 02:04:57.968439 UTC,2023,10:04:57,ndt-virtual-xvxkc_1700353924_00000000000A7B79,Download,14.001210831361773,20.279,0.13793507008275985,Taipei City,Taipei,25.0504,121.5324,10,"Far EastTone Telecommunication Co., Ltd.",9674
2023-12-18 02:04:20.622916 UTC,2023,10:04:20,ndt-kwth4_1700174223_0000000000226076,Download,39.007937603119842,23.617,0.00056488625325230857,Taipei City,Taipei,25.0504,121.5324,100,"Far EastTone Telecommunication Co., Ltd.",9674
2023-12-18 01:52:42.030430 UTC,2023,09:52:42,ndt-virtual-8f258_1700449809_00000000000A90BB,Download,7.24585766524828,19.507,0.0,Taipei City,Taipei,25.0504,121.5324,10,"Taiwan Mobile Co., Ltd.",24158
2023-12-18 01:40:24.049266 UTC,2023,09:40:24,ndt-whwc2_1699924444_0000000000239A67,Download,19.009561133703073,27.482,0.0,Taipei City,Taipei,25.0504,121.5324,10,Mobile Business Group,17421
2023-12-18 01:09:23.793935 UTC,2023,09:09:23,ndt-virtual-8f258_1700449809_00000000000A9017,Download,13.749480847314766,27.12,0.0,Taipei City,Taipei,25.0504,121.5324,10,"Taiwan Mobile Co., Ltd.",24158
2023-12-18 00:54:27.203307 UTC,2023,08:54:27,ndt-virtual-xvxkc_1700353924_00000000000A865A,Download,6.1502623333115976,136.052,0.0,Taipei City,Taipei,25.0504,121.5324,10,Mobile Business Group,17421
2023-12-18 00:52:49.156943 UTC,2023,08:52:49,ndt-whwc2_1699924444_0000000000233C4E,Download,17.922006690032635,28.663,0.0,Taipei City,Taipei,25.0504,121.5324,10,"Taiwan Mobile Co., Ltd.",24158
2023-12-18 00:52:04.265148 UTC,2023,08:52:04,ndt-virtual-8f258_1700449809_00000000000A5FC3,Download,107.53357768189585,16.754,0.0,Taipei City,Taipei,25.0504,121.5324,20,Taiwan Star Telecom Corporation Limited.(Former Vibo Telecom Inc.),24157
2023-12-18 00:51:56.097184 UTC,2023,08:51:56,ndt-wx99j_1699966477_00000000002454F0,Download,24.66763002246427,28.866,0.0,Taipei City,Taipei,25.0504,121.5324,10,"Taiwan Mobile Co., Ltd.",24158
2023-12-18 00:43:28.837102 UTC,2023,08:43:28,ndt-virtual-8f258_1700449809_00000000000A4FD5,Download,13.39682047775017,19.852,0.086935849543562371,Taipei City,Taipei,25.0504,121.5324,10,"Far EastTone Telecommunication Co., Ltd.",9674
2023-12-18 00:32:45.218769 UTC,2023,08:32:45,ndt-virtual-xvxkc_1700353924_00000000000A6C7B,Download,85.331387664152089,100.672,0.0081524604405687172,Taipei City,Taipei,25.0504,121.5324,10,Mobile Business Group,17421
2023-12-18 00:20:15.187667 UTC,2023,08:20:15,ndt-wx99j_1699966477_000000000022AD7A,Download,47.835857937646551,184.114,0.0020490146118286824,Taipei City,Taipei,25.0504,121.5324,100,"Far EastTone Telecommunication Co., Ltd.",9674
2023-12-18 00:14:22.553188 UTC,2023,08:14:22,ndt-virtual-xvxkc_1700353924_00000000000A79F1,Download,132.17876777882455,18.461,8.4320451539850736e-06,Taipei City,Taipei,25.0504,121.5324,10,Mobile Business Group,17421
2023-12-18 00:09:36.118474 UTC,2023,08:09:36,ndt-kwth4_1700174223_00000000001FCF1D,Download,381.39358950693577,17.919,0.0,Taipei City,Taipei,25.0504,121.5324,20,"Taiwan Mobile Co., Ltd.",24158
2023-12-18 00:09:08.985614 UTC,2023,08:09:08,ndt-whwc2_1699924444_000000000023C3EB,Download,4.6116422880072641,196.561,0.0018636103456997192,Taipei City,Taipei,25.0504,121.5324,100,"Far EastTone Telecommunication Co., Ltd.",9674
2023-12-17 23:45:36.187222 UTC,2023,07:45:36,ndt-virtual-xvxkc_1700353924_00000000000A798F,Download,17.526393541934091,26.152,0.0,Taipei City,Taipei,25.0504,121.5324,100,"Far EastTone Telecommunication Co., Ltd.",9674
2023-12-17 22:58:14.311531 UTC,2023,06:58:14,ndt-virtual-xvxkc_1700353924_00000000000A78E4,Download,27.179007527566178,19.958,0.0,Taipei City,Taipei,25.0504,121.5324,10,Mobile Business Group,17421
2023-12-17 22:57:50.260834 UTC,2023,06:57:50,ndt-virtual-xvxkc_1700353924_00000000000A78E3,Download,27.505334928967748,19.89,0.0,Taipei City,Taipei,25.0504,121.5324,10,Mobile Business Group,17421
2023-12-17 22:24:52.302520 UTC,2023,06:24:52,ndt-virtual-xvxkc_1700353924_00000000000A83AB,Download,51.594306261831932,122.772,0.0001495789160921128,Taipei City,Taipei,25.0504,121.5324,10,Mobile Business Group,17421
2023-12-17 22:09:03.907922 UTC,2023,06:09:03,ndt-kwth4_1700174223_00000000001FCE8C,Download,104.28623363543404,24.894,0.0016298636789269234,Taipei City,Taipei,25.0504,121.5324,10,"Taiwan Mobile Co., Ltd.",24158
2023-12-17 21:06:39.049430 UTC,2023,05:06:39,ndt-whwc2_1699924444_0000000000225BDE,Download,3.324286396255844,162.0,0.0016196734520549437,Taipei City,Taipei,25.0504,121.5324,100,"Far EastTone Telecommunication Co., Ltd.",9674
2023-12-17 20:58:48.840028 UTC,2023,04:58:48,ndt-virtual-jxlrq_1700352125_000000000011F346,Download,35.609691389460387,72.992,0.0,Taipei City,Taipei,25.0504,121.5324,10,"Taiwan Mobile Co., Ltd.",24158
2023-12-17 20:33:52.692877 UTC,2023,04:33:52,ndt-wx99j_1699966477_0000000000232D55,Download,0.93181350598883994,27.135,0.012609858616736722,Taipei City,Taipei,25.0504,121.5324,100,"Far EastTone Telecommunication Co., Ltd.",9674
2023-12-17 20:07:15.099164 UTC,2023,04:07:15,ndt-kwth4_1700174223_00000000001F9EE9,Download,25.960179377918834,70.764,0.0,Taipei City,Taipei,25.0504,121.5324,200,Mobile Business Group,17421
2023-12-17 20:04:20.567305 UTC,2023,04:04:20,ndt-kwth4_1700174223_0000000000201D3F,Download,75.288779234134154,124.694,0.0,Taipei City,Taipei,25.0504,121.5324,5,Mobile Business Group,17421
2023-12-17 19:54:27.003628 UTC,2023,03:54:27,ndt-virtual-8f258_1700449809_00000000000A5A05,Download,20.634659876673773,4.0,0.041078493106445395,Taipei City,Taipei,25.0504,121.5324,100,"Far EastTone Telecommunication Co., Ltd.",9674
2023-12-17 19:49:08.819029 UTC,2023,03:49:08,ndt-virtual-8f258_1700449809_00000000000A77F9,Download,56.112745419607329,14.36,0.0,Taipei City,Taipei,25.0504,121.5324,20,Taiwan Star Telecom Corporation Limited.(Former Vibo Telecom Inc.),24157
2023-12-17 19:36:56.656258 UTC,2023,03:36:56,ndt-whwc2_1699924444_000000000021ECEC,Download,40.779897284280359,29.061,0.0001104196848442111,Taipei City,Taipei,25.0504,121.5324,100,"Far EastTone Telecommunication Co., Ltd.",9674
2023-12-17 18:43:44.157722 UTC,2023,02:43:44,ndt-virtual-xvxkc_1700353924_00000000000A7503,Download,34.831204040715562,30.969,3.2452541639884034e-05,Taipei City,Taipei,25.0504,121.5324,100,"Far EastTone Telecommunication Co., Ltd.",9674
2023-12-17 18:39:57.616082 UTC,2023,02:39:57,ndt-wx99j_1699966477_000000000023C735,Download,79.5101401815983,117.753,0.0,Taipei City,Taipei,25.0504,121.5324,10,Mobile Business Group,17421
2023-12-17 17:52:02.900392 UTC,2023,01:52:02,ndt-virtual-xvxkc_1700353924_00000000000A7480,Download,33.522888971835826,23.499,0.0,Taipei City,Taipei,25.0504,121.5324,20,"Taiwan Mobile Co., Ltd.",24158
2023-12-17 17:51:12.844183 UTC,2023,01:51:12,ndt-virtual-8f258_1700449809_00000000000A493E,Download,12.81467824666575,22.039,0.0,Taipei City,Taipei,25.0504,121.5324,20,"Taiwan Mobile Co., Ltd.",24158
2023-12-17 16:42:58.600053 UTC,2023,00:42:58,ndt-kwth4_1700174223_0000000000217171,Download,41.953979304290563,18.959,0.0,Taipei City,Taipei,25.0504,121.5324,10,Taiwan Star Telecom Corporation Limited.(Former Vibo Telecom Inc.),24157
2023-12-17 16:41:07.263349 UTC,2023,00:41:07,ndt-virtual-8f258_1700449809_00000000000A74F1,Download,5.8137856956432676,25.472,0.038118225060951381,Taipei City,Taipei,25.0504,121.5324,10,Mobile Business Group,17421
2023-12-17 16:41:00.874240 UTC,2023,00:41:00,ndt-virtual-xvxkc_1700353924_00000000000A65ED,Download,14.966493074424834,23.974,0.0,Taipei City,Taipei,25.0504,121.5324,10,"Taiwan Mobile Co., Ltd.",24158
2023-12-17 16:34:14.304256 UTC,2023,00:34:14,ndt-virtual-xvxkc_1700353924_00000000000A567D,Download,64.986211795650433,17.665,0.0,Taipei City,Taipei,25.0504,121.5324,10,"Taiwan Mobile Co., Ltd.",24158
2023-12-17 16:29:44.206095 UTC,2023,00:29:44,ndt-kwth4_1700174223_000000000021C04F,Download,53.338038641604221,33.369,0.0014824272961618994,Taipei City,Taipei,25.0504,121.5324,10,"Taiwan Mobile Co., Ltd.",24158
2023-12-17 16:29:17.914142 UTC,2023,00:29:17,ndt-wx99j_1699966477_000000000022DA13,Download,39.100033436736574,31.001,0.0,Taipei City,Taipei,25.0504,121.5324,10,"Taiwan Mobile Co., Ltd.",24158
2023-12-17 16:26:42.479062 UTC,2023,00:26:42,ndt-kwth4_1700174223_00000000002191E1,Download,19.846820922147423,22.42,0.0,Taipei City,Taipei,25.0504,121.5324,10,"Taiwan Mobile Co., Ltd.",24158
2023-12-17 16:10:13.190234 UTC,2023,00:10:13,ndt-virtual-8f258_1700449809_00000000000A7470,Download,25.438044980467122,33.172,0.0,Taipei City,Taipei,25.0504,121.5324,10,"Taiwan Mobile Co., Ltd.",24158
2023-12-17 16:05:41.021040 UTC,2023,00:05:41,ndt-wx99j_1699966477_0000000000240383,Download,36.589517752967588,113.549,0.00024499998783883,Taipei City,Taipei,25.0504,121.5324,10,Mobile Business Group,17421
2023-12-17 16:00:40.063018 UTC,2023,00:00:40,ndt-virtual-xvxkc_1700353924_00000000000A6555,Download,16.208665211018786,18.877,4.7487481364830552e-05,Taipei City,Taipei,25.0504,121.5324,10,"Taiwan Mobile Co., Ltd.",24158
2023-12-17 15:57:10.894038 UTC,2023,23:57:10,ndt-whwc2_1699924444_0000000000224C6F,Download,30.614649475498865,24.108,0.0,Taipei City,Taipei,25.0504,121.5324,10,"Taiwan Mobile Co., Ltd.",24158
2023-12-17 15:56:20.311487 UTC,2023,23:56:20,ndt-virtual-xvxkc_1700353924_00000000000A4E5B,Download,36.583094055068422,22.535,0.0,Taipei City,Taipei,25.0504,121.5324,10,"Taiwan Mobile Co., Ltd.",24158
2023-12-17 15:53:00.237488 UTC,2023,23:53:00,ndt-virtual-xvxkc_1700353924_00000000000A6540,Download,6.2690111437483287,29.741,0.0,Taipei City,Taipei,25.0504,121.5324,20,"Taiwan Mobile Co., Ltd.",24158
2023-12-17 15:51:03.004436 UTC,2023,23:51:03,ndt-virtual-8f258_1700449809_00000000000A65F2,Download,11.298277192388783,24.707,0.0012351364701217995,Taipei City,Taipei,25.0504,121.5324,100,"Far EastTone Telecommunication Co., Ltd.",9674
2023-12-17 15:49:01.481445 UTC,2023,23:49:01,ndt-virtual-8f258_1700449809_00000000000A5675,Download,2.7032407133124,22.933,0.0,Taipei City,Taipei,25.0504,121.5324,10,"Taiwan Mobile Co., Ltd.",24158
2023-12-17 15:48:42.417947 UTC,2023,23:48:42,ndt-virtual-25g52_1700445698_000000000010D56F,Download,21.492651821692057,125.298,0.0,Taipei City,Taipei,25.0504,121.5324,10,"Taiwan Mobile Co., Ltd.",24158
2023-12-17 15:44:41.423272 UTC,2023,23:44:41,ndt-whwc2_1699924444_000000000023850D,Download,7.0458404664610264,34.204,0.0,Taipei City,Taipei,25.0504,121.5324,20,"Taiwan Mobile Co., Ltd.",24158
2023-12-17 15:23:53.893280 UTC,2023,23:23:53,ndt-kwth4_1700174223_00000000001FECDD,Download,53.970212463237665,22.521,8.3562645120215166e-05,Taipei City,Taipei,25.0504,121.5324,50,"Far EastTone Telecommunication Co., Ltd.",9674
2023-12-17 15:21:50.522079 UTC,2023,23:21:50,ndt-virtual-xvxkc_1700353924_00000000000A5531,Download,18.197974299906292,27.171,0.00078964038748288842,Taipei City,Taipei,25.0504,121.5324,20,"Far EastTone Telecommunication Co., Ltd.",9674
2023-12-17 15:11:38.917054 UTC,2023,23:11:38,ndt-whwc2_1699924444_0000000000222EC4,Download,17.138350851797039,99.31,0.17653773211810272,Taipei City,Taipei,25.0504,121.5324,100,Mobile Business Group,17421
2023-12-17 15:08:50.516577 UTC,2023,23:08:50,ndt-virtual-8f258_1700449809_00000000000A55DD,Download,100.89417560349844,132.394,0.00046306644421425386,Taipei City,Taipei,25.0504,121.5324,10,Mobile Business Group,17421
2023-12-17 15:00:54.648578 UTC,2023,23:00:54,ndt-virtual-8f258_1700449809_00000000000A4636,Download,39.407140934440342,17.908,0.0,Taipei City,Taipei,25.0504,121.5324,10,Taiwan Star Telecom Corporation Limited.(Former Vibo Telecom Inc.),24157
2023-12-17 14:58:32.318613 UTC,2023,22:58:32,ndt-virtual-xvxkc_1700353924_00000000000A71A7,Download,1.9643345750455046,30.048,0.0,Taipei City,Taipei,25.0504,121.5324,20,"Taiwan Mobile Co., Ltd.",24158
2023-12-17 14:58:10.967270 UTC,2023,22:58:10,ndt-x4v8p_1699960455_00000000002E56C8,Download,1.5064407218021949,134.762,0.0,Taipei City,Taipei,25.0504,121.5324,10,"Taiwan Mobile Co., Ltd.",24158
2023-12-17 14:56:19.034150 UTC,2023,22:56:19,ndt-virtual-xvxkc_1700353924_00000000000A54A4,Download,182.55653123285421,20.34,0.0054267905270949024,Taipei City,Taipei,25.0504,121.5324,10,Mobile Business Group,17421
2023-12-17 14:52:21.262970 UTC,2023,22:52:21,ndt-whwc2_1699924444_00000000002298C3,Download,3.84399236470568,176.893,0.031229824482380673,Taipei City,Taipei,25.0504,121.5324,100,"Far EastTone Telecommunication Co., Ltd.",9674
2023-12-17 14:52:00.000445 UTC,2023,22:52:00,ndt-virtual-8f258_1700449809_00000000000A734B,Download,9.9898567414654913,18.163,0.0011092172254040325,Taipei City,Taipei,25.0504,121.5324,100,"Far EastTone Telecommunication Co., Ltd.",9674
2023-12-17 14:48:18.563318 UTC,2023,22:48:18,ndt-whwc2_1699924444_0000000000226CCC,Download,3.0910995029317325,24.043,0.031297477970221817,Taipei City,Taipei,25.0504,121.5324,20,Taiwan Star Telecom Corporation Limited.(Former Vibo Telecom Inc.),24157
2023-12-17 14:44:33.161207 UTC,2023,22:44:33,ndt-wx99j_1699966477_000000000023385D,Download,4.6920065439776941,33.189,0.01609500766956054,Taipei City,Taipei,25.0504,121.5324,100,"Far EastTone Telecommunication Co., Ltd.",9674
2023-12-17 14:42:18.819460 UTC,2023,22:42:18,ndt-virtual-xvxkc_1700353924_00000000000A546A,Download,14.00122396125836,19.407,0.0052508876764527585,Taipei City,Taipei,25.0504,121.5324,10,Mobile Business Group,17421
2023-12-17 14:15:00.821753 UTC,2023,22:15:00,ndt-kwth4_1700174223_0000000000201BDE,Download,45.341174922513012,184.859,0.00044573287248373961,Taipei City,Taipei,25.0504,121.5324,100,"Far EastTone Telecommunication Co., Ltd.",9674
2023-12-17 14:14:19.817336 UTC,2023,22:14:19,ndt-virtual-xvxkc_1700353924_00000000000A634C,Download,1.5763580321969337,28.987,0.011930657779224382,Taipei City,Taipei,25.0504,121.5324,100,"Far EastTone Telecommunication Co., Ltd.",9674
2023-12-17 14:11:11.805779 UTC,2023,22:11:11,ndt-virtual-xvxkc_1700353924_00000000000A7074,Download,11.378771222925794,20.753,0.0,Taipei City,Taipei,25.0504,121.5324,20,"Taiwan Mobile Co., Ltd.",24158
2023-12-17 14:05:47.555041 UTC,2023,22:05:47,ndt-whwc2_1699924444_0000000000224BC4,Download,4.6486183141109993,191.941,0.0033515304853147577,Taipei City,Taipei,25.0504,121.5324,100,"Far EastTone Telecommunication Co., Ltd.",9674
2023-12-17 14:05:32.723596 UTC,2023,22:05:32,ndt-virtual-8f258_1700449809_00000000000A645A,Download,0.79928805531641356,29.97,0.044640093268206393,Taipei City,Taipei,25.0504,121.5324,100,"Far EastTone Telecommunication Co., Ltd.",9674
2023-12-17 14:01:04.648593 UTC,2023,22:01:04,ndt-virtual-8f258_1700449809_00000000000A7283,Download,3.2070734555915625,20.161,0.060890777782285875,Taipei City,Taipei,25.0504,121.5324,10,Mobile Business Group,17421
2023-12-17 13:58:04.062251 UTC,2023,21:58:04,ndt-whwc2_1699924444_0000000000224BB3,Download,19.773338173338175,189.136,0.00090707257176873889,Taipei City,Taipei,25.0504,121.5324,100,"Far EastTone Telecommunication Co., Ltd.",9674
2023-12-17 13:54:45.444845 UTC,2023,21:54:45,ndt-virtual-8f258_1700449809_00000000000A6432,Download,15.019904338980611,19.919,0.022231670666076463,Taipei City,Taipei,25.0504,121.5324,10,Mobile Business Group,17421
2023-12-17 13:54:18.373946 UTC,2023,21:54:18,ndt-whwc2_1699924444_000000000023A25E,Download,28.947433973139244,24.096,0.022908939068566843,Taipei City,Taipei,25.0504,121.5324,10,Mobile Business Group,17421
2023-12-17 13:52:24.622784 UTC,2023,21:52:24,ndt-virtual-xvxkc_1700353924_00000000000A4BA4,Download,24.435270357940059,20.88,0.00092574474277308224,Taipei City,Taipei,25.0504,121.5324,20,"Taiwan Mobile Co., Ltd.",24158
2023-12-17 13:49:35.674366 UTC,2023,21:49:35,ndt-kwth4_1700174223_00000000001F1F99,Download,38.093280504309206,23.657,0.0,Taipei City,Taipei,25.0504,121.5324,20,"Taiwan Mobile Co., Ltd.",24158
2023-12-17 13:44:41.493709 UTC,2023,21:44:41,ndt-wx99j_1699966477_00000000002411D7,Download,12.596895290201378,183.063,0.19096982809862337,Taipei City,Taipei,25.0504,121.5324,100,"Far EastTone Telecommunication Co., Ltd.",9674
2023-12-17 13:43:33.404348 UTC,2023,21:43:33,ndt-virtual-xvxkc_1700353924_00000000000A4B4F,Download,34.732592596216726,19.991,0.045616893245533176,Taipei City,Taipei,25.0504,121.5324,10,Mobile Business Group,17421
2023-12-17 13:40:56.468546 UTC,2023,21:40:56,ndt-whwc2_1699924444_000000000022B82C,Download,60.130949533952439,67.179,0.041926574598480357,Taipei City,Taipei,25.0504,121.5324,10,Mobile Business Group,17421
2023-12-17 13:13:04.677075 UTC,2023,21:13:04,ndt-virtual-8f258_1700449809_00000000000A63B0,Download,6.1026770924586353,18.758,0.1271076565670522,Taipei City,Taipei,25.0504,121.5324,100,"Far EastTone Telecommunication Co., Ltd.",9674
2023-12-17 13:09:38.036730 UTC,2023,21:09:38,ndt-virtual-8f258_1700449809_00000000000A44B9,Download,58.854535928849721,19.397,0.024675064557707377,Taipei City,Taipei,25.0504,121.5324,100,"Far EastTone Telecommunication Co., Ltd.",9674
2023-12-17 13:04:24.364562 UTC,2023,21:04:24,ndt-virtual-8f258_1700449809_00000000000A6393,Download,49.743400646777864,79.377,2.0957685376013212e-05,Taipei City,Taipei,25.0504,121.5324,100,Mobile Business Group,17421
2023-12-17 13:03:25.453396 UTC,2023,21:03:25,ndt-virtual-8f258_1700449809_00000000000A5411,Download,264.9380671319883,24.963,0.0051395659740754492,Taipei City,Taipei,25.0504,121.5324,100,"Far EastTone Telecommunication Co., Ltd.",9674
2023-12-17 12:36:18.564238 UTC,2023,20:36:18,ndt-kwth4_1700174223_00000000001FAD1B,Download,5.9335187900819575,190.112,0.30232081162097829,Taipei City,Taipei,25.0504,121.5324,100,"Far EastTone Telecommunication Co., Ltd.",9674
2023-12-17 12:35:48.368213 UTC,2023,20:35:48,ndt-wx99j_1699966477_0000000000229A35,Download,5.9763111555270809,188.601,0.31459277760918791,Taipei City,Taipei,25.0504,121.5324,100,"Far EastTone Telecommunication Co., Ltd.",9674
2023-12-17 12:24:53.886511 UTC,2023,20:24:53,ndt-virtual-8f258_1700449809_00000000000A537B,Download,30.736439178392256,26.987,0.0,Taipei City,Taipei,25.0504,121.5324,100,"Far EastTone Telecommunication Co., Ltd.",9674
2023-12-17 12:19:51.995334 UTC,2023,20:19:51,ndt-virtual-8f258_1700449809_00000000000A43FE,Download,47.5404806746905,22.645,0.00011640829616095503,Taipei City,Taipei,25.0504,121.5324,100,"Far EastTone Telecommunication Co., Ltd.",9674
2023-12-17 12:19:45.005177 UTC,2023,20:19:45,ndt-virtual-xvxkc_1700353924_00000000000A3DE4,Download,435.01057285717428,13.046,0.035839346103306621,Taipei City,Taipei,25.0504,121.5324,100,"Far EastTone Telecommunication Co., Ltd.",18412
2023-12-17 11:47:30.859229 UTC,2023,19:47:30,ndt-kwth4_1700174223_0000000000218026,Download,18.217318181387476,17.857,0.0,Taipei City,Taipei,25.0504,121.5324,10,Taiwan Star Telecom Corporation Limited.(Former Vibo Telecom Inc.),24157
2023-12-17 11:17:50.450224 UTC,2023,19:17:50,ndt-virtual-xvxkc_1700353924_00000000000A48A7,Download,17.901177276848678,23.701,0.0002508911597553101,Taipei City,Taipei,25.0504,121.5324,100,"Far EastTone Telecommunication Co., Ltd.",9674
2023-12-17 11:06:46.057454 UTC,2023,19:06:46,ndt-whwc2_1699924444_000000000021DEE7,Download,127.59238990921914,22.013,0.0,Taipei City,Taipei,25.0504,121.5324,10,Mobile Business Group,17421
2023-12-17 11:04:51.432976 UTC,2023,19:04:51,ndt-kwth4_1700174223_00000000001FEBC4,Download,117.57868120101143,23.268,0.0,Taipei City,Taipei,25.0504,121.5324,10,Mobile Business Group,17421
2023-12-17 10:50:38.710365 UTC,2023,18:50:38,ndt-wx99j_1699966477_00000000002308CB,Download,139.24674122737508,18.869,0.0,Taipei City,Taipei,25.0504,121.5324,10,Mobile Business Group,17421
2023-12-17 10:42:41.504170 UTC,2023,18:42:41,ndt-whwc2_1699924444_0000000000222CEC,Download,13.798592039222783,20.514,0.099185580198828227,Taipei City,Taipei,25.0504,121.5324,10,"Far EastTone Telecommunication Co., Ltd.",9674
2023-12-17 10:42:22.580455 UTC,2023,18:42:22,ndt-whwc2_1699924444_000000000021DEC9,Download,10.405749170778371,25.291,0.0,Taipei City,Taipei,25.0504,121.5324,20,Taiwan Star Telecom Corporation Limited.(Former Vibo Telecom Inc.),24157
2023-12-17 10:42:11.249875 UTC,2023,18:42:11,ndt-kwth4_1700174223_00000000001F1EE0,Download,47.057678569061551,181.529,0.00018722079811118943,Taipei City,Taipei,25.0504,121.5324,100,"Far EastTone Telecommunication Co., Ltd.",9674
2023-12-17 10:36:31.932954 UTC,2023,18:36:31,ndt-virtual-8f258_1700449809_00000000000A424D,Download,6.7666950900942151,21.727,0.0,Taipei City,Taipei,25.0504,121.5324,20,Taiwan Star Telecom Corporation Limited.(Former Vibo Telecom Inc.),24157
2023-12-17 10:31:11.100536 UTC,2023,18:31:11,ndt-virtual-8f258_1700449809_00000000000A3F27,Download,0.83207676683508158,169.492,0.19906431131238406,Taipei City,Taipei,25.0504,121.5324,20,Taiwan Star Telecom Corporation Limited.(Former Vibo Telecom Inc.),24157
2023-12-17 10:27:10.006100 UTC,2023,18:27:10,ndt-whwc2_1699924444_0000000000223982,Download,20.042513608488942,181.107,0.00057856896284013163,Taipei City,Taipei,25.0504,121.5324,100,"Far EastTone Telecommunication Co., Ltd.",9674
2023-12-17 10:26:14.055878 UTC,2023,18:26:14,ndt-virtual-8f258_1700449809_00000000000A4222,Download,29.316337592509107,23.195,0.059496653303118333,Taipei City,Taipei,25.0504,121.5324,100,"Far EastTone Telecommunication Co., Ltd.",9674
2023-12-17 10:08:51.792893 UTC,2023,18:08:51,ndt-kwth4_1700174223_00000000001EFFA1,Download,13.688813302404961,21.216,0.10817067105283887,Taipei City,Taipei,25.0504,121.5324,10,"Far EastTone Telecommunication Co., Ltd.",9674
2023-12-17 10:08:27.869112 UTC,2023,18:08:27,ndt-kwth4_1700174223_00000000001F0FD3,Download,17.721918087996709,21.916,0.0,Taipei City,Taipei,25.0504,121.5324,10,Mobile Business Group,17421
2023-12-17 10:08:24.901484 UTC,2023,18:08:24,ndt-whwc2_1699924444_0000000000222CC0,Download,28.20111543255009,196.0,0.029336897958214186,Taipei City,Taipei,25.0504,121.5324,50,"Far EastTone Telecommunication Co., Ltd.",9674
2023-12-17 10:05:22.805446 UTC,2023,18:05:22,ndt-wx99j_1699966477_000000000023D478,Download,25.796598522453191,185.882,0.0015830718757610922,Taipei City,Taipei,25.0504,121.5324,50,"Far EastTone Telecommunication Co., Ltd.",9674
2023-12-17 10:03:43.904988 UTC,2023,18:03:43,ndt-virtual-8f258_1700449809_00000000000A41DD,Download,23.612711569464391,27.917,0.0003641976640839376,Taipei City,Taipei,25.0504,121.5324,50,"Far EastTone Telecommunication Co., Ltd.",9674
2023-12-17 09:54:10.165624 UTC,2023,17:54:10,ndt-kwth4_1700174223_00000000001F0FBE,Download,9.4615572161119168,49.949,0.013221195900777633,Taipei City,Taipei,25.0504,121.5324,20,"Taiwan Mobile Co., Ltd.",24158
2023-12-17 09:49:19.068971 UTC,2023,17:49:19,ndt-wx99j_1699966477_000000000022C9F9,Download,144.67036749015818,22.892,0.0,Taipei City,Taipei,25.0504,121.5324,10,Mobile Business Group,17421
2023-12-17 09:42:32.713337 UTC,2023,17:42:32,ndt-virtual-f6hwc_1700446010_0000000000108CA9,Download,6.5487583982615512,110.843,0.0,Taipei City,Taipei,25.0504,121.5324,10,"Taiwan Mobile Co., Ltd.",24158
2023-12-17 09:27:20.063688 UTC,2023,17:27:20,ndt-kwth4_1700174223_00000000001F1E77,Download,51.4473271744191,18.18,0.0,Taipei City,Taipei,25.0504,121.5324,20,Taiwan Star Telecom Corporation Limited.(Former Vibo Telecom Inc.),24157
2023-12-17 09:26:49.800676 UTC,2023,17:26:49,ndt-whwc2_1699924444_000000000022B6D0,Download,20.504699564972661,51.465,0.000877425286809088,Taipei City,Taipei,25.0504,121.5324,20,"Taiwan Mobile Co., Ltd.",24158
2023-12-17 09:26:40.285588 UTC,2023,17:26:40,ndt-virtual-8f258_1700449809_00000000000A3E4E,Download,23.812792748874614,15.924,0.0,Taipei City,Taipei,25.0504,121.5324,20,Taiwan Star Telecom Corporation Limited.(Former Vibo Telecom Inc.),24157
2023-12-17 09:25:49.414572 UTC,2023,17:25:49,ndt-virtual-xvxkc_1700353924_00000000000A1E9F,Download,64.789978771957379,14.368,0.0,Taipei City,Taipei,25.0504,121.5324,20,Taiwan Star Telecom Corporation Limited.(Former Vibo Telecom Inc.),24157
2023-12-17 09:25:47.274196 UTC,2023,17:25:47,ndt-whwc2_1699924444_0000000000226A8F,Download,13.034432867930589,51.493,0.00024706050538657884,Taipei City,Taipei,25.0504,121.5324,20,"Taiwan Mobile Co., Ltd.",24158
2023-12-17 09:11:42.531296 UTC,2023,17:11:42,ndt-kwth4_1700174223_00000000002113C5,Download,2.1454041228244116,96.647,0.23109987258341066,Taipei City,Taipei,25.0504,121.5324,10,Mobile Business Group,17421
2023-12-17 09:10:12.895816 UTC,2023,17:10:12,ndt-wx99j_1699966477_00000000002348C9,Download,8.5051974611244088,30.974,0.0010602764960534771,Taipei City,Taipei,25.0504,121.5324,10,"Taiwan Mobile Co., Ltd.",24158
2023-12-17 09:09:43.276959 UTC,2023,17:09:43,ndt-wx99j_1699966477_0000000000236752,Download,7.3542421460352685,29.057,0.0,Taipei City,Taipei,25.0504,121.5324,10,"Taiwan Mobile Co., Ltd.",24158
2023-12-17 09:09:31.677125 UTC,2023,17:09:31,ndt-virtual-8f258_1700449809_00000000000A410F,Download,2.9477531205786409,19.287,0.0,Taipei City,Taipei,25.0504,121.5324,10,"Taiwan Mobile Co., Ltd.",24158
2023-12-17 09:08:11.555218 UTC,2023,17:08:11,ndt-virtual-8f258_1700449809_00000000000A4108,Download,8.5686918478989362,20.163,0.0,Taipei City,Taipei,25.0504,121.5324,10,"Taiwan Mobile Co., Ltd.",24158
2023-12-17 09:07:40.415396 UTC,2023,17:07:40,ndt-wx99j_1699966477_000000000023879D,Download,14.469840792546398,29.434,0.0015761401519716984,Taipei City,Taipei,25.0504,121.5324,10,"Taiwan Mobile Co., Ltd.",24158
2023-12-17 09:06:48.314380 UTC,2023,17:06:48,ndt-kwth4_1700174223_00000000001FEB51,Download,12.531579650067984,28.505,0.0,Taipei City,Taipei,25.0504,121.5324,10,"Taiwan Mobile Co., Ltd.",24158
2023-12-17 09:06:20.457453 UTC,2023,17:06:20,ndt-kwth4_1700174223_00000000001F0F83,Download,16.525604997310943,27.921,0.0,Taipei City,Taipei,25.0504,121.5324,10,"Taiwan Mobile Co., Ltd.",24158
2023-12-17 09:05:05.171394 UTC,2023,17:05:05,ndt-whwc2_1699924444_000000000021E97F,Download,15.915968812921093,27.422,2.2619469909551715e-05,Taipei City,Taipei,25.0504,121.5324,10,"Taiwan Mobile Co., Ltd.",24158
2023-12-17 09:04:34.716101 UTC,2023,17:04:34,ndt-virtual-xvxkc_1700353924_00000000000A3B46,Download,14.085978237091,21.532,0.0,Taipei City,Taipei,25.0504,121.5324,10,"Taiwan Mobile Co., Ltd.",24158
2023-12-17 09:04:06.575152 UTC,2023,17:04:06,ndt-virtual-8f258_1700449809_00000000000A505F,Download,9.9992562059919248,19.669,0.0,Taipei City,Taipei,25.0504,121.5324,10,"Taiwan Mobile Co., Ltd.",24158
2023-12-17 09:03:26.045374 UTC,2023,17:03:26,ndt-virtual-xvxkc_1700353924_00000000000A46E7,Download,4.8150550028615369,19.808,0.0,Taipei City,Taipei,25.0504,121.5324,10,"Taiwan Mobile Co., Ltd.",24158
2023-12-17 09:03:20.990145 UTC,2023,17:03:20,ndt-kwth4_1700174223_00000000002113B7,Download,55.548200038223861,23.965,0.0,Taipei City,Taipei,25.0504,121.5324,100,Mobile Business Group,17421
2023-12-17 08:56:08.839241 UTC,2023,16:56:08,ndt-virtual-8f258_1700449809_00000000000A2FEA,Download,1.1511136512940963,25.178,0.010718477790819794,Taipei City,Taipei,25.0504,121.5324,10,"Taiwan Mobile Co., Ltd.",24158
2023-12-17 08:53:21.377954 UTC,2023,16:53:21,ndt-virtual-xvxkc_1700353924_00000000000A2D2E,Download,1.5120426268888099,16.598,0.0,Taipei City,Taipei,25.0504,121.5324,10,"Taiwan Mobile Co., Ltd.",24158
2023-12-17 08:51:37.477872 UTC,2023,16:51:37,ndt-virtual-8f258_1700449809_00000000000A3DCD,Download,8.3067346755930949,24.795,0.0,Taipei City,Taipei,25.0504,121.5324,10,"Taiwan Mobile Co., Ltd.",24158
2023-12-17 08:50:45.335766 UTC,2023,16:50:45,ndt-virtual-xvxkc_1700353924_00000000000A3AEB,Download,0.78962099226695792,19.286,0.011896399634082592,Taipei City,Taipei,25.0504,121.5324,10,"Taiwan Mobile Co., Ltd.",24158
2023-12-17 08:47:16.281792 UTC,2023,16:47:16,ndt-virtual-xvxkc_1700353924_00000000000A2D05,Download,2.5053099507039218,18.216,0.0047841372697704438,Taipei City,Taipei,25.0504,121.5324,10,"Taiwan Mobile Co., Ltd.",24158
2023-12-17 08:45:58.855877 UTC,2023,16:45:58,ndt-kwth4_1700174223_00000000001F1E49,Download,48.741188070101053,30.116,0.0,Taipei City,Taipei,25.0504,121.5324,10,"Taiwan Mobile Co., Ltd.",24158
2023-12-17 08:45:56.419959 UTC,2023,16:45:56,ndt-kwth4_1700174223_00000000001F7C85,Download,64.263989611825636,29.251,0.0,Taipei City,Taipei,25.0504,121.5324,10,"Taiwan Mobile Co., Ltd.",24158
2023-12-17 08:43:46.378070 UTC,2023,16:43:46,ndt-virtual-xvxkc_1700353924_00000000000A4671,Download,261.91355895715435,13.401,0.0046193915780213951,Taipei City,Taipei,25.0504,121.5324,10,"Taiwan Mobile Co., Ltd.",24158
2023-12-17 08:43:22.948682 UTC,2023,16:43:22,ndt-whwc2_1699924444_00000000002249AD,Download,301.70794601857858,19.633,0.0,Taipei City,Taipei,25.0504,121.5324,10,"Taiwan Mobile Co., Ltd.",24158
2023-12-17 08:41:16.539066 UTC,2023,16:41:16,ndt-whwc2_1699924444_000000000022B6A6,Download,106.61680306039133,21.268,0.0,Taipei City,Taipei City,25.0759,121.5516,20,Mobile Business Group,17421
2023-12-17 08:38:58.786062 UTC,2023,16:38:58,ndt-kwth4_1700174223_000000000020E76D,Download,8.8627943258976991,20.886,0.0,Taipei City,Taipei,25.0504,121.5324,10,"Taiwan Mobile Co., Ltd.",24158
2023-12-17 08:37:33.057634 UTC,2023,16:37:33,ndt-virtual-xvxkc_1700353924_00000000000A2CD1,Download,12.67167312749406,160.923,0.02613959657400786,Taipei City,Taipei,25.0504,121.5324,10,Mobile Business Group,17421
2023-12-17 08:37:00.237523 UTC,2023,16:37:00,ndt-virtual-xvxkc_1700353924_00000000000A464C,Download,7.9484132830662109,166.716,0.023265285773216435,Taipei City,Taipei,25.0504,121.5324,10,Mobile Business Group,17421
2023-12-17 08:35:16.828713 UTC,2023,16:35:16,ndt-ddc24_1700170979_00000000002AA36E,Download,6.9320186522752838,107.445,0.0,Taipei City,Taipei,25.0504,121.5324,10,"Taiwan Mobile Co., Ltd.",24158
2023-12-17 08:35:10.167669 UTC,2023,16:35:10,ndt-6vtl7_1700284015_0000000000270127,Download,3.6106504192072815,116.068,0.0,Taipei City,Taipei,25.0504,121.5324,10,"Taiwan Mobile Co., Ltd.",24158
2023-12-17 08:24:56.920262 UTC,2023,16:24:56,ndt-virtual-xvxkc_1700353924_00000000000A2C96,Download,9.1942525741557457,32.691,0.0,Taipei City,Taipei,25.0504,121.5324,10,Mobile Business Group,17421
2023-12-17 08:22:53.792980 UTC,2023,16:22:53,ndt-virtual-xvxkc_1700353924_00000000000A2C8E,Download,9.6327360308653631,15.192,0.074832706945579058,Taipei City,Taipei,25.0504,121.5324,10,Taiwan Star Telecom Corporation Limited.(Former Vibo Telecom Inc.),24157
2023-12-17 08:14:24.559319 UTC,2023,16:14:24,ndt-kwth4_1700174223_000000000020D8C5,Download,11.348654825495878,31.175,0.1492795611481455,Taipei City,Taipei,25.0504,121.5324,100,Mobile Business Group,17421
2023-12-17 08:14:19.058259 UTC,2023,16:14:19,ndt-wx99j_1699966477_0000000000235785,Download,10.108841572470711,33.153,0.18047846889952154,Taipei City,Taipei,25.0504,121.5324,100,Mobile Business Group,17421
2023-12-17 08:14:12.962660 UTC,2023,16:14:12,ndt-whwc2_1699924444_0000000000231541,Download,13.235345223703362,31.606,0.096452007655315974,Taipei City,Taipei,25.0504,121.5324,100,Mobile Business Group,17421
2023-12-17 08:05:57.643203 UTC,2023,16:05:57,ndt-virtual-xvxkc_1700353924_00000000000A45BE,Download,5.3169477644473675,27.515,0.0020068329240325367,Taipei City,Taipei,25.0504,121.5324,100,"Far EastTone Telecommunication Co., Ltd.",9674
2023-12-17 07:56:19.522823 UTC,2023,15:56:19,ndt-kwth4_1700174223_00000000001FBB78,Download,1.3875834290089284,24.483,0.0020343989354716409,Taipei City,Taipei,25.0504,121.5324,10,"Taiwan Mobile Co., Ltd.",24158
2023-12-17 07:52:33.452190 UTC,2023,15:52:33,ndt-whwc2_1699924444_00000000002269DE,Download,0.44021452408380252,49.724,0.0049206086668871982,Taipei City,Taipei,25.0504,121.5324,10,"Taiwan Mobile Co., Ltd.",24158
2023-12-17 07:52:02.811624 UTC,2023,15:52:02,ndt-virtual-8f258_1700449809_00000000000A2F01,Download,19.095702539014791,27.565,0.10613762264078318,Taipei City,Taipei,25.0504,121.5324,100,Mobile Business Group,17421
2023-12-17 07:51:56.097775 UTC,2023,15:51:56,ndt-whwc2_1699924444_00000000002353D7,Download,34.960849426987195,35.639,0.16517964665439763,Taipei City,Taipei,25.0504,121.5324,100,Mobile Business Group,17421
2023-12-17 07:51:50.543697 UTC,2023,15:51:50,ndt-virtual-xvxkc_1700353924_00000000000A3A02,Download,13.456139628004831,35.251,0.15781717483519619,Taipei City,Taipei,25.0504,121.5324,100,Mobile Business Group,17421
2023-12-17 07:51:46.087303 UTC,2023,15:51:46,ndt-whwc2_1699924444_000000000022B66F,Download,4.947750608860269,33.77,0.11722610843868977,Taipei City,Taipei,25.0504,121.5324,100,Mobile Business Group,17421
2023-12-17 07:51:36.992110 UTC,2023,15:51:36,ndt-whwc2_1699924444_000000000022968B,Download,1.7580936601791368,27.75,0.12279499887272914,Taipei City,Taipei,25.0504,121.5324,100,Mobile Business Group,17421
2023-12-17 07:50:55.219778 UTC,2023,15:50:55,ndt-virtual-xvxkc_1700353924_00000000000A2C06,Download,22.087461902695747,19.259,0.0,Taipei City,Taipei,25.0504,121.5324,10,Mobile Business Group,17421
2023-12-17 07:48:45.407381 UTC,2023,15:48:45,ndt-kwth4_1700174223_0000000000202A4C,Download,61.7177897179553,103.578,0.047986922902243836,Taipei City,Taipei,25.0504,121.5324,10,Mobile Business Group,17421
2023-12-17 07:47:56.382504 UTC,2023,15:47:56,ndt-kwth4_1700174223_00000000001FBB71,Download,10.652963111343956,25.128,0.14419661446448795,Taipei City,Taipei,25.0504,121.5324,10,"Far EastTone Telecommunication Co., Ltd.",9674
2023-12-17 07:39:47.949665 UTC,2023,15:39:47,ndt-virtual-8f258_1700449809_00000000000A1F29,Download,6.0716117111181136,22.244,0.0,Taipei City,Taipei,25.0504,121.5324,10,"Taiwan Mobile Co., Ltd.",24158
2023-12-17 07:33:45.437865 UTC,2023,15:33:45,ndt-kwth4_1700174223_0000000000211357,Download,15.658413023009276,18.085,0.0,Taipei City,Taipei,25.0504,121.5324,10,Taiwan Star Telecom Corporation Limited.(Former Vibo Telecom Inc.),24157
2023-12-17 07:33:32.797654 UTC,2023,15:33:32,ndt-virtual-8f258_1700449809_00000000000A0FD4,Download,1.3607999607878511,20.179,0.13056450139624709,Taipei City,Taipei,25.0504,121.5324,10,Taiwan Star Telecom Corporation Limited.(Former Vibo Telecom Inc.),24157
2023-12-17 07:27:50.505140 UTC,2023,15:27:50,ndt-virtual-8f258_1700449809_00000000000A1EFA,Download,6.0149713102468505,123.732,0.24085183657179432,Taipei City,Taipei,25.0504,121.5324,100,Mobile Business Group,17421
2023-12-17 07:24:56.756990 UTC,2023,15:24:56,ndt-whwc2_1699924444_00000000002324F1,Download,9.4658228992772262,20.837,0.07194562106728665,Taipei City,Taipei,25.0504,121.5324,10,"Taiwan Mobile Co., Ltd.",24158
2023-12-17 07:23:52.605656 UTC,2023,15:23:52,ndt-virtual-xvxkc_1700353924_00000000000A1C44,Download,23.590611379669205,110.354,0.0014951764463209001,Taipei City,Taipei,25.0504,121.5324,5,Mobile Business Group,17421
2023-12-17 07:17:54.868400 UTC,2023,15:17:54,ndt-virtual-xvxkc_1700353924_00000000000A44DF,Download,0.71664338123570148,27.493,0.022180314071086827,Taipei City,Taipei,25.0504,121.5324,10,Mobile Business Group,17421
2023-12-17 07:15:02.116776 UTC,2023,15:15:02,ndt-virtual-xvxkc_1700353924_00000000000A2B43,Download,3.9422970450878703,26.048,9.7205810995252049e-05,Taipei City,Taipei,25.0504,121.5324,10,Mobile Business Group,17421
2023-12-17 07:04:18.384634 UTC,2023,15:04:18,ndt-kwth4_1700174223_000000000020D837,Download,3.7191614855307886,19.802,0.00028288543140028287,Taipei City,Taipei,25.0504,121.5324,20,Taiwan Star Telecom Corporation Limited.(Former Vibo Telecom Inc.),24157
2023-12-17 07:02:59.138767 UTC,2023,15:02:59,ndt-virtual-xvxkc_1700353924_00000000000A44A6,Download,0.95394676022535219,33.383,0.0,Taipei City,Taipei,25.0504,121.5324,10,"Taiwan Mobile Co., Ltd.",24158
2023-12-17 06:55:16.899633 UTC,2023,14:55:16,ndt-virtual-xvxkc_1700353924_00000000000A1BCD,Download,34.4615571897194,29.223,0.0021343917326626855,Taipei City,Taipei,25.0504,121.5324,20,Mobile Business Group,17421
2023-12-17 06:53:28.367813 UTC,2023,14:53:28,ndt-virtual-xvxkc_1700353924_00000000000A2B07,Download,33.096813054385244,25.273,0.0,Taipei City,Taipei,25.0504,121.5324,10,"Taiwan Mobile Co., Ltd.",24158
2023-12-17 06:53:25.404382 UTC,2023,14:53:25,ndt-wx99j_1699966477_000000000023A39F,Download,49.956028546367847,27.257,0.0015259334010907244,Taipei City,Taipei,25.0504,121.5324,10,"Taiwan Mobile Co., Ltd.",24158
2023-12-17 06:53:17.474343 UTC,2023,14:53:17,ndt-virtual-xvxkc_1700353924_00000000000A2B06,Download,38.083668378597743,27.712,0.0,Taipei City,Taipei,25.0504,121.5324,20,Mobile Business Group,17421
2023-12-17 06:52:24.303132 UTC,2023,14:52:24,ndt-virtual-xvxkc_1700353924_00000000000A38F2,Download,31.919644481812458,23.354,0.0,Taipei City,Taipei,25.0504,121.5324,10,"Taiwan Mobile Co., Ltd.",24158
2023-12-17 06:52:22.210367 UTC,2023,14:52:22,ndt-virtual-8f258_1700449809_00000000000A0F4B,Download,17.842036328650327,15.481,0.0,Taipei City,Taipei,25.0504,121.5324,20,Taiwan Star Telecom Corporation Limited.(Former Vibo Telecom Inc.),24157
2023-12-17 06:51:33.539645 UTC,2023,14:51:33,ndt-whwc2_1699924444_000000000022F4BA,Download,1.4788352127139328,35.665,0.0,Taipei City,Taipei,25.0504,121.5324,10,"Taiwan Mobile Co., Ltd.",24158
2023-12-17 06:50:57.167687 UTC,2023,14:50:57,ndt-kwth4_1700174223_00000000001F0ECE,Download,14.600233954057567,18.584,0.0,Taipei City,Taipei,25.0504,121.5324,20,Taiwan Star Telecom Corporation Limited.(Former Vibo Telecom Inc.),24157
2023-12-17 06:50:09.034485 UTC,2023,14:50:09,ndt-virtual-xvxkc_1700353924_00000000000A1BBF,Download,41.651831172490233,16.86,0.0,Taipei City,Taipei,25.0504,121.5324,10,"Taiwan Mobile Co., Ltd.",24158
2023-12-17 06:49:38.113927 UTC,2023,14:49:38,ndt-virtual-8f258_1700449809_00000000000A2E25,Download,4.2983917259121966,23.121,0.0,Taipei City,Taipei,25.0504,121.5324,10,"Taiwan Mobile Co., Ltd.",24158
2023-12-17 06:47:03.425212 UTC,2023,14:47:03,ndt-virtual-8f258_1700449809_00000000000A3C10,Download,5.8758939244510158,21.748,0.0,Taipei City,Taipei,25.0504,121.5324,10,"Taiwan Mobile Co., Ltd.",24158
2023-12-17 06:39:37.120626 UTC,2023,14:39:37,ndt-virtual-xvxkc_1700353924_00000000000A38C9,Download,0.16785963125997971,89.0,0.429097605893186,Taipei City,Taipei,25.0504,121.5324,10,Mobile Business Group,17421
2023-12-17 06:38:05.545845 UTC,2023,14:38:05,ndt-wx99j_1699966477_000000000023B386,Download,2.9848795338868492,35.428,0.0,Taipei City,Taipei,25.0504,121.5324,10,"Taiwan Mobile Co., Ltd.",24158
2023-12-17 06:37:39.271246 UTC,2023,14:37:39,ndt-virtual-xvxkc_1700353924_00000000000A443F,Download,5.4097146958830074,19.927,0.0,Taipei City,Taipei,25.0504,121.5324,10,"Taiwan Mobile Co., Ltd.",24158
2023-12-17 06:37:02.043579 UTC,2023,14:37:02,ndt-kwth4_1700174223_00000000002029FC,Download,12.991915165266569,25.442,0.0004290901979980358,Taipei City,Taipei,25.0504,121.5324,10,"Taiwan Mobile Co., Ltd.",24158
2023-12-17 06:36:44.451847 UTC,2023,14:36:44,ndt-whwc2_1699924444_00000000002248BB,Download,12.064671112988846,20.794,0.0,Taipei City,Taipei,25.0504,121.5324,10,"Taiwan Mobile Co., Ltd.",24158
2023-12-17 06:36:22.289089 UTC,2023,14:36:22,ndt-virtual-xvxkc_1700353924_00000000000A4438,Download,69.391972381406731,16.877,0.0,Taipei City,Taipei,25.0504,121.5324,10,"Taiwan Mobile Co., Ltd.",24158
2023-12-17 06:35:54.295191 UTC,2023,14:35:54,ndt-virtual-8f258_1700449809_00000000000A2DF4,Download,7.5395224244600945,20.552,0.0,Taipei City,Taipei,25.0504,121.5324,10,"Taiwan Mobile Co., Ltd.",24158
2023-12-17 06:35:27.963493 UTC,2023,14:35:27,ndt-whwc2_1699924444_000000000021F8C8,Download,8.89704954732524,23.071,0.0,Taipei City,Taipei,25.0504,121.5324,10,"Taiwan Mobile Co., Ltd.",24158
2023-12-17 06:35:23.459948 UTC,2023,14:35:23,ndt-wx99j_1699966477_0000000000232835,Download,13.409695266595234,21.842,0.14032063943241996,Taipei City,Taipei,25.0504,121.5324,10,"Far EastTone Telecommunication Co., Ltd.",9674
2023-12-17 06:34:40.999016 UTC,2023,14:34:40,ndt-whwc2_1699924444_000000000022573E,Download,75.84597836793705,32.569,0.0016219607028157721,Taipei City,Taipei,25.0504,121.5324,10,"Taiwan Mobile Co., Ltd.",24158
2023-12-17 06:34:24.704045 UTC,2023,14:34:24,ndt-virtual-xvxkc_1700353924_00000000000A4433,Download,7.4535376957809794,25.832,0.0,Taipei City,Taipei,25.0504,121.5324,10,"Taiwan Mobile Co., Ltd.",24158
2023-12-17 06:33:35.533518 UTC,2023,14:33:35,ndt-virtual-8f258_1700449809_00000000000A1E1E,Download,81.118363991197612,24.725,0.0,Taipei City,Taipei,25.0504,121.5324,10,"Taiwan Mobile Co., Ltd.",24158
2023-12-17 06:33:29.591192 UTC,2023,14:33:29,ndt-virtual-xvxkc_1700353924_00000000000A38B5,Download,6.8808675538030286,21.583,0.0,Taipei City,Taipei,25.0504,121.5324,10,"Taiwan Mobile Co., Ltd.",24158
2023-12-17 06:32:25.275877 UTC,2023,14:32:25,ndt-virtual-8f258_1700449809_00000000000A3BCB,Download,61.82045966386378,17.569,0.0,Taipei City,Taipei,25.0504,121.5324,10,"Taiwan Mobile Co., Ltd.",24158
2023-12-17 06:31:57.059157 UTC,2023,14:31:57,ndt-virtual-xvxkc_1700353924_00000000000A442D,Download,28.558903175897132,20.851,0.00015378521149846892,Taipei City,Taipei,25.0504,121.5324,10,"Taiwan Mobile Co., Ltd.",24158
2023-12-17 06:31:56.844840 UTC,2023,14:31:56,ndt-whwc2_1699924444_000000000022A61C,Download,8.3160812023123984,179.091,0.0032403697144722417,Taipei City,Taipei,25.0504,121.5324,20,"Far EastTone Telecommunication Co., Ltd.",9674
2023-12-17 06:31:22.685581 UTC,2023,14:31:22,ndt-kwth4_1700174223_00000000001FFA91,Download,3.0766750325197414,179.811,0.0049243885018494978,Taipei City,Taipei,25.0504,121.5324,100,"Far EastTone Telecommunication Co., Ltd.",9674
2023-12-17 06:31:20.636218 UTC,2023,14:31:20,ndt-virtual-8f258_1700449809_00000000000A2DE4,Download,5.9532371313135561,27.0,0.0,Taipei City,Taipei,25.0504,121.5324,10,"Taiwan Mobile Co., Ltd.",24158
2023-12-17 06:30:34.545026 UTC,2023,14:30:34,ndt-wx99j_1699966477_0000000000223F67,Download,0.64166772125378313,195.068,0.09482607602842498,Taipei City,Taipei,25.0504,121.5324,100,"Far EastTone Telecommunication Co., Ltd.",9674
2023-12-17 06:14:39.128630 UTC,2023,14:14:39,ndt-kwth4_1700174223_00000000002029E7,Download,3.2396170300860012,19.376,0.0,Taipei City,Taipei,25.0504,121.5324,5,Mobile Business Group,17421
2023-12-17 06:14:29.141693 UTC,2023,14:14:29,ndt-virtual-xvxkc_1700353924_00000000000A2AA1,Download,98.8453800781291,85.965,0.10366789991963445,Taipei City,Taipei,25.0504,121.5324,10,Mobile Business Group,17421
2023-12-17 06:13:35.415454 UTC,2023,14:13:35,ndt-whwc2_1699924444_000000000021F8AC,Download,207.51534535790643,21.891,0.06058641500919739,Taipei City,Taipei,25.0504,121.5324,20,"Taiwan Mobile Co., Ltd.",24158
2023-12-17 06:06:59.933313 UTC,2023,14:06:59,ndt-whwc2_1699924444_000000000021E898,Download,5.27251225882816,26.072,0.024541763681345467,Taipei City,Taipei,25.0504,121.5324,20,Mobile Business Group,17421
2023-12-17 06:06:17.502177 UTC,2023,14:06:17,ndt-virtual-8f258_1700449809_00000000000A2D8E,Download,1.7151445570794515,19.755,0.020415468834330149,Taipei City,Taipei,25.0504,121.5324,20,Mobile Business Group,17421
2023-12-17 05:56:57.476970 UTC,2023,13:56:57,ndt-whwc2_1699924444_000000000022383C,Download,18.489296930080179,20.699,0.00027557954457987677,Taipei City,Taipei,25.0504,121.5324,10,Taiwan Star Telecom Corporation Limited.(Former Vibo Telecom Inc.),24157
2023-12-17 05:28:46.744320 UTC,2023,13:28:46,ndt-kwth4_1700174223_000000000020D78B,Download,13.729839146372671,20.631,0.12845016329986694,Taipei City,Taipei,25.0504,121.5324,10,"Far EastTone Telecommunication Co., Ltd.",9674
2023-12-17 05:17:20.094059 UTC,2023,13:17:20,ndt-kwth4_1700174223_00000000001FCA3F,Download,103.73654876821057,18.608,6.4458525180951867e-05,Taipei City,Taipei,25.0504,121.5324,100,"Far EastTone Telecommunication Co., Ltd.",9674
2023-12-17 05:08:47.810757 UTC,2023,13:08:47,ndt-kwth4_1700174223_00000000001F7B68,Download,23.610774740649795,31.762,0.0,Taipei City,Taipei,25.0504,121.5324,5,Mobile Business Group,17421
2023-12-17 05:00:20.209410 UTC,2023,13:00:20,ndt-kwth4_1700174223_00000000001FBA91,Download,38.021137710787485,23.993,0.0,Taipei City,Taipei,25.0504,121.5324,50,"Far EastTone Telecommunication Co., Ltd.",9674
2023-12-17 05:00:11.741680 UTC,2023,13:00:11,ndt-whwc2_1699924444_000000000022B5A7,Download,24.69972369193783,24.086,0.0,Taipei City,Taipei,25.0504,121.5324,50,"Far EastTone Telecommunication Co., Ltd.",9674
2023-12-17 04:58:42.451243 UTC,2023,12:58:42,ndt-wx99j_1699966477_000000000023A2DE,Download,29.908902666668265,24.657,7.47541766241566e-05,Taipei City,Taipei,25.0504,121.5324,50,"Far EastTone Telecommunication Co., Ltd.",9674
2023-12-17 04:55:45.854914 UTC,2023,12:55:45,ndt-virtual-8f258_1700449809_00000000000A3A65,Download,2.6876858400156212,23.806,0.0,Taipei City,Taipei,25.0504,121.5324,50,"Far EastTone Telecommunication Co., Ltd.",9674
2023-12-17 04:55:15.202322 UTC,2023,12:55:15,ndt-virtual-8f258_1700449809_00000000000A0DA7,Download,32.3567199109286,23.093,3.4992943255463097e-05,Taipei City,Taipei,25.0504,121.5324,50,"Far EastTone Telecommunication Co., Ltd.",9674
2023-12-17 04:54:44.259290 UTC,2023,12:54:44,ndt-whwc2_1699924444_000000000022D4A8,Download,38.717152680651978,24.174,9.9013139287058326e-06,Taipei City,Taipei,25.0504,121.5324,50,"Far EastTone Telecommunication Co., Ltd.",9674
2023-12-17 04:41:44.469889 UTC,2023,12:41:44,ndt-kwth4_1700174223_00000000001F0E43,Download,12.660945605793449,184.293,0.28825670886200233,Taipei City,Taipei,25.0504,121.5324,100,"Far EastTone Telecommunication Co., Ltd.",9674
2023-12-17 04:16:34.137363 UTC,2023,12:16:34,ndt-whwc2_1699924444_000000000021E816,Download,9.0532688875170155,17.955,0.0,Taipei City,Taipei,25.0504,121.5324,20,Taiwan Star Telecom Corporation Limited.(Former Vibo Telecom Inc.),24157
2023-12-17 04:16:20.263351 UTC,2023,12:16:20,ndt-whwc2_1699924444_000000000022B574,Download,28.708525870878304,19.963,0.010886624996994134,Taipei City,Taipei,25.0504,121.5324,20,Taiwan Star Telecom Corporation Limited.(Former Vibo Telecom Inc.),24157
2023-12-11 03:54:57.877470 UTC,2023,11:54:57,ndt-wx99j_1699966477_00000000001D601B,Download,10.561026999220502,57.969,0.0854384803016504,Taipei City,Taipei,25.0504,121.5324,100,"Far EastTone Telecommunication Co., Ltd.",9674
2023-12-11 03:28:22.016760 UTC,2023,11:28:22,ndt-whwc2_1699924444_00000000001B3D15,Download,22.138290770375772,61.985,0.0,Taipei City,Taipei,25.0504,121.5324,20,"Taiwan Mobile Co., Ltd.",24158
2023-12-11 03:27:05.039911 UTC,2023,11:27:05,ndt-virtual-xvxkc_1700353924_000000000008163B,Download,16.925211912115188,24.668,0.00067939826881282682,Taipei City,Taipei,25.0504,121.5324,20,"Taiwan Mobile Co., Ltd.",24158
2023-12-11 03:26:35.970720 UTC,2023,11:26:35,ndt-whwc2_1699924444_00000000001C2B11,Download,16.841083978320434,33.367,0.0,Taipei City,Taipei,25.0504,121.5324,20,"Taiwan Mobile Co., Ltd.",24158
2023-12-11 03:23:05.608982 UTC,2023,11:23:05,ndt-kwth4_1700174223_00000000001AD4FE,Download,58.160878542072986,105.314,3.8384686717531043e-05,Taipei City,Taipei,25.0504,121.5324,20,Mobile Business Group,17421
2023-12-11 03:16:57.034218 UTC,2023,11:16:57,ndt-wx99j_1699966477_00000000001BEDAE,Download,289.04595723373052,42.412,2.2266221224777978e-05,Taipei City,Taipei,25.0504,121.5324,50,"Far EastTone Telecommunication Co., Ltd.",9674
2023-12-11 03:09:14.761216 UTC,2023,11:09:14,ndt-virtual-xvxkc_1700353924_000000000008313A,Download,153.8994558962373,20.883,0.0,Taipei City,Taipei,25.0504,121.5324,10,Mobile Business Group,17421
2023-12-11 03:07:22.984587 UTC,2023,11:07:22,ndt-whwc2_1699924444_00000000001C674D,Download,34.082943769450807,20.02,0.0010175614642639517,Taipei City,Taipei,25.0504,121.5324,5,Mobile Business Group,17421
2023-12-11 03:04:49.736451 UTC,2023,11:04:49,ndt-virtual-8f258_1700449809_00000000000805D0,Download,4.110911287706065,149.676,0.00095039838432274667,Taipei City,Taipei,25.0504,121.5324,10,Mobile Business Group,17421
2023-12-11 03:04:41.703980 UTC,2023,11:04:41,ndt-virtual-8f258_1700449809_00000000000832EE,Download,77.686943339473174,21.972,0.008834808717965029,Taipei City,Taipei,25.0504,121.5324,10,Mobile Business Group,17421
2023-12-11 03:03:37.853252 UTC,2023,11:03:37,ndt-wx99j_1699966477_00000000001C7733,Download,296.89578179820819,50.756,0.022621570067121032,Taipei City,Taipei,25.0504,121.5324,100,"Far EastTone Telecommunication Co., Ltd.",9674
2023-12-11 03:02:42.848636 UTC,2023,11:02:42,ndt-virtual-8f258_1700449809_00000000000805C0,Download,1.8642992285478581,112.554,0.0,Taipei City,Taipei,25.0504,121.5324,100,Mobile Business Group,17421
2023-12-11 02:49:39.461562 UTC,2023,10:49:39,ndt-virtual-8f258_1700449809_0000000000080571,Download,131.92115734972671,23.817,0.0,Taipei City,Taipei,25.0504,121.5324,5,Mobile Business Group,17421
2023-12-11 02:49:37.765156 UTC,2023,10:49:37,ndt-virtual-8f258_1700449809_00000000000814AE,Download,17.794138991135917,26.464,0.0,Taipei City,Taipei,25.0504,121.5324,5,Mobile Business Group,17421
2023-12-11 02:49:36.174395 UTC,2023,10:49:36,ndt-virtual-8f258_1700449809_0000000000080570,Download,132.50565396010202,21.251,0.0,Taipei City,Taipei,25.0504,121.5324,5,Mobile Business Group,17421
2023-12-11 02:49:15.392251 UTC,2023,10:49:15,ndt-virtual-xvxkc_1700353924_0000000000080B57,Download,197.87125819274954,22.3,0.0,Taipei City,Taipei,25.0504,121.5324,5,Mobile Business Group,17421
2023-12-11 02:49:05.898301 UTC,2023,10:49:05,ndt-virtual-xvxkc_1700353924_00000000000830FC,Download,54.270594741901732,20.329,0.0,Taipei City,Taipei,25.0504,121.5324,5,Mobile Business Group,17421
2023-12-11 02:49:03.904584 UTC,2023,10:49:03,ndt-virtual-xvxkc_1700353924_000000000008246C,Download,187.6955485092987,24.594,0.0,Taipei City,Taipei,25.0504,121.5324,5,Mobile Business Group,17421
2023-12-11 02:45:13.011958 UTC,2023,10:45:13,ndt-whwc2_1699924444_00000000001B6CF0,Download,4.8369825388038956,132.006,0.066113281427690254,Taipei City,Taipei,25.0504,121.5324,10,Mobile Business Group,17421
2023-12-11 02:43:02.729504 UTC,2023,10:43:02,ndt-virtual-8f258_1700449809_0000000000081489,Download,16.942100890892597,17.519,0.0,Taipei City,Taipei,25.0504,121.5324,10,Mobile Business Group,17421
2023-12-11 02:42:31.449028 UTC,2023,10:42:31,ndt-whwc2_1699924444_00000000001CB230,Download,8.9732171337662461,22.61,0.020514620641237925,Taipei City,Taipei,25.0504,121.5324,10,Mobile Business Group,17421
2023-12-11 02:42:10.342462 UTC,2023,10:42:10,ndt-whwc2_1699924444_00000000001C672C,Download,21.301936989335132,21.87,0.0,Taipei City,Taipei,25.0504,121.5324,10,Mobile Business Group,17421
2023-12-11 02:42:07.805377 UTC,2023,10:42:07,ndt-virtual-xvxkc_1700353924_000000000008244E,Download,1.5087063057589054,25.494,0.17517718926169631,Taipei City,Taipei,25.0504,121.5324,10,Mobile Business Group,17421
2023-12-11 02:41:31.201193 UTC,2023,10:41:31,ndt-kwth4_1700174223_000000000019DA6A,Download,56.448715067766372,19.042,0.0039875087552916138,Taipei City,Taipei,25.0504,121.5324,10,Mobile Business Group,17421
2023-12-11 02:40:46.341771 UTC,2023,10:40:46,ndt-virtual-xvxkc_1700353924_0000000000080B3A,Download,57.589570423936507,20.152,0.020043154413516149,Taipei City,Taipei,25.0504,121.5324,10,"Taiwan Mobile Co., Ltd.",24158
2023-12-11 02:39:41.290472 UTC,2023,10:39:41,ndt-virtual-8f258_1700449809_00000000000822E0,Download,1.2046358893082898,22.191,0.15187859073517196,Taipei City,Taipei,25.0504,121.5324,10,Mobile Business Group,17421
2023-12-11 02:39:34.654578 UTC,2023,10:39:34,ndt-wx99j_1699966477_00000000001D3087,Download,86.687011004694355,26.679,2.5327817407683918e-05,Taipei City,Taipei,25.0504,121.5324,10,"Taiwan Mobile Co., Ltd.",24158
2023-12-11 02:38:30.616377 UTC,2023,10:38:30,ndt-kwth4_1700174223_00000000001AE318,Download,102.91501907246348,24.392,0.0,Taipei City,Taipei,25.0504,121.5324,10,"Taiwan Mobile Co., Ltd.",24158
2023-12-11 02:37:42.597946 UTC,2023,10:37:42,ndt-whwc2_1699924444_00000000001C8684,Download,0.97873888724424518,24.963,0.13851711118640786,Taipei City,Taipei,25.0504,121.5324,10,Mobile Business Group,17421
2023-12-11 02:37:27.510753 UTC,2023,10:37:27,ndt-virtual-8f258_1700449809_0000000000083265,Download,350.1719642974461,12.463,0.0080882953645045226,Taipei City,Taipei,25.0504,121.5324,10,Mobile Business Group,17421
2023-12-11 02:29:31.873130 UTC,2023,10:29:31,ndt-whwc2_1699924444_00000000001CC1E9,Download,12.59045175431141,56.853,0.00035460757131490706,Taipei City,Taipei,25.0504,121.5324,100,"Far EastTone Telecommunication Co., Ltd.",9674
2023-12-11 02:29:00.453391 UTC,2023,10:29:00,ndt-kwth4_1700174223_00000000001919C8,Download,14.18402971829458,58.713,0.00016020313757844948,Taipei City,Taipei,25.0504,121.5324,100,"Far EastTone Telecommunication Co., Ltd.",9674
2023-12-11 02:26:41.352111 UTC,2023,10:26:41,ndt-virtual-xvxkc_1700353924_0000000000080B08,Download,148.41830796537621,20.251,0.0,Taipei City,Taipei,25.0504,121.5324,50,"Far EastTone Telecommunication Co., Ltd.",9674
2023-12-11 02:26:17.520829 UTC,2023,10:26:17,ndt-kwth4_1700174223_000000000019AAF5,Download,131.20357267674265,48.699,0.0,Taipei City,Taipei,25.0504,121.5324,50,"Far EastTone Telecommunication Co., Ltd.",9674
2023-12-11 02:25:21.464814 UTC,2023,10:25:21,ndt-kwth4_1700174223_00000000001A357A,Download,11.162402913668357,21.282,0.0,Taipei City,Taipei,25.0504,121.5324,10,Taiwan Star Telecom Corporation Limited.(Former Vibo Telecom Inc.),24157
2023-12-11 02:20:01.877086 UTC,2023,10:20:01,ndt-virtual-xvxkc_1700353924_0000000000080AF4,Download,42.350413661782959,20.639,0.0,Taipei City,Taipei,25.0504,121.5324,100,"Far EastTone Telecommunication Co., Ltd.",9674
2023-12-11 02:18:23.427985 UTC,2023,10:18:23,ndt-kwth4_1700174223_000000000019F58E,Download,46.7813044652969,24.929,0.0,Taipei City,Taipei,25.0504,121.5324,10,"Taiwan Mobile Co., Ltd.",24158
2023-12-11 02:17:54.909168 UTC,2023,10:17:54,ndt-virtual-xvxkc_1700353924_0000000000083084,Download,83.208262353400286,25.333,0.0,Taipei City,Taipei,25.0504,121.5324,10,"Taiwan Mobile Co., Ltd.",24158
2023-12-11 02:06:01.863313 UTC,2023,10:06:01,ndt-virtual-8f258_1700449809_00000000000831CE,Download,14.52115511047583,19.56,0.0020706531498195691,Taipei City,Taipei,25.0504,121.5324,10,Mobile Business Group,17421
2023-12-11 02:02:43.028651 UTC,2023,10:02:43,ndt-virtual-xvxkc_1700353924_0000000000081529,Download,10.389728536868052,22.941,0.09789828666586739,Taipei City,Taipei,25.0504,121.5324,100,"Far EastTone Telecommunication Co., Ltd.",9674
2023-12-11 01:53:26.365035 UTC,2023,09:53:26,ndt-virtual-8f258_1700449809_00000000000813CA,Download,122.92313958145114,16.971,0.0,Taipei City,Taipei,25.0504,121.5324,10,Mobile Business Group,17421
2023-12-11 01:48:28.266179 UTC,2023,09:48:28,ndt-virtual-xvxkc_1700353924_00000000000814F4,Download,299.9622266466061,16.086,0.003294462277460046,Taipei City,Taipei,25.0504,121.5324,10,Mobile Business Group,17421
2023-12-11 01:31:53.518478 UTC,2023,09:31:53,ndt-virtual-8f258_1700449809_000000000008313D,Download,41.784966900499363,27.97,0.0,Taipei City,Taipei,25.0504,121.5324,100,"Far EastTone Telecommunication Co., Ltd.",9674
2023-12-11 01:27:41.875281 UTC,2023,09:27:41,ndt-wx99j_1699966477_00000000001B5EDC,Download,35.315869089669341,24.246,0.0,Taipei City,Taipei,25.0504,121.5324,10,"Taiwan Mobile Co., Ltd.",24158
2023-12-11 01:27:23.329002 UTC,2023,09:27:23,ndt-wx99j_1699966477_00000000001CB5E3,Download,2.8302081850457266,39.725,0.0046006918844084515,Taipei City,Taipei,25.0504,121.5324,10,Mobile Business Group,17421
2023-12-11 01:16:59.356102 UTC,2023,09:16:59,ndt-virtual-xvxkc_1700353924_0000000000081471,Download,481.77586862674247,11.922,0.045205066655749623,Taipei City,Taipei,25.0504,121.5324,50,Mobile Business Group,17421
2023-12-11 01:16:32.701140 UTC,2023,09:16:32,ndt-kwth4_1700174223_00000000001A28FC,Download,14.659570948849316,45.477,0.080106709217382638,Taipei City,Taipei,25.0504,121.5324,50,"Far EastTone Telecommunication Co., Ltd.",9674
2023-12-11 01:16:05.389273 UTC,2023,09:16:05,ndt-wx99j_1699966477_00000000001BAF27,Download,23.808684004329841,63.006,0.00037400448805385665,Taipei City,Taipei,25.0504,121.5324,100,"Far EastTone Telecommunication Co., Ltd.",9674
2023-12-11 01:15:41.392675 UTC,2023,09:15:41,ndt-kwth4_1700174223_0000000000194840,Download,5.6536154582680211,98.271,0.0018445545168334974,Taipei City,Taipei,25.0504,121.5324,50,"Far EastTone Telecommunication Co., Ltd.",9674
2023-12-11 01:14:00.504956 UTC,2023,09:14:00,ndt-virtual-xvxkc_1700353924_000000000008145F,Download,133.80413543085595,18.957,8.30804778988482e-06,Taipei City,Taipei,25.0504,121.5324,10,Mobile Business Group,17421
2023-12-11 01:13:46.789296 UTC,2023,09:13:46,ndt-wx99j_1699966477_00000000001C2AD6,Download,136.20576287433752,24.058,0.0,Taipei City,Taipei,25.0504,121.5324,5,Mobile Business Group,17421
2023-12-11 01:12:43.002975 UTC,2023,09:12:43,ndt-kwth4_1700174223_0000000000198AF4,Download,151.2558827757571,23.382,0.0,Taipei City,Taipei,25.0504,121.5324,5,Mobile Business Group,17421
2023-12-11 01:08:41.952367 UTC,2023,09:08:41,ndt-kwth4_1700174223_0000000000198AEF,Download,105.54284774307804,20.512,1.3995284132167964e-05,Taipei City,Taipei,25.0504,121.5324,10,Mobile Business Group,17421
2023-12-11 01:07:51.964716 UTC,2023,09:07:51,ndt-virtual-8f258_1700449809_00000000000812CF,Download,26.781656941658341,24.437,0.0,Taipei City,Taipei,25.0504,121.5324,200,"Far EastTone Telecommunication Co., Ltd.",9674
2023-12-11 01:02:00.722203 UTC,2023,09:02:00,ndt-kwth4_1700174223_000000000019482F,Download,2.3073811443540677,47.907,0.15358790645213791,Taipei City,Taipei,25.0504,121.5324,100,"Far EastTone Telecommunication Co., Ltd.",9674
2023-12-11 01:00:55.061066 UTC,2023,09:00:55,ndt-virtual-8f258_1700449809_000000000008305B,Download,17.514718917261376,88.247,0.0074935631333184786,Taipei City,Taipei,25.0504,121.5324,10,Mobile Business Group,17421
2023-12-11 00:50:15.686502 UTC,2023,08:50:15,ndt-wx99j_1699966477_00000000001BBE0A,Download,39.080788847392043,51.924,8.63601936113293e-05,Taipei City,Taipei,25.0504,121.5324,100,"Far EastTone Telecommunication Co., Ltd.",9674
2023-12-11 00:49:02.281920 UTC,2023,08:49:02,ndt-wx99j_1699966477_00000000001CE495,Download,243.19635710982311,11.749,0.012331763079661254,Taipei City,Taipei,25.0504,121.5324,10,Mobile Business Group,17421
2023-12-11 00:41:54.260490 UTC,2023,08:41:54,ndt-virtual-8f258_1700449809_000000000008300C,Download,17.655236744203581,16.921,0.00012711172018810369,Taipei City,Taipei,25.0504,121.5324,20,"Taiwan Mobile Co., Ltd.",24158
2023-12-11 00:39:38.441475 UTC,2023,08:39:38,ndt-wx99j_1699966477_00000000001C66CB,Download,42.04959920488465,25.924,0.0,Taipei City,Taipei,25.0504,121.5324,10,"Taiwan Mobile Co., Ltd.",24158
2023-12-11 00:36:57.491460 UTC,2023,08:36:57,ndt-virtual-8f258_1700449809_000000000008205A,Download,65.770980348865535,21.24,0.0,Taipei City,Taipei,25.0504,121.5324,20,"Taiwan Mobile Co., Ltd.",24158
2023-12-11 00:19:43.763962 UTC,2023,08:19:43,ndt-virtual-xvxkc_1700353924_000000000008137D,Download,25.749008849526557,24.54,0.07744065139830264,Taipei City,Taipei,25.0504,121.5324,10,Mobile Business Group,17421
2023-12-11 00:17:00.293457 UTC,2023,08:17:00,ndt-whwc2_1699924444_00000000001CA15E,Download,31.815870279483768,61.117,0.0020831066436880433,Taipei City,Taipei,25.0504,121.5324,50,"Far EastTone Telecommunication Co., Ltd.",9674
2023-12-11 00:10:23.252171 UTC,2023,08:10:23,ndt-wx99j_1699966477_00000000001B5E70,Download,30.108576337279121,17.826,3.5462250434412567e-05,Taipei City,Taipei,25.0504,121.5324,20,Taiwan Star Telecom Corporation Limited.(Former Vibo Telecom Inc.),24157
2023-12-11 00:01:52.656215 UTC,2023,08:01:52,ndt-virtual-8f258_1700449809_000000000007FFCF,Download,104.49785692851785,23.81,0.0,Taipei City,Taipei,25.0504,121.5324,50,"Far EastTone Telecommunication Co., Ltd.",9674
2023-12-10 23:56:57.730867 UTC,2023,07:56:57,ndt-wx99j_1699966477_00000000001BBDA4,Download,23.784485249937003,47.486,0.21329072886173009,Taipei City,Taipei,25.0504,121.5324,50,"Far EastTone Telecommunication Co., Ltd.",9674
2023-12-10 23:55:19.608710 UTC,2023,07:55:19,ndt-whwc2_1699924444_00000000001B9D72,Download,23.668771422334515,57.986,0.00051969583699416509,Taipei City,Taipei,25.0504,121.5324,100,"Far EastTone Telecommunication Co., Ltd.",9674
2023-12-10 23:53:44.927398 UTC,2023,07:53:44,ndt-wx99j_1699966477_00000000001D136F,Download,396.46448943009369,22.028,0.0015948513865779181,Taipei City,Taipei,25.0504,121.5324,10,"Taiwan Mobile Co., Ltd.",24158
2023-12-10 23:51:48.888919 UTC,2023,07:51:48,ndt-whwc2_1699924444_00000000001BEA4A,Download,180.45131514305677,51.977,0.015028144424321288,Taipei City,Taipei,25.0504,121.5324,50,"Far EastTone Telecommunication Co., Ltd.",9674
2023-12-10 23:51:39.842336 UTC,2023,07:51:39,ndt-kwth4_1700174223_0000000000191923,Download,20.2524367901539,25.531,0.00010996124097266724,Taipei City,Taipei,25.0504,121.5324,10,Mobile Business Group,17421
2023-12-10 23:36:26.119130 UTC,2023,07:36:26,ndt-wx99j_1699966477_00000000001C86D2,Download,28.26273483107617,54.82,8.058918141031068e-05,Taipei City,Taipei,25.0504,121.5324,50,"Far EastTone Telecommunication Co., Ltd.",9674
2023-12-10 23:35:40.816271 UTC,2023,07:35:40,ndt-whwc2_1699924444_00000000001C0BD9,Download,33.2961460108259,54.835,0.0,Taipei City,Taipei,25.0504,121.5324,50,"Far EastTone Telecommunication Co., Ltd.",9674
2023-12-10 23:34:18.916926 UTC,2023,07:34:18,ndt-virtual-8f258_1700449809_000000000007EEF2,Download,27.281631474561216,27.651,1.7082887173441255e-05,Taipei City,Taipei,25.0504,121.5324,10,"Taiwan Mobile Co., Ltd.",24158
2023-12-10 23:15:32.157894 UTC,2023,07:15:32,ndt-whwc2_1699924444_00000000001B1E12,Download,46.742494082538379,24.405,0.0,Taipei City,Taipei,25.0504,121.5324,10,Mobile Business Group,17421
2023-12-10 23:11:24.450781 UTC,2023,07:11:24,ndt-virtual-8f258_1700449809_00000000000810AD,Download,4.6188624530171341,27.692,0.0,Taipei City,Taipei,25.0504,121.5324,10,"Taiwan Mobile Co., Ltd.",24158
2023-12-10 23:10:56.813773 UTC,2023,07:10:56,ndt-wx99j_1699966477_00000000001C96A3,Download,6.4556122386197972,28.686,0.0067896000570554626,Taipei City,Taipei,25.0504,121.5324,10,"Taiwan Mobile Co., Ltd.",24158
2023-12-10 23:10:36.877952 UTC,2023,07:10:36,ndt-virtual-xvxkc_1700353924_000000000007FD38,Download,23.796948762059063,20.0,0.065539922731912573,Taipei City,Taipei,25.0504,121.5324,50,"Far EastTone Telecommunication Co., Ltd.",9674
2023-12-10 23:10:07.819691 UTC,2023,07:10:07,ndt-whwc2_1699924444_00000000001CC084,Download,23.240992196947364,54.302,0.0806679172501255,Taipei City,Taipei,25.0504,121.5324,50,"Far EastTone Telecommunication Co., Ltd.",9674
2023-12-10 23:07:10.033947 UTC,2023,07:07:10,ndt-virtual-8f258_1700449809_0000000000081095,Download,30.305830628820281,20.038,0.00014473735800514382,Taipei City,Taipei,25.0504,121.5324,100,"Far EastTone Telecommunication Co., Ltd.",9674
2023-12-10 22:58:59.051553 UTC,2023,06:58:59,ndt-kwth4_1700174223_00000000001AF027,Download,170.41876866438781,23.362,0.0,Taipei City,Taipei,25.0504,121.5324,5,Mobile Business Group,17421
2023-12-10 22:56:47.953022 UTC,2023,06:56:47,ndt-virtual-xvxkc_1700353924_000000000007FCEA,Download,13.759034457988516,27.588,0.00040659694299164328,Taipei City,Taipei,25.0504,121.5324,10,"Taiwan Mobile Co., Ltd.",24158
2023-12-10 22:50:07.499468 UTC,2023,06:50:07,ndt-whwc2_1699924444_00000000001C6596,Download,235.08977640570254,23.545,0.0018132754369970321,Taipei City,Taipei,25.0504,121.5324,10,Mobile Business Group,17421
2023-12-10 22:31:34.376656 UTC,2023,06:31:34,ndt-kwth4_1700174223_000000000019E4BD,Download,24.713016138523951,25.897,0.0,Taipei City,Taipei,25.0504,121.5324,10,Mobile Business Group,17421
2023-12-10 21:08:07.554801 UTC,2023,05:08:07,ndt-virtual-8f258_1700449809_000000000007CEB8,Download,6.4437594832845759,25.502,0.0,Taipei City,Taipei,25.0504,121.5324,20,"Taiwan Mobile Co., Ltd.",24158
2023-12-10 20:45:24.090942 UTC,2023,04:45:24,ndt-kwth4_1700174223_000000000019D79F,Download,43.473915731124315,16.993,0.00044102513843289069,Taipei City,Taipei,25.0504,121.5324,20,Taiwan Star Telecom Corporation Limited.(Former Vibo Telecom Inc.),24157
2023-12-10 20:21:04.799384 UTC,2023,04:21:04,ndt-kwth4_1700174223_00000000001A4678,Download,42.737216792880936,57.989,0.033494796140477241,Taipei City,Taipei,25.0504,121.5324,100,"Far EastTone Telecommunication Co., Ltd.",9674
2023-12-10 19:52:58.233991 UTC,2023,03:52:58,ndt-virtual-xvxkc_1700353924_000000000007DF14,Download,28.400109871177346,22.315,0.0002368901970192887,Taipei City,Taipei,25.0504,121.5324,20,"Taiwan Mobile Co., Ltd.",24158
2023-12-10 19:48:12.770486 UTC,2023,03:48:12,ndt-wx99j_1699966477_00000000001C382C,Download,23.610915443758323,55.293,9.4173135480318215e-05,Taipei City,Taipei,25.0504,121.5324,100,"Far EastTone Telecommunication Co., Ltd.",9674
2023-12-10 18:10:07.384465 UTC,2023,02:10:07,ndt-wx99j_1699966477_00000000001BDB97,Download,70.580602804070523,31.164,0.0,Taipei City,Taipei,25.0504,121.5324,100,"Far EastTone Telecommunication Co., Ltd.",9674
2023-12-10 17:53:45.677972 UTC,2023,01:53:45,ndt-virtual-8f258_1700449809_000000000007DC4B,Download,107.57167099558788,18.092,0.0,Taipei City,Taipei,25.0504,121.5324,10,Mobile Business Group,17421
2023-12-10 17:50:30.334172 UTC,2023,01:50:30,ndt-whwc2_1699924444_00000000001B49F4,Download,42.94415572000382,22.803,5.3072782136815765e-05,Taipei City,Taipei,25.0504,121.5324,10,Mobile Business Group,17421
2023-12-10 17:49:14.554704 UTC,2023,01:49:14,ndt-virtual-8f258_1700449809_000000000007F989,Download,2.2478792476958875,31.586,0.01594734958372283,Taipei City,Taipei,25.0504,121.5324,10,Mobile Business Group,17421
2023-12-10 17:46:04.651525 UTC,2023,01:46:04,ndt-wx99j_1699966477_00000000001BABDB,Download,4.2041372306150953,27.67,0.0,Taipei City,Taipei,25.0504,121.5324,10,"Taiwan Mobile Co., Ltd.",24158
2023-12-10 17:45:50.444399 UTC,2023,01:45:50,ndt-virtual-xvxkc_1700353924_000000000007EC3B,Download,4.74764117472203,23.122,0.0,Taipei City,Taipei,25.0504,121.5324,10,"Taiwan Mobile Co., Ltd.",24158
2023-12-10 17:34:39.083645 UTC,2023,01:34:39,ndt-virtual-xvxkc_1700353924_000000000007DD6C,Download,40.074354243151404,17.826,0.00060816677323520519,Taipei City,Taipei,25.0504,121.5324,20,Taiwan Star Telecom Corporation Limited.(Former Vibo Telecom Inc.),24157
2023-12-10 17:26:09.810172 UTC,2023,01:26:09,ndt-kwth4_1700174223_00000000001AC251,Download,49.207047977099535,24.033,0.00039448578487877973,Taipei City,Taipei,25.0504,121.5324,10,Mobile Business Group,17421
2023-12-10 17:25:24.074562 UTC,2023,01:25:24,ndt-wx99j_1699966477_00000000001BEA5C,Download,41.21294233225759,25.611,0.0,Taipei City,Taipei,25.0504,121.5324,10,Mobile Business Group,17421
2023-12-10 17:24:54.045588 UTC,2023,01:24:54,ndt-kwth4_1700174223_000000000018FEBB,Download,46.469129708999056,24.227,0.0,Taipei City,Taipei,25.0504,121.5324,10,Mobile Business Group,17421
2023-12-10 17:24:08.694037 UTC,2023,01:24:08,ndt-virtual-8f258_1700449809_000000000007CB3C,Download,47.563490990120691,23.936,0.0,Taipei City,Taipei,25.0504,121.5324,10,Mobile Business Group,17421
2023-12-10 17:23:42.830031 UTC,2023,01:23:42,ndt-kwth4_1700174223_000000000019461D,Download,44.263340436312731,22.324,0.00043908190556381346,Taipei City,Taipei,25.0504,121.5324,10,Mobile Business Group,17421
2023-12-10 17:21:59.299757 UTC,2023,01:21:59,ndt-virtual-xvxkc_1700353924_000000000007DD3D,Download,45.5816694481136,20.007,0.0,Taipei City,Taipei,25.0504,121.5324,10,Mobile Business Group,17421
2023-12-10 17:21:35.441284 UTC,2023,01:21:35,ndt-virtual-xvxkc_1700353924_000000000007EBF2,Download,43.213349778295012,20.026,0.0,Taipei City,Taipei,25.0504,121.5324,10,Mobile Business Group,17421
2023-12-10 17:21:10.627880 UTC,2023,01:21:10,ndt-wx99j_1699966477_00000000001BF8D6,Download,40.593861720594425,23.584,0.004302494219425761,Taipei City,Taipei,25.0504,121.5324,10,Mobile Business Group,17421
2023-12-10 17:20:31.359714 UTC,2023,01:20:31,ndt-whwc2_1699924444_00000000001BB8BB,Download,47.174468245571596,24.839,0.00097520183630505773,Taipei City,Taipei,25.0504,121.5324,10,Mobile Business Group,17421
2023-12-10 17:20:03.466633 UTC,2023,01:20:03,ndt-kwth4_1700174223_00000000001A3337,Download,47.010122535961642,24.043,0.0,Taipei City,Taipei,25.0504,121.5324,10,Mobile Business Group,17421
2023-12-10 17:19:25.427244 UTC,2023,01:19:25,ndt-kwth4_1700174223_000000000019461A,Download,41.327930999450437,24.105,0.0,Taipei City,Taipei,25.0504,121.5324,10,Mobile Business Group,17421
2023-12-10 17:18:50.771745 UTC,2023,01:18:50,ndt-virtual-8f258_1700449809_000000000007DBD7,Download,46.984722442353295,17.867,2.35620469817792e-05,Taipei City,Taipei,25.0504,121.5324,10,Mobile Business Group,17421
2023-12-10 17:18:21.477707 UTC,2023,01:18:21,ndt-whwc2_1699924444_00000000001C444F,Download,32.206314912507032,24.098,0.00024885283287843629,Taipei City,Taipei,25.0504,121.5324,10,Mobile Business Group,17421
2023-12-10 17:17:51.232525 UTC,2023,01:17:51,ndt-virtual-8f258_1700449809_000000000007CB2B,Download,42.410897694504854,22.103,0.0,Taipei City,Taipei,25.0504,121.5324,10,Mobile Business Group,17421
2023-12-10 17:17:24.046918 UTC,2023,01:17:24,ndt-whwc2_1699924444_00000000001B2E12,Download,45.875416332585907,27.373,0.002714990139306647,Taipei City,Taipei,25.0504,121.5324,10,Mobile Business Group,17421
2023-12-10 16:50:40.907029 UTC,2023,00:50:40,ndt-virtual-8f258_1700449809_000000000007E8E0,Download,44.0953287137504,22.841,0.044379225991981762,Taipei City,Taipei,25.0504,121.5324,20,"Taiwan Mobile Co., Ltd.",24158
2023-12-10 16:30:02.495810 UTC,2023,00:30:02,ndt-wx99j_1699966477_00000000001D1070,Download,0.18235557932846244,52.757,0.0070736089292378727,Taipei City,Taipei,25.0504,121.5324,50,Mobile Business Group,17421
2023-12-10 16:28:47.724174 UTC,2023,00:28:47,ndt-wx99j_1699966477_00000000001C467A,Download,88.946122195067758,27.106,0.0,Taipei City,Taipei,25.0504,121.5324,10,Mobile Business Group,17421
2023-12-10 16:22:05.657775 UTC,2023,00:22:05,ndt-whwc2_1699924444_00000000001AFA64,Download,14.974869664670882,58.104,0.00090571322379361921,Taipei City,Taipei,25.0504,121.5324,50,"Far EastTone Telecommunication Co., Ltd.",9674
2023-12-10 16:17:52.072564 UTC,2023,00:17:52,ndt-virtual-8f258_1700449809_000000000007F85D,Download,44.857839660624933,29.763,0.0,Taipei City,Taipei,25.0504,121.5324,20,"Taiwan Mobile Co., Ltd.",24158
2023-12-10 16:14:09.152053 UTC,2023,00:14:09,ndt-virtual-8f258_1700449809_000000000007F84F,Download,19.332359122586364,13.068,0.057256028667633692,Taipei City,Taipei,25.0504,121.5324,50,"Far EastTone Telecommunication Co., Ltd.",9674
2023-12-10 16:06:53.182163 UTC,2023,00:06:53,ndt-kwth4_1700174223_00000000001965A0,Download,13.327153277154586,53.618,0.0057524422447006538,Taipei City,Taipei,25.0504,121.5324,100,"Far EastTone Telecommunication Co., Ltd.",9674
2023-12-10 15:50:31.558073 UTC,2023,23:50:31,ndt-kwth4_1700174223_00000000001A71D9,Download,1.4439679993984413,23.342,0.0,Taipei City,Taipei,25.0504,121.5324,10,Mobile Business Group,17421
2023-12-10 15:48:11.717550 UTC,2023,23:48:11,ndt-wx99j_1699966477_00000000001BE9EA,Download,5.4004239156484637,110.412,0.0,Taipei City,Taipei,25.0504,121.5324,10,Mobile Business Group,17421
2023-12-10 15:47:31.644221 UTC,2023,23:47:31,ndt-wx99j_1699966477_00000000001C0862,Download,6.4718465452737171,30.946,0.0001730530276733926,Taipei City,Taipei,25.0504,121.5324,10,Mobile Business Group,17421
2023-12-10 15:47:21.535220 UTC,2023,23:47:21,ndt-whwc2_1699924444_00000000001BD7A3,Download,1.7956424065434007,27.337,0.0,Taipei City,Taipei,25.0504,121.5324,10,Mobile Business Group,17421
2023-12-10 15:43:59.095868 UTC,2023,23:43:59,ndt-wx99j_1699966477_00000000001C36CE,Download,61.183305075805336,63.746,9.1803185439387345e-05,Taipei City,Taipei,25.0504,121.5324,50,"Far EastTone Telecommunication Co., Ltd.",9674
2023-12-10 15:35:28.129422 UTC,2023,23:35:28,ndt-virtual-8f258_1700449809_000000000007C9DE,Download,19.029895399847035,26.39,0.0,Taipei City,Taipei,25.0504,121.5324,20,"Taiwan Mobile Co., Ltd.",24158
2023-12-10 15:21:58.375543 UTC,2023,23:21:58,ndt-whwc2_1699924444_00000000001B494A,Download,0.51099955052594115,111.637,0.0090044076196961961,Taipei City,Taipei,25.0504,121.5324,50,"Far EastTone Telecommunication Co., Ltd.",9674
2023-12-10 15:21:04.527863 UTC,2023,23:21:04,ndt-wx99j_1699966477_00000000001BF7F6,Download,88.1229815717825,54.04,0.0,Taipei City,Taipei,25.0504,121.5324,50,"Far EastTone Telecommunication Co., Ltd.",9674
2023-12-10 15:20:51.089791 UTC,2023,23:20:51,ndt-wx99j_1699966477_00000000001CF085,Download,29.22699797051725,156.185,0.06166561327655163,Taipei City,Taipei,25.0504,121.5324,10,"Taiwan Mobile Co., Ltd.",24158
2023-12-10 15:17:59.884753 UTC,2023,23:17:59,ndt-virtual-8f258_1700449809_000000000007C982,Download,8.6623368272908472,19.756,0.0018917263774984507,Taipei City,Taipei,25.0504,121.5324,50,"Far EastTone Telecommunication Co., Ltd.",9674
2023-12-10 15:17:47.376001 UTC,2023,23:17:47,ndt-virtual-8f258_1700449809_000000000007F74A,Download,26.884081031095789,23.125,0.0,Taipei City,Taipei,25.0504,121.5324,10,"Taiwan Mobile Co., Ltd.",24158
2023-12-10 15:15:10.658273 UTC,2023,23:15:10,ndt-whwc2_1699924444_00000000001C35B3,Download,3.7274387934972908,26.88,0.00028510854844939073,Taipei City,Taipei,25.0504,121.5324,10,Mobile Business Group,17421
2023-12-10 15:10:03.354859 UTC,2023,23:10:03,ndt-virtual-xvxkc_1700353924_000000000007F61F,Download,1.6432028683256035,22.042,0.00500978651173247,Taipei City,Taipei,25.0504,121.5324,50,"Far EastTone Telecommunication Co., Ltd.",9674
2023-12-10 15:09:31.160741 UTC,2023,23:09:31,ndt-wx99j_1699966477_00000000001B4C5E,Download,1.2220087871973733,52.035,0.0089594256434699718,Taipei City,Taipei,25.0504,121.5324,50,"Far EastTone Telecommunication Co., Ltd.",9674
2023-12-10 15:01:42.126893 UTC,2023,23:01:42,ndt-virtual-8f258_1700449809_000000000007D97B,Download,33.773357491137567,21.065,0.0,Taipei City,Taipei,25.0504,121.5324,10,"Taiwan Mobile Co., Ltd.",24158
2023-12-10 14:57:15.053844 UTC,2023,22:57:15,ndt-whwc2_1699924444_00000000001B6914,Download,3.103606795956757,86.715,0.012248558371115457,Taipei City,Taipei,25.0504,121.5324,100,"Far EastTone Telecommunication Co., Ltd.",9674
2023-12-10 14:53:51.801483 UTC,2023,22:53:51,ndt-kwth4_1700174223_00000000001A1471,Download,3.9349752973287822,19.844,0.00026881720430107527,Taipei City,Taipei,25.0504,121.5324,10,Taiwan Star Telecom Corporation Limited.(Former Vibo Telecom Inc.),24157
2023-12-10 14:48:28.623187 UTC,2023,22:48:28,ndt-virtual-xvxkc_1700353924_000000000007F5DE,Download,14.994921825516968,27.932,0.00061894477585637347,Taipei City,Taipei,25.0504,121.5324,100,"Far EastTone Telecommunication Co., Ltd.",9674
2023-12-10 14:46:57.479568 UTC,2023,22:46:57,ndt-virtual-8f258_1700449809_000000000007C8B9,Download,9.014455255009949,21.216,0.0014530534679517389,Taipei City,Taipei,25.0504,121.5324,100,"Far EastTone Telecommunication Co., Ltd.",9674
2023-12-10 14:45:36.826219 UTC,2023,22:45:36,ndt-virtual-xvxkc_1700353924_000000000007DB0B,Download,2.2060114977119958,421.262,0.0,Taipei City,Taipei,25.0504,121.5324,10,Mobile Business Group,17421
2023-12-10 14:36:02.389282 UTC,2023,22:36:02,ndt-virtual-8f258_1700449809_000000000007F66E,Download,6.1572100768336462,24.584,0.00035308843481636455,Taipei City,Taipei,25.0504,121.5324,10,Mobile Business Group,17421
2023-12-10 14:21:47.672973 UTC,2023,22:21:47,ndt-kwth4_1700174223_000000000019C2AC,Download,11.235941915284648,26.663,0.073923930742719662,Taipei City,Taipei,25.0504,121.5324,50,"Far EastTone Telecommunication Co., Ltd.",9674
2023-12-10 14:21:08.350424 UTC,2023,22:21:08,ndt-virtual-xvxkc_1700353924_0000000000080048,Download,1.3328282311905131,20.779,0.0041352025168919122,Taipei City,Taipei,25.0504,121.5324,100,"Far EastTone Telecommunication Co., Ltd.",9674
2023-12-10 14:20:37.837383 UTC,2023,22:20:37,ndt-wx99j_1699966477_00000000001C6392,Download,8.426903558634562,57.939,0.0071455276723503087,Taipei City,Taipei,25.0504,121.5324,100,"Far EastTone Telecommunication Co., Ltd.",9674
2023-12-10 14:20:18.047365 UTC,2023,22:20:18,ndt-virtual-xvxkc_1700353924_000000000007DAA4,Download,74.042986640481928,16.501,0.0,Taipei City,Taipei,25.0504,121.5324,10,"Taiwan Mobile Co., Ltd.",24158
2023-12-10 14:18:02.254947 UTC,2023,22:18:02,ndt-kwth4_1700174223_00000000001AB161,Download,107.64491736670605,64.026,0.00200308840903402,Taipei City,Taipei,25.0504,121.5324,100,"Far EastTone Telecommunication Co., Ltd.",9674
2023-12-10 14:15:09.730353 UTC,2023,22:15:09,ndt-kwth4_1700174223_00000000001AA0FF,Download,5.37002499890239,57.695,0.0033517419693794778,Taipei City,Taipei,25.0504,121.5324,100,"Far EastTone Telecommunication Co., Ltd.",9674
2023-12-10 14:14:32.609016 UTC,2023,22:14:32,ndt-wx99j_1699966477_00000000001CA287,Download,1.5106657816430122,55.618,0.0063856539554291445,Taipei City,Taipei,25.0504,121.5324,100,"Far EastTone Telecommunication Co., Ltd.",9674
2023-12-10 14:13:57.751221 UTC,2023,22:13:57,ndt-virtual-xvxkc_1700353924_000000000007DA8E,Download,1.0462396702680561,20.07,0.017577770340945414,Taipei City,Taipei,25.0504,121.5324,100,"Far EastTone Telecommunication Co., Ltd.",9674
2023-12-10 14:10:47.786619 UTC,2023,22:10:47,ndt-virtual-8f258_1700449809_000000000007C841,Download,13.866493398597193,21.852,0.0,Taipei City,Taipei,25.0504,121.5324,10,"Taiwan Mobile Co., Ltd.",24158
2023-12-10 14:10:16.735116 UTC,2023,22:10:16,ndt-kwth4_1700174223_000000000019C2A0,Download,15.027817203078975,26.589,0.0,Taipei City,Taipei,25.0504,121.5324,10,"Taiwan Mobile Co., Ltd.",24158
2023-12-10 14:09:54.940819 UTC,2023,22:09:54,ndt-wx99j_1699966477_00000000001CA279,Download,14.108437652609311,29.575,0.00080449924654251239,Taipei City,Taipei,25.0504,121.5324,10,"Taiwan Mobile Co., Ltd.",24158
2023-12-10 14:09:41.975969 UTC,2023,22:09:41,ndt-kwth4_1700174223_0000000000199332,Download,37.159761970378987,27.607,0.024032074376805657,Taipei City,Taipei,25.0504,121.5324,10,Mobile Business Group,17421
2023-12-10 14:08:46.439111 UTC,2023,22:08:46,ndt-whwc2_1699924444_00000000001B58F8,Download,7.7833874359668105,26.439,0.0,Taipei City,Taipei,25.0504,121.5324,200,"Far EastTone Telecommunication Co., Ltd.",9674
2023-12-10 14:06:43.084706 UTC,2023,22:06:43,ndt-virtual-xvxkc_1700353924_000000000007DA6F,Download,12.265853833290826,14.853,0.0,Taipei City,Taipei,25.0504,121.5324,20,"Taiwan Mobile Co., Ltd.",24158
2023-12-10 14:06:18.713945 UTC,2023,22:06:18,ndt-wx99j_1699966477_00000000001BF789,Download,12.003103111871622,17.972,0.0,Taipei City,Taipei,25.0504,121.5324,20,"Taiwan Mobile Co., Ltd.",24158
2023-12-10 14:05:52.097352 UTC,2023,22:05:52,ndt-virtual-xvxkc_1700353924_000000000007DA69,Download,175.30437867769425,17.613,0.0,Taipei City,Taipei,25.0504,121.5324,50,"Far EastTone Telecommunication Co., Ltd.",9674
2023-12-10 14:00:27.295263 UTC,2023,22:00:27,ndt-kwth4_1700174223_000000000019B2F4,Download,17.638028403865611,23.66,0.024018037357311138,Taipei City,Taipei,25.0504,121.5324,10,Mobile Business Group,17421
2023-12-10 13:56:51.196446 UTC,2023,21:56:51,ndt-kwth4_1700174223_0000000000199324,Download,2.9454081007400217,64.707,0.03479288564525039,Taipei City,Taipei,25.0504,121.5324,100,"Far EastTone Telecommunication Co., Ltd.",9674
2023-12-10 13:51:35.336463 UTC,2023,21:51:35,ndt-kwth4_1700174223_00000000001A13ED,Download,53.560165956661486,46.0,0.13780832511371249,Taipei City,Taipei,25.0504,121.5324,50,"Far EastTone Telecommunication Co., Ltd.",9674
2023-12-10 13:51:00.178507 UTC,2023,21:51:00,ndt-wx99j_1699966477_00000000001CD0F7,Download,55.043381447834847,46.767,0.10764706369114503,Taipei City,Taipei,25.0504,121.5324,50,"Far EastTone Telecommunication Co., Ltd.",9674
2023-12-10 13:50:51.158774 UTC,2023,21:50:51,ndt-wx99j_1699966477_00000000001B999C,Download,8.665675985857149,63.74,0.0021693902426149886,Taipei City,Taipei,25.0504,121.5324,100,"Far EastTone Telecommunication Co., Ltd.",9674
2023-12-10 13:50:05.748510 UTC,2023,21:50:05,ndt-whwc2_1699924444_00000000001B8832,Download,12.729850808055538,65.858,0.0057843594998477858,Taipei City,Taipei,25.0504,121.5324,100,"Far EastTone Telecommunication Co., Ltd.",9674
2023-12-10 13:49:51.460695 UTC,2023,21:49:51,ndt-virtual-xvxkc_1700353924_000000000007E8CE,Download,3.0611324093250807,26.017,0.020031684524662127,Taipei City,Taipei,25.0504,121.5324,100,"Far EastTone Telecommunication Co., Ltd.",9674
2023-12-10 13:49:44.112922 UTC,2023,21:49:44,ndt-kwth4_1700174223_000000000018E858,Download,11.142534143656045,25.215,0.0,Taipei City,Taipei,25.0504,121.5324,20,"Taiwan Mobile Co., Ltd.",24158
2023-12-10 13:48:19.031160 UTC,2023,21:48:19,ndt-kwth4_1700174223_000000000019F236,Download,59.411650702027309,43.929,0.0,Taipei City,Taipei,25.0504,121.5324,20,"Taiwan Mobile Co., Ltd.",24158
2023-12-10 13:48:12.268588 UTC,2023,21:48:12,ndt-virtual-xvxkc_1700353924_000000000007F4E2,Download,4.8268663045782976,31.456,0.011026206438176518,Taipei City,Taipei,25.0504,121.5324,10,Mobile Business Group,17421
2023-12-10 13:47:48.625508 UTC,2023,21:47:48,ndt-virtual-xvxkc_1700353924_000000000007E8C2,Download,8.1820952084581826,29.404,0.0010737883814165856,Taipei City,Taipei,25.0504,121.5324,100,"Far EastTone Telecommunication Co., Ltd.",9674
2023-12-10 13:40:54.346449 UTC,2023,21:40:54,ndt-virtual-xvxkc_1700353924_000000000007DA0F,Download,3.8183894724157912,40.2,0.0,Taipei City,Taipei,25.0504,121.5324,100,"Far EastTone Telecommunication Co., Ltd.",9674
2023-12-10 13:26:13.356185 UTC,2023,21:26:13,ndt-virtual-8f258_1700449809_000000000007E593,Download,35.344448022227368,25.947,0.0019111962368566094,Taipei City,Taipei,25.0504,121.5324,20,"Taiwan Mobile Co., Ltd.",24158
2023-12-10 13:23:11.121940 UTC,2023,21:23:11,ndt-wx99j_1699966477_00000000001CA22A,Download,23.313134634195315,23.393,0.082504257301794739,Taipei City,Taipei,25.0504,121.5324,10,"Taiwan Mobile Co., Ltd.",24158
2023-12-10 13:18:31.809760 UTC,2023,21:18:31,ndt-kwth4_1700174223_0000000000193521,Download,22.152715847598344,22.972,0.046957988483306873,Taipei City,Taipei,25.0504,121.5324,10,"Taiwan Mobile Co., Ltd.",24158
2023-12-10 13:14:48.342072 UTC,2023,21:14:48,ndt-virtual-xvxkc_1700353924_000000000007CF33,Download,12.502592267179343,138.322,0.013692936713162868,Taipei City,Taipei,25.0504,121.5324,10,Mobile Business Group,17421
2023-12-10 13:13:41.513773 UTC,2023,21:13:41,ndt-virtual-xvxkc_1700353924_000000000007F42B,Download,16.695899114323652,139.533,0.0043125782338069565,Taipei City,Taipei,25.0504,121.5324,10,Mobile Business Group,17421
2023-12-10 13:12:48.193950 UTC,2023,21:12:48,ndt-kwth4_1700174223_000000000019F21B,Download,1.0517946800012121,141.7,0.075565684612063172,Taipei City,Taipei,25.0504,121.5324,10,Mobile Business Group,17421
2023-12-10 13:10:32.410778 UTC,2023,21:10:32,ndt-kwth4_1700174223_00000000001A711F,Download,5.894897178370158,57.512,0.1968876618021442,Taipei City,Taipei,25.0504,121.5324,100,"Far EastTone Telecommunication Co., Ltd.",9674
2023-12-10 13:10:32.064704 UTC,2023,21:10:32,ndt-wx99j_1699966477_00000000001C5429,Download,240.5994902129475,24.134,0.014911026869835309,Taipei City,Taipei,25.0504,121.5324,10,Mobile Business Group,17421
2023-12-10 13:08:41.247965 UTC,2023,21:08:41,ndt-whwc2_1699924444_00000000001A9D0C,Download,19.800553734631393,52.849,0.000986072157280215,Taipei City,Taipei,25.0504,121.5324,100,"Far EastTone Telecommunication Co., Ltd.",9674
2023-12-10 12:51:18.094684 UTC,2023,20:51:18,ndt-virtual-xvxkc_1700353924_000000000007D92F,Download,148.16320214259059,11.865,0.0,Taipei City,Taipei,25.0504,121.5324,50,"Far EastTone Telecommunication Co., Ltd.",9674
2023-12-10 12:49:44.938096 UTC,2023,20:49:44,ndt-virtual-8f258_1700449809_000000000007F4C2,Download,78.707272169438838,114.875,0.00078697877322131057,Taipei City,Taipei,25.0504,121.5324,5,Mobile Business Group,17421
2023-12-10 12:41:45.429746 UTC,2023,20:41:45,ndt-virtual-8f258_1700449809_000000000007D6FE,Download,131.52330745275947,15.089,0.0,Taipei City,Taipei,25.0504,121.5324,10,"Taiwan Mobile Co., Ltd.",24158
2023-12-10 12:40:48.762074 UTC,2023,20:40:48,ndt-virtual-xvxkc_1700353924_000000000007CEAD,Download,4.5445993975447845,29.031,0.0022385258692829749,Taipei City,Taipei,25.0504,121.5324,100,"Far EastTone Telecommunication Co., Ltd.",9674
2023-12-10 12:36:15.455112 UTC,2023,20:36:15,ndt-wx99j_1699966477_00000000001CB1E1,Download,82.553879236860425,22.276,0.0,Taipei City,Taipei,25.0504,121.5324,10,"Far EastTone Telecommunication Co., Ltd.",9674
2023-12-10 12:35:23.440972 UTC,2023,20:35:23,ndt-whwc2_1699924444_00000000001B488E,Download,19.035962152423011,17.02,0.0011899365367180417,Taipei City,Taipei,25.0504,121.5324,20,Taiwan Star Telecom Corporation Limited.(Former Vibo Telecom Inc.),24157
2023-12-10 12:19:23.158060 UTC,2023,20:19:23,ndt-virtual-xvxkc_1700353924_000000000007CE66,Download,51.756796318736932,24.692,8.61158221416531e-05,Taipei City,Taipei,25.0504,121.5324,100,"Far EastTone Telecommunication Co., Ltd.",9674
2023-12-10 12:14:46.272705 UTC,2023,20:14:46,ndt-virtual-xvxkc_1700353924_000000000007CE4C,Download,124.71473327691803,19.135,6.9481192807536844e-05,Taipei City,Taipei,25.0504,121.5324,10,"Taiwan Mobile Co., Ltd.",24158
2023-12-10 12:12:27.726477 UTC,2023,20:12:27,ndt-virtual-xvxkc_1700353924_000000000007CE42,Download,28.265559565198696,21.774,0.0,Taipei City,Taipei,25.0504,121.5324,10,"Taiwan Mobile Co., Ltd.",24158
2023-12-10 11:59:35.782264 UTC,2023,19:59:35,ndt-virtual-8f258_1700449809_000000000007C62C,Download,7.023679841036687,21.551,0.0,Taipei City,Taipei,25.0504,121.5324,10,"Taiwan Mobile Co., Ltd.",24158
2023-12-10 11:51:13.581022 UTC,2023,19:51:13,ndt-wx99j_1699966477_00000000001BF6DB,Download,15.830959470710651,40.623,0.0019841233889189881,Taipei City,Taipei,25.0504,121.5324,20,"Taiwan Mobile Co., Ltd.",24158
2023-12-10 11:50:59.767278 UTC,2023,19:50:59,ndt-virtual-8f258_1700449809_000000000007C604,Download,5.7127859016000029,22.827,0.21662846729571605,Taipei City,Taipei,25.0504,121.5324,100,"Far EastTone Telecommunication Co., Ltd.",9674
2023-12-10 11:50:29.405219 UTC,2023,19:50:29,ndt-kwth4_1700174223_000000000019F1C1,Download,6.7950760228779368,41.744,0.00043440434832801931,Taipei City,Taipei,25.0504,121.5324,20,"Taiwan Mobile Co., Ltd.",24158
2023-12-10 11:41:07.290685 UTC,2023,19:41:07,ndt-wx99j_1699966477_00000000001CE03A,Download,9.5371479538941681,25.38,0.11665320607298964,Taipei City,Taipei,25.0504,121.5324,10,"Taiwan Mobile Co., Ltd.",24158
2023-12-10 11:35:40.673772 UTC,2023,19:35:40,ndt-wx99j_1699966477_00000000001B896F,Download,0.12029958040380583,115.0,0.32989805169574632,Taipei City,Taipei,25.0504,121.5324,100,Mobile Business Group,17421
2023-12-10 11:34:42.492721 UTC,2023,19:34:42,ndt-wx99j_1699966477_00000000001B3B1C,Download,10.067807048177222,110.225,0.230449002062125,Taipei City,Taipei,25.0504,121.5324,100,Mobile Business Group,17421
2023-12-10 11:32:32.671609 UTC,2023,19:32:32,ndt-virtual-8f258_1700449809_000000000007C5C2,Download,333.89760779533617,17.937,0.00013032512848910595,Taipei City,Taipei,25.0504,121.5324,10,Mobile Business Group,17421
2023-12-10 11:25:23.865417 UTC,2023,19:25:23,ndt-virtual-8f258_1700449809_000000000007E3C4,Download,113.15426496842139,17.832,0.0,Taipei City,Taipei,25.0504,121.5324,10,"Taiwan Mobile Co., Ltd.",24158
2023-12-10 11:18:53.144974 UTC,2023,19:18:53,ndt-virtual-xvxkc_1700353924_000000000007F2AE,Download,139.72748233269735,19.174,0.0,Taipei City,Taipei,25.0504,121.5324,10,Mobile Business Group,17421
2023-12-10 10:57:06.939495 UTC,2023,18:57:06,ndt-whwc2_1699924444_00000000001C7011,Download,12.558842897460019,27.93,0.00027774285535436149,Taipei City,Taipei,25.0504,121.5324,100,"Far EastTone Telecommunication Co., Ltd.",9674
2023-12-10 10:50:19.100813 UTC,2023,18:50:19,ndt-virtual-xvxkc_1700353924_000000000007E60D,Download,22.802014912891618,18.437,0.0,Taipei City,Taipei,25.0504,121.5324,20,Taiwan Star Telecom Corporation Limited.(Former Vibo Telecom Inc.),24157
2023-12-10 10:41:11.908480 UTC,2023,18:41:11,ndt-wx99j_1699966477_00000000001B0EF6,Download,101.0879955138593,53.179,2.1543968010240545e-05,Taipei City,Taipei,25.0504,121.5324,50,"Far EastTone Telecommunication Co., Ltd.",9674
2023-12-10 10:37:56.963374 UTC,2023,18:37:56,ndt-kwth4_1700174223_0000000000193462,Download,9.3383027803762353,108.879,0.0,Taipei City,Taipei,25.0504,121.5324,10,Mobile Business Group,17421
2023-12-10 10:37:45.646423 UTC,2023,18:37:45,ndt-wx99j_1699966477_00000000001B4AC9,Download,4.041830514516616,108.938,0.22475392714718623,Taipei City,Taipei,25.0504,121.5324,10,Mobile Business Group,17421
2023-12-10 10:36:48.920277 UTC,2023,18:36:48,ndt-virtual-xvxkc_1700353924_000000000007CCF5,Download,15.912098703161032,28.001,0.0011060214821564391,Taipei City,Taipei,25.0504,121.5324,100,"Far EastTone Telecommunication Co., Ltd.",9674
2023-12-10 10:30:11.875542 UTC,2023,18:30:11,ndt-virtual-8f258_1700449809_000000000007F291,Download,36.434259303691547,24.469,0.0,Taipei City,Taipei,25.0504,121.5324,10,Mobile Business Group,17421
2023-12-10 10:22:42.155304 UTC,2023,18:22:42,ndt-virtual-xvxkc_1700353924_000000000007F1E5,Download,233.70273999558395,15.226,0.00028044114248391717,Taipei City,Taipei,25.0504,121.5324,10,"Taiwan Mobile Co., Ltd.",24158
2023-12-10 10:22:13.203741 UTC,2023,18:22:13,ndt-whwc2_1699924444_00000000001C50F9,Download,140.98258992959711,18.895,0.0,Taipei City,Taipei,25.0504,121.5324,10,"Taiwan Mobile Co., Ltd.",24158
2023-12-10 10:21:10.962249 UTC,2023,18:21:10,ndt-whwc2_1699924444_00000000001B47EB,Download,8.9801639282143,28.048,0.058868637129104,Taipei City,Taipei,25.0504,121.5324,200,"Far EastTone Telecommunication Co., Ltd.",9674
2023-12-10 10:05:09.942840 UTC,2023,18:05:09,ndt-kwth4_1700174223_000000000019156B,Download,9.066375450369117,48.804,0.000795573916841644,Taipei City,Taipei,25.0504,121.5324,50,"Far EastTone Telecommunication Co., Ltd.",9674
2023-12-10 10:04:00.575786 UTC,2023,18:04:00,ndt-virtual-xvxkc_1700353924_000000000007D717,Download,9.3904927926465067,25.018,0.13422427975416859,Taipei City,Taipei,25.0504,121.5324,100,Mobile Business Group,17421
2023-12-10 09:55:59.146315 UTC,2023,17:55:59,ndt-wx99j_1699966477_00000000001B984C,Download,1.815521629303577,96.892,0.00093683406376904831,Taipei City,Taipei,25.0504,121.5324,10,Mobile Business Group,17421
2023-12-10 09:55:35.397129 UTC,2023,17:55:35,ndt-virtual-xvxkc_1700353924_000000000007E55D,Download,2.269106214739693,97.757,0.0044156013703735677,Taipei City,Taipei,25.0504,121.5324,10,Mobile Business Group,17421
2023-12-10 09:54:38.049619 UTC,2023,17:54:38,ndt-virtual-xvxkc_1700353924_000000000007F18B,Download,7.9418461842686936,31.609,0.0,Taipei City,Taipei,25.0504,121.5324,5,Mobile Business Group,17421
2023-12-10 09:49:56.641252 UTC,2023,17:49:56,ndt-whwc2_1699924444_00000000001B097A,Download,10.018704546927019,24.769,0.030323805198252621,Taipei City,Taipei,25.0504,121.5324,20,Taiwan Star Telecom Corporation Limited.(Former Vibo Telecom Inc.),24157
2023-12-10 09:48:57.737945 UTC,2023,17:48:57,ndt-virtual-xvxkc_1700353924_000000000007F174,Download,89.039259961043783,20.456,4.9945250509320133e-05,Taipei City,Taipei,25.0504,121.5324,50,"Far EastTone Telecommunication Co., Ltd.",9674
2023-12-10 09:46:46.900062 UTC,2023,17:46:46,ndt-whwc2_1699924444_00000000001C60BA,Download,193.96605945697681,25.034,0.0,Taipei City,Taipei,25.0504,121.5324,10,"Taiwan Mobile Co., Ltd.",24158
2023-12-10 09:46:39.268181 UTC,2023,17:46:39,ndt-virtual-8f258_1700449809_000000000007D43D,Download,115.46903941993027,17.952,0.0,Taipei City,Taipei,25.0504,121.5324,10,"Taiwan Mobile Co., Ltd.",24158
2023-12-10 09:46:01.903804 UTC,2023,17:46:01,ndt-wx99j_1699966477_00000000001AFE95,Download,196.09080725986104,24.021,0.0,Taipei City,Taipei,25.0504,121.5324,10,"Taiwan Mobile Co., Ltd.",24158
2023-12-10 09:45:40.961958 UTC,2023,17:45:40,ndt-wx99j_1699966477_00000000001CC081,Download,1.2357028025309775,110.861,0.076854304713872224,Taipei City,Taipei,25.0504,121.5324,10,Mobile Business Group,17421
2023-12-10 09:42:13.105966 UTC,2023,17:42:13,ndt-virtual-8f258_1700449809_000000000007F1BC,Download,26.834584791040253,105.381,0.0,Taipei City,Taipei,25.0504,121.5324,10,Mobile Business Group,17421
2023-12-10 09:40:55.665367 UTC,2023,17:40:55,ndt-whwc2_1699924444_00000000001C0643,Download,28.0019940167265,23.623,0.0,Taipei City,Taipei,25.0504,121.5324,10,Mobile Business Group,17421
2023-12-10 09:37:14.654871 UTC,2023,17:37:14,ndt-virtual-8f258_1700449809_000000000007D413,Download,162.31746761575843,19.957,0.0,Taipei City,Taipei,25.0504,121.5324,10,"Taiwan Mobile Co., Ltd.",24158
2023-12-10 09:34:22.147809 UTC,2023,17:34:22,ndt-virtual-xvxkc_1700353924_000000000007CC0A,Download,19.929325456074793,25.653,0.00038467318853214636,Taipei City,Taipei,25.0504,121.5324,100,"Far EastTone Telecommunication Co., Ltd.",9674
2023-12-10 09:32:12.495563 UTC,2023,17:32:12,ndt-wx99j_1699966477_00000000001B9829,Download,12.127737961584479,34.111,0.034371115721324522,Taipei City,Taipei,25.0504,121.5324,20,Taiwan Star Telecom Corporation Limited.(Former Vibo Telecom Inc.),24157
2023-12-10 09:24:33.668925 UTC,2023,17:24:33,ndt-kwth4_1700174223_000000000017DFC1,Download,11.983703204231608,34.445,0.0,Taipei City,Taipei,25.0504,121.5324,20,Taiwan Star Telecom Corporation Limited.(Former Vibo Telecom Inc.),24157
2023-12-10 09:23:34.763616 UTC,2023,17:23:34,ndt-whwc2_1699924444_00000000001A9BDA,Download,36.071930964874731,23.115,0.0,Taipei City,Taipei,25.0504,121.5324,10,Mobile Business Group,17421
2023-12-10 09:16:23.334390 UTC,2023,17:16:23,ndt-kwth4_1700174223_00000000001A7032,Download,23.331394888859911,43.042,0.11156798788319723,Taipei City,Taipei,25.0504,121.5324,50,"Far EastTone Telecommunication Co., Ltd.",9674
2023-12-10 09:14:03.231085 UTC,2023,17:14:03,ndt-wx99j_1699966477_00000000001AEF89,Download,364.00684924823429,17.872,0.0,Taipei City,Taipei,25.0504,121.5324,10,"Taiwan Mobile Co., Ltd.",24158
2023-12-10 09:13:29.502702 UTC,2023,17:13:29,ndt-virtual-8f258_1700449809_000000000007E1A7,Download,110.97437944029207,11.668,0.0051041284751072368,Taipei City,Taipei,25.0504,121.5324,10,"Taiwan Mobile Co., Ltd.",24158
2023-12-10 09:10:14.771779 UTC,2023,17:10:14,ndt-virtual-xvxkc_1700353924_000000000007F0E2,Download,0.2316887693857155,24.898,0.0,Taipei City,Taipei,25.0504,121.5324,20,"Taiwan Mobile Co., Ltd.",24158
2023-12-10 09:09:46.218223 UTC,2023,17:09:46,ndt-virtual-xvxkc_1700353924_000000000007CBA4,Download,7.3363157042955338,24.057,0.0,Taipei City,Taipei,25.0504,121.5324,10,Mobile Business Group,17421
2023-12-10 09:07:44.117823 UTC,2023,17:07:44,ndt-virtual-8f258_1700449809_000000000007D3A0,Download,15.698296547107471,30.11,0.00052269269042698094,Taipei City,Taipei,25.0504,121.5324,200,"Far EastTone Telecommunication Co., Ltd.",9674
2023-12-10 09:07:42.675435 UTC,2023,17:07:42,ndt-virtual-8f258_1700449809_000000000007D39F,Download,3.6262197964811969,26.127,0.0047256145312646837,Taipei City,Taipei,25.0504,121.5324,100,"Far EastTone Telecommunication Co., Ltd.",9674
2023-12-10 08:58:04.520245 UTC,2023,16:58:04,ndt-virtual-8f258_1700449809_000000000007E16A,Download,51.058280973332522,18.33,0.0,Taipei City,Taipei,25.0504,121.5324,10,Mobile Business Group,17421
2023-12-10 08:51:52.998945 UTC,2023,16:51:52,ndt-virtual-xvxkc_1700353924_000000000007F096,Download,21.551567452025814,23.994,0.0,Taipei City,Taipei,25.0504,121.5324,10,Mobile Business Group,17421
2023-12-10 08:47:49.484072 UTC,2023,16:47:49,ndt-virtual-xvxkc_1700353924_000000000007E477,Download,13.063481989778689,22.872,0.0,Taipei City,Taipei,25.0504,121.5324,200,Mobile Business Group,17421
2023-12-10 08:46:39.457658 UTC,2023,16:46:39,ndt-wx99j_1699966477_00000000001B7977,Download,14.938323217140848,23.511,0.00045951396044827261,Taipei City,Taipei,25.0504,121.5324,10,"Far EastTone Telecommunication Co., Ltd.",9674
2023-12-10 08:30:37.113078 UTC,2023,16:30:37,ndt-virtual-xvxkc_1700353924_000000000007CB13,Download,25.194116633017693,89.712,0.00072057484258114817,Taipei City,Taipei,25.0504,121.5324,100,"Far EastTone Telecommunication Co., Ltd.",9674
2023-12-10 08:28:27.410271 UTC,2023,16:28:27,ndt-whwc2_1699924444_00000000001B66EB,Download,10.851470201402153,116.679,0.31600128707785669,Taipei City,Taipei,25.0504,121.5324,10,Mobile Business Group,17421
2023-12-10 08:26:32.448284 UTC,2023,16:26:32,ndt-virtual-8f258_1700449809_000000000007E0FE,Download,21.927021324424846,21.35,0.0086691245385091317,Taipei City,Taipei,25.0504,121.5324,10,Mobile Business Group,17421
2023-12-10 08:26:27.579086 UTC,2023,16:26:27,ndt-virtual-8f258_1700449809_000000000007E0FD,Download,83.849304844151163,18.775,0.0,Taipei City,Taipei,25.0504,121.5324,100,"Far EastTone Telecommunication Co., Ltd.",9674
2023-12-10 08:25:16.866239 UTC,2023,16:25:16,ndt-wx99j_1699966477_00000000001C24F5,Download,148.6415981266741,22.08,0.0,Taipei City,Taipei,25.0504,121.5324,10,Mobile Business Group,17421
2023-12-10 08:25:06.624622 UTC,2023,16:25:06,ndt-whwc2_1699924444_00000000001C40DA,Download,11.240391808897472,117.05,0.16771724361344068,Taipei City,Taipei,25.0504,121.5324,10,Mobile Business Group,17421
2023-12-10 08:24:36.674952 UTC,2023,16:24:36,ndt-virtual-8f258_1700449809_000000000007F0B2,Download,70.688443936450582,15.996,0.0,Taipei City,Taipei,25.0504,121.5324,10,Mobile Business Group,17421
2023-12-10 08:14:42.489292 UTC,2023,16:14:42,ndt-virtual-8f258_1700449809_000000000007C2D5,Download,47.093306897163053,24.192,0.0086805945036455417,Taipei City,Taipei,25.0504,121.5324,50,"Far EastTone Telecommunication Co., Ltd.",9674
2023-12-10 08:12:43.823128 UTC,2023,16:12:43,ndt-virtual-8f258_1700449809_000000000007D2CA,Download,20.523085487665988,14.963,0.088378788347610246,Taipei City,Taipei,25.0504,121.5324,10,"Taiwan Mobile Co., Ltd.",24158
2023-12-10 08:11:26.579366 UTC,2023,16:11:26,ndt-whwc2_1699924444_00000000001AAC88,Download,6.226544145799525,33.447,0.000692333586217638,Taipei City,Taipei,25.0504,121.5324,10,"Taiwan Mobile Co., Ltd.",24158
2023-12-10 08:10:44.216378 UTC,2023,16:10:44,ndt-virtual-8f258_1700449809_000000000007E0B1,Download,6.9089365150505193,24.462,0.0,Taipei City,Taipei,25.0504,121.5324,10,Mobile Business Group,17421
2023-12-10 08:06:36.527685 UTC,2023,16:06:36,ndt-virtual-xvxkc_1700353924_000000000007BFEE,Download,51.770462972353,17.508,0.0,Taipei City,Taipei,25.0504,121.5324,10,"Taiwan Mobile Co., Ltd.",24158
2023-12-10 08:05:20.445968 UTC,2023,16:05:20,ndt-virtual-xvxkc_1700353924_000000000007CAC3,Download,68.425332806550671,18.177,0.0,Taipei City,Taipei,25.0504,121.5324,10,"Taiwan Mobile Co., Ltd.",24158
2023-12-10 08:04:05.541532 UTC,2023,16:04:05,ndt-virtual-xvxkc_1700353924_000000000007E3E7,Download,12.644951595421661,22.703,0.0,Taipei City,Taipei,25.0504,121.5324,10,Mobile Business Group,17421
2023-12-10 08:00:52.201257 UTC,2023,16:00:52,ndt-virtual-xvxkc_1700353924_000000000007CAB8,Download,11.692925353061261,20.991,0.0,Taipei City,Taipei,25.0504,121.5324,10,Mobile Business Group,17421
2023-12-10 07:56:49.256377 UTC,2023,15:56:49,ndt-whwc2_1699924444_00000000001A5FEC,Download,12.849157666667063,55.338,0.0011324891141754935,Taipei City,Taipei,25.0504,121.5324,100,"Far EastTone Telecommunication Co., Ltd.",9674
2023-12-10 07:56:37.806955 UTC,2023,15:56:37,ndt-wx99j_1699966477_00000000001C342E,Download,24.387606032979665,54.108,0.0,Taipei City,Taipei,25.0504,121.5324,50,"Far EastTone Telecommunication Co., Ltd.",9674
2023-12-10 07:56:16.152463 UTC,2023,15:56:16,ndt-kwth4_1700174223_000000000019F0D0,Download,18.875447333717052,31.0,0.0,Taipei City,Taipei,25.0504,121.5324,10,Mobile Business Group,17421
2023-12-10 07:51:55.707097 UTC,2023,15:51:55,ndt-virtual-xvxkc_1700353924_000000000007E3BD,Download,12.140114394484282,17.89,0.0,Taipei City,Taipei,25.0504,121.5324,10,Taiwan Star Telecom Corporation Limited.(Former Vibo Telecom Inc.),24157
2023-12-10 07:50:47.307104 UTC,2023,15:50:47,ndt-whwc2_1699924444_00000000001A6FFA,Download,105.5375224287971,26.674,0.0,Taipei City,Taipei,25.0504,121.5324,10,"Taiwan Mobile Co., Ltd.",24158
2023-12-10 07:49:57.226943 UTC,2023,15:49:57,ndt-virtual-8f258_1700449809_000000000007C20F,Download,156.27927291175251,19.505,0.0,Taipei City,Taipei,25.0504,121.5324,10,"Taiwan Mobile Co., Ltd.",24158
2023-12-10 07:49:30.953999 UTC,2023,15:49:30,ndt-wx99j_1699966477_00000000001C3420,Download,10.259514843897199,32.994,0.0,Taipei City,Taipei,25.0504,121.5324,10,Mobile Business Group,17421
2023-12-10 07:47:38.032015 UTC,2023,15:47:38,ndt-wx99j_1699966477_00000000001B1B4F,Download,197.63966256345734,23.085,0.043829767123289787,Taipei City,Taipei,25.0504,121.5324,10,"Taiwan Mobile Co., Ltd.",24158
2023-12-10 07:47:13.910054 UTC,2023,15:47:13,ndt-virtual-xvxkc_1700353924_000000000007E3AA,Download,25.406375160333461,16.963,0.00019017561935053134,Taipei City,Taipei,25.0504,121.5324,100,"Far EastTone Telecommunication Co., Ltd.",9674
2023-12-10 07:43:58.090909 UTC,2023,15:43:58,ndt-virtual-xvxkc_1700353924_000000000007E399,Download,26.23486537707927,26.865,0.0085651918666991237,Taipei City,Taipei,25.0504,121.5324,100,"Far EastTone Telecommunication Co., Ltd.",9674
2023-12-10 07:43:45.132526 UTC,2023,15:43:45,ndt-kwth4_1700174223_00000000001A2135,Download,17.49181392150285,26.844,0.0,Taipei City,Taipei,25.0504,121.5324,10,Mobile Business Group,17421
2023-12-10 07:43:17.281883 UTC,2023,15:43:17,ndt-whwc2_1699924444_00000000001BD4FB,Download,59.40456162548201,23.124,7.4364013076562478e-05,Taipei City,Taipei,25.0504,121.5324,10,"Taiwan Mobile Co., Ltd.",24158
2023-12-10 07:43:11.770382 UTC,2023,15:43:11,ndt-kwth4_1700174223_00000000001982A3,Download,2.3760743724170732,43.989,0.00047546225219277,Taipei City,Taipei,25.0504,121.5324,10,Mobile Business Group,17421
2023-12-10 07:42:32.411422 UTC,2023,15:42:32,ndt-virtual-xvxkc_1700353924_000000000007CA6B,Download,2.2237744119105334,37.119,0.0,Taipei City,Taipei,25.0504,121.5324,10,Mobile Business Group,17421
2023-12-10 07:41:52.466888 UTC,2023,15:41:52,ndt-kwth4_1700174223_000000000017AFBE,Download,14.49872540319771,26.727,0.0,Taipei City,Taipei,25.0504,121.5324,10,Mobile Business Group,17421
2023-12-10 07:41:17.836191 UTC,2023,15:41:17,ndt-kwth4_1700174223_000000000017DF65,Download,26.612482078670389,33.536,0.035150500205129609,Taipei City,Taipei,25.0504,121.5324,5,Mobile Business Group,17421
2023-12-10 07:38:48.196388 UTC,2023,15:38:48,ndt-virtual-8f258_1700449809_000000000007D1F0,Download,22.056330391794422,17.921,0.0,Taipei City,Taipei,25.0504,121.5324,20,Taiwan Star Telecom Corporation Limited.(Former Vibo Telecom Inc.),24157
2023-12-10 07:37:35.612638 UTC,2023,15:37:35,ndt-virtual-8f258_1700449809_000000000007AFE3,Download,44.091425561331306,19.982,0.0,Taipei City,Taipei,25.0504,121.5324,20,Taiwan Star Telecom Corporation Limited.(Former Vibo Telecom Inc.),24157
2023-12-10 07:25:48.708942 UTC,2023,15:25:48,ndt-virtual-xvxkc_1700353924_000000000007CA08,Download,157.39569212154822,21.672,0.0,Taipei City,Taipei,25.0504,121.5324,10,Mobile Business Group,17421
2023-12-10 07:21:08.033634 UTC,2023,15:21:08,ndt-kwth4_1700174223_00000000001A008E,Download,6.5674255202715024,27.698,0.0022265895935131377,Taipei City,Taipei,25.0504,121.5324,20,Taiwan Star Telecom Corporation Limited.(Former Vibo Telecom Inc.),24157
2023-12-10 07:20:28.433737 UTC,2023,15:20:28,ndt-virtual-8f258_1700449809_000000000007BF6A,Download,8.2885227060062263,17.722,0.0,Taipei City,Taipei,25.0504,121.5324,10,"Taiwan Mobile Co., Ltd.",24158
2023-12-10 07:20:04.798840 UTC,2023,15:20:04,ndt-kwth4_1700174223_0000000000199174,Download,5.8515682476319455,19.827,0.014747249175371669,Taipei City,Taipei,25.0504,121.5324,20,Taiwan Star Telecom Corporation Limited.(Former Vibo Telecom Inc.),24157
2023-12-10 07:10:55.961973 UTC,2023,15:10:55,ndt-kwth4_1700174223_000000000019567E,Download,3.6383974506746366,25.647,0.0026338893766461808,Taipei City,Taipei,25.0504,121.5324,10,Taiwan Star Telecom Corporation Limited.(Former Vibo Telecom Inc.),24157
2023-12-10 07:10:23.019081 UTC,2023,15:10:23,ndt-whwc2_1699924444_00000000001C0556,Download,16.45321329685369,19.042,6.4687237208098838e-05,Taipei City,Taipei,25.0504,121.5324,20,Taiwan Star Telecom Corporation Limited.(Former Vibo Telecom Inc.),24157
2023-12-10 07:08:01.546326 UTC,2023,15:08:01,ndt-whwc2_1699924444_00000000001C239F,Download,1.941163906716594,25.814,0.0,Taipei City,Taipei,25.0504,121.5324,10,Mobile Business Group,17421
2023-12-10 07:02:09.755215 UTC,2023,15:02:09,ndt-virtual-xvxkc_1700353924_000000000007BEB2,Download,13.654736330414849,31.492,0.0,Taipei City,Taipei,25.0504,121.5324,10,Mobile Business Group,17421
2023-12-10 06:58:28.874009 UTC,2023,14:58:28,ndt-virtual-8f258_1700449809_000000000007C16C,Download,16.470658289261554,107.225,0.0,Taipei City,Taipei,25.0504,121.5324,10,Mobile Business Group,17421
2023-12-10 06:55:57.671147 UTC,2023,14:55:57,ndt-virtual-xvxkc_1700353924_000000000007E299,Download,6.9979994110044936,24.636,0.0,Taipei City,Taipei,25.0504,121.5324,10,Mobile Business Group,17421
2023-12-10 06:53:46.320444 UTC,2023,14:53:46,ndt-whwc2_1699924444_00000000001BC552,Download,12.462762034738661,107.237,0.0,Taipei City,Taipei,25.0504,121.5324,10,Mobile Business Group,17421
2023-12-10 06:53:12.208176 UTC,2023,14:53:12,ndt-virtual-xvxkc_1700353924_000000000007BE98,Download,7.785139827556903,32.456,0.0,Taipei City,Taipei,25.0504,121.5324,10,Mobile Business Group,17421
2023-12-10 06:53:07.845441 UTC,2023,14:53:07,ndt-virtual-8f258_1700449809_000000000007C159,Download,15.615988357578308,114.638,0.0,Taipei City,Taipei,25.0504,121.5324,10,Mobile Business Group,17421
2023-12-10 06:52:57.132499 UTC,2023,14:52:57,ndt-whwc2_1699924444_00000000001A6FA3,Download,0.34477943056330634,117.067,0.0071457874911423566,Taipei City,Taipei,25.0504,121.5324,10,Mobile Business Group,17421
2023-12-10 06:52:06.519359 UTC,2023,14:52:06,ndt-virtual-8f258_1700449809_000000000007AF37,Download,14.501289418727591,109.193,0.0,Taipei City,Taipei,25.0504,121.5324,10,Mobile Business Group,17421
2023-12-10 06:52:05.043108 UTC,2023,14:52:05,ndt-virtual-xvxkc_1700353924_000000000007BE91,Download,11.322985452774191,25.494,3.84670460958756e-05,Taipei City,Taipei,25.0504,121.5324,10,Mobile Business Group,17421
2023-12-10 06:51:38.602712 UTC,2023,14:51:38,ndt-virtual-8f258_1700449809_000000000007C14F,Download,15.877886672561434,27.274,0.0,Taipei City,Taipei,25.0504,121.5324,10,Mobile Business Group,17421
2023-12-10 06:51:03.752278 UTC,2023,14:51:03,ndt-virtual-8f258_1700449809_000000000007C149,Download,17.353488284192366,26.702,0.0,Taipei City,Taipei,25.0504,121.5324,10,Mobile Business Group,17421
2023-12-10 06:50:44.955061 UTC,2023,14:50:44,ndt-kwth4_1700174223_000000000019B103,Download,25.036292760831255,61.56,0.0028086990722813875,Taipei City,Taipei,25.0504,121.5324,100,"Far EastTone Telecommunication Co., Ltd.",9674
2023-12-10 06:50:03.324077 UTC,2023,14:50:03,ndt-kwth4_1700174223_0000000000190912,Download,6.92001343876541,29.8,0.0,Taipei City,Taipei,25.0504,121.5324,10,Mobile Business Group,17421
2023-12-10 06:48:04.200540 UTC,2023,14:48:04,ndt-whwc2_1699924444_00000000001BE497,Download,7.2728807145426257,29.253,0.0,Taipei City,Taipei,25.0504,121.5324,100,"Far EastTone Telecommunication Co., Ltd.",9674
2023-12-10 06:47:25.054128 UTC,2023,14:47:25,ndt-virtual-xvxkc_1700353924_000000000007E27E,Download,228.74553938301204,20.425,0.0,Taipei City,Taipei,25.0504,121.5324,10,Mobile Business Group,17421
2023-12-10 06:47:20.829949 UTC,2023,14:47:20,ndt-whwc2_1699924444_00000000001A5F83,Download,75.206591339886856,21.399,0.0,Taipei City,Taipei,25.0504,121.5324,10,Mobile Business Group,17421
2023-12-10 06:44:23.867836 UTC,2023,14:44:23,ndt-kwth4_1700174223_000000000019338F,Download,13.220785531347762,28.775,0.00016952136778538,Taipei City,Taipei,25.0504,121.5324,10,Mobile Business Group,17421
2023-12-10 06:43:18.742662 UTC,2023,14:43:18,ndt-virtual-8f258_1700449809_000000000007AF15,Download,91.342260630726486,19.925,0.0,Taipei City,Taipei,25.0504,121.5324,10,Mobile Business Group,17421
2023-12-10 06:42:37.231318 UTC,2023,14:42:37,ndt-whwc2_1699924444_00000000001A6F86,Download,16.81936679280696,24.065,0.0,Taipei City,Taipei,25.0504,121.5324,10,Mobile Business Group,17421
2023-12-10 06:41:38.490592 UTC,2023,14:41:38,ndt-virtual-8f258_1700449809_000000000007C116,Download,10.932174747477676,15.957,0.10585006647447891,Taipei City,Taipei,25.0504,121.5324,100,"Far EastTone Telecommunication Co., Ltd.",9674
2023-12-10 06:38:42.184285 UTC,2023,14:38:42,ndt-kwth4_1700174223_000000000019E08C,Download,15.941228426084862,32.187,6.98394169817634e-05,Taipei City,Taipei,25.0504,121.5324,10,Mobile Business Group,17421
2023-12-10 06:36:47.400872 UTC,2023,14:36:47,ndt-virtual-8f258_1700449809_000000000007BEC1,Download,42.809273170005937,20.817,2.5836278259546187e-05,Taipei City,Taipei,25.0504,121.5324,10,"Taiwan Mobile Co., Ltd.",24158
2023-12-10 06:36:20.548318 UTC,2023,14:36:20,ndt-virtual-xvxkc_1700353924_000000000007D3D7,Download,25.578560774750304,19.916,0.00017979315299317017,Taipei City,Taipei,25.0504,121.5324,10,"Taiwan Mobile Co., Ltd.",24158
2023-12-10 06:26:03.478218 UTC,2023,14:26:03,ndt-virtual-xvxkc_1700353924_000000000007D3B3,Download,103.31802090892687,45.886,0.021873839405669258,Taipei City,Taipei,25.0504,121.5324,10,Mobile Business Group,17421
2023-12-10 05:48:28.422763 UTC,2023,13:48:28,ndt-wx99j_1699966477_00000000001ADE89,Download,52.334788281481877,28.894,0.0,Taipei City,Taipei,25.0504,121.5324,10,"Taiwan Mobile Co., Ltd.",24158
2023-12-10 05:47:39.178509 UTC,2023,13:47:39,ndt-virtual-xvxkc_1700353924_000000000007D335,Download,74.295340302242025,19.844,0.0,Taipei City,Taipei,25.0504,121.5324,10,"Taiwan Mobile Co., Ltd.",24158
2023-12-10 05:24:31.374422 UTC,2023,13:24:31,ndt-whwc2_1699924444_00000000001ABA9C,Download,28.387529062878297,54.838,0.0015772714383126898,Taipei City,Taipei,25.0504,121.5324,100,"Far EastTone Telecommunication Co., Ltd.",9674
2023-12-10 05:23:35.558524 UTC,2023,13:23:35,ndt-virtual-8f258_1700449809_0000000000079FCB,Download,30.037232236335861,23.05,0.00014796563889962958,Taipei City,Taipei,25.0504,121.5324,10,"Taiwan Mobile Co., Ltd.",24158
2023-12-10 05:21:59.247131 UTC,2023,13:21:59,ndt-virtual-xvxkc_1700353924_000000000007C813,Download,8.2528582456579986,23.739,0.0017942346654507911,Taipei City,Taipei,25.0504,121.5324,50,"Far EastTone Telecommunication Co., Ltd.",9674
2023-12-10 05:21:27.878624 UTC,2023,13:21:27,ndt-virtual-xvxkc_1700353924_000000000007D2E5,Download,15.376555952286196,21.971,0.00042762056463913078,Taipei City,Taipei,25.0504,121.5324,50,"Far EastTone Telecommunication Co., Ltd.",9674
2023-12-10 05:18:10.447019 UTC,2023,13:18:10,ndt-whwc2_1699924444_00000000001BC4A6,Download,16.869810023172434,27.93,0.0,Taipei City,Taipei,25.0504,121.5324,10,Mobile Business Group,17421
2023-12-10 05:09:17.257750 UTC,2023,13:09:17,ndt-virtual-xvxkc_1700353924_000000000007C7E7,Download,34.2134826247166,22.879,0.0,Taipei City,Taipei,25.0504,121.5324,10,Mobile Business Group,17421
2023-12-10 04:56:05.233907 UTC,2023,12:56:05,ndt-virtual-xvxkc_1700353924_000000000007C7BB,Download,25.458207616569428,12.544,0.044583364271311064,Taipei City,Taipei,25.0504,121.5324,5,Mobile Business Group,17421
2023-12-10 04:56:03.559678 UTC,2023,12:56:03,ndt-kwth4_1700174223_000000000019C055,Download,6.5514978480419312,17.091,0.0042724302588590096,Taipei City,Taipei,25.0504,121.5324,5,Mobile Business Group,17421
2023-12-10 04:55:10.663139 UTC,2023,12:55:10,ndt-virtual-8f258_1700449809_0000000000078F5F,Download,24.5603476223361,26.945,0.0087803028623345165,Taipei City,Taipei,25.0504,121.5324,100,"Far EastTone Telecommunication Co., Ltd.",9674
2023-12-10 04:50:25.898953 UTC,2023,12:50:25,ndt-virtual-8f258_1700449809_000000000007BD06,Download,163.56466887191414,18.87,0.0,Taipei City,Taipei,25.0504,121.5324,10,Mobile Business Group,17421
2023-12-10 04:49:57.505980 UTC,2023,12:49:57,ndt-virtual-xvxkc_1700353924_000000000007E0C0,Download,46.182194133187529,14.948,0.0,Taipei City,Taipei,25.0504,121.5324,10,Mobile Business Group,17421
2023-12-10 04:49:19.940464 UTC,2023,12:49:19,ndt-virtual-8f258_1700449809_0000000000079F55,Download,20.400990343710834,15.764,0.0,Taipei City,Taipei,25.0504,121.5324,10,Mobile Business Group,17421
2023-12-10 04:44:19.196702 UTC,2023,12:44:19,ndt-wx99j_1699966477_00000000001BD6DF,Download,0.26135554200835853,50.408,0.23098012337217272,Taipei City,Taipei,25.0504,121.5324,100,"Far EastTone Telecommunication Co., Ltd.",9674
2023-12-10 04:37:55.655000 UTC,2023,12:37:55,ndt-virtual-xvxkc_1700353924_000000000007D24D,Download,4.4749522486155886,33.045,0.0,Taipei City,Taipei,25.0504,121.5324,100,"Far EastTone Telecommunication Co., Ltd.",9674
2023-12-10 04:36:55.994787 UTC,2023,12:36:55,ndt-virtual-8f258_1700449809_0000000000078F20,Download,9.4125790886142582,22.53,0.00048993918622460941,Taipei City,Taipei,25.0504,121.5324,50,"Far EastTone Telecommunication Co., Ltd.",9674
2023-12-10 04:36:43.413302 UTC,2023,12:36:43,ndt-whwc2_1699924444_00000000001AAB2F,Download,4.9431784765455573,25.77,0.00027479722318165086,Taipei City,Taipei,25.0504,121.5324,10,Mobile Business Group,17421
2023-12-10 04:29:09.341937 UTC,2023,12:29:09,ndt-virtual-8f258_1700449809_0000000000079F1B,Download,55.387148529240747,14.892,0.083056744350094289,Taipei City,Taipei,25.0504,121.5324,50,"Far EastTone Telecommunication Co., Ltd.",9674
2023-12-10 04:25:25.624480 UTC,2023,12:25:25,ndt-virtual-xvxkc_1700353924_000000000007D227,Download,12.890754448911697,20.184,0.00025636232936575071,Taipei City,Taipei,25.0504,121.5324,50,"Far EastTone Telecommunication Co., Ltd.",9674
2023-12-10 04:23:37.325494 UTC,2023,12:23:37,ndt-virtual-xvxkc_1700353924_000000000007D224,Download,22.745435053580849,20.913,0.092194187623182461,Taipei City,Taipei,25.0504,121.5324,10,"Taiwan Mobile Co., Ltd.",24158
2023-12-10 04:22:14.835153 UTC,2023,12:22:14,ndt-wx99j_1699966477_00000000001C605A,Download,3.4063964505627258,57.31,0.00066330000111478992,Taipei City,Taipei,25.0504,121.5324,100,"Far EastTone Telecommunication Co., Ltd.",9674
2023-12-10 04:17:03.294427 UTC,2023,12:17:03,ndt-virtual-xvxkc_1700353924_000000000007D20A,Download,19.58440857185596,20.299,5.6717788954251463e-05,Taipei City,Taipei,25.0504,121.5324,100,"Far EastTone Telecommunication Co., Ltd.",9674
2023-12-10 04:16:56.010632 UTC,2023,12:16:56,ndt-virtual-xvxkc_1700353924_000000000007BC51,Download,6.9632774165282409,22.952,0.0,Taipei City,Taipei,25.0504,121.5324,100,"Far EastTone Telecommunication Co., Ltd.",9674
2023-12-10 04:16:33.486787 UTC,2023,12:16:33,ndt-virtual-8f258_1700449809_000000000007BC8D,Download,7.8733974684366768,20.436,0.0,Taipei City,Taipei,25.0504,121.5324,100,"Far EastTone Telecommunication Co., Ltd.",9674
2023-12-10 04:16:20.162523 UTC,2023,12:16:20,ndt-virtual-xvxkc_1700353924_000000000007D205,Download,10.856447977004645,22.431,0.0,Taipei City,Taipei,25.0504,121.5324,100,"Far EastTone Telecommunication Co., Ltd.",9674
2023-12-10 04:13:42.068348 UTC,2023,12:13:42,ndt-virtual-xvxkc_1700353924_000000000007BC47,Download,41.887067706303185,20.098,0.0,Taipei City,Taipei,25.0504,121.5324,10,"Taiwan Mobile Co., Ltd.",24158
2023-12-04 03:57:07.003649 UTC,2023,11:57:07,ndt-virtual-7s9f5_1700367851_00000000000765A8,Download,13.95707175576327,31.332,0.12395939186999755,Taipei City,Taipei,25.0504,121.5324,10,"Far EastTone Telecommunication Co., Ltd.",9674
2023-12-04 03:53:35.763249 UTC,2023,11:53:35,ndt-virtual-8f258_1700449809_0000000000056D67,Download,15.185521934779189,23.132,7.0630122464897645e-05,Taipei City,Taipei,25.0504,121.5324,10,"Taiwan Mobile Co., Ltd.",24158
2023-12-04 03:52:22.986019 UTC,2023,11:52:22,ndt-virtual-8f258_1700449809_0000000000057CBB,Download,44.187230733724228,22.033,0.0,Taipei City,Taipei,25.0504,121.5324,10,"Taiwan Mobile Co., Ltd.",24158
2023-12-04 03:42:31.420830 UTC,2023,11:42:31,ndt-virtual-8f258_1700449809_0000000000055D65,Download,0.85250442654869474,15.341,0.0,Taipei City,Taipei,25.0504,121.5324,10,Mobile Business Group,17421
2023-12-04 03:40:03.870723 UTC,2023,11:40:03,ndt-q57c2_1699936243_0000000000168AD6,Download,46.952574353268226,311.327,0.00013513556837918564,Taipei City,Taipei,25.0504,121.5324,10,Mobile Business Group,17421
2023-12-04 03:36:46.355356 UTC,2023,11:36:46,ndt-wx99j_1699966477_0000000000146D40,Download,3.4458218634889328,29.954,0.012319371953586679,Taipei City,Taipei,25.0504,121.5324,10,"Taiwan Mobile Co., Ltd.",24158
2023-12-04 03:35:44.392190 UTC,2023,11:35:44,ndt-virtual-xvxkc_1700353924_0000000000058C3C,Download,7.0197712738274118,23.0,0.0,Taipei City,Taipei,25.0504,121.5324,10,"Taiwan Mobile Co., Ltd.",24158
2023-12-04 03:26:11.504629 UTC,2023,11:26:11,ndt-virtual-xvxkc_1700353924_000000000005B85B,Download,49.4940829999892,105.206,0.084415107203465234,Taipei City,Taipei,25.0504,121.5324,10,Mobile Business Group,17421
2023-12-04 03:20:14.671183 UTC,2023,11:20:14,ndt-virtual-8f258_1700449809_0000000000056CE1,Download,0.5335477554728284,22.648,0.49880066955426322,Taipei City,Taipei,25.0504,121.5324,20,"Taiwan Mobile Co., Ltd.",24158
2023-12-04 03:01:29.699453 UTC,2023,11:01:29,ndt-virtual-8f258_1700449809_0000000000057BE3,Download,54.28885254700802,26.521,4.0740413555997139e-05,Taipei City,Taipei,25.0504,121.5324,100,"Far EastTone Telecommunication Co., Ltd.",9674
2023-12-04 02:59:54.429366 UTC,2023,10:59:54,ndt-wx99j_1699966477_000000000015375A,Download,40.174978011556782,19.359,0.0,Taipei City,Taipei,25.0504,121.5324,20,Taiwan Star Telecom Corporation Limited.(Former Vibo Telecom Inc.),24157
2023-12-04 02:54:35.781340 UTC,2023,10:54:35,ndt-fp5hm_1700129866_000000000013AA5D,Download,19.995614959418671,147.0,0.00070726711628139643,Taipei City,Taipei,25.0504,121.5324,100,"Far EastTone Telecommunication Co., Ltd.",9674
2023-12-04 02:52:15.496167 UTC,2023,10:52:15,ndt-q57c2_1699936243_000000000016D78C,Download,15.663343375789855,223.833,0.11962985912005049,Taipei City,Taipei,25.0504,121.5324,10,Mobile Business Group,17421
2023-12-04 02:44:45.147952 UTC,2023,10:44:45,ndt-virtual-8f258_1700449809_0000000000057B8C,Download,59.12542862342535,21.291,0.00016639776439834848,Taipei City,Taipei,25.0504,121.5324,50,"Far EastTone Telecommunication Co., Ltd.",9674
2023-12-04 02:36:05.123570 UTC,2023,10:36:05,ndt-shv24_1700288291_0000000000119BD2,Download,0.641420597737483,119.808,0.0,Taipei City,Taipei,25.0504,121.5324,100,"Far EastTone Telecommunication Co., Ltd.",9674
2023-12-04 02:33:19.673800 UTC,2023,10:33:19,ndt-shv24_1700288291_000000000011D9DF,Download,96.696334651554977,166.83,0.0,Taipei City,Taipei,25.0504,121.5324,10,Mobile Business Group,17421
2023-12-04 02:25:51.297548 UTC,2023,10:25:51,ndt-kwth4_1700174223_0000000000118A5C,Download,9.3560330702769,64.405,0.00019796122267102528,Taipei City,Taipei,25.0504,121.5324,100,"Far EastTone Telecommunication Co., Ltd.",9674
2023-12-04 02:25:14.886342 UTC,2023,10:25:14,ndt-virtual-xvxkc_1700353924_000000000005B75E,Download,21.137907010438504,28.908,0.000521269328370008,Taipei City,Taipei,25.0504,121.5324,100,"Far EastTone Telecommunication Co., Ltd.",9674
2023-12-04 02:24:46.678245 UTC,2023,10:24:46,ndt-k2vbj_1699964581_000000000015C9E0,Download,19.622744773482157,50.459,0.0007778270518896622,Taipei City,Taipei,25.0504,121.5324,100,"Far EastTone Telecommunication Co., Ltd.",9674
2023-12-04 02:23:48.062086 UTC,2023,10:23:48,ndt-shv24_1700288291_0000000000118B89,Download,12.768544292128428,55.503,0.00079991276394880554,Taipei City,Taipei,25.0504,121.5324,100,"Far EastTone Telecommunication Co., Ltd.",9674
2023-12-04 02:11:19.388128 UTC,2023,10:11:19,ndt-whwc2_1699924444_0000000000148945,Download,68.774323713525732,22.215,1.3949743232342119e-05,Taipei City,Taipei,25.0504,121.5324,10,Mobile Business Group,17421
2023-12-04 01:58:03.073762 UTC,2023,09:58:03,ndt-virtual-8f258_1700449809_0000000000055B92,Download,62.757362938208054,22.258,0.0,Taipei City,Taipei,25.0504,121.5324,20,"Taiwan Mobile Co., Ltd.",24158
2023-12-04 01:57:26.893257 UTC,2023,09:57:26,ndt-virtual-xvxkc_1700353924_000000000005A687,Download,20.593296652999069,18.139,0.094883723647397708,Taipei City,Taipei,25.0504,121.5324,100,"Far EastTone Telecommunication Co., Ltd.",9674
2023-12-04 01:57:13.031161 UTC,2023,09:57:13,ndt-wx99j_1699966477_000000000014AC0C,Download,9.7144162860407146,21.155,0.0,Taipei City,Taipei,25.0504,121.5324,20,Taiwan Star Telecom Corporation Limited.(Former Vibo Telecom Inc.),24157
2023-12-04 01:56:21.085996 UTC,2023,09:56:21,ndt-nj7sz_1699970082_000000000016A3B8,Download,0.29303243478925878,390.311,0.0,Taipei City,Taipei,25.0504,121.5324,10,Mobile Business Group,17421
2023-12-04 01:54:04.759737 UTC,2023,09:54:04,ndt-virtual-xvxkc_1700353924_000000000005A67D,Download,5.8149596949622024,22.584,0.00094907903777061056,Taipei City,Taipei,25.0504,121.5324,100,"Far EastTone Telecommunication Co., Ltd.",9674
2023-12-04 01:49:04.834816 UTC,2023,09:49:04,ndt-virtual-xvxkc_1700353924_000000000005A661,Download,297.503199451248,15.001,0.0,Taipei City,Taipei,25.0504,121.5324,20,Mobile Business Group,17421
2023-12-04 01:44:36.019142 UTC,2023,09:44:36,ndt-wx99j_1699966477_000000000015A029,Download,9.0649561266902232,59.585,0.0011861332057492575,Taipei City,Taipei,25.0504,121.5324,100,"Far EastTone Telecommunication Co., Ltd.",9674
2023-12-04 01:40:00.132914 UTC,2023,09:40:00,ndt-whwc2_1699924444_0000000000148914,Download,88.790574703539292,16.0,0.11781735608131141,Taipei City,Taipei,25.0504,121.5324,20,Taiwan Star Telecom Corporation Limited.(Former Vibo Telecom Inc.),24157
2023-12-04 01:24:58.360736 UTC,2023,09:24:58,ndt-virtual-xvxkc_1700353924_00000000000589E3,Download,0.85948073445433526,32.043,0.00057809767955382236,Taipei City,Taipei,25.0504,121.5324,10,"Taiwan Mobile Co., Ltd.",24158
2023-12-04 01:20:02.972873 UTC,2023,09:20:02,ndt-wx99j_1699966477_00000000001554AF,Download,17.967895473013073,20.166,0.0,Taipei City,Taipei,25.0504,121.5324,10,Taiwan Star Telecom Corporation Limited.(Former Vibo Telecom Inc.),24157
2023-12-04 01:12:03.315803 UTC,2023,09:12:03,ndt-virtual-xvxkc_1700353924_00000000000598D2,Download,2.8787853599496471,19.0,0.12887115487222198,Taipei City,Taipei,25.0504,121.5324,10,"Taiwan Mobile Co., Ltd.",24158
2023-12-04 00:58:57.266501 UTC,2023,08:58:57,ndt-shv24_1700288291_0000000000125323,Download,21.012695586634056,41.793,0.08592349184282351,Taipei City,Taipei,25.0504,121.5324,20,Taiwan Star Telecom Corporation Limited.(Former Vibo Telecom Inc.),24157
2023-12-04 00:57:48.592549 UTC,2023,08:57:48,ndt-whwc2_1699924444_000000000014E75C,Download,38.717109904824987,23.59,0.0,Taipei City,Taipei,25.0504,121.5324,10,"Taiwan Mobile Co., Ltd.",24158
2023-12-04 00:37:19.625703 UTC,2023,08:37:19,ndt-shv24_1700288291_000000000012918C,Download,6.527137232392481,284.966,0.11459596119259251,Taipei City,Taipei,25.0504,121.5324,10,Mobile Business Group,17421
2023-12-04 00:36:21.583116 UTC,2023,08:36:21,ndt-kwth4_1700174223_0000000000113BC7,Download,14.743084561317586,28.118,0.0,Taipei City,Taipei,25.0504,121.5324,10,Taiwan Star Telecom Corporation Limited.(Former Vibo Telecom Inc.),24157
2023-12-04 00:35:09.004237 UTC,2023,08:35:09,ndt-wx99j_1699966477_000000000013EF57,Download,5.8675832427331409,30.164,0.0,Taipei City,Taipei,25.0504,121.5324,10,"Far EastTone Telecommunication Co., Ltd.",9674
2023-12-04 00:23:44.483031 UTC,2023,08:23:44,ndt-whwc2_1699924444_000000000014A7ED,Download,22.095070110735538,19.551,0.000339525634185381,Taipei City,Taipei,25.0504,121.5324,10,Taiwan Star Telecom Corporation Limited.(Former Vibo Telecom Inc.),24157
2023-12-04 00:20:51.695146 UTC,2023,08:20:51,ndt-virtual-7s9f5_1700367851_0000000000073F58,Download,15.216300798536654,28.917,0.0002186871450440143,Taipei City,Taipei,25.0504,121.5324,10,"Taiwan Mobile Co., Ltd.",24158
2023-12-04 00:20:18.039133 UTC,2023,08:20:18,ndt-q57c2_1699936243_000000000016B7DC,Download,21.977613300643604,224.536,0.016464836527214852,Taipei City,Taipei,25.0504,121.5324,20,Mobile Business Group,17421
2023-12-04 00:19:40.796951 UTC,2023,08:19:40,ndt-kwth4_1700174223_00000000001179C4,Download,22.719664082702877,24.894,0.018758432320140159,Taipei City,Taipei,25.0504,121.5324,20,Mobile Business Group,17421
2023-12-04 00:18:59.685448 UTC,2023,08:18:59,ndt-zwzd6_1700291306_000000000012346F,Download,6.3013114322638657,190.996,0.1126906088339468,Taipei City,Taipei,25.0504,121.5324,10,"Taiwan Mobile Co., Ltd.",24158
2023-12-04 00:09:10.172619 UTC,2023,08:09:10,ndt-kwth4_1700174223_00000000001189C5,Download,47.794709714655284,21.434,0.0,Taipei City,Taipei,25.0504,121.5324,20,Mobile Business Group,17421
2023-12-04 00:03:33.308807 UTC,2023,08:03:33,ndt-whwc2_1699924444_000000000014588C,Download,29.285258267835868,21.669,0.0,Taipei City,Taipei,25.0504,121.5324,20,Mobile Business Group,17421
2023-12-03 23:16:33.416475 UTC,2023,07:16:33,ndt-virtual-xvxkc_1700353924_000000000005B3F9,Download,24.915416594114351,25.839,9.0003876391736809e-05,Taipei City,Taipei,25.0504,121.5324,50,"Far EastTone Telecommunication Co., Ltd.",9674
2023-12-03 23:15:32.025924 UTC,2023,07:15:32,ndt-kwth4_1700174223_000000000012E76D,Download,173.37644245114481,51.284,5.6376543708479318e-05,Taipei City,Taipei,25.0504,121.5324,50,"Far EastTone Telecommunication Co., Ltd.",9674
2023-12-03 23:13:08.082277 UTC,2023,07:13:08,ndt-fp5hm_1700129866_00000000001406A0,Download,65.907450088946433,161.386,0.00011212160295720205,Taipei City,Taipei,25.0504,121.5324,50,"Far EastTone Telecommunication Co., Ltd.",9674
2023-12-03 23:08:34.882505 UTC,2023,07:08:34,ndt-virtual-xvxkc_1700353924_000000000005A3AD,Download,154.46605550968707,20.806,0.0,Taipei City,Taipei,25.0504,121.5324,50,"Far EastTone Telecommunication Co., Ltd.",9674
2023-12-03 22:57:53.104440 UTC,2023,06:57:53,ndt-whwc2_1699924444_00000000001592E7,Download,3.0331841504942312,313.099,0.40058617083563186,Taipei City,Taipei,25.0504,121.5324,10,Mobile Business Group,17421
2023-12-03 21:29:23.773877 UTC,2023,05:29:23,ndt-kwth4_1700174223_00000000001178F0,Download,43.156470849781194,21.461,0.0,Taipei City,Taipei,25.0504,121.5324,20,Mobile Business Group,17421
2023-12-03 21:25:18.659705 UTC,2023,05:25:18,ndt-whwc2_1699924444_00000000001564E1,Download,35.371155199825672,24.843,0.0,Taipei City,Taipei,25.0504,121.5324,20,Mobile Business Group,17421
2023-12-03 20:08:44.338695 UTC,2023,04:08:44,ndt-kwth4_1700174223_000000000012C6EE,Download,10.396401325435045,17.722,0.00010209290454313425,Taipei City,Taipei,25.0504,121.5324,10,Taiwan Star Telecom Corporation Limited.(Former Vibo Telecom Inc.),24157
2023-12-03 19:17:15.256142 UTC,2023,03:17:15,ndt-whwc2_1699924444_000000000013BEB3,Download,62.54966645630082,16.679,0.0,Taipei City,Taipei,25.0504,121.5324,10,Taiwan Star Telecom Corporation Limited.(Former Vibo Telecom Inc.),24157
2023-12-03 18:41:02.992035 UTC,2023,02:41:02,ndt-whwc2_1699924444_000000000015919D,Download,2.3362451787421969,50.751,0.0,Taipei City,Taipei,25.0504,121.5324,100,"Far EastTone Telecommunication Co., Ltd.",9674
2023-12-03 18:15:01.377701 UTC,2023,02:15:01,ndt-q57c2_1699936243_000000000016B54C,Download,6.9345918056482478,76.721,0.0,Taipei City,Taipei,25.0504,121.5324,10,"Taiwan Mobile Co., Ltd.",24158
2023-12-03 17:50:43.126985 UTC,2023,01:50:43,ndt-kwth4_1700174223_0000000000118817,Download,16.138334808247389,19.764,0.0,Taipei City,Taipei,25.0504,121.5324,20,Taiwan Star Telecom Corporation Limited.(Former Vibo Telecom Inc.),24157
2023-12-03 17:50:23.738002 UTC,2023,01:50:23,ndt-kwth4_1700174223_0000000000111AC3,Download,39.510192098666181,19.409,0.0,Taipei City,Taipei,25.0504,121.5324,20,Taiwan Star Telecom Corporation Limited.(Former Vibo Telecom Inc.),24157
2023-12-03 17:29:01.497603 UTC,2023,01:29:01,ndt-whwc2_1699924444_0000000000156310,Download,243.81860340151181,22.025,7.1487210432247933e-06,Taipei City,Taipei,25.0504,121.5324,10,Mobile Business Group,17421
2023-12-03 17:27:14.446732 UTC,2023,01:27:14,ndt-whwc2_1699924444_000000000013BDF0,Download,96.189167084077781,27.119,0.11744813354420344,Taipei City,Taipei,25.0504,121.5324,20,Taiwan Star Telecom Corporation Limited.(Former Vibo Telecom Inc.),24157
2023-12-03 17:21:07.171673 UTC,2023,01:21:07,ndt-virtual-xvxkc_1700353924_0000000000057DEE,Download,197.49104197418666,18.204,0.0,Taipei City,Taipei,25.0504,121.5324,10,Mobile Business Group,17421
2023-12-03 17:17:04.407947 UTC,2023,01:17:04,ndt-wx99j_1699966477_0000000000140C33,Download,21.824512531160309,29.388,0.0,Taipei City,Taipei,25.0504,121.5324,10,"Taiwan Mobile Co., Ltd.",24158
2023-12-03 16:51:10.456838 UTC,2023,00:51:10,ndt-virtual-7s9f5_1700367851_0000000000071897,Download,60.719740416266582,31.05,0.00047654074302315647,Taipei City,Taipei,25.0504,121.5324,50,"Far EastTone Telecommunication Co., Ltd.",9674
2023-12-03 16:48:55.385268 UTC,2023,00:48:55,ndt-kwth4_1700174223_000000000011977E,Download,21.471473013082715,26.912,5.3122319759217542e-05,Taipei City,Taipei,25.0504,121.5324,10,"Taiwan Mobile Co., Ltd.",24158
2023-12-03 16:47:29.622288 UTC,2023,00:47:29,ndt-virtual-8f258_1700449809_00000000000542CA,Download,72.1078218995909,14.541,0.0016032920072224081,Taipei City,Taipei,25.0504,121.5324,10,Taiwan Star Telecom Corporation Limited.(Former Vibo Telecom Inc.),24157
2023-12-03 16:43:22.536345 UTC,2023,00:43:22,ndt-9qlwd_1700276794_000000000011E4B3,Download,17.661850573686223,230.501,0.0018011343601057235,Taipei City,Taipei,25.0504,121.5324,10,Mobile Business Group,17421
2023-12-03 16:32:51.643241 UTC,2023,00:32:51,ndt-virtual-7s9f5_1700367851_00000000000708C4,Download,172.86542549186402,32.147,0.00067919029683669941,Taipei City,Taipei,25.0504,121.5324,100,"Far EastTone Telecommunication Co., Ltd.",9674
2023-12-03 16:31:50.437429 UTC,2023,00:31:50,ndt-virtual-xvxkc_1700353924_0000000000057D58,Download,192.93282880888842,19.904,5.7306727251162554e-06,Taipei City,Taipei,25.0504,121.5324,100,"Far EastTone Telecommunication Co., Ltd.",9674
2023-12-03 16:31:16.727107 UTC,2023,00:31:16,ndt-virtual-xvxkc_1700353924_000000000005902B,Download,186.63312575093411,19.883,4.1518352472805254e-05,Taipei City,Taipei,25.0504,121.5324,100,"Far EastTone Telecommunication Co., Ltd.",9674
2023-12-03 16:27:57.680020 UTC,2023,00:27:57,ndt-9qlwd_1700276794_00000000001242CE,Download,39.175121775466351,378.06,0.0,Taipei City,Taipei,25.0504,121.5324,100,"Far EastTone Telecommunication Co., Ltd.",9674
2023-12-03 16:20:06.295267 UTC,2023,00:20:06,ndt-virtual-xvxkc_1700353924_00000000000580D0,Download,14.302275981103319,24.18,0.0,Taipei City,Taipei,25.0504,121.5324,10,"Taiwan Mobile Co., Ltd.",24158
2023-12-03 16:11:23.180508 UTC,2023,00:11:23,ndt-virtual-xvxkc_1700353924_0000000000057D05,Download,142.28190797121195,22.707,0.0,Taipei City,Taipei,25.0504,121.5324,10,"Taiwan Mobile Co., Ltd.",24158
2023-12-03 16:10:56.478393 UTC,2023,00:10:56,ndt-nj7sz_1699970082_0000000000168023,Download,48.668143489710978,210.773,0.025752361724783335,Taipei City,Taipei,25.0504,121.5324,10,"Taiwan Mobile Co., Ltd.",24158
2023-12-03 15:57:06.953101 UTC,2023,23:57:06,ndt-virtual-xvxkc_1700353924_0000000000058076,Download,2.9053970461617946,22.274,0.0027024653575754361,Taipei City,Taipei,25.0504,121.5324,100,"Far EastTone Telecommunication Co., Ltd.",9674
2023-12-03 15:56:20.009478 UTC,2023,23:56:20,ndt-shv24_1700288291_000000000011B6ED,Download,38.665359199774429,157.828,8.5496265149092131e-05,Taipei City,Taipei,25.0504,121.5324,10,Mobile Business Group,17421
2023-12-03 15:56:04.889566 UTC,2023,23:56:04,ndt-virtual-xvxkc_1700353924_0000000000057CC8,Download,4.7596306337454726,20.796,0.053801665524433114,Taipei City,Taipei,25.0504,121.5324,10,"Taiwan Mobile Co., Ltd.",24158
2023-12-03 15:54:43.220816 UTC,2023,23:54:43,ndt-whwc2_1699924444_000000000013EEDB,Download,12.355494434655551,21.169,0.031359559722788422,Taipei City,Taipei,25.0504,121.5324,10,"Taiwan Mobile Co., Ltd.",24158
2023-12-03 15:37:23.469211 UTC,2023,23:37:23,ndt-kwth4_1700174223_000000000011C72D,Download,6.2694411588335468,18.951,0.0,Taipei City,Taipei,25.0504,121.5324,10,Mobile Business Group,17421
2023-12-03 15:36:12.237474 UTC,2023,23:36:12,ndt-wx99j_1699966477_000000000013EBDA,Download,5.3966501563008409,19.847,0.0,Taipei City,Taipei,25.0504,121.5324,10,Mobile Business Group,17421
2023-12-03 15:35:24.848270 UTC,2023,23:35:24,ndt-virtual-8f258_1700449809_00000000000541E3,Download,6.31941102225322,22.955,0.0,Taipei City,Taipei,25.0504,121.5324,10,Mobile Business Group,17421
2023-12-03 15:34:13.251042 UTC,2023,23:34:13,ndt-virtual-8f258_1700449809_00000000000560A8,Download,4.2514791558463161,22.438,0.0024312708069336763,Taipei City,Taipei,25.0504,121.5324,10,Mobile Business Group,17421
2023-12-03 15:33:35.817388 UTC,2023,23:33:35,ndt-wx99j_1699966477_000000000015239D,Download,1.1852662465342274,20.106,0.046766648527480865,Taipei City,Taipei,25.0504,121.5324,10,Mobile Business Group,17421
2023-12-03 15:32:55.176457 UTC,2023,23:32:55,ndt-virtual-8f258_1700449809_00000000000550FF,Download,0.44791234601281776,247.94,0.14715293573383709,Taipei City,Taipei,25.0504,121.5324,10,Mobile Business Group,17421
2023-12-03 15:24:05.622372 UTC,2023,23:24:05,ndt-virtual-8f258_1700449809_0000000000053FF5,Download,29.790248593193247,23.1,0.00011033360600537021,Taipei City,Taipei,25.0504,121.5324,100,"Far EastTone Telecommunication Co., Ltd.",9674
2023-12-03 15:09:10.314599 UTC,2023,23:09:10,ndt-whwc2_1699924444_0000000000139FDA,Download,2.8669704695594151,25.981,0.078649244908914326,Taipei City,Taipei,25.0504,121.5324,10,"Taiwan Mobile Co., Ltd.",24158
2023-12-03 15:01:17.740346 UTC,2023,23:01:17,ndt-virtual-xvxkc_1700353924_0000000000054F82,Download,10.208182480170759,24.885,0.0,Taipei City,Taipei,25.0504,121.5324,10,"Taiwan Mobile Co., Ltd.",24158
2023-12-03 14:58:55.375175 UTC,2023,22:58:55,ndt-9qlwd_1700276794_0000000000118654,Download,5.912734805804658,75.135,0.00020125173320387793,Taipei City,Taipei,25.0504,121.5324,10,"Taiwan Mobile Co., Ltd.",24158
2023-12-03 14:58:47.861690 UTC,2023,22:58:47,ndt-kwth4_1700174223_00000000001225B7,Download,14.17673597958621,51.081,0.00423932154090851,Taipei City,Taipei,25.0504,121.5324,100,"Far EastTone Telecommunication Co., Ltd.",9674
2023-12-03 14:52:50.762020 UTC,2023,22:52:50,ndt-wx99j_1699966477_000000000013DBEB,Download,6.1293676410605986,30.856,0.0,Taipei City,Taipei,25.0504,121.5324,10,"Taiwan Mobile Co., Ltd.",24158
2023-12-03 14:52:17.620124 UTC,2023,22:52:17,ndt-whwc2_1699924444_000000000013AE70,Download,2.4297694355013819,17.784,0.020741394527802295,Taipei City,Taipei,25.0504,121.5324,10,Taiwan Star Telecom Corporation Limited.(Former Vibo Telecom Inc.),24157
2023-12-03 14:51:06.217787 UTC,2023,22:51:06,ndt-wx99j_1699966477_000000000015140F,Download,5.4033270577286858,58.742,0.0014752005157003484,Taipei City,Taipei,25.0504,121.5324,100,"Far EastTone Telecommunication Co., Ltd.",9674
2023-12-03 14:49:13.995094 UTC,2023,22:49:13,ndt-virtual-xvxkc_1700353924_0000000000057B94,Download,4.3676425385626851,25.301,0.0026348620342197962,Taipei City,Taipei,25.0504,121.5324,50,"Far EastTone Telecommunication Co., Ltd.",9674
2023-12-03 14:47:04.390450 UTC,2023,22:47:04,ndt-zwzd6_1700291306_0000000000108E49,Download,4.599761399915959,170.4,0.0012703009978214338,Taipei City,Taipei,25.0504,121.5324,100,"Far EastTone Telecommunication Co., Ltd.",9674
2023-12-03 14:39:13.526982 UTC,2023,22:39:13,ndt-wx99j_1699966477_000000000013FB9A,Download,219.19335218931769,22.247,0.000884633957601767,Taipei City,Taipei,25.0504,121.5324,10,"Taiwan Mobile Co., Ltd.",24158
2023-12-03 14:25:07.465128 UTC,2023,22:25:07,ndt-q57c2_1699936243_0000000000162738,Download,14.546957369249201,380.567,0.00057930091503074414,Taipei City,Taipei,25.0504,121.5324,50,"Far EastTone Telecommunication Co., Ltd.",9674
2023-12-03 14:24:33.427145 UTC,2023,22:24:33,ndt-kwth4_1700174223_00000000001166E4,Download,5.2580651381849712,33.813,0.003154282365406302,Taipei City,Taipei,25.0504,121.5324,10,Taiwan Star Telecom Corporation Limited.(Former Vibo Telecom Inc.),24157
2023-12-03 14:24:01.872531 UTC,2023,22:24:01,ndt-k2vbj_1699964581_0000000000166169,Download,7.228048342548294,49.938,0.050472886570527835,Taipei City,Taipei,25.0504,121.5324,50,"Far EastTone Telecommunication Co., Ltd.",9674
2023-12-03 14:22:02.422896 UTC,2023,22:22:02,ndt-virtual-xvxkc_1700353924_0000000000056B48,Download,7.4816868867937547,27.782,0.00074458053251892013,Taipei City,Taipei,25.0504,121.5324,100,"Far EastTone Telecommunication Co., Ltd.",9674
2023-12-03 14:21:48.676703 UTC,2023,22:21:48,ndt-whwc2_1699924444_0000000000157161,Download,26.054580443068829,25.056,0.00019895096203178855,Taipei City,Taipei,25.0504,121.5324,20,"Taiwan Mobile Co., Ltd.",24158
2023-12-03 14:21:33.561889 UTC,2023,22:21:33,ndt-whwc2_1699924444_000000000014F42E,Download,7.8388070872853834,31.706,0.0014731102966224761,Taipei City,Taipei,25.0504,121.5324,100,"Far EastTone Telecommunication Co., Ltd.",9674
2023-12-03 14:00:24.183408 UTC,2023,22:00:24,ndt-kwth4_1700174223_0000000000114894,Download,3.9739786094775842,62.709,0.003754808800864067,Taipei City,Taipei,25.0504,121.5324,100,"Far EastTone Telecommunication Co., Ltd.",9674
2023-12-03 14:00:10.547962 UTC,2023,22:00:10,ndt-virtual-xvxkc_1700353924_0000000000056AF6,Download,21.001953546255908,22.23,0.0062958349903621258,Taipei City,Taipei,25.0504,121.5324,50,Mobile Business Group,17421
2023-12-03 13:54:43.032069 UTC,2023,21:54:43,ndt-whwc2_1699924444_0000000000156170,Download,24.035755638466661,20.418,0.064262687774606045,Taipei City,Taipei,25.0504,121.5324,10,Mobile Business Group,17421
2023-12-03 13:54:35.477343 UTC,2023,21:54:35,ndt-virtual-xvxkc_1700353924_0000000000055D80,Download,7.3647847476150146,21.664,0.00014989677611935149,Taipei City,Taipei,25.0504,121.5324,50,"Far EastTone Telecommunication Co., Ltd.",9674
2023-12-03 13:51:09.101136 UTC,2023,21:51:09,ndt-virtual-xvxkc_1700353924_0000000000054E1C,Download,44.776890493382432,20.061,0.0,Taipei City,Taipei,25.0504,121.5324,10,"Taiwan Mobile Co., Ltd.",24158
2023-12-03 13:42:31.148724 UTC,2023,21:42:31,ndt-virtual-8f258_1700449809_0000000000051EEC,Download,20.788776905629028,23.069,0.084423553774365209,Taipei City,Taipei,25.0504,121.5324,100,"Far EastTone Telecommunication Co., Ltd.",9674
2023-12-03 13:41:41.026152 UTC,2023,21:41:41,ndt-virtual-xvxkc_1700353924_0000000000057A59,Download,4.3002245978764346,37.638,0.0013608078669267759,Taipei City,Taipei,25.0504,121.5324,20,Taiwan Star Telecom Corporation Limited.(Former Vibo Telecom Inc.),24157
2023-12-03 13:41:25.660106 UTC,2023,21:41:25,ndt-virtual-8f258_1700449809_0000000000053E03,Download,4.8810397727767745,25.463,0.00022536442562552409,Taipei City,Taipei,25.0504,121.5324,50,"Far EastTone Telecommunication Co., Ltd.",9674
2023-12-03 13:39:13.075966 UTC,2023,21:39:13,ndt-fp5hm_1700129866_000000000012ACA8,Download,2.7773062365448613,166.066,0.005614644932855079,Taipei City,Taipei,25.0504,121.5324,100,"Far EastTone Telecommunication Co., Ltd.",9674
2023-12-03 13:35:00.959545 UTC,2023,21:35:00,ndt-whwc2_1699924444_00000000001522FA,Download,21.019944610780097,49.401,0.14978221626008181,Taipei City,Taipei,25.0504,121.5324,100,"Far EastTone Telecommunication Co., Ltd.",9674
2023-12-03 13:29:01.632989 UTC,2023,21:29:01,ndt-virtual-8f258_1700449809_0000000000053DD0,Download,23.696101920916497,18.847,0.0,Taipei City,Taipei,25.0504,121.5324,20,Taiwan Star Telecom Corporation Limited.(Former Vibo Telecom Inc.),24157
2023-12-03 13:28:45.451025 UTC,2023,21:28:45,ndt-s44r4_1700295648_0000000000111E8C,Download,40.461005288730277,36.79,0.0028625622605829098,Taipei City,Taipei,25.0504,121.5324,10,"Taiwan Mobile Co., Ltd.",24158
2023-12-03 13:28:35.829786 UTC,2023,21:28:35,ndt-virtual-7s9f5_1700367851_00000000000731C5,Download,58.016925386154576,132.941,0.0,Taipei City,Taipei,25.0504,121.5324,20,Mobile Business Group,17421
2023-12-03 13:27:20.225596 UTC,2023,21:27:20,ndt-virtual-xvxkc_1700353924_0000000000056A62,Download,90.924600146195814,31.258,0.0028803738466061054,Taipei City,Taipei,25.0504,121.5324,10,Mobile Business Group,17421
2023-12-03 13:27:18.262602 UTC,2023,21:27:18,ndt-virtual-xvxkc_1700353924_0000000000055D0E,Download,60.475491686585272,18.979,0.01484825328118344,Taipei City,Taipei,25.0504,121.5324,10,Mobile Business Group,17421
2023-12-03 13:25:39.431279 UTC,2023,21:25:39,ndt-virtual-xvxkc_1700353924_0000000000054DA6,Download,29.141952653083102,22.637,0.00026490802925439676,Taipei City,Taipei,25.0504,121.5324,50,"Far EastTone Telecommunication Co., Ltd.",9674
2023-12-03 13:25:23.433017 UTC,2023,21:25:23,ndt-kwth4_1700174223_0000000000121515,Download,7.2792940596682838,53.424,0.00047630545960278639,Taipei City,Taipei,25.0504,121.5324,100,"Far EastTone Telecommunication Co., Ltd.",9674
2023-12-03 13:22:24.689629 UTC,2023,21:22:24,ndt-shv24_1700288291_000000000010CD2F,Download,5.4513856264913283,50.98,0.0051572166213638337,Taipei City,Taipei,25.0504,121.5324,100,"Far EastTone Telecommunication Co., Ltd.",9674
2023-12-03 13:14:52.931230 UTC,2023,21:14:52,ndt-wx99j_1699966477_000000000014F521,Download,6.8351830222782892,21.053,0.012810767719090083,Taipei City,Taipei,25.0504,121.5324,10,Taiwan Star Telecom Corporation Limited.(Former Vibo Telecom Inc.),24157
2023-12-03 13:11:52.651063 UTC,2023,21:11:52,ndt-9qlwd_1700276794_000000000012419D,Download,20.120487857710295,386.601,0.0010190528995141408,Taipei City,Taipei,25.0504,121.5324,50,"Far EastTone Telecommunication Co., Ltd.",9674
2023-12-03 13:02:04.587728 UTC,2023,21:02:04,ndt-virtual-xvxkc_1700353924_00000000000569E3,Download,2.266041970562001,17.142,0.000725837412419618,Taipei City,Taipei,25.0504,121.5324,10,Mobile Business Group,17421
2023-12-03 12:35:43.985573 UTC,2023,20:35:43,ndt-virtual-xvxkc_1700353924_000000000005792D,Download,1.4345510550709617,44.625,0.0,Taipei City,Taipei,25.0504,121.5324,100,"Far EastTone Telecommunication Co., Ltd.",9674
2023-12-03 12:32:41.686502 UTC,2023,20:32:41,ndt-virtual-xvxkc_1700353924_0000000000056943,Download,16.216620561717381,26.0,0.10098430206534137,Taipei City,Taipei,25.0504,121.5324,20,Mobile Business Group,17421
2023-12-03 12:31:32.484738 UTC,2023,20:31:32,ndt-virtual-xvxkc_1700353924_0000000000056937,Download,2.8092325801118894,26.048,0.0022673880743461074,Taipei City,Taipei,25.0504,121.5324,10,Taiwan Star Telecom Corporation Limited.(Former Vibo Telecom Inc.),24157
2023-12-03 12:31:20.466931 UTC,2023,20:31:20,ndt-wx99j_1699966477_000000000013EA8C,Download,3.2836601371914975,20.127,0.0,Taipei City,Taipei,25.0504,121.5324,10,Taiwan Star Telecom Corporation Limited.(Former Vibo Telecom Inc.),24157
2023-12-03 12:31:04.319231 UTC,2023,20:31:04,ndt-virtual-8f258_1700449809_0000000000050E2E,Download,1.9513368847325576,20.014,0.0,Taipei City,Taipei,25.0504,121.5324,10,Taiwan Star Telecom Corporation Limited.(Former Vibo Telecom Inc.),24157
2023-12-03 12:30:38.683941 UTC,2023,20:30:38,ndt-virtual-xvxkc_1700353924_0000000000055BD2,Download,15.261552819565978,18.552,0.0,Taipei City,Taipei,25.0504,121.5324,10,Taiwan Star Telecom Corporation Limited.(Former Vibo Telecom Inc.),24157
2023-12-03 12:30:15.626010 UTC,2023,20:30:15,ndt-virtual-7s9f5_1700367851_000000000006FFDC,Download,7.0721259691583169,34.145,0.0473079464706715,Taipei City,Taipei,25.0504,121.5324,100,"Far EastTone Telecommunication Co., Ltd.",9674
2023-12-03 12:28:44.673527 UTC,2023,20:28:44,ndt-wx99j_1699966477_00000000001486EB,Download,13.18015960942625,20.096,0.0017127477367262051,Taipei City,Taipei,25.0504,121.5324,10,Taiwan Star Telecom Corporation Limited.(Former Vibo Telecom Inc.),24157
2023-12-03 12:13:19.083048 UTC,2023,20:13:19,ndt-whwc2_1699924444_0000000000156096,Download,0.97206144556920882,37.35,0.0,Taipei City,Taipei,25.0504,121.5324,10,Taiwan Star Telecom Corporation Limited.(Former Vibo Telecom Inc.),24157
2023-12-03 12:08:55.751479 UTC,2023,20:08:55,ndt-nj7sz_1699970082_00000000001557C0,Download,42.157341688837725,202.443,0.0097592067988668558,Taipei City,Taipei,25.0504,121.5324,10,"Taiwan Mobile Co., Ltd.",24158
2023-12-03 12:04:14.067169 UTC,2023,20:04:14,ndt-virtual-7s9f5_1700367851_000000000006EF56,Download,7.8751805254035219,37.082,0.0,Taipei City,Taipei,25.0504,121.5324,100,"Far EastTone Telecommunication Co., Ltd.",9674
2023-12-03 11:55:30.524011 UTC,2023,19:55:30,ndt-virtual-xvxkc_1700353924_0000000000054BAF,Download,0.79764125840616651,150.028,0.029623201224981955,Taipei City,Taipei,25.0504,121.5324,10,"Taiwan Mobile Co., Ltd.",24158
2023-12-03 11:34:05.555330 UTC,2023,19:34:05,ndt-kwth4_1700174223_00000000001118F6,Download,9.4305160814990021,55.874,0.0019311755016593504,Taipei City,Taipei,25.0504,121.5324,50,"Far EastTone Telecommunication Co., Ltd.",9674
2023-12-03 11:32:48.942247 UTC,2023,19:32:48,ndt-virtual-8f258_1700449809_0000000000050CE2,Download,10.922718111396474,20.539,0.0008937202629821239,Taipei City,Taipei,25.0504,121.5324,50,"Far EastTone Telecommunication Co., Ltd.",9674
2023-12-03 11:31:56.703050 UTC,2023,19:31:56,ndt-kwth4_1700174223_000000000011D981,Download,64.917004132588829,25.427,0.0015657208370841043,Taipei City,Taipei,25.0504,121.5324,10,Mobile Business Group,17421
2023-12-03 11:27:25.562547 UTC,2023,19:27:25,ndt-kwth4_1700174223_00000000001195D3,Download,1.2535209528449907,56.741,0.0196407940342401,Taipei City,Taipei,25.0504,121.5324,50,"Far EastTone Telecommunication Co., Ltd.",9674
2023-12-03 11:26:16.779304 UTC,2023,19:26:16,ndt-virtual-8f258_1700449809_0000000000051C3F,Download,10.528333367497488,22.071,0.0006215513527697994,Taipei City,Taipei,25.0504,121.5324,50,"Far EastTone Telecommunication Co., Ltd.",9674
2023-12-03 11:25:45.946151 UTC,2023,19:25:45,ndt-kwth4_1700174223_0000000000121489,Download,17.971054393218893,51.419,0.0010491089833910958,Taipei City,Taipei,25.0504,121.5324,50,"Far EastTone Telecommunication Co., Ltd.",9674
2023-12-03 11:24:37.525661 UTC,2023,19:24:37,ndt-virtual-7s9f5_1700367851_000000000006FDC7,Download,64.839043605318963,19.0,3.4115566234831105e-05,Taipei City,Taipei,25.0504,121.5324,100,"Far EastTone Telecommunication Co., Ltd.",9674
2023-12-03 11:24:15.326782 UTC,2023,19:24:15,ndt-zwzd6_1700291306_0000000000102FE4,Download,19.766584504409007,164.26,0.0061349936720043732,Taipei City,Taipei,25.0504,121.5324,50,"Far EastTone Telecommunication Co., Ltd.",9674
2023-12-03 11:24:10.571229 UTC,2023,19:24:10,ndt-whwc2_1699924444_00000000001521AE,Download,1.3749481396145578,22.848,0.042150541907155559,Taipei City,Taipei,25.0504,121.5324,10,Mobile Business Group,17421
2023-12-03 11:23:33.013472 UTC,2023,19:23:33,ndt-virtual-xvxkc_1700353924_0000000000054B03,Download,2.8905601118898812,23.484,0.031690928158201653,Taipei City,Taipei,25.0504,121.5324,50,"Far EastTone Telecommunication Co., Ltd.",9674
2023-12-03 11:22:49.783772 UTC,2023,19:22:49,ndt-kwth4_1700174223_00000000001195CD,Download,10.717435324199849,52.925,0.0013701190063935935,Taipei City,Taipei,25.0504,121.5324,50,"Far EastTone Telecommunication Co., Ltd.",9674
2023-12-03 11:19:16.907538 UTC,2023,19:19:16,ndt-q57c2_1699936243_0000000000168330,Download,12.719846665732677,364.0,0.00052944388053763022,Taipei City,Taipei,25.0504,121.5324,100,"Far EastTone Telecommunication Co., Ltd.",9674
2023-12-03 11:13:50.839438 UTC,2023,19:13:50,ndt-wx99j_1699966477_000000000015032C,Download,64.53642115233616,51.611,1.7460127786860455e-05,Taipei City,Taipei,25.0504,121.5324,100,"Far EastTone Telecommunication Co., Ltd.",9674
2023-12-03 11:13:24.632599 UTC,2023,19:13:24,ndt-wx99j_1699966477_000000000014E4F0,Download,63.45324566908787,34.0,0.00024956036394219741,Taipei City,Taipei,25.0504,121.5324,100,"Far EastTone Telecommunication Co., Ltd.",9674
2023-12-03 11:05:11.469573 UTC,2023,19:05:11,ndt-virtual-8f258_1700449809_0000000000052B2A,Download,18.887093505029956,22.246,0.0,Taipei City,Taipei,25.0504,121.5324,20,Mobile Business Group,17421
2023-12-03 11:02:30.000347 UTC,2023,19:02:30,ndt-whwc2_1699924444_0000000000138E00,Download,7.8082632983559348,29.076,0.003387293225782267,Taipei City,Taipei,25.0504,121.5324,20,Mobile Business Group,17421
2023-12-03 10:58:16.230937 UTC,2023,18:58:16,ndt-virtual-7s9f5_1700367851_000000000006DEB2,Download,19.577726960974154,34.873,0.0043453878139506959,Taipei City,Taipei,25.0504,121.5324,50,"Far EastTone Telecommunication Co., Ltd.",9674
2023-12-03 10:57:57.167238 UTC,2023,18:57:57,ndt-kwth4_1700174223_000000000010DACF,Download,20.706309704210586,50.0,0.025351817863335808,Taipei City,Taipei,25.0504,121.5324,50,"Far EastTone Telecommunication Co., Ltd.",9674
2023-12-03 10:47:52.373465 UTC,2023,18:47:52,ndt-whwc2_1699924444_000000000013EC6A,Download,0.092471322815541282,129.4,0.40482836955893958,Taipei City,Taipei,25.0504,121.5324,100,Mobile Business Group,17421
2023-12-03 10:44:29.388849 UTC,2023,18:44:29,ndt-virtual-xvxkc_1700353924_0000000000055957,Download,4.8820793597666068,19.481,0.0,Taipei City,Taipei,25.0504,121.5324,10,Taiwan Star Telecom Corporation Limited.(Former Vibo Telecom Inc.),24157
2023-12-03 10:40:13.026349 UTC,2023,18:40:13,ndt-virtual-xvxkc_1700353924_00000000000549ED,Download,137.37299738949812,18.583,0.0,Taipei City,Taipei,25.0504,121.5324,10,"Taiwan Mobile Co., Ltd.",24158
2023-12-03 10:31:03.228211 UTC,2023,18:31:03,ndt-kwth4_1700174223_000000000012F11C,Download,73.27881770069159,19.759,0.0,Taipei City,Taipei,25.0504,121.5324,10,Taiwan Star Telecom Corporation Limited.(Former Vibo Telecom Inc.),24157
2023-12-03 10:15:25.765462 UTC,2023,18:15:25,ndt-virtual-7s9f5_1700367851_000000000006FBDE,Download,29.937557746501419,137.387,0.0025200947241387161,Taipei City,Taipei,25.0504,121.5324,10,Mobile Business Group,17421
2023-12-03 10:14:01.663547 UTC,2023,18:14:01,ndt-wx99j_1699966477_000000000014377C,Download,48.796809633100715,18.916,0.0,Taipei City,Taipei,25.0504,121.5324,10,Taiwan Star Telecom Corporation Limited.(Former Vibo Telecom Inc.),24157
2023-12-03 10:13:09.387733 UTC,2023,18:13:09,ndt-wx99j_1699966477_000000000013E9BD,Download,46.798195964750043,19.498,0.0,Taipei City,Taipei,25.0504,121.5324,10,Taiwan Star Telecom Corporation Limited.(Former Vibo Telecom Inc.),24157
2023-12-03 10:09:43.240052 UTC,2023,18:09:43,ndt-9qlwd_1700276794_00000000001220C9,Download,13.788058185291741,304.792,0.00087522753907416726,Taipei City,Taipei,25.0504,121.5324,10,Mobile Business Group,17421
2023-12-03 10:06:47.243602 UTC,2023,18:06:47,ndt-virtual-xvxkc_1700353924_000000000005589D,Download,28.156344242449453,22.822,0.0086459840599489839,Taipei City,Taipei,25.0504,121.5324,20,"Taiwan Mobile Co., Ltd.",24158
2023-12-03 10:06:09.715960 UTC,2023,18:06:09,ndt-9qlwd_1700276794_00000000001220C3,Download,9.2422511150118662,250.307,0.15874735808285592,Taipei City,Taipei,25.0504,121.5324,20,"Taiwan Mobile Co., Ltd.",24158
2023-12-03 09:43:11.305734 UTC,2023,17:43:11,ndt-virtual-xvxkc_1700353924_000000000005582E,Download,17.574329778663408,26.554,0.097415078348415174,Taipei City,Taipei,25.0504,121.5324,100,"Far EastTone Telecommunication Co., Ltd.",9674
2023-12-03 09:42:41.976637 UTC,2023,17:42:41,ndt-whwc2_1699924444_00000000001465E2,Download,42.578596318263465,26.036,0.0,Taipei City,Taipei,25.0504,121.5324,20,Mobile Business Group,17421
2023-12-03 09:42:34.244202 UTC,2023,17:42:34,ndt-virtual-xvxkc_1700353924_00000000000548AB,Download,2.07168255699629,31.83,0.00052959261107498126,Taipei City,Taipei,25.0504,121.5324,100,"Far EastTone Telecommunication Co., Ltd.",9674
2023-12-03 09:40:37.747839 UTC,2023,17:40:37,ndt-virtual-8f258_1700449809_0000000000050AD2,Download,61.839872793121849,26.74,4.4777486113942653e-05,Taipei City,Taipei,25.0504,121.5324,50,"Far EastTone Telecommunication Co., Ltd.",9674
2023-12-03 09:11:56.859476 UTC,2023,17:11:56,ndt-virtual-8f258_1700449809_000000000005291D,Download,138.91120317183342,13.276,2.3783530794362218e-05,Taipei City,Taipei,25.0504,121.5324,100,"Far EastTone Telecommunication Co., Ltd.",9674
2023-12-03 09:11:37.435180 UTC,2023,17:11:37,ndt-virtual-8f258_1700449809_00000000000519D6,Download,153.52464732241006,13.175,0.0,Taipei City,Taipei,25.0504,121.5324,100,"Far EastTone Telecommunication Co., Ltd.",9674
2023-12-03 09:11:07.769307 UTC,2023,17:11:07,ndt-virtual-xvxkc_1700353924_000000000005579D,Download,149.41509993884605,12.984,0.0060086682395907075,Taipei City,Taipei,25.0504,121.5324,100,"Far EastTone Telecommunication Co., Ltd.",9674
2023-12-03 09:05:34.555094 UTC,2023,17:05:34,ndt-virtual-8f258_1700449809_0000000000052902,Download,13.056175229283946,20.138,0.00091095308317166318,Taipei City,Taipei,25.0504,121.5324,10,Mobile Business Group,17421
2023-12-03 09:04:56.110029 UTC,2023,17:04:56,ndt-wx99j_1699966477_0000000000138C1B,Download,66.246817938477619,21.122,0.00030489176126239894,Taipei City,Taipei,25.0504,121.5324,20,"Taiwan Mobile Co., Ltd.",24158
2023-12-03 09:04:43.460560 UTC,2023,17:04:43,ndt-whwc2_1699924444_00000000001474A1,Download,0.624489537628831,29.77,0.0020017548039209989,Taipei City,Taipei,25.0504,121.5324,10,"Taiwan Mobile Co., Ltd.",24158
2023-12-03 08:55:59.084458 UTC,2023,16:55:59,ndt-virtual-xvxkc_1700353924_00000000000547E0,Download,4.9659342316227608,37.728,0.0,Taipei City,Taipei,25.0504,121.5324,20,Taiwan Star Telecom Corporation Limited.(Former Vibo Telecom Inc.),24157
2023-12-03 08:55:11.961125 UTC,2023,16:55:11,ndt-q57c2_1699936243_000000000016B071,Download,3.884414750763308,207.601,0.0,Taipei City,Taipei,25.0504,121.5324,20,Taiwan Star Telecom Corporation Limited.(Former Vibo Telecom Inc.),24157
2023-12-03 08:50:13.811469 UTC,2023,16:50:13,ndt-wx99j_1699966477_000000000014B460,Download,14.7302253893216,24.97,7.810393672976016e-05,Taipei City,Taipei,25.0504,121.5324,20,Taiwan Star Telecom Corporation Limited.(Former Vibo Telecom Inc.),24157
2023-12-03 08:41:57.054200 UTC,2023,16:41:57,ndt-virtual-xvxkc_1700353924_0000000000056487,Download,5.7377496263611132,18.907,0.0,Taipei City,Taipei,25.0504,121.5324,10,"Taiwan Mobile Co., Ltd.",24158
2023-12-03 08:39:49.655957 UTC,2023,16:39:49,ndt-virtual-8f258_1700449809_000000000005287F,Download,83.070203394657312,18.433,0.0,Taipei City,Taipei,25.0504,121.5324,100,Mobile Business Group,17421
2023-12-03 08:39:47.343051 UTC,2023,16:39:47,ndt-wx99j_1699966477_0000000000141867,Download,63.653162481277349,22.427,0.014190017232508753,Taipei City,Taipei,25.0504,121.5324,10,Mobile Business Group,17421
2023-12-03 08:39:31.556359 UTC,2023,16:39:31,ndt-wx99j_1699966477_000000000013F956,Download,53.210152316530227,22.392,0.0,Taipei City,Taipei,25.0504,121.5324,10,Mobile Business Group,17421
2023-12-03 08:31:05.325491 UTC,2023,16:31:05,ndt-virtual-7s9f5_1700367851_000000000006DA46,Download,77.865912437538725,27.782,0.0,Taipei City,Taipei,25.0504,121.5324,10,Taiwan Star Telecom Corporation Limited.(Former Vibo Telecom Inc.),24157
2023-12-03 08:30:40.739120 UTC,2023,16:30:40,ndt-wx99j_1699966477_0000000000134D83,Download,68.396138530425972,16.886,1.6058186128646009e-05,Taipei City,Taipei,25.0504,121.5324,10,Taiwan Star Telecom Corporation Limited.(Former Vibo Telecom Inc.),24157
2023-12-03 08:27:40.980703 UTC,2023,16:27:40,ndt-whwc2_1699924444_000000000013CA90,Download,39.808173176193392,21.517,0.0,Taipei City,Taipei,25.0504,121.5324,10,"Taiwan Mobile Co., Ltd.",24158
2023-12-03 08:21:36.735395 UTC,2023,16:21:36,ndt-kwth4_1700174223_000000000011C528,Download,63.271796435898217,65.24,0.0,Taipei City,Taipei,25.0504,121.5324,10,Mobile Business Group,17421
2023-12-03 08:21:35.493424 UTC,2023,16:21:35,ndt-kwth4_1700174223_00000000001203E3,Download,8.0249024381292582,48.344,0.0,Taipei City,Taipei,25.0504,121.5324,10,Mobile Business Group,17421
2023-12-03 08:21:33.278644 UTC,2023,16:21:33,ndt-kwth4_1700174223_000000000012A27C,Download,47.828246296758806,26.791,0.0,Taipei City,Taipei,25.0504,121.5324,10,Mobile Business Group,17421
2023-12-03 08:14:02.934142 UTC,2023,16:14:02,ndt-virtual-xvxkc_1700353924_00000000000546E8,Download,21.442065484179142,19.285,0.0,Taipei City,Taipei,25.0504,121.5324,10,Mobile Business Group,17421
2023-12-03 08:13:54.090296 UTC,2023,16:13:54,ndt-virtual-xvxkc_1700353924_00000000000546E7,Download,47.88581183973232,17.375,0.0,Taipei City,Taipei,25.0504,121.5324,10,Mobile Business Group,17421
2023-12-03 08:12:54.318134 UTC,2023,16:12:54,ndt-wx99j_1699966477_000000000013E90F,Download,118.75439340130136,18.933,0.0,Taipei City,Taipei,25.0504,121.5324,10,Mobile Business Group,17421
2023-12-03 07:58:01.710214 UTC,2023,15:58:01,ndt-9qlwd_1700276794_000000000011C24D,Download,4.1052696646769808,69.797,0.02461851475076297,Taipei City,Taipei,25.0504,121.5324,100,"Far EastTone Telecommunication Co., Ltd.",9674
2023-12-03 07:38:44.895171 UTC,2023,15:38:44,ndt-wx99j_1699966477_000000000015209D,Download,18.763614912412674,18.758,0.00011299435028248587,Taipei City,Taipei,25.0504,121.5324,10,Taiwan Star Telecom Corporation Limited.(Former Vibo Telecom Inc.),24157
2023-12-03 07:36:41.945218 UTC,2023,15:36:41,ndt-whwc2_1699924444_000000000015202A,Download,4.6890417465369545,24.531,0.0,Taipei City,Taipei,25.0504,121.5324,10,Mobile Business Group,17421
2023-12-03 07:21:38.518353 UTC,2023,15:21:38,ndt-kwth4_1700174223_000000000012C170,Download,90.944928542558586,21.732,0.0,Taipei City,Taipei,25.0504,121.5324,20,Taiwan Star Telecom Corporation Limited.(Former Vibo Telecom Inc.),24157
2023-12-03 07:18:32.392836 UTC,2023,15:18:32,ndt-r8fv4_1699961838_00000000001CDCF3,Download,5.2375584592508906,170.905,0.0,Taipei City,Taipei,25.0504,121.5324,10,Mobile Business Group,17421
2023-12-03 07:14:19.811610 UTC,2023,15:14:19,ndt-wx99j_1699966477_000000000013E8C5,Download,3.7540477381732478,23.005,0.0002824858757062147,Taipei City,Taipei,25.0504,121.5324,10,Taiwan Star Telecom Corporation Limited.(Former Vibo Telecom Inc.),24157
2023-12-03 07:05:38.523753 UTC,2023,15:05:38,ndt-kwth4_1700174223_0000000000115B8E,Download,4.3340004133393393,28.971,0.0012363022324390098,Taipei City,Taipei,25.0504,121.5324,10,Taiwan Star Telecom Corporation Limited.(Former Vibo Telecom Inc.),24157
2023-12-03 07:01:32.926032 UTC,2023,15:01:32,ndt-nj7sz_1699970082_000000000014F94E,Download,21.262617656442004,305.27,0.04902442411785566,Taipei City,Taipei,25.0504,121.5324,10,Mobile Business Group,17421
2023-12-03 06:38:17.993962 UTC,2023,14:38:17,ndt-wx99j_1699966477_000000000014B38B,Download,52.209542938402976,18.299,0.0,Taipei City,Taipei,25.0504,121.5324,10,Mobile Business Group,17421
2023-12-03 06:27:17.725561 UTC,2023,14:27:17,ndt-virtual-8f258_1700449809_00000000000525D2,Download,26.987119258578126,16.781,0.083791051723054719,Taipei City,Taipei,25.0504,121.5324,10,Mobile Business Group,17421
2023-12-03 06:26:34.579964 UTC,2023,14:26:34,ndt-virtual-xvxkc_1700353924_00000000000561C7,Download,193.18591335670479,14.097,0.0,Taipei City,Taipei,25.0504,121.5324,10,"Taiwan Mobile Co., Ltd.",24158
2023-12-03 06:20:36.028739 UTC,2023,14:20:36,ndt-virtual-8f258_1700449809_0000000000053579,Download,32.2786357524643,19.799,0.00039409448510642058,Taipei City,Taipei,25.0504,121.5324,10,Mobile Business Group,17421
2023-12-03 06:17:57.678171 UTC,2023,14:17:57,ndt-virtual-8f258_1700449809_0000000000052594,Download,23.218184504344119,19.914,0.00019273146868877339,Taipei City,Taipei,25.0504,121.5324,50,"Far EastTone Telecommunication Co., Ltd.",9674
2023-12-03 06:12:57.645737 UTC,2023,14:12:57,ndt-virtual-xvxkc_1700353924_0000000000054497,Download,17.362920564637697,24.304,0.00038206291047883942,Taipei City,Taipei,25.0504,121.5324,100,"Far EastTone Telecommunication Co., Ltd.",9674
2023-12-03 06:00:24.077035 UTC,2023,14:00:24,ndt-virtual-8f258_1700449809_0000000000052531,Download,119.70384205660744,23.853,9.6607806853035317e-06,Taipei City,Taipei,25.0504,121.5324,50,"Far EastTone Telecommunication Co., Ltd.",9674
2023-12-03 05:52:22.706062 UTC,2023,13:52:22,ndt-wx99j_1699966477_000000000013F861,Download,11.217627273930846,29.164,0.0,Taipei City,Taipei,25.0504,121.5324,10,Mobile Business Group,17421
2023-12-03 05:51:07.931705 UTC,2023,13:51:07,ndt-wx99j_1699966477_000000000014941D,Download,4.2206537631291763,29.078,0.0,Taipei City,Taipei,25.0504,121.5324,10,Mobile Business Group,17421
2023-12-03 05:50:34.503052 UTC,2023,13:50:34,ndt-whwc2_1699924444_0000000000137D7A,Download,6.8963893629218367,33.762,0.0,Taipei City,Taipei,25.0504,121.5324,10,Mobile Business Group,17421
2023-12-03 05:49:06.343564 UTC,2023,13:49:06,ndt-whwc2_1699924444_000000000013D909,Download,12.473484995371908,35.897,0.0004786031647049653,Taipei City,Taipei,25.0504,121.5324,10,"Taiwan Mobile Co., Ltd.",24158
2023-12-03 05:49:00.879494 UTC,2023,13:49:00,ndt-virtual-8f258_1700449809_00000000000524FE,Download,5.2634746396651613,89.013,0.00026081589435770754,Taipei City,Taipei,25.0504,121.5324,10,Mobile Business Group,17421
2023-12-03 05:48:22.715298 UTC,2023,13:48:22,ndt-wx99j_1699966477_0000000000135E04,Download,9.1358959811650049,22.276,0.00069477836154853531,Taipei City,Taipei,25.0504,121.5324,10,Mobile Business Group,17421
2023-12-03 05:47:58.240912 UTC,2023,13:47:58,ndt-virtual-8f258_1700449809_0000000000050618,Download,8.0440177296122126,86.204,0.0027657457844857203,Taipei City,Taipei,25.0504,121.5324,10,Mobile Business Group,17421
2023-12-03 05:46:57.282970 UTC,2023,13:46:57,ndt-k2vbj_1699964581_000000000014CA44,Download,53.315461808334952,196.42,0.0,Taipei City,Taipei,25.0504,121.5324,10,Mobile Business Group,17421
2023-12-03 05:46:08.050743 UTC,2023,13:46:08,ndt-virtual-xvxkc_1700353924_000000000005711D,Download,34.714770825635689,24.15,0.0,Taipei City,Taipei,25.0504,121.5324,10,Mobile Business Group,17421
2023-12-03 05:45:00.072879 UTC,2023,13:45:00,ndt-s44r4_1700295648_0000000000114A4D,Download,21.14837897286646,39.946,0.12520081786184689,Taipei City,Taipei,25.0504,121.5324,50,"Far EastTone Telecommunication Co., Ltd.",9674
2023-12-03 05:43:29.539120 UTC,2023,13:43:29,ndt-virtual-8f258_1700449809_00000000000534C0,Download,34.434028756216534,120.543,0.0034261823247669714,Taipei City,Taipei,25.0504,121.5324,20,Mobile Business Group,17421
2023-12-03 05:43:17.308231 UTC,2023,13:43:17,ndt-q57c2_1699936243_0000000000152EA6,Download,16.122041042054271,376.943,0.33200327289052411,Taipei City,Taipei,25.0504,121.5324,50,"Far EastTone Telecommunication Co., Ltd.",9674
2023-12-03 05:41:11.541384 UTC,2023,13:41:11,ndt-virtual-8f258_1700449809_00000000000524E2,Download,16.129361657194249,21.085,0.00052661159679026691,Taipei City,Taipei,25.0504,121.5324,10,Mobile Business Group,17421
2023-12-03 05:36:00.634036 UTC,2023,13:36:00,ndt-whwc2_1699924444_0000000000145399,Download,460.71803062249631,17.381,0.0,Taipei City,Taipei,25.0504,121.5324,10,Mobile Business Group,17421
2023-12-03 05:33:08.538733 UTC,2023,13:33:08,ndt-virtual-8f258_1700449809_00000000000524BC,Download,21.152611969501997,22.169,0.0875276972526077,Taipei City,Taipei,25.0504,121.5324,50,"Far EastTone Telecommunication Co., Ltd.",9674
2023-12-03 05:32:05.078478 UTC,2023,13:32:05,ndt-kwth4_1700174223_0000000000122313,Download,23.24554065716568,52.651,0.00029240977330932325,Taipei City,Taipei,25.0504,121.5324,100,"Far EastTone Telecommunication Co., Ltd.",9674
2023-12-03 05:30:49.655256 UTC,2023,13:30:49,ndt-wx99j_1699966477_0000000000137BE7,Download,299.56895677900548,25.005,0.0,Taipei City,Taipei,25.0504,121.5324,10,"Taiwan Mobile Co., Ltd.",24158
2023-12-03 05:20:05.756900 UTC,2023,13:20:05,ndt-virtual-7s9f5_1700367851_000000000006C559,Download,0.51945760553849574,61.409,0.0965814653429765,Taipei City,Taipei City,25.0759,121.5516,100,"Far EastTone Telecommunication Co., Ltd.",9674
2023-12-03 05:19:32.694255 UTC,2023,13:19:32,ndt-k2vbj_1699964581_00000000001525D4,Download,5.5966656678642126,43.102,0.0065384858528479443,Taipei City,Taipei,25.0504,121.5324,10,"Taiwan Mobile Co., Ltd.",24158
2023-12-03 05:19:20.068856 UTC,2023,13:19:20,ndt-whwc2_1699924444_000000000014736A,Download,163.82507963228298,23.553,0.0,Taipei City,Taipei,25.0504,121.5324,10,Mobile Business Group,17421
2023-12-03 05:05:59.443369 UTC,2023,13:05:59,ndt-kwth4_1700174223_000000000011174F,Download,6.9385261151585969,31.657,0.0,Taipei City,Taipei,25.0504,121.5324,10,Taiwan Star Telecom Corporation Limited.(Former Vibo Telecom Inc.),24157
2023-12-03 05:05:18.212534 UTC,2023,13:05:18,ndt-kwth4_1700174223_0000000000120318,Download,6.6951192422557,25.127,3.4360241454502513e-05,Taipei City,Taipei,25.0504,121.5324,10,Taiwan Star Telecom Corporation Limited.(Former Vibo Telecom Inc.),24157
2023-12-03 05:01:35.755989 UTC,2023,13:01:35,ndt-nj7sz_1699970082_0000000000146E9B,Download,3.9167678696266508,376.729,0.09872567713857093,Taipei City,Taipei,25.0504,121.5324,10,Taiwan Star Telecom Corporation Limited.(Former Vibo Telecom Inc.),24157
2023-12-03 04:59:22.766751 UTC,2023,12:59:22,ndt-wx99j_1699966477_0000000000144584,Download,25.348708709229889,22.492,0.0,Taipei City,Taipei,25.0504,121.5324,10,Mobile Business Group,17421
2023-12-03 04:58:26.572342 UTC,2023,12:58:26,ndt-virtual-xvxkc_1700353924_0000000000055319,Download,1.22486520983187,18.324,0.020187315710901002,Taipei City,Taipei,25.0504,121.5324,10,Mobile Business Group,17421
2023-12-03 04:57:27.875068 UTC,2023,12:57:27,ndt-virtual-8f258_1700449809_0000000000052423,Download,19.902834124189727,20.232,0.0,Taipei City,Taipei,25.0504,121.5324,10,Mobile Business Group,17421
2023-12-03 04:56:55.149470 UTC,2023,12:56:55,ndt-virtual-xvxkc_1700353924_000000000005432C,Download,157.49935857099297,17.521,0.0001830853983358192,Taipei City,Taipei,25.0504,121.5324,10,Mobile Business Group,17421
2023-12-03 04:56:21.402087 UTC,2023,12:56:21,ndt-virtual-8f258_1700449809_00000000000514F7,Download,3.3945504477086232,19.591,0.0,Taipei City,Taipei,25.0504,121.5324,10,Mobile Business Group,17421
2023-12-03 04:52:19.164156 UTC,2023,12:52:19,ndt-kwth4_1700174223_000000000011F389,Download,27.365195101245778,24.819,0.0,Taipei City,Taipei,25.0504,121.5324,10,Mobile Business Group,17421
2023-12-03 04:51:19.908076 UTC,2023,12:51:19,ndt-whwc2_1699924444_000000000014C309,Download,62.883424258352832,17.001,0.0,Taipei City,Taipei,25.0504,121.5324,10,Mobile Business Group,17421
2023-12-03 04:50:08.787674 UTC,2023,12:50:08,ndt-wx99j_1699966477_000000000014C354,Download,13.504701366001894,24.929,0.0,Taipei City,Taipei,25.0504,121.5324,10,Mobile Business Group,17421
2023-12-03 04:49:22.773111 UTC,2023,12:49:22,ndt-virtual-xvxkc_1700353924_00000000000552EB,Download,8.0433742127079579,21.0,0.073493609697505152,Taipei City,Taipei,25.0504,121.5324,10,Mobile Business Group,17421
2023-12-03 04:49:15.153482 UTC,2023,12:49:15,ndt-zwzd6_1700291306_0000000000119138,Download,0.86712152220293348,301.509,0.0,Taipei City,Taipei,25.0504,121.5324,10,Mobile Business Group,17421
2023-12-03 04:48:35.794026 UTC,2023,12:48:35,ndt-virtual-8f258_1700449809_0000000000050510,Download,0.010180453571072921,21.883,0.27832680184017722,Taipei City,Taipei,25.0504,121.5324,10,Mobile Business Group,17421
2023-12-03 04:48:05.613946 UTC,2023,12:48:05,ndt-q57c2_1699936243_000000000015A921,Download,18.592276432266559,219.488,9.8202132750342178e-05,Taipei City,Taipei,25.0504,121.5324,10,Mobile Business Group,17421
2023-12-03 04:47:56.735456 UTC,2023,12:47:56,ndt-virtual-xvxkc_1700353924_00000000000552E3,Download,25.620122117255086,19.997,0.0,Taipei City,Taipei,25.0504,121.5324,10,Mobile Business Group,17421
2023-12-03 04:47:31.605261 UTC,2023,12:47:31,ndt-wx99j_1699966477_0000000000136D46,Download,16.781744548663973,26.676,0.0012748855613313678,Taipei City,Taipei,25.0504,121.5324,10,Mobile Business Group,17421
2023-12-03 04:43:48.168121 UTC,2023,12:43:48,ndt-virtual-xvxkc_1700353924_00000000000552CA,Download,36.497064406268493,23.537,0.00053687611136980849,Taipei City,Taipei,25.0504,121.5324,20,Taiwan Star Telecom Corporation Limited.(Former Vibo Telecom Inc.),24157
2023-12-03 04:42:53.897782 UTC,2023,12:42:53,ndt-whwc2_1699924444_0000000000151013,Download,25.044775462712046,18.546,0.0,Taipei City,Taipei,25.0504,121.5324,20,Taiwan Star Telecom Corporation Limited.(Former Vibo Telecom Inc.),24157
2023-12-03 04:34:17.101157 UTC,2023,12:34:17,ndt-s44r4_1700295648_000000000011A427,Download,128.0299553221308,34.953,0.0012351887628011204,Taipei City,Taipei,25.0504,121.5324,10,"Taiwan Mobile Co., Ltd.",24158
2023-12-03 04:14:24.696381 UTC,2023,12:14:24,ndt-virtual-7s9f5_1700367851_000000000006E217,Download,17.63397715008217,37.649,0.0,Taipei City,Taipei,25.0504,121.5324,20,Mobile Business Group,17421
2023-12-03 04:05:51.978864 UTC,2023,12:05:51,ndt-wx99j_1699966477_0000000000133EE0,Download,150.13800080255,49.584,6.7195148949429826e-05,Taipei City,Taipei,25.0504,121.5324,100,"Far EastTone Telecommunication Co., Ltd.",9674
2023-12-03 04:04:20.756527 UTC,2023,12:04:20,ndt-virtual-xvxkc_1700353924_0000000000053F26,Download,10.469632257071824,23.972,0.0077499570610487156,Taipei City,Taipei,25.0504,121.5324,20,Mobile Business Group,17421
2023-12-03 04:01:46.775901 UTC,2023,12:01:46,ndt-virtual-8f258_1700449809_0000000000052348,Download,32.425770278992864,18.421,0.0,Taipei City,Taipei,25.0504,121.5324,20,Mobile Business Group,17421
2023-12-03 04:01:41.829998 UTC,2023,12:01:41,ndt-whwc2_1699924444_000000000013C91D,Download,47.975963790707482,21.76,2.381337835596038e-05,Taipei City,Taipei,25.0504,121.5324,20,Mobile Business Group,17421
2023-12-03 04:01:21.993689 UTC,2023,12:01:21,ndt-virtual-7s9f5_1700367851_000000000006C319,Download,46.721753979419404,31.872,0.0,Taipei City,Taipei,25.0504,121.5324,20,Mobile Business Group,17421
2023-12-03 04:01:09.840173 UTC,2023,12:01:09,ndt-virtual-8f258_1700449809_00000000000513F6,Download,45.925869693511196,21.859,0.0,Taipei City,Taipei,25.0504,121.5324,20,Mobile Business Group,17421
2023-12-03 04:01:07.969918 UTC,2023,12:01:07,ndt-virtual-8f258_1700449809_0000000000052344,Download,30.438845420954568,19.705,0.0,Taipei City,Taipei,25.0504,121.5324,20,Mobile Business Group,17421
2023-12-03 04:00:11.151484 UTC,2023,12:00:11,ndt-whwc2_1699924444_0000000000139B43,Download,15.786801500265026,25.142,7.2906481202381039e-05,Taipei City,Taipei,25.0504,121.5324,20,Mobile Business Group,17421
2023-12-03 04:00:06.401630 UTC,2023,12:00:06,ndt-wx99j_1699966477_000000000013C902,Download,20.593592600395155,24.0,0.0,Taipei City,Taipei,25.0504,121.5324,20,Mobile Business Group,17421
2023-11-27 03:58:53.098840 UTC,2023,11:58:53,ndt-virtual-xvxkc_1700353924_000000000003115E,Download,0.1617338177359634,56.601,0.00202754245794355,Taipei City,Taipei,25.0504,121.5324,50,"Far EastTone Telecommunication Co., Ltd.",9674
2023-11-27 03:45:49.259221 UTC,2023,11:45:49,ndt-whwc2_1699924444_00000000000BACD0,Download,2.9529740576922081,119.496,0.0,Taipei City,Taipei,25.0504,121.5324,5,Mobile Business Group,17421
2023-11-27 03:25:58.151970 UTC,2023,11:25:58,ndt-kwth4_1700174223_0000000000093F54,Download,5.1339688384342734,92.047,0.012737106129487381,Taipei City,Taipei,25.0504,121.5324,10,Mobile Business Group,17421
2023-11-27 03:24:43.372559 UTC,2023,11:24:43,ndt-kwth4_1700174223_0000000000096E2C,Download,105.24188590395033,54.127,0.0,Taipei City,Taipei,25.0504,121.5324,100,"Far EastTone Telecommunication Co., Ltd.",9674
2023-11-27 03:24:15.703230 UTC,2023,11:24:15,ndt-whwc2_1699924444_00000000000DB9D5,Download,13.856598791426915,21.974,0.15380364227715843,Taipei City,Taipei,25.0504,121.5324,50,"Far EastTone Telecommunication Co., Ltd.",9674
2023-11-27 03:22:06.062994 UTC,2023,11:22:06,ndt-virtual-xvxkc_1700353924_000000000003016E,Download,25.467987840584783,17.069,0.00013221011883670335,Taipei City,Taipei,25.0504,121.5324,100,"Far EastTone Telecommunication Co., Ltd.",9674
2023-11-27 03:21:42.900339 UTC,2023,11:21:42,ndt-wx99j_1699966477_00000000000C6000,Download,6.4457728910278647,42.731,0.0,Taipei City,Taipei,25.0504,121.5324,10,Taiwan Star Telecom Corporation Limited.(Former Vibo Telecom Inc.),24157
2023-11-27 03:20:10.710712 UTC,2023,11:20:10,ndt-kwth4_1700174223_000000000009FCC7,Download,6.5608574689761294,53.315,0.00017514479314103502,Taipei City,Taipei,25.0504,121.5324,100,"Far EastTone Telecommunication Co., Ltd.",9674
2023-11-27 03:19:39.410581 UTC,2023,11:19:39,ndt-wx99j_1699966477_00000000000CCDBE,Download,27.525264169221895,49.524,0.00036363303010209224,Taipei City,Taipei,25.0504,121.5324,100,"Far EastTone Telecommunication Co., Ltd.",9674
2023-11-27 03:19:29.269926 UTC,2023,11:19:29,ndt-wx99j_1699966477_00000000000CBD3E,Download,23.715620440466658,60.279,0.0047289873188880224,Taipei City,Taipei,25.0504,121.5324,100,"Far EastTone Telecommunication Co., Ltd.",9674
2023-11-27 03:19:10.928492 UTC,2023,11:19:10,ndt-virtual-xvxkc_1700353924_000000000002EF98,Download,34.502908278747171,23.55,0.00015845216256150753,Taipei City,Taipei,25.0504,121.5324,100,"Far EastTone Telecommunication Co., Ltd.",9674
2023-11-27 03:15:29.938008 UTC,2023,11:15:29,ndt-virtual-xvxkc_1700353924_000000000002FF17,Download,26.266948943608764,19.763,0.0,Taipei City,Taipei,25.0504,121.5324,10,"Taiwan Mobile Co., Ltd.",24158
2023-11-27 03:12:42.481983 UTC,2023,11:12:42,ndt-whwc2_1699924444_00000000000D8BD6,Download,28.96749483366429,18.815,0.0,Taipei City,Taipei,25.0504,121.5324,20,Taiwan Star Telecom Corporation Limited.(Former Vibo Telecom Inc.),24157
2023-11-27 03:11:13.424753 UTC,2023,11:11:13,ndt-whwc2_1699924444_00000000000D7AF6,Download,49.210938298424246,59.076,2.2054334004726159e-05,Taipei City,Taipei,25.0504,121.5324,100,"Far EastTone Telecommunication Co., Ltd.",9674
2023-11-27 03:10:54.948052 UTC,2023,11:10:54,ndt-virtual-xvxkc_1700353924_0000000000031093,Download,2.4065180355985616,19.292,0.1380603335259217,Taipei City,Taipei,25.0504,121.5324,20,Mobile Business Group,17421
2023-11-27 03:09:36.117983 UTC,2023,11:09:36,ndt-virtual-xvxkc_1700353924_000000000003108F,Download,0.64728573741067741,28.844,0.0,Taipei City,Taipei,25.0504,121.5324,10,"Taiwan Mobile Co., Ltd.",24158
2023-11-27 03:09:22.256561 UTC,2023,11:09:22,ndt-virtual-8f258_1700449809_000000000002A918,Download,1.469076058464746,20.047,0.11465257706458205,Taipei City,Taipei,25.0504,121.5324,20,Mobile Business Group,17421
2023-11-27 03:03:50.714085 UTC,2023,11:03:50,ndt-virtual-xvxkc_1700353924_000000000003011C,Download,2.560060164065824,19.002,0.057442459698749018,Taipei City,Taipei,25.0504,121.5324,20,Mobile Business Group,17421
2023-11-27 03:02:56.469827 UTC,2023,11:02:56,ndt-whwc2_1699924444_00000000000D3C6B,Download,0.71486626400849718,25.767,0.053600223409334548,Taipei City,Taipei,25.0504,121.5324,20,Mobile Business Group,17421
2023-11-27 02:56:21.901949 UTC,2023,10:56:21,ndt-virtual-xvxkc_1700353924_000000000002EF2B,Download,4.8418643323586288,17.062,0.0,Taipei City,Taipei,25.0504,121.5324,10,"Taiwan Mobile Co., Ltd.",24158
2023-11-27 02:43:07.965405 UTC,2023,10:43:07,ndt-whwc2_1699924444_00000000000C9B55,Download,104.22137807531907,61.704,0.0,Taipei City,Taipei,25.0504,121.5324,50,"Far EastTone Telecommunication Co., Ltd.",9674
2023-11-27 02:42:27.607766 UTC,2023,10:42:27,ndt-virtual-8f258_1700449809_00000000000298D1,Download,91.637271957036432,29.981,0.0,Taipei City,Taipei,25.0504,121.5324,50,"Far EastTone Telecommunication Co., Ltd.",9674
2023-11-27 02:41:46.745485 UTC,2023,10:41:46,ndt-virtual-xvxkc_1700353924_0000000000031009,Download,140.77022085733506,16.921,0.0021267119769072056,Taipei City,Taipei,25.0504,121.5324,10,"Taiwan Mobile Co., Ltd.",24158
2023-11-27 02:32:22.369890 UTC,2023,10:32:22,ndt-virtual-xvxkc_1700353924_000000000002FE44,Download,24.666752792662066,113.652,0.0037125421344614091,Taipei City,Taipei,25.0504,121.5324,10,Mobile Business Group,17421
2023-11-27 02:26:49.178527 UTC,2023,10:26:49,ndt-wx99j_1699966477_00000000000C5FB9,Download,32.512975602309091,60.541,0.00013512487872591164,Taipei City,Taipei,25.0504,121.5324,50,"Far EastTone Telecommunication Co., Ltd.",9674
2023-11-27 02:21:17.378467 UTC,2023,10:21:17,ndt-kwth4_1700174223_000000000009BD3E,Download,13.859432347953478,21.668,0.10505481739963704,Taipei City,Taipei,25.0504,121.5324,50,"Far EastTone Telecommunication Co., Ltd.",9674
2023-11-27 02:21:04.621109 UTC,2023,10:21:04,ndt-virtual-xvxkc_1700353924_000000000002EE9C,Download,3.0119451160893758,121.8,0.0014240399953550627,Taipei City,Taipei,25.0504,121.5324,10,Mobile Business Group,17421
2023-11-27 02:19:56.179086 UTC,2023,10:19:56,ndt-virtual-xvxkc_1700353924_000000000002DFA9,Download,11.761785016469045,121.046,0.00072357411452423639,Taipei City,Taipei,25.0504,121.5324,10,Mobile Business Group,17421
2023-11-27 02:14:41.199429 UTC,2023,10:14:41,ndt-kwth4_1700174223_00000000000A0CA9,Download,76.714525031678875,51.429,0.0,Taipei City,Taipei,25.0504,121.5324,50,"Far EastTone Telecommunication Co., Ltd.",9674
2023-11-27 01:54:44.612455 UTC,2023,09:54:44,ndt-wx99j_1699966477_00000000000D760E,Download,48.098440532261577,53.979,2.31609522693646e-05,Taipei City,Taipei City,25.0759,121.5516,100,"Far EastTone Telecommunication Co., Ltd.",9674
2023-11-27 01:53:34.191097 UTC,2023,09:53:34,ndt-kwth4_1700174223_0000000000092F15,Download,8.9705139288943343,99.041,0.0,Taipei City,Taipei,25.0504,121.5324,5,Mobile Business Group,17421
2023-11-27 01:51:49.941015 UTC,2023,09:51:49,ndt-kwth4_1700174223_000000000009FC7C,Download,78.547318986880285,29.04,0.0,Taipei City,Taipei,25.0504,121.5324,10,Mobile Business Group,17421
2023-11-27 01:49:11.498784 UTC,2023,09:49:11,ndt-virtual-8f258_1700449809_0000000000029802,Download,28.063766952750004,23.664,0.00024456671623912589,Taipei City,Taipei,25.0504,121.5324,100,"Far EastTone Telecommunication Co., Ltd.",9674
2023-11-27 01:48:43.583986 UTC,2023,09:48:43,ndt-virtual-xvxkc_1700353924_000000000002CFC7,Download,10.167559660594309,98.631,0.0,Taipei City,Taipei,25.0504,121.5324,5,Mobile Business Group,17421
2023-11-27 01:48:09.527709 UTC,2023,09:48:09,ndt-kwth4_1700174223_000000000009FC74,Download,4.7813186813186812,21.636,0.0,Taipei City,Taipei,25.0504,121.5324,10,Mobile Business Group,17421
2023-11-27 01:47:45.130500 UTC,2023,09:47:45,ndt-kwth4_1700174223_000000000009AD1A,Download,4.6782844373424144,100.457,0.0,Taipei City,Taipei,25.0504,121.5324,5,Mobile Business Group,17421
2023-11-27 01:45:19.132282 UTC,2023,09:45:19,ndt-virtual-xvxkc_1700353924_000000000002DF31,Download,145.60623718834557,21.267,0.0,Taipei City,Taipei,25.0504,121.5324,100,"Far EastTone Telecommunication Co., Ltd.",9674
2023-11-27 01:41:45.424975 UTC,2023,09:41:45,ndt-virtual-xvxkc_1700353924_000000000002DF24,Download,35.572964020083312,18.863,9.6951630263549183e-05,Taipei City,Taipei,25.0504,121.5324,100,"Far EastTone Telecommunication Co., Ltd.",9674
2023-11-27 01:40:57.491537 UTC,2023,09:40:57,ndt-whwc2_1699924444_00000000000B1EDD,Download,6.1895153832402263,19.0,0.14793313425049115,Taipei City,Taipei,25.0504,121.5324,20,Mobile Business Group,17421
2023-11-27 01:40:48.490118 UTC,2023,09:40:48,ndt-wx99j_1699966477_00000000000E111F,Download,4.966003185907609,42.919,0.0011768218346478241,Taipei City,Taipei,25.0504,121.5324,100,"Far EastTone Telecommunication Co., Ltd.",9674
2023-11-27 01:38:40.767479 UTC,2023,09:38:40,ndt-virtual-8f258_1700449809_000000000002B6E5,Download,9.1704935587016472,26.502,0.00509435529728358,Taipei City,Taipei,25.0504,121.5324,100,"Far EastTone Telecommunication Co., Ltd.",9674
2023-11-27 01:37:53.174220 UTC,2023,09:37:53,ndt-virtual-xvxkc_1700353924_000000000002FD78,Download,464.28225446767851,11.927,0.0095780096947286168,Taipei City,Taipei,25.0504,121.5324,10,Mobile Business Group,17421
2023-11-27 01:33:05.356895 UTC,2023,09:33:05,ndt-virtual-xvxkc_1700353924_000000000002CF95,Download,51.610580485472894,29.065,0.0,Taipei City,Taipei City,25.0759,121.5516,100,"Far EastTone Telecommunication Co., Ltd.",9674
2023-11-27 01:28:00.627028 UTC,2023,09:28:00,ndt-virtual-8f258_1700449809_000000000002A778,Download,73.613032423661764,19.796,0.00020514847071591093,Taipei City,Taipei,25.0504,121.5324,100,"Far EastTone Telecommunication Co., Ltd.",9674
2023-11-27 01:25:29.778235 UTC,2023,09:25:29,ndt-wx99j_1699966477_00000000000D856D,Download,12.90267039295056,58.987,0.00039506533517475834,Taipei City,Taipei,25.0504,121.5324,100,"Far EastTone Telecommunication Co., Ltd.",9674
2023-11-27 01:15:47.296832 UTC,2023,09:15:47,ndt-virtual-8f258_1700449809_0000000000028849,Download,39.481045721183627,23.993,0.00015175839343250917,Taipei City,Taipei,25.0504,121.5324,10,Mobile Business Group,17421
2023-11-27 01:15:45.095655 UTC,2023,09:15:45,ndt-virtual-8f258_1700449809_000000000002B696,Download,209.39148151536989,20.385,0.0,Taipei City,Taipei,25.0504,121.5324,100,"Far EastTone Telecommunication Co., Ltd.",9674
2023-11-27 01:06:41.858841 UTC,2023,09:06:41,ndt-virtual-xvxkc_1700353924_000000000002CF38,Download,78.992111831053521,24.877,0.002679647286394402,Taipei City,Taipei,25.0504,121.5324,100,"Far EastTone Telecommunication Co., Ltd.",9674
2023-11-27 01:03:29.652176 UTC,2023,09:03:29,ndt-zwzd6_1700291306_000000000009F7B4,Download,0.23226197386320857,571.968,0.035904149805601838,Taipei City,Taipei,25.0504,121.5324,10,Mobile Business Group,17421
2023-11-27 01:02:15.954805 UTC,2023,09:02:15,ndt-virtual-xvxkc_1700353924_000000000002CF26,Download,13.818483901234805,19.247,0.12844378945570326,Taipei City,Taipei,25.0504,121.5324,50,"Far EastTone Telecommunication Co., Ltd.",9674
2023-11-27 01:01:20.284927 UTC,2023,09:01:20,ndt-kwth4_1700174223_00000000000B211C,Download,7.9289380366809139,17.964,0.00026547268706921391,Taipei City,Taipei,25.0504,121.5324,10,Taiwan Star Telecom Corporation Limited.(Former Vibo Telecom Inc.),24157
2023-11-27 01:00:44.740037 UTC,2023,09:00:44,ndt-virtual-8f258_1700449809_000000000002B660,Download,330.51031798478721,14.289,0.0,Taipei City,Taipei,25.0504,121.5324,100,"Far EastTone Telecommunication Co., Ltd.",9674
2023-11-27 00:57:54.555027 UTC,2023,08:57:54,ndt-virtual-8f258_1700449809_0000000000028810,Download,73.828129895545629,15.255,0.005208541158767256,Taipei City,Taipei,25.0504,121.5324,10,"Taiwan Mobile Co., Ltd.",24158
2023-11-27 00:51:25.461910 UTC,2023,08:51:25,ndt-virtual-xvxkc_1700353924_000000000002FCBB,Download,8.02290922293406,22.361,0.0,Taipei City,Taipei,25.0504,121.5324,10,Mobile Business Group,17421
2023-11-27 00:48:52.250256 UTC,2023,08:48:52,ndt-wx99j_1699966477_00000000000CDBC2,Download,14.346590964635348,18.542,0.00776483638380477,Taipei City,Taipei,25.0504,121.5324,10,Taiwan Star Telecom Corporation Limited.(Former Vibo Telecom Inc.),24157
2023-11-27 00:46:39.056329 UTC,2023,08:46:39,ndt-virtual-xvxkc_1700353924_000000000002FCA6,Download,112.86377183518053,19.824,0.0,Taipei City,Taipei,25.0504,121.5324,10,Mobile Business Group,17421
2023-11-27 00:24:37.529471 UTC,2023,08:24:37,ndt-virtual-xvxkc_1700353924_000000000002DE19,Download,67.172966562565023,14.865,0.0,Taipei City,Taipei,25.0504,121.5324,20,Mobile Business Group,17421
2023-11-26 23:29:04.714429 UTC,2023,07:29:04,ndt-virtual-xvxkc_1700353924_000000000002DD5F,Download,63.846459528251756,27.014,0.0,Taipei City,Taipei,25.0504,121.5324,100,"Far EastTone Telecommunication Co., Ltd.",9674
2023-11-26 23:26:01.201198 UTC,2023,07:26:01,ndt-wx99j_1699966477_00000000000DF291,Download,201.998931215818,22.606,0.032885965565303,Taipei City,Taipei,25.0504,121.5324,20,Mobile Business Group,17421
2023-11-26 22:38:41.299028 UTC,2023,06:38:41,ndt-wx99j_1699966477_00000000000DF25C,Download,5.9097124071733846,29.98,0.0,Taipei City,Taipei,25.0504,121.5324,10,Taiwan Star Telecom Corporation Limited.(Former Vibo Telecom Inc.),24157
2023-11-26 22:33:40.548509 UTC,2023,06:33:40,ndt-virtual-8f258_1700449809_000000000002B46A,Download,51.223787966541138,23.056,0.017977223362562841,Taipei City,Taipei,25.0504,121.5324,20,"Taiwan Mobile Co., Ltd.",24158
2023-11-26 22:18:28.414599 UTC,2023,06:18:28,ndt-virtual-7s9f5_1700367851_00000000000386AB,Download,43.905660192456345,34.622,0.0029499810055179862,Taipei City,Taipei,25.0504,121.5324,20,Mobile Business Group,17421
2023-11-26 21:16:07.107683 UTC,2023,05:16:07,ndt-virtual-8f258_1700449809_000000000002851B,Download,9.4119768593284512,104.782,0.034492610258130794,Taipei City,Taipei,25.0504,121.5324,10,"Taiwan Mobile Co., Ltd.",24158
2023-11-26 20:59:32.020953 UTC,2023,04:59:32,ndt-virtual-xvxkc_1700353924_000000000002DB69,Download,32.353404772197948,20.731,0.0,Taipei City,Taipei,25.0504,121.5324,20,"Taiwan Mobile Co., Ltd.",24158
2023-11-26 20:59:05.894772 UTC,2023,04:59:05,ndt-wx99j_1699966477_00000000000E01A7,Download,30.38177718882352,31.036,0.0,Taipei City,Taipei,25.0504,121.5324,20,"Taiwan Mobile Co., Ltd.",24158
2023-11-26 20:38:52.038633 UTC,2023,04:38:52,ndt-whwc2_1699924444_00000000000D68C2,Download,35.361429803131962,17.511,0.00030034539720678779,Taipei City,Taipei,25.0504,121.5324,10,Taiwan Star Telecom Corporation Limited.(Former Vibo Telecom Inc.),24157
2023-11-26 18:48:17.069174 UTC,2023,02:48:17,ndt-virtual-xvxkc_1700353924_000000000002D9A6,Download,25.000589389826853,21.091,0.0,Taipei City,Taipei,25.0504,121.5324,10,Mobile Business Group,17421
2023-11-26 16:48:53.088409 UTC,2023,00:48:53,ndt-virtual-8f258_1700449809_0000000000027F3E,Download,21.407671309656628,28.038,0.00081350024715924293,Taipei City,Taipei,25.0504,121.5324,100,"Far EastTone Telecommunication Co., Ltd.",9674
2023-11-26 16:13:04.934317 UTC,2023,00:13:04,ndt-whwc2_1699924444_00000000000C0A6D,Download,82.17509446720436,28.122,0.0,Taipei City,Taipei,25.0504,121.5324,20,Mobile Business Group,17421
2023-11-26 16:11:42.714231 UTC,2023,00:11:42,ndt-virtual-8f258_1700449809_0000000000027E8F,Download,5.823971902511162,17.45,0.0968208694732926,Taipei City,Taipei,25.0504,121.5324,20,Mobile Business Group,17421
2023-11-26 16:11:17.612058 UTC,2023,00:11:17,ndt-virtual-xvxkc_1700353924_000000000002F581,Download,75.223718295544984,25.214,0.0,Taipei City,Taipei,25.0504,121.5324,20,Mobile Business Group,17421
2023-11-26 16:06:42.252509 UTC,2023,00:06:42,ndt-virtual-8f258_1700449809_0000000000027E77,Download,34.374457179210864,22.334,0.0,Taipei City,Taipei,25.0504,121.5324,10,"Taiwan Mobile Co., Ltd.",24158
2023-11-26 16:01:29.831634 UTC,2023,00:01:29,ndt-virtual-xvxkc_1700353924_000000000002D6E7,Download,6.5381661778034941,15.473,0.13069287528290219,Taipei City,Taipei,25.0504,121.5324,20,Mobile Business Group,17421
2023-11-26 16:00:38.868568 UTC,2023,00:00:38,ndt-whwc2_1699924444_00000000000BDA7A,Download,7.9644613750510338,23.168,0.0,Taipei City,Taipei,25.0504,121.5324,20,Mobile Business Group,17421
2023-11-26 15:57:34.690289 UTC,2023,23:57:34,ndt-whwc2_1699924444_00000000000CC973,Download,40.27617983363637,45.46,0.0,Taipei City,Taipei,25.0504,121.5324,10,"Taiwan Mobile Co., Ltd.",24158
2023-11-26 15:57:05.590984 UTC,2023,23:57:05,ndt-virtual-8f258_1700449809_0000000000027E45,Download,5.8988977638359756,17.0,0.064865670952117913,Taipei City,Taipei,25.0504,121.5324,50,Mobile Business Group,17421
2023-11-26 15:56:17.081993 UTC,2023,23:56:17,ndt-kwth4_1700174223_0000000000095B4F,Download,5.889737523295989,19.565,0.086616659227243528,Taipei City,Taipei,25.0504,121.5324,50,Mobile Business Group,17421
2023-11-26 15:51:58.095242 UTC,2023,23:51:58,ndt-virtual-xvxkc_1700353924_000000000002C719,Download,0.76542924559400594,41.988,0.1091275490803012,Taipei City,Taipei,25.0504,121.5324,10,Mobile Business Group,17421
2023-11-26 15:51:04.139631 UTC,2023,23:51:04,ndt-virtual-8f258_1700449809_0000000000027E33,Download,3.0024016458888765,45.525,0.12015583909204967,Taipei City,Taipei,25.0504,121.5324,10,Mobile Business Group,17421
2023-11-26 15:50:02.486727 UTC,2023,23:50:02,ndt-virtual-xvxkc_1700353924_000000000002C710,Download,129.66845173028781,22.127,0.0,Taipei City,Taipei City,25.0759,121.5516,20,Mobile Business Group,17421
2023-11-26 15:26:48.007401 UTC,2023,23:26:48,ndt-wx99j_1699966477_00000000000C0FF1,Download,5.2532567328457835,18.979,0.13775102300379555,Taipei City,Taipei,25.0504,121.5324,10,Mobile Business Group,17421
2023-11-26 15:22:56.312725 UTC,2023,23:22:56,ndt-virtual-8f258_1700449809_0000000000027DB2,Download,56.334878846079214,22.3,0.00124096042051471,Taipei City,Taipei,25.0504,121.5324,20,Mobile Business Group,17421
2023-11-26 15:16:31.353064 UTC,2023,23:16:31,ndt-wx99j_1699966477_00000000000D63E2,Download,2.4769035029654716,37.187,0.00065809204883444158,Taipei City,Taipei,25.0504,121.5324,20,Mobile Business Group,17421
2023-11-26 15:15:04.021328 UTC,2023,23:15:04,ndt-whwc2_1699924444_00000000000CC941,Download,4.4711691055104081,41.972,0.005281836576603304,Taipei City,Taipei,25.0504,121.5324,20,Mobile Business Group,17421
2023-11-26 15:13:15.408132 UTC,2023,23:13:15,ndt-wx99j_1699966477_00000000000D265B,Download,52.252346210292529,24.748,0.0007617766277054044,Taipei City,Taipei,25.0504,121.5324,10,Mobile Business Group,17421
2023-11-26 15:04:23.447875 UTC,2023,23:04:23,ndt-kwth4_1700174223_0000000000091C4C,Download,3.1713015374773232,27.926,0.013344482453776542,Taipei City,Taipei,25.0504,121.5324,10,Taiwan Star Telecom Corporation Limited.(Former Vibo Telecom Inc.),24157
2023-11-26 15:03:22.840801 UTC,2023,23:03:22,ndt-wx99j_1699966477_00000000000CF842,Download,48.080936763455021,25.65,0.0037460623512710874,Taipei City,Taipei City,25.0759,121.5516,20,Mobile Business Group,17421
2023-11-26 14:57:47.949668 UTC,2023,22:57:47,ndt-virtual-8f258_1700449809_0000000000027D55,Download,27.053608986223395,17.86,0.0,Taipei City,Taipei,25.0504,121.5324,10,"Taiwan Mobile Co., Ltd.",24158
2023-11-26 14:51:07.330163 UTC,2023,22:51:07,ndt-whwc2_1699924444_00000000000DF19A,Download,14.3883802878818,49.511,0.0011574764549187237,Taipei City,Taipei,25.0504,121.5324,50,"Far EastTone Telecommunication Co., Ltd.",9674
2023-11-26 14:42:37.192432 UTC,2023,22:42:37,ndt-virtual-8f258_1700449809_0000000000024EDF,Download,67.68150034653469,20.852,0.00088079423275083473,Taipei City,Taipei,25.0504,121.5324,10,"Taiwan Mobile Co., Ltd.",24158
2023-11-26 14:41:01.907072 UTC,2023,22:41:01,ndt-virtual-8f258_1700449809_0000000000026DE2,Download,8.494207623371631,28.828,0.01151519737718678,Taipei City,Taipei City,25.0759,121.5516,20,Mobile Business Group,17421
2023-11-26 14:39:46.403699 UTC,2023,22:39:46,ndt-virtual-8f258_1700449809_0000000000026DDC,Download,9.47595046321989,23.648,0.078039913411662526,Taipei City,Taipei,25.0504,121.5324,10,"Taiwan Mobile Co., Ltd.",24158
2023-11-26 14:37:22.258073 UTC,2023,22:37:22,ndt-wx99j_1699966477_00000000000DC107,Download,76.452784958631156,22.647,0.055183014143204832,Taipei City,Taipei,25.0504,121.5324,20,Mobile Business Group,17421
2023-11-26 14:37:10.473027 UTC,2023,22:37:10,ndt-whwc2_1699924444_00000000000B3AE4,Download,35.185251600522236,26.648,0.023124184939702343,Taipei City,Taipei,25.0504,121.5324,10,Mobile Business Group,17421
2023-11-26 14:27:15.321658 UTC,2023,22:27:15,ndt-kwth4_1700174223_000000000008DE9C,Download,5.8426911275053861,52.91,0.0019217518625382196,Taipei City,Taipei,25.0504,121.5324,50,"Far EastTone Telecommunication Co., Ltd.",9674
2023-11-26 14:21:54.377348 UTC,2023,22:21:54,ndt-whwc2_1699924444_00000000000B1CAD,Download,2.8721697986657633,57.0,0.035911662473276228,Taipei City,Taipei,25.0504,121.5324,50,"Far EastTone Telecommunication Co., Ltd.",9674
2023-11-26 14:09:08.203271 UTC,2023,22:09:08,ndt-s44r4_1700295648_0000000000099530,Download,184.03163455781848,37.09,0.000523635678296194,Taipei City,Taipei,25.0504,121.5324,100,"Far EastTone Telecommunication Co., Ltd.",9674
2023-11-26 14:06:12.616938 UTC,2023,22:06:12,ndt-virtual-xvxkc_1700353924_000000000002F34C,Download,10.088272980032704,17.942,0.041714508529851008,Taipei City,Taipei,25.0504,121.5324,20,Mobile Business Group,17421
2023-11-26 14:06:06.320028 UTC,2023,22:06:06,ndt-kwth4_1700174223_0000000000092BF7,Download,5.095187441391011,28.587,0.036413485841579919,Taipei City,Taipei,25.0504,121.5324,20,Mobile Business Group,17421
2023-11-26 13:58:25.901146 UTC,2023,21:58:25,ndt-wx99j_1699966477_00000000000CD825,Download,23.418288698053562,59.268,0.0003352775135851792,Taipei City,Taipei,25.0504,121.5324,50,"Far EastTone Telecommunication Co., Ltd.",9674
2023-11-26 13:55:18.535643 UTC,2023,21:55:18,ndt-wx99j_1699966477_00000000000DB0DC,Download,44.2471829149398,24.293,0.038575411146889116,Taipei City,Taipei City,25.0759,121.5516,20,Mobile Business Group,17421
2023-11-26 13:54:25.635714 UTC,2023,21:54:25,ndt-virtual-xvxkc_1700353924_000000000002F320,Download,6.2109505644294654,24.949,0.00025079915125808842,Taipei City,Taipei,25.0504,121.5324,50,"Far EastTone Telecommunication Co., Ltd.",9674
2023-11-26 13:53:00.460330 UTC,2023,21:53:00,ndt-virtual-8f258_1700449809_0000000000026CDC,Download,0.96599069772081281,14.807,0.12105209342050656,Taipei City,Taipei,25.0504,121.5324,20,"Taiwan Mobile Co., Ltd.",24158
2023-11-26 13:52:41.915825 UTC,2023,21:52:41,ndt-whwc2_1699924444_00000000000BCA3A,Download,4.8145939825047748,50.568,0.0040397319519034263,Taipei City,Taipei,25.0504,121.5324,50,"Far EastTone Telecommunication Co., Ltd.",9674
2023-11-26 13:52:16.400516 UTC,2023,21:52:16,ndt-whwc2_1699924444_00000000000D1A6D,Download,63.337491039526874,20.206,0.001816929045176572,Taipei City,Taipei,25.0504,121.5324,10,Mobile Business Group,17421
2023-11-26 13:39:53.141497 UTC,2023,21:39:53,ndt-wx99j_1699966477_00000000000D90FD,Download,7.962702729700867,19.013,0.0,Taipei City,Taipei,25.0504,121.5324,10,"Taiwan Mobile Co., Ltd.",24158
2023-11-26 13:39:17.335942 UTC,2023,21:39:17,ndt-wx99j_1699966477_00000000000D8130,Download,30.846882804355662,26.44,7.1985011237079663e-05,Taipei City,Taipei,25.0504,121.5324,10,"Taiwan Mobile Co., Ltd.",24158
2023-11-26 13:31:14.267004 UTC,2023,21:31:14,ndt-wx99j_1699966477_00000000000D169E,Download,18.42892327953053,20.197,0.0,Taipei City,Taipei,25.0504,121.5324,10,"Taiwan Mobile Co., Ltd.",24158
2023-11-26 13:24:14.088796 UTC,2023,21:24:14,ndt-wx99j_1699966477_00000000000D06D1,Download,9.4131772765116484,30.192,0.0018245298383706065,Taipei City,Taipei,25.0504,121.5324,200,Taiwan Star Telecom Corporation Limited.(Former Vibo Telecom Inc.),24157
2023-11-26 13:18:05.343578 UTC,2023,21:18:05,ndt-virtual-xvxkc_1700353924_000000000002F2AE,Download,4.7486003526907323,33.044,0.000965479247760895,Taipei City,Taipei,25.0504,121.5324,50,"Far EastTone Telecommunication Co., Ltd.",9674
2023-11-26 13:17:52.141874 UTC,2023,21:17:52,ndt-whwc2_1699924444_00000000000B5A6D,Download,5.3685478142114871,51.056,0.0062017540019553763,Taipei City,Taipei,25.0504,121.5324,50,"Far EastTone Telecommunication Co., Ltd.",9674
2023-11-26 13:13:33.406874 UTC,2023,21:13:33,ndt-virtual-xvxkc_1700353924_000000000002C4CC,Download,3.630194555553083,33.947,0.0036983925508928656,Taipei City,Taipei,25.0504,121.5324,50,"Far EastTone Telecommunication Co., Ltd.",9674
2023-11-26 12:53:51.989855 UTC,2023,20:53:51,ndt-kwth4_1700174223_00000000000A7989,Download,14.274164316075547,18.126,0.0001491869312248247,Taipei City,Taipei,25.0504,121.5324,10,Taiwan Star Telecom Corporation Limited.(Former Vibo Telecom Inc.),24157
2023-11-26 12:40:37.748942 UTC,2023,20:40:37,ndt-virtual-8f258_1700449809_0000000000027ADC,Download,10.84591370930938,24.255,0.0011080594560841813,Taipei City,Taipei,25.0504,121.5324,50,"Far EastTone Telecommunication Co., Ltd.",9674
2023-11-26 12:22:24.240111 UTC,2023,20:22:24,ndt-virtual-xvxkc_1700353924_000000000002D39F,Download,21.129424044228244,16.928,0.11965965880678463,Taipei City,Taipei,25.0504,121.5324,100,"Far EastTone Telecommunication Co., Ltd.",9674
2023-11-26 12:21:26.222804 UTC,2023,20:21:26,ndt-virtual-xvxkc_1700353924_000000000002D398,Download,20.927043915356773,17.754,0.099851692346305268,Taipei City,Taipei,25.0504,121.5324,100,"Far EastTone Telecommunication Co., Ltd.",9674
2023-11-26 12:12:20.604412 UTC,2023,20:12:20,ndt-whwc2_1699924444_00000000000B7AAB,Download,27.853785211011648,57.68,5.5177811657263254e-05,Taipei City,Taipei,25.0504,121.5324,100,"Far EastTone Telecommunication Co., Ltd.",9674
2023-11-26 12:11:21.523541 UTC,2023,20:11:21,ndt-virtual-xvxkc_1700353924_000000000002C3F5,Download,33.574309926633184,29.816,4.3233609883078628e-05,Taipei City,Taipei,25.0504,121.5324,100,"Far EastTone Telecommunication Co., Ltd.",9674
2023-11-26 12:08:41.576020 UTC,2023,20:08:41,ndt-virtual-xvxkc_1700353924_000000000002C3E0,Download,17.950960982842421,27.905,0.0,Taipei City,Taipei,25.0504,121.5324,100,"Far EastTone Telecommunication Co., Ltd.",9674
2023-11-26 12:00:46.870011 UTC,2023,20:00:46,ndt-wx99j_1699966477_00000000000D2505,Download,95.529327663740389,21.844,0.0,Taipei City,Taipei,25.0504,121.5324,20,Mobile Business Group,17421
2023-11-26 12:00:34.069128 UTC,2023,20:00:34,ndt-virtual-xvxkc_1700353924_000000000002C3B2,Download,137.05701185056913,19.213,0.0,Taipei City,Taipei,25.0504,121.5324,20,Mobile Business Group,17421
2023-11-26 11:39:34.041535 UTC,2023,19:39:34,ndt-virtual-xvxkc_1700353924_000000000002E1FD,Download,8.2453885552776409,28.737,0.00039297395783098761,Taipei City,Taipei,25.0504,121.5324,10,Mobile Business Group,17421
2023-11-26 11:29:44.662818 UTC,2023,19:29:44,ndt-wx99j_1699966477_00000000000BCFEF,Download,101.34834461157688,48.932,0.00040353655276483853,Taipei City,Taipei,25.0504,121.5324,50,"Far EastTone Telecommunication Co., Ltd.",9674
2023-11-26 11:26:38.066609 UTC,2023,19:26:38,ndt-whwc2_1699924444_00000000000C987B,Download,33.377657812577084,60.023,0.00045851852279973719,Taipei City,Taipei,25.0504,121.5324,100,"Far EastTone Telecommunication Co., Ltd.",9674
2023-11-26 11:26:12.999729 UTC,2023,19:26:12,ndt-virtual-xvxkc_1700353924_000000000002C31C,Download,13.655092438610458,20.002,0.11356831540342527,Taipei City,Taipei,25.0504,121.5324,50,"Far EastTone Telecommunication Co., Ltd.",9674
2023-11-26 11:24:17.321090 UTC,2023,19:24:17,ndt-virtual-xvxkc_1700353924_000000000002D299,Download,24.444499865253437,71.247,0.0,Taipei City,Taipei,25.0504,121.5324,10,Mobile Business Group,17421
2023-11-26 11:19:39.083850 UTC,2023,19:19:39,ndt-wx99j_1699966477_00000000000D24C9,Download,14.448919940923721,57.743,0.00035901142114853435,Taipei City,Taipei,25.0504,121.5324,100,"Far EastTone Telecommunication Co., Ltd.",9674
2023-11-26 11:19:14.356934 UTC,2023,19:19:14,ndt-virtual-xvxkc_1700353924_000000000002E1AC,Download,10.056009904535548,27.965,0.0025962313823707475,Taipei City,Taipei,25.0504,121.5324,100,"Far EastTone Telecommunication Co., Ltd.",9674
2023-11-26 11:01:20.029882 UTC,2023,19:01:20,ndt-kwth4_1700174223_0000000000092ADC,Download,2.1926245965583768,30.549,0.010637404900531871,Taipei City,Taipei,25.0504,121.5324,10,Taiwan Star Telecom Corporation Limited.(Former Vibo Telecom Inc.),24157
2023-11-26 10:49:15.382065 UTC,2023,18:49:15,ndt-kwth4_1700174223_000000000009F884,Download,12.428698651100259,21.641,0.00028973889696401928,Taipei City,Taipei,25.0504,121.5324,10,"Taiwan Mobile Co., Ltd.",24158
2023-11-26 10:47:57.651936 UTC,2023,18:47:57,ndt-virtual-xvxkc_1700353924_000000000002E119,Download,1.7237414252857119,21.194,0.00070514995198215811,Taipei City,Taipei,25.0504,121.5324,20,"Taiwan Mobile Co., Ltd.",24158
2023-11-26 10:46:28.281954 UTC,2023,18:46:28,ndt-wx99j_1699966477_00000000000C99D9,Download,22.409733357314764,52.02,0.00055453528312288179,Taipei City,Taipei,25.0504,121.5324,50,"Far EastTone Telecommunication Co., Ltd.",9674
2023-11-26 10:38:23.262924 UTC,2023,18:38:23,ndt-whwc2_1699924444_00000000000CF566,Download,0.86237946855754843,54.022,0.0,Taipei City,Taipei,25.0504,121.5324,50,"Far EastTone Telecommunication Co., Ltd.",9674
2023-11-26 10:37:49.399300 UTC,2023,18:37:49,ndt-kwth4_1700174223_000000000008DD79,Download,74.823589694051336,25.948,0.0,Taipei City,Taipei,25.0504,121.5324,100,"Far EastTone Telecommunication Co., Ltd.",9674
2023-11-26 10:30:33.727649 UTC,2023,18:30:33,ndt-virtual-8f258_1700449809_00000000000259B5,Download,0.837385230408469,77.565,0.0050571457469404269,Taipei City,Taipei,25.0504,121.5324,50,"Far EastTone Telecommunication Co., Ltd.",9674
2023-11-26 10:30:06.766951 UTC,2023,18:30:06,ndt-virtual-8f258_1700449809_00000000000259B3,Download,1.9697491980679878,19.657,0.069923124148608726,Taipei City,Taipei,25.0504,121.5324,20,Taiwan Star Telecom Corporation Limited.(Former Vibo Telecom Inc.),24157
2023-11-26 10:28:03.419154 UTC,2023,18:28:03,ndt-wx99j_1699966477_00000000000C0E46,Download,2.19726686749289,22.254,0.053375810981183963,Taipei City,Taipei,25.0504,121.5324,20,Taiwan Star Telecom Corporation Limited.(Former Vibo Telecom Inc.),24157
2023-11-26 10:26:33.490508 UTC,2023,18:26:33,ndt-virtual-xvxkc_1700353924_000000000002D1C4,Download,0.098971696339470366,708.702,0.0,Taipei City,Taipei,25.0504,121.5324,50,"Far EastTone Telecommunication Co., Ltd.",9674
2023-11-26 10:24:36.362707 UTC,2023,18:24:36,ndt-kwth4_1700174223_00000000000AB776,Download,63.5824405295533,42.907,0.000176852854412501,Taipei City,Taipei,25.0504,121.5324,50,"Far EastTone Telecommunication Co., Ltd.",9674
2023-11-26 10:23:33.478444 UTC,2023,18:23:33,ndt-virtual-xvxkc_1700353924_000000000002D1B9,Download,54.160347086211495,29.115,4.0565357161603382e-05,Taipei City,Taipei,25.0504,121.5324,100,"Far EastTone Telecommunication Co., Ltd.",9674
2023-11-26 10:08:16.766649 UTC,2023,18:08:16,ndt-virtual-8f258_1700449809_0000000000027875,Download,10.417092536266637,16.464,0.0,Taipei City,Taipei,25.0504,121.5324,10,"Taiwan Mobile Co., Ltd.",24158
2023-11-26 10:06:51.458572 UTC,2023,18:06:51,ndt-virtual-8f258_1700449809_00000000000268E9,Download,3.7988578653433818,18.009,0.0,Taipei City,Taipei,25.0504,121.5324,10,"Taiwan Mobile Co., Ltd.",24158
2023-11-26 10:00:38.173073 UTC,2023,18:00:38,ndt-virtual-8f258_1700449809_00000000000268D2,Download,69.6674778290252,19.632,0.0,Taipei City,Taipei,25.0504,121.5324,20,Mobile Business Group,17421
2023-11-26 10:00:08.486734 UTC,2023,18:00:08,ndt-virtual-8f258_1700449809_000000000002785A,Download,77.992721722275064,17.788,0.0,Taipei City,Taipei,25.0504,121.5324,20,Mobile Business Group,17421
2023-11-26 09:51:19.503358 UTC,2023,17:51:19,ndt-kwth4_1700174223_000000000009699C,Download,21.136068966744777,23.846,0.00010721430653291006,Taipei City,Taipei,25.0504,121.5324,20,"Taiwan Mobile Co., Ltd.",24158
2023-11-26 09:31:37.835431 UTC,2023,17:31:37,ndt-virtual-8f258_1700449809_00000000000277F8,Download,71.504149214952847,22.548,0.0,Taipei City,Taipei,25.0504,121.5324,50,"Far EastTone Telecommunication Co., Ltd.",9674
2023-11-26 09:25:59.623537 UTC,2023,17:25:59,ndt-kwth4_1700174223_000000000009C856,Download,0.0776957595499365,36.403,0.0152178975866787,Taipei City,Taipei,25.0504,121.5324,10,Taiwan Star Telecom Corporation Limited.(Former Vibo Telecom Inc.),24157
2023-11-26 09:25:47.544415 UTC,2023,17:25:47,ndt-kwth4_1700174223_0000000000095982,Download,54.630586328986737,25.052,0.02252015350441057,Taipei City,Taipei,25.0504,121.5324,50,"Far EastTone Telecommunication Co., Ltd.",9674
2023-11-26 09:24:41.604011 UTC,2023,17:24:41,ndt-wx99j_1699966477_00000000000D5293,Download,20.36729823375714,85.016,0.023862901385435252,Taipei City,Taipei,25.0504,121.5324,20,Mobile Business Group,17421
2023-11-26 09:24:26.974564 UTC,2023,17:24:26,ndt-wx99j_1699966477_00000000000D6182,Download,55.232521476432552,27.439,0.00094356408548363247,Taipei City,Taipei,25.0504,121.5324,50,"Far EastTone Telecommunication Co., Ltd.",9674
2023-11-26 09:24:00.219083 UTC,2023,17:24:00,ndt-virtual-8f258_1700449809_000000000002684A,Download,55.868508658393154,140.668,0.023408535428803685,Taipei City,Taipei,25.0504,121.5324,100,Mobile Business Group,17421
2023-11-26 09:23:03.482858 UTC,2023,17:23:03,ndt-virtual-xvxkc_1700353924_000000000002BF1B,Download,46.35229315780132,23.661,0.017191244799623459,Taipei City,Taipei,25.0504,121.5324,50,"Far EastTone Telecommunication Co., Ltd.",9674
2023-11-26 09:13:24.337919 UTC,2023,17:13:24,ndt-whwc2_1699924444_00000000000B4A8B,Download,5.75096750252735,110.58,0.24759989920273653,Taipei City,Taipei,25.0504,121.5324,10,Mobile Business Group,17421
2023-11-26 09:08:52.456006 UTC,2023,17:08:52,ndt-kwth4_1700174223_00000000000A2A94,Download,48.757847493274717,60.206,0.00022417172087406214,Taipei City,Taipei,25.0504,121.5324,100,"Far EastTone Telecommunication Co., Ltd.",9674
2023-11-26 09:07:15.212139 UTC,2023,17:07:15,ndt-whwc2_1699924444_00000000000B7A15,Download,36.002278771971106,28.174,0.0,Taipei City,Taipei,25.0504,121.5324,100,"Far EastTone Telecommunication Co., Ltd.",9674
2023-11-26 09:06:35.195631 UTC,2023,17:06:35,ndt-wx99j_1699966477_00000000000BAFA2,Download,39.99779039204541,30.473,8.27945371240518e-05,Taipei City,Taipei,25.0504,121.5324,100,"Far EastTone Telecommunication Co., Ltd.",9674
2023-11-26 09:05:41.876068 UTC,2023,17:05:41,ndt-virtual-8f258_1700449809_000000000002680C,Download,24.0872910762787,21.436,4.5485009805493252e-05,Taipei City,Taipei,25.0504,121.5324,100,"Far EastTone Telecommunication Co., Ltd.",9674
2023-11-26 09:04:31.337280 UTC,2023,17:04:31,ndt-whwc2_1699924444_00000000000C08EF,Download,20.823750656583439,48.948,0.071102653356185139,Taipei City,Taipei,25.0504,121.5324,100,"Far EastTone Telecommunication Co., Ltd.",9674
2023-11-26 09:02:51.674547 UTC,2023,17:02:51,ndt-whwc2_1699924444_00000000000B1B8B,Download,20.570591966355256,56.927,0.11865616393733898,Taipei City,Taipei,25.0504,121.5324,100,"Far EastTone Telecommunication Co., Ltd.",9674
2023-11-26 09:00:41.583773 UTC,2023,17:00:41,ndt-virtual-xvxkc_1700353924_000000000002C0C5,Download,21.178238131982088,23.721,0.10741649627903739,Taipei City,Taipei,25.0504,121.5324,100,"Far EastTone Telecommunication Co., Ltd.",9674
2023-11-26 08:59:43.380773 UTC,2023,16:59:43,ndt-virtual-xvxkc_1700353924_000000000002C0BE,Download,21.127258134885459,17.349,0.10653036850907381,Taipei City,Taipei,25.0504,121.5324,100,"Far EastTone Telecommunication Co., Ltd.",9674
2023-11-26 08:58:19.972648 UTC,2023,16:58:19,ndt-kwth4_1700174223_0000000000091AB7,Download,12.598821658537867,21.806,0.0,Taipei City,Taipei,25.0504,121.5324,10,Mobile Business Group,17421
2023-11-26 08:58:13.015208 UTC,2023,16:58:13,ndt-virtual-xvxkc_1700353924_000000000002C0B5,Download,21.200642570668506,23.99,0.10836762263547974,Taipei City,Taipei,25.0504,121.5324,100,"Far EastTone Telecommunication Co., Ltd.",9674
2023-11-26 08:57:22.351103 UTC,2023,16:57:22,ndt-virtual-xvxkc_1700353924_000000000002AF6D,Download,3.4325171127587728,16.979,0.20387292649611394,Taipei City,Taipei,25.0504,121.5324,100,"Far EastTone Telecommunication Co., Ltd.",9674
2023-11-26 08:57:20.500243 UTC,2023,16:57:20,ndt-virtual-xvxkc_1700353924_000000000002AF6C,Download,17.956030392188612,18.849,0.15695462575366842,Taipei City,Taipei,25.0504,121.5324,100,"Far EastTone Telecommunication Co., Ltd.",9674
2023-11-26 08:55:11.852913 UTC,2023,16:55:11,ndt-whwc2_1699924444_00000000000CC7BC,Download,191.12518144151383,20.087,0.003575824680391079,Taipei City,Taipei,25.0504,121.5324,10,"Taiwan Mobile Co., Ltd.",24158
2023-11-26 08:54:04.435810 UTC,2023,16:54:04,ndt-virtual-8f258_1700449809_00000000000248B2,Download,71.338120164877012,15.492,0.00081404125782940956,Taipei City,Taipei,25.0504,121.5324,10,"Taiwan Mobile Co., Ltd.",24158
2023-11-26 08:50:50.563178 UTC,2023,16:50:50,ndt-virtual-xvxkc_1700353924_000000000002C092,Download,40.303387031247325,28.224,0.0001355407862537425,Taipei City,Taipei,25.0504,121.5324,100,"Far EastTone Telecommunication Co., Ltd.",9674
2023-11-26 08:42:40.483328 UTC,2023,16:42:40,ndt-virtual-xvxkc_1700353924_000000000002AF34,Download,42.199950825158439,24.354,0.0,Taipei City,Taipei,25.0504,121.5324,50,"Far EastTone Telecommunication Co., Ltd.",9674
2023-11-26 08:41:19.946522 UTC,2023,16:41:19,ndt-frnj7_1700175674_00000000000B131F,Download,15.948053537566331,379.859,0.00042992226260568758,Taipei City,Taipei,25.0504,121.5324,50,"Far EastTone Telecommunication Co., Ltd.",9674
2023-11-26 08:32:26.752637 UTC,2023,16:32:26,ndt-virtual-xvxkc_1700353924_000000000002BE2B,Download,30.336938164765446,152.042,0.095382742831502373,Taipei City,Taipei,25.0504,121.5324,100,Mobile Business Group,17421
2023-11-26 08:30:27.952984 UTC,2023,16:30:27,ndt-virtual-xvxkc_1700353924_000000000002AF08,Download,7.2444551246772475,19.621,0.0015688978412967613,Taipei City,Taipei,25.0504,121.5324,50,"Far EastTone Telecommunication Co., Ltd.",9674
2023-11-26 08:14:46.065289 UTC,2023,16:14:46,ndt-whwc2_1699924444_00000000000B4A50,Download,36.089165818896376,102.764,0.005100073433796125,Taipei City,Taipei,25.0504,121.5324,10,Mobile Business Group,17421
2023-11-26 08:09:27.213605 UTC,2023,16:09:27,ndt-whwc2_1699924444_00000000000D53BE,Download,3.0824112814227536,75.796,0.00274780813233444,Taipei City,Taipei,25.0504,121.5324,10,Mobile Business Group,17421
2023-11-26 08:02:22.472665 UTC,2023,16:02:22,ndt-whwc2_1699924444_00000000000B4A3C,Download,41.056068696613139,61.326,0.00016475719082067081,Taipei City,Taipei,25.0504,121.5324,100,"Far EastTone Telecommunication Co., Ltd.",9674
2023-11-26 07:49:47.300726 UTC,2023,15:49:47,ndt-wx99j_1699966477_00000000000C693C,Download,12.043009187111803,52.943,0.0012046014685963304,Taipei City,Taipei,25.0504,121.5324,50,"Far EastTone Telecommunication Co., Ltd.",9674
2023-11-26 07:45:48.644274 UTC,2023,15:45:48,ndt-virtual-8f258_1700449809_00000000000247A0,Download,25.187331767274795,27.919,8.7239994333171555e-05,Taipei City,Taipei,25.0504,121.5324,100,"Far EastTone Telecommunication Co., Ltd.",9674
2023-11-26 07:38:04.812870 UTC,2023,15:38:04,ndt-wx99j_1699966477_00000000000D32BB,Download,14.819967526932137,48.995,0.0010704815046369326,Taipei City,Taipei,25.0504,121.5324,50,"Far EastTone Telecommunication Co., Ltd.",9674
2023-11-26 07:37:34.938217 UTC,2023,15:37:34,ndt-virtual-8f258_1700449809_0000000000027666,Download,41.121939244081872,28.261,5.4745728965413008e-05,Taipei City,Taipei,25.0504,121.5324,50,"Far EastTone Telecommunication Co., Ltd.",9674
2023-11-26 07:29:37.507399 UTC,2023,15:29:37,ndt-whwc2_1699924444_00000000000B1B2A,Download,7.7763844157893587,102.424,0.0,Taipei City,Taipei,25.0504,121.5324,10,Mobile Business Group,17421
2023-11-26 07:28:52.020004 UTC,2023,15:28:52,ndt-whwc2_1699924444_00000000000D722B,Download,18.589715297642307,19.003,0.0013317121185802791,Taipei City,Taipei,25.0504,121.5324,10,Taiwan Star Telecom Corporation Limited.(Former Vibo Telecom Inc.),24157
2023-11-26 07:18:49.000249 UTC,2023,15:18:49,ndt-virtual-8f258_1700449809_0000000000026662,Download,22.282334682645079,19.799,0.0,Taipei City,Taipei,25.0504,121.5324,10,"Taiwan Mobile Co., Ltd.",24158
2023-11-26 07:15:39.146394 UTC,2023,15:15:39,ndt-virtual-xvxkc_1700353924_0000000000029F22,Download,4.7660543216364744,24.84,0.094306323895972863,Taipei City,Taipei,25.0504,121.5324,10,Taiwan Star Telecom Corporation Limited.(Former Vibo Telecom Inc.),24157
2023-11-26 07:15:02.198478 UTC,2023,15:15:02,ndt-kwth4_1700174223_000000000009C793,Download,55.441115177696446,17.6,0.0,Taipei City,Taipei,25.0504,121.5324,10,Taiwan Star Telecom Corporation Limited.(Former Vibo Telecom Inc.),24157
2023-11-26 07:13:23.708043 UTC,2023,15:13:23,ndt-wx99j_1699966477_00000000000C1ABB,Download,17.380657030675625,55.377,0.0023992391382413559,Taipei City,Taipei,25.0504,121.5324,100,"Far EastTone Telecommunication Co., Ltd.",9674
2023-11-26 07:03:31.808841 UTC,2023,15:03:31,ndt-wx99j_1699966477_00000000000C3A2A,Download,10.175315907658208,51.324,0.0555284932246962,Taipei City,Taipei,25.0504,121.5324,50,"Far EastTone Telecommunication Co., Ltd.",9674
2023-11-26 07:02:50.675257 UTC,2023,15:02:50,ndt-wx99j_1699966477_00000000000CA798,Download,7.7646847485230976,55.24,0.007080913480040584,Taipei City,Taipei,25.0504,121.5324,50,"Far EastTone Telecommunication Co., Ltd.",9674
2023-11-26 07:00:01.724352 UTC,2023,15:00:01,ndt-virtual-8f258_1700449809_000000000002568E,Download,38.307355184581581,24.104,0.0,Taipei City,Taipei,25.0504,121.5324,100,"Far EastTone Telecommunication Co., Ltd.",9674
2023-11-26 06:35:52.954945 UTC,2023,14:35:52,ndt-kwth4_1700174223_000000000009DD93,Download,6.8391171551149936,26.965,0.0033386466310129223,Taipei City,Taipei,25.0504,121.5324,10,Taiwan Star Telecom Corporation Limited.(Former Vibo Telecom Inc.),24157
2023-11-26 06:14:52.704484 UTC,2023,14:14:52,ndt-whwc2_1699924444_00000000000B2A11,Download,83.226634886471061,23.654,0.0,Taipei City,Taipei,25.0504,121.5324,10,Mobile Business Group,17421
2023-11-26 06:09:22.661483 UTC,2023,14:09:22,ndt-virtual-8f258_1700449809_000000000002465E,Download,123.93262862511504,24.792,8.9738674048569141e-06,Taipei City,Taipei,25.0504,121.5324,100,"Far EastTone Telecommunication Co., Ltd.",9674
2023-11-26 06:00:48.993519 UTC,2023,14:00:48,ndt-virtual-xvxkc_1700353924_000000000002BC1D,Download,16.779344650803107,25.169,0.0,Taipei City,Taipei,25.0504,121.5324,100,"Far EastTone Telecommunication Co., Ltd.",9674
2023-11-26 05:58:38.609647 UTC,2023,13:58:38,ndt-virtual-xvxkc_1700353924_0000000000028DC2,Download,13.621501863165525,19.756,0.11551701668632877,Taipei City,Taipei,25.0504,121.5324,50,"Far EastTone Telecommunication Co., Ltd.",9674
2023-11-26 05:50:32.924799 UTC,2023,13:50:32,ndt-wx99j_1699966477_00000000000C88AB,Download,66.657541068173,54.772,0.0,Taipei City,Taipei,25.0504,121.5324,100,"Far EastTone Telecommunication Co., Ltd.",9674
2023-11-26 05:50:09.198501 UTC,2023,13:50:09,ndt-virtual-8f258_1700449809_000000000002653B,Download,36.652378436246515,27.42,0.0,Taipei City,Taipei,25.0504,121.5324,100,"Far EastTone Telecommunication Co., Ltd.",9674
2023-11-26 05:39:31.962682 UTC,2023,13:39:31,ndt-virtual-xvxkc_1700353924_0000000000029DB6,Download,11.528677025909223,17.82,0.066824041309858015,Taipei City,Taipei,25.0504,121.5324,10,"Taiwan Mobile Co., Ltd.",24158
2023-11-26 05:38:51.608063 UTC,2023,13:38:51,ndt-virtual-8f258_1700449809_000000000002650C,Download,11.495388948495407,17.934,0.076443439071535585,Taipei City,Taipei,25.0504,121.5324,10,"Taiwan Mobile Co., Ltd.",24158
2023-11-26 05:37:03.665252 UTC,2023,13:37:03,ndt-virtual-xvxkc_1700353924_0000000000028D7A,Download,221.97974816171265,15.978,0.0,Taipei City,Taipei,25.0504,121.5324,50,Mobile Business Group,17421
2023-11-26 05:35:41.745988 UTC,2023,13:35:41,ndt-virtual-8f258_1700449809_00000000000245FA,Download,41.232157929592645,29.687,5.3171048295742388e-05,Taipei City,Taipei,25.0504,121.5324,100,"Far EastTone Telecommunication Co., Ltd.",9674
2023-11-26 05:26:05.059062 UTC,2023,13:26:05,ndt-virtual-8f258_1700449809_00000000000245DE,Download,10.990252737617521,27.265,0.10460989776215428,Taipei City,Taipei,25.0504,121.5324,100,"Far EastTone Telecommunication Co., Ltd.",9674
2023-11-26 05:15:44.116433 UTC,2023,13:15:44,ndt-whwc2_1699924444_00000000000B793D,Download,56.825161753932427,28.0,1.9279668222933238e-05,Taipei City,Taipei,25.0504,121.5324,100,"Far EastTone Telecommunication Co., Ltd.",9674
2023-11-26 05:11:35.279792 UTC,2023,13:11:35,ndt-wx99j_1699966477_00000000000C57F3,Download,15.038581999084419,32.295,0.00022794402154549878,Taipei City,Taipei,25.0504,121.5324,20,"Taiwan Mobile Co., Ltd.",24158
2023-11-26 05:04:28.978401 UTC,2023,13:04:28,ndt-kwth4_1700174223_000000000009E71E,Download,3.6150044465240989,27.873,0.0026735597597930369,Taipei City,Taipei,25.0504,121.5324,10,Taiwan Star Telecom Corporation Limited.(Former Vibo Telecom Inc.),24157
2023-11-26 04:59:28.120525 UTC,2023,12:59:28,ndt-wx99j_1699966477_00000000000C3970,Download,20.597843660895766,59.984,0.0075255369739705182,Taipei City,Taipei,25.0504,121.5324,100,"Far EastTone Telecommunication Co., Ltd.",9674
2023-11-26 04:59:17.868154 UTC,2023,12:59:17,ndt-kwth4_1700174223_000000000009292A,Download,18.728093740718229,28.586,0.0027329429511277325,Taipei City,Taipei,25.0504,121.5324,100,"Far EastTone Telecommunication Co., Ltd.",9674
2023-11-26 04:58:58.620270 UTC,2023,12:58:58,ndt-virtual-xvxkc_1700353924_0000000000029D18,Download,27.797850017148267,26.908,0.00093741565682559742,Taipei City,Taipei,25.0504,121.5324,100,"Far EastTone Telecommunication Co., Ltd.",9674
2023-11-26 04:52:33.333694 UTC,2023,12:52:33,ndt-kwth4_1700174223_0000000000092923,Download,11.984151688734515,55.5,0.00048141106031797403,Taipei City,Taipei,25.0504,121.5324,100,"Far EastTone Telecommunication Co., Ltd.",9674
2023-11-26 04:52:07.717272 UTC,2023,12:52:07,ndt-virtual-xvxkc_1700353924_0000000000028CB8,Download,18.918919610803894,89.347,0.14686605786911774,Taipei City,Neihu District,25.0811,121.5839,5,Mobile Business Group,17421
2023-11-26 04:46:36.285502 UTC,2023,12:46:36,ndt-wx99j_1699966477_00000000000BDC3C,Download,10.716609211392617,55.099,0.011741824081365452,Taipei City,Taipei,25.0504,121.5324,100,"Far EastTone Telecommunication Co., Ltd.",9674
2023-11-26 04:46:16.569455 UTC,2023,12:46:16,ndt-virtual-8f258_1700449809_00000000000273FE,Download,325.87883995159194,15.256,7.8918344483269823e-05,Taipei City,Taipei,25.0504,121.5324,100,"Far EastTone Telecommunication Co., Ltd.",9674
2023-11-26 04:45:03.919249 UTC,2023,12:45:03,ndt-wx99j_1699966477_00000000000CF4E2,Download,4.7825129675551352,95.448,0.0,Taipei City,Neihu District,25.0811,121.5839,5,Mobile Business Group,17421
2023-11-26 04:41:35.059081 UTC,2023,12:41:35,ndt-wx99j_1699966477_00000000000D02F5,Download,11.998567657664836,31.692,0.0,Taipei City,Taipei,25.0504,121.5324,100,"Far EastTone Telecommunication Co., Ltd.",9674
2023-11-26 04:36:35.634777 UTC,2023,12:36:35,ndt-whwc2_1699924444_00000000000C6FEB,Download,23.311745865157249,19.192,0.0,Taipei City,Taipei,25.0504,121.5324,20,Taiwan Star Telecom Corporation Limited.(Former Vibo Telecom Inc.),24157
2023-11-26 04:36:31.697666 UTC,2023,12:36:31,ndt-kwth4_1700174223_00000000000A37F1,Download,2.9150746269306316,28.678,0.1838327781123503,Taipei City,Taipei,25.0504,121.5324,10,"Taiwan Mobile Co., Ltd.",24158
2023-11-26 04:36:24.383122 UTC,2023,12:36:24,ndt-kwth4_1700174223_000000000009E700,Download,2.1347211536824244,26.87,0.18752097286246905,Taipei City,Taipei,25.0504,121.5324,10,"Taiwan Mobile Co., Ltd.",24158
2023-11-26 04:35:53.305007 UTC,2023,12:35:53,ndt-virtual-8f258_1700449809_00000000000273DC,Download,139.7057325166881,16.852,0.0,Taipei City,Taipei,25.0504,121.5324,20,Mobile Business Group,17421
2023-11-26 04:19:48.612795 UTC,2023,12:19:48,ndt-virtual-xvxkc_1700353924_0000000000029C8F,Download,106.7711429572541,16.027,0.0,Taipei City,Taipei,25.0504,121.5324,10,Mobile Business Group,17421
2023-11-26 04:16:24.475765 UTC,2023,12:16:24,ndt-virtual-8f258_1700449809_00000000000263FE,Download,27.763822570237441,29.986,0.00019736116182591496,Taipei City,Taipei,25.0504,121.5324,100,"Far EastTone Telecommunication Co., Ltd.",9674