TestTime,DataYear,LocalTime,UUID,Direction,MeanThroughputMbps,MinRTT,LossRate,Subdivision1Name,City,Latitude,Longitude,AccuracyRadiusKm,ASName,ASNumber
2025-01-29 03:59:20.789461 UTC,2025,11:59:20,ndt-7h8vt_1732822567_000000000043CE89,Download,234.29966064588805,19.499,0.00014704728435175935,Taipei City,Taipei,25.053,121.5259,5,"Taiwan Mobile Co., Ltd.",24158
2025-01-29 03:58:51.224771 UTC,2025,11:58:51,ndt-7h8vt_1732822567_0000000000443AFF,Download,64.217242283406449,20.981,0.11364878378498051,Taipei City,Taipei,25.053,121.5259,5,"Taiwan Mobile Co., Ltd.",24158
2025-01-29 03:58:31.840396 UTC,2025,11:58:31,ndt-virtual-mx926_1737854326_000000000004FC05,Download,40.404067591302521,22.565,0.0,Taipei City,Taipei,25.053,121.5259,5,"Taiwan Mobile Co., Ltd.",24158
2025-01-29 03:57:09.352171 UTC,2025,11:57:09,ndt-zz5jt_1732753005_000000000045C4A4,Download,10.761374305944083,43.503,0.00074387868437062214,Taipei City,Taipei,25.053,121.5259,20,"Far EastTone Telecommunication Co., Ltd.",9674
2025-01-29 03:56:34.336959 UTC,2025,11:56:34,ndt-qz6rr_1738067332_000000000001A6D1,Download,255.99604567829556,15.08,0.0,Taipei City,Taipei,25.053,121.5259,5,"Taiwan Mobile Co., Ltd.",24158
2025-01-29 03:54:28.522068 UTC,2025,11:54:28,ndt-zz5jt_1732753005_00000000004641CE,Download,11.483894913517673,17.89,0.19185883334937753,Taipei City,Taipei,25.053,121.5259,5,"Taiwan Mobile Co., Ltd.",24158
2025-01-29 03:52:57.365126 UTC,2025,11:52:57,ndt-zz5jt_1732753005_000000000044CDD9,Download,11.301185753044628,40.745,0.00098812895913277148,Taipei City,Taipei,25.053,121.5259,20,"Far EastTone Telecommunication Co., Ltd.",9674
2025-01-29 03:52:20.755465 UTC,2025,11:52:20,ndt-zz5jt_1732753005_0000000000458704,Download,10.592629137283613,46.874,0.19958542989411665,Taipei City,Taipei,25.053,121.5259,100,"Far EastTone Telecommunication Co., Ltd.",9674
2025-01-29 03:52:03.474119 UTC,2025,11:52:03,ndt-virtual-mx926_1737854326_00000000000502CD,Download,7.3764637840809248,18.316,0.00064141051162308171,Taipei City,Taipei,25.053,121.5259,20,"Far EastTone Telecommunication Co., Ltd.",9674
2025-01-29 03:52:00.995961 UTC,2025,11:52:00,ndt-qz6rr_1738067332_00000000000014B2,Download,18.290631084291988,28.661,0.00010850996911545202,Taipei City,Taipei,25.053,121.5259,5,Mobile Business Group,17421
2025-01-29 03:51:52.379854 UTC,2025,11:51:52,ndt-qz6rr_1738067332_000000000001A6CA,Download,94.241884117554477,28.882,0.0,Taipei City,Taipei,25.053,121.5259,5,Mobile Business Group,17421
2025-01-29 03:51:37.861158 UTC,2025,11:51:37,ndt-7h8vt_1732822567_000000000044D269,Download,166.77855621248762,17.47,0.0,Taipei City,Taipei,25.053,121.5259,5,"Taiwan Mobile Co., Ltd.",24158
2025-01-29 03:51:28.043706 UTC,2025,11:51:28,ndt-zz5jt_1732753005_000000000044FC5B,Download,5.9411903257740368,26.394,0.00026572805859415342,Taipei City,Taipei,25.053,121.5259,5,Mobile Business Group,17421
2025-01-29 03:49:37.199663 UTC,2025,11:49:37,ndt-s58fq_1738075081_00000000000025AC,Download,14.994281929146638,143.514,0.0002903932944075455,Taipei City,Taipei,25.053,121.5259,5,"Taiwan Mobile Co., Ltd.",24158
2025-01-29 03:49:23.005280 UTC,2025,11:49:23,ndt-7h8vt_1732822567_0000000000440C55,Download,24.377848470761869,21.686,4.4774517894816572e-05,Taipei City,Taipei,25.053,121.5259,10,Taiwan Star Telecom Corporation Limited.(Former Vibo Telecom Inc.),24157
2025-01-29 03:48:03.328103 UTC,2025,11:48:03,ndt-7h8vt_1732822567_0000000000437FAD,Download,0.575468726869775,20.0,0.22918262162118494,Taipei City,Taipei,25.053,121.5259,10,"Taiwan Mobile Co., Ltd.",24158
2025-01-29 03:38:17.948752 UTC,2025,11:38:17,ndt-virtual-mx926_1737854326_000000000004EF39,Download,12.878880805738962,18.174,0.00025810324241268512,Taipei City,Taipei,25.053,121.5259,20,"Far EastTone Telecommunication Co., Ltd.",9674
2025-01-29 03:36:59.309525 UTC,2025,11:36:59,ndt-virtual-mx926_1737854326_0000000000050199,Download,18.35716761728078,21.769,0.0079270614794488947,Taipei City,Taipei,25.053,121.5259,50,"Far EastTone Telecommunication Co., Ltd.",9674
2025-01-29 03:32:07.155461 UTC,2025,11:32:07,ndt-qz6rr_1738067332_000000000000266A,Download,2.3444112608462944,22.7,0.0,Taipei City,Taipei,25.053,121.5259,10,"Taiwan Mobile Co., Ltd.",24158
2025-01-29 03:27:34.986405 UTC,2025,11:27:34,ndt-qz6rr_1738067332_000000000001367F,Download,1.4257088768420882,55.004,0.0,Taipei City,Taipei,25.053,121.5259,50,"Far EastTone Telecommunication Co., Ltd.",9674
2025-01-29 03:27:32.110944 UTC,2025,11:27:32,ndt-virtual-mx926_1737854326_000000000004F9CC,Download,10.185321300545827,18.843,0.074616584461208668,Taipei City,Taipei,25.053,121.5259,5,"Taiwan Mobile Co., Ltd.",24158
2025-01-29 03:26:33.490373 UTC,2025,11:26:33,ndt-zz5jt_1732753005_000000000045A4C1,Download,1.3576941927922803,45.534,0.13585118292963219,Taipei City,Taipei,25.053,121.5259,100,"Far EastTone Telecommunication Co., Ltd.",9674
2025-01-29 03:23:39.166356 UTC,2025,11:23:39,ndt-qz6rr_1738067332_0000000000010647,Download,11.142067005878543,29.927,0.0,Taipei City,Taipei,25.053,121.5259,100,"Taiwan Mobile Co., Ltd.",24158
2025-01-29 03:22:52.335108 UTC,2025,11:22:52,ndt-virtual-mx926_1737854326_000000000004EDFF,Download,15.31127092076685,24.074,0.00070272665480116943,Taipei City,Taipei,25.053,121.5259,50,"Far EastTone Telecommunication Co., Ltd.",9674
2025-01-29 03:17:12.374355 UTC,2025,11:17:12,ndt-virtual-mx926_1737854326_000000000004CFEC,Download,353.605982766348,11.802,0.0,Taipei City,Taipei,25.053,121.5259,20,"Far EastTone Telecommunication Co., Ltd.",9674
2025-01-29 03:16:49.939879 UTC,2025,11:16:49,ndt-virtual-mx926_1737854326_000000000004DEEE,Download,43.130715972837024,16.445,0.00020444537976732738,Taipei City,Taipei,25.053,121.5259,20,"Far EastTone Telecommunication Co., Ltd.",9674
2025-01-29 03:16:15.184271 UTC,2025,11:16:15,ndt-virtual-mx926_1737854326_000000000004CFD3,Download,6.7552934223658383,47.106,0.00016848645197807045,Taipei City,Taipei,25.053,121.5259,5,"Taiwan Mobile Co., Ltd.",24158
2025-01-29 03:12:48.864148 UTC,2025,11:12:48,ndt-fnw9k_1737958102_000000000003C2C2,Download,1.429139306586471,313.534,0.21514111940774192,Taipei City,Taipei,25.053,121.5259,5,Mobile Business Group,17421
2025-01-29 03:11:21.111799 UTC,2025,11:11:21,ndt-qz6rr_1738067332_0000000000018659,Download,2.4462786315645064,23.987,0.015582631594773083,Taipei City,Taipei,25.053,121.5259,5,Mobile Business Group,17421
2025-01-29 03:07:56.797172 UTC,2025,11:07:56,ndt-virtual-mx926_1737854326_000000000004ECA2,Download,9.3216409556302242,18.986,0.13382177407977477,Taipei City,Taipei,25.053,121.5259,5,"Taiwan Mobile Co., Ltd.",24158
2025-01-29 03:04:02.430766 UTC,2025,11:04:02,ndt-qz6rr_1738067332_000000000000348F,Download,7.753013015772714,27.338,0.050008140695003318,Taipei City,Taipei,25.053,121.5259,50,"Taiwan Mobile Co., Ltd.",24158
2025-01-29 03:03:36.419955 UTC,2025,11:03:36,ndt-qz6rr_1738067332_000000000001A659,Download,3.221338172699781,39.761,0.0,Taipei City,Taipei,25.053,121.5259,50,"Taiwan Mobile Co., Ltd.",24158
2025-01-29 02:59:35.886218 UTC,2025,10:59:35,ndt-qz6rr_1738067332_000000000001D624,Download,203.50892279508318,20.324,5.5831633687556638e-06,Taipei City,Taipei,25.053,121.5259,5,"Taiwan Mobile Co., Ltd.",24158
2025-01-29 02:50:39.968934 UTC,2025,10:50:39,ndt-virtual-mx926_1737854326_000000000004CDD8,Download,10.060910329933698,17.26,0.00044681990099784414,Taipei City,Taipei,25.053,121.5259,100,"Far EastTone Telecommunication Co., Ltd.",9674
2025-01-29 02:46:15.821132 UTC,2025,10:46:15,ndt-zz5jt_1732753005_0000000000452984,Download,21.468509037777739,29.686,0.34127609827795252,Taipei City,Taipei,25.053,121.5259,5,"Taiwan Mobile Co., Ltd.",24158
2025-01-29 02:43:16.783872 UTC,2025,10:43:16,ndt-zz5jt_1732753005_0000000000463171,Download,77.061598706280151,47.238,7.0779297944971884e-05,Taipei City,Taipei,25.053,121.5259,100,"Far EastTone Telecommunication Co., Ltd.",9674
2025-01-29 02:40:41.205404 UTC,2025,10:40:41,ndt-virtual-mx926_1737854326_000000000004F613,Download,1.3471868058813858,20.759,0.3038041112969041,Taipei City,Taipei,25.053,121.5259,5,"Taiwan Mobile Co., Ltd.",24158
2025-01-29 02:36:55.415725 UTC,2025,10:36:55,ndt-qz6rr_1738067332_000000000000064A,Download,116.41336787741963,20.049,4.8605915956736077e-05,Taipei City,Taipei,25.053,121.5259,5,Mobile Business Group,17421
2025-01-29 02:36:08.883088 UTC,2025,10:36:08,ndt-7h8vt_1732822567_000000000043CDD6,Download,170.34481511294169,20.116,0.0,Taipei City,Taipei,25.053,121.5259,5,"Taiwan Mobile Co., Ltd.",24158
2025-01-29 02:33:34.842628 UTC,2025,10:33:34,ndt-zz5jt_1732753005_000000000044BEAA,Download,18.5232059938399,25.127,5.8342274794900781e-05,Taipei City,Taipei,25.053,121.5259,20,"Taiwan Mobile Co., Ltd.",24158
2025-01-29 02:33:01.377752 UTC,2025,10:33:01,ndt-7h8vt_1732822567_0000000000437F3A,Download,30.017406900832736,24.364,0.039396486399605218,Taipei City,Taipei,25.053,121.5259,20,"Taiwan Mobile Co., Ltd.",24158
2025-01-29 02:32:19.263620 UTC,2025,10:32:19,ndt-virtual-mx926_1737854326_000000000004F57A,Download,39.806525257033883,18.684,0.0,Taipei City,Taipei,25.053,121.5259,20,Taiwan Star Telecom Corporation Limited.(Former Vibo Telecom Inc.),24157
2025-01-29 02:31:53.267579 UTC,2025,10:31:53,ndt-zz5jt_1732753005_0000000000464131,Download,42.496538063699624,19.778,0.0,Taipei City,Taipei,25.053,121.5259,20,Taiwan Star Telecom Corporation Limited.(Former Vibo Telecom Inc.),24157
2025-01-29 02:31:25.346115 UTC,2025,10:31:25,ndt-qz6rr_1738067332_00000000000155D1,Download,38.468245112244418,22.042,0.0,Taipei City,Taipei,25.053,121.5259,20,Taiwan Star Telecom Corporation Limited.(Former Vibo Telecom Inc.),24157
2025-01-29 02:30:52.546820 UTC,2025,10:30:52,ndt-7h8vt_1732822567_000000000043FA02,Download,3.35026730473586,27.728,0.004327869667024838,Taipei City,Taipei,25.053,121.5259,20,"Taiwan Mobile Co., Ltd.",24158
2025-01-29 02:30:24.914017 UTC,2025,10:30:24,ndt-qz6rr_1738067332_00000000000165E7,Download,4.2758050000526477,29.616,0.06052939564339041,Taipei City,Taipei,25.053,121.5259,20,"Taiwan Mobile Co., Ltd.",24158
2025-01-29 02:29:53.617566 UTC,2025,10:29:53,ndt-zz5jt_1732753005_000000000044BE99,Download,13.08948805771702,22.578,0.0893462506032906,Taipei City,Taipei,25.053,121.5259,20,"Taiwan Mobile Co., Ltd.",24158
2025-01-29 02:29:28.247728 UTC,2025,10:29:28,ndt-virtual-mx926_1737854326_000000000004DB65,Download,4.7723777931601994,19.969,0.0095528753563636336,Taipei City,Taipei,25.053,121.5259,20,"Taiwan Mobile Co., Ltd.",24158
2025-01-29 02:28:55.299433 UTC,2025,10:28:55,ndt-virtual-mx926_1737854326_000000000004E9C7,Download,26.484818527749464,22.982,0.040107831696668539,Taipei City,Taipei,25.053,121.5259,20,"Taiwan Mobile Co., Ltd.",24158
2025-01-29 02:28:08.607744 UTC,2025,10:28:08,ndt-zz5jt_1732753005_0000000000451BCA,Download,37.182724290999509,20.024,0.0,Taipei City,Taipei,25.053,121.5259,20,Taiwan Star Telecom Corporation Limited.(Former Vibo Telecom Inc.),24157
2025-01-29 02:16:05.251268 UTC,2025,10:16:05,ndt-7h8vt_1732822567_00000000004495DD,Download,55.889152252761058,22.251,0.0,Taipei City,Taipei,25.053,121.5259,5,Mobile Business Group,17421
2025-01-29 02:09:03.683700 UTC,2025,10:09:03,ndt-qz6rr_1738067332_00000000000105B0,Download,176.87194018407951,24.976,0.11433498790503245,Taipei City,Taipei,25.053,121.5259,5,Mobile Business Group,17421
2025-01-29 02:08:52.058073 UTC,2025,10:08:52,ndt-virtual-mx926_1737854326_000000000004F38E,Download,163.03864917642932,20.004,0.13606380129632806,Taipei City,Taipei,25.053,121.5259,5,Mobile Business Group,17421
2025-01-29 02:08:31.348169 UTC,2025,10:08:31,ndt-qz6rr_1738067332_00000000000075B9,Download,199.19075430008624,26.0,0.11235198157055191,Taipei City,Taipei,25.053,121.5259,5,Mobile Business Group,17421
2025-01-29 02:08:16.195083 UTC,2025,10:08:16,ndt-zz5jt_1732753005_0000000000452949,Download,148.18354659049376,25.193,0.13030091592545323,Taipei City,Taipei,25.053,121.5259,5,Mobile Business Group,17421
2025-01-29 02:00:51.086586 UTC,2025,10:00:51,ndt-zz5jt_1732753005_00000000004670C7,Download,196.2396334008717,19.916,0.0033500443347981171,Taipei City,Taipei,25.053,121.5259,10,"Taiwan Mobile Co., Ltd.",24158
2025-01-29 01:59:49.879024 UTC,2025,09:59:49,ndt-virtual-mx926_1737854326_000000000004F2E8,Download,199.16102000153191,24.398,0.0,Taipei City,Taipei,25.053,121.5259,20,"Far EastTone Telecommunication Co., Ltd.",9674
2025-01-29 01:58:07.942162 UTC,2025,09:58:07,ndt-virtual-mx926_1737854326_000000000004C9C2,Download,20.166054269969404,19.335,0.0,Taipei City,Taipei,25.053,121.5259,5,"Taiwan Mobile Co., Ltd.",24158
2025-01-29 01:57:41.241410 UTC,2025,09:57:41,ndt-virtual-mx926_1737854326_000000000004D8E3,Download,0.10673334595668059,360.792,0.12120271279847089,Taipei City,Taipei,25.053,121.5259,100,"Far EastTone Telecommunication Co., Ltd.",9674
2025-01-29 01:53:19.002325 UTC,2025,09:53:19,ndt-zz5jt_1732753005_000000000045E36C,Download,45.522326846314684,45.019,0.00032401463134460362,Taipei City,Taipei,25.053,121.5259,100,"Far EastTone Telecommunication Co., Ltd.",9674
2025-01-29 01:52:04.639656 UTC,2025,09:52:04,ndt-7h8vt_1732822567_000000000044E0B8,Download,0.45234924377166225,87.078,0.0,Taipei City,Taipei,25.053,121.5259,100,"Far EastTone Telecommunication Co., Ltd.",9674
2025-01-29 01:25:57.410918 UTC,2025,09:25:57,ndt-zz5jt_1732753005_000000000044CCE1,Download,11.560669845598319,22.963,0.10245046209539035,Taipei City,Taipei,25.053,121.5259,5,"Taiwan Mobile Co., Ltd.",24158
2025-01-29 01:25:51.559784 UTC,2025,09:25:51,ndt-virtual-mx926_1737854326_000000000004F08B,Download,15.716196822348156,15.0,0.13053666215145085,Taipei City,Taipei,25.053,121.5259,5,Mobile Business Group,17421
2025-01-29 01:22:50.980626 UTC,2025,09:22:50,ndt-zz5jt_1732753005_000000000045B40E,Download,38.455367254179947,21.051,0.0,Taipei City,Taipei,25.053,121.5259,20,"Taiwan Mobile Co., Ltd.",24158
2025-01-29 00:43:21.304523 UTC,2025,08:43:21,ndt-7h8vt_1732822567_000000000044D114,Download,0.1881907336145803,36.978,0.097838120234348763,Taipei City,Taipei,25.053,121.5259,10,"Taiwan Mobile Co., Ltd.",24158
2025-01-29 00:39:07.362399 UTC,2025,08:39:07,ndt-tr4x7_1738059115_00000000000095D6,Download,61.245971239100662,157.799,0.015545278991767456,Taipei City,Taipei,25.053,121.5259,5,"Taiwan Mobile Co., Ltd.",24158
2025-01-29 00:30:41.694971 UTC,2025,08:30:41,ndt-virtual-mx926_1737854326_000000000004BCB0,Download,9.2937125841244566,25.241,0.026500671666082481,Taipei City,Taipei,25.053,121.5259,20,"Far EastTone Telecommunication Co., Ltd.",9674
2025-01-29 00:07:07.818448 UTC,2025,08:07:07,ndt-virtual-mx926_1737854326_000000000004C251,Download,30.576027195247541,114.165,0.00015648327371114212,Taipei City,Taipei,25.053,121.5259,50,"Far EastTone Telecommunication Co., Ltd.",9674
2025-01-29 00:06:16.696127 UTC,2025,08:06:16,ndt-7h8vt_1732822567_000000000043CCB4,Download,0.55895328129366884,59.313,0.019225892284548518,Taipei City,Taipei,25.053,121.5259,5,"Taiwan Mobile Co., Ltd.",24158
2025-01-29 00:03:23.074364 UTC,2025,08:03:23,ndt-7h8vt_1732822567_0000000000443922,Download,31.555482889678512,46.928,0.00060883473981531658,Taipei City,Taipei,25.053,121.5259,100,"Far EastTone Telecommunication Co., Ltd.",9674
2025-01-29 00:01:33.014467 UTC,2025,08:01:33,ndt-7h8vt_1732822567_0000000000438DA7,Download,27.098111718631419,20.881,0.0,Taipei City,Taipei,25.053,121.5259,10,Taiwan Star Telecom Corporation Limited.(Former Vibo Telecom Inc.),24157
2025-01-28 23:55:06.825207 UTC,2025,07:55:06,ndt-7h8vt_1732822567_0000000000443916,Download,24.865089739270726,61.437,0.0004370987741816446,Taipei City,Taipei,25.053,121.5259,100,"Far EastTone Telecommunication Co., Ltd.",9674
2025-01-28 23:52:43.370967 UTC,2025,07:52:43,ndt-virtual-mx926_1737854326_000000000004D077,Download,161.39219336821174,20.074,0.0,Taipei City,Taipei,25.053,121.5259,100,"Far EastTone Telecommunication Co., Ltd.",9674
2025-01-28 23:51:10.061472 UTC,2025,07:51:10,ndt-virtual-mx926_1737854326_000000000004AEFE,Download,11.494291449857474,18.321,0.098299204648590016,Taipei City,Taipei,25.053,121.5259,20,"Taiwan Mobile Co., Ltd.",24158
2025-01-28 23:47:36.418785 UTC,2025,07:47:36,ndt-virtual-mx926_1737854326_000000000004B9C2,Download,65.920461150347208,26.037,5.0539059975159528e-05,Taipei City,Taipei,25.053,121.5259,100,"Far EastTone Telecommunication Co., Ltd.",9674
2025-01-28 23:45:18.090859 UTC,2025,07:45:18,ndt-virtual-mx926_1737854326_000000000004AE76,Download,2.6268306273473647,23.992,0.0,Taipei City,Taipei,25.053,121.5259,100,"Far EastTone Telecommunication Co., Ltd.",9674
2025-01-28 22:45:43.799770 UTC,2025,06:45:43,ndt-zz5jt_1732753005_0000000000462121,Download,80.251758181146954,29.579,0.0,Taipei City,Taipei,25.053,121.5259,5,Mobile Business Group,17421
2025-01-28 22:22:55.805040 UTC,2025,06:22:55,ndt-zz5jt_1732753005_0000000000444F86,Download,35.930370531400627,21.762,0.0,Taipei City,Taipei,25.053,121.5259,10,Taiwan Star Telecom Corporation Limited.(Former Vibo Telecom Inc.),24157
2025-01-28 22:06:39.713237 UTC,2025,06:06:39,ndt-qz6rr_1738067332_00000000000023C2,Download,4.5777086825496136,43.0,0.16735440148128825,Taipei City,Taipei,25.053,121.5259,50,"Far EastTone Telecommunication Co., Ltd.",9674
2025-01-28 21:01:53.616855 UTC,2025,05:01:53,ndt-virtual-mx926_1737854326_0000000000047F5C,Download,84.726574450694883,27.97,0.0,Taipei City,Taipei,25.053,121.5259,10,Mobile Business Group,17421
2025-01-28 20:59:35.576270 UTC,2025,04:59:35,ndt-7h8vt_1732822567_0000000000436D9E,Download,5.0137146319828,21.541,0.016334251394602289,Taipei City,Taipei,25.053,121.5259,5,"Taiwan Mobile Co., Ltd.",24158
2025-01-28 20:56:48.635522 UTC,2025,04:56:48,ndt-virtual-mx926_1737854326_00000000000485B2,Download,295.00097532646038,18.879,0.0,Taipei City,Taipei,25.053,121.5259,20,"Far EastTone Telecommunication Co., Ltd.",9674
2025-01-28 20:46:33.352977 UTC,2025,04:46:33,ndt-kvfdv_1737944523_0000000000029D47,Download,29.389410557405551,35.755,0.0,Taipei City,Taipei,25.053,121.5259,10,Taiwan Star Telecom Corporation Limited.(Former Vibo Telecom Inc.),24157
2025-01-28 20:33:18.629317 UTC,2025,04:33:18,ndt-virtual-mx926_1737854326_0000000000047DA0,Download,261.04332390596306,11.974,0.0,Taipei City,Taipei,25.053,121.5259,5,"Taiwan Mobile Co., Ltd.",24158
2025-01-28 20:32:45.972260 UTC,2025,04:32:45,ndt-fnw9k_1737958102_000000000002A5AF,Download,119.40214000566196,152.752,0.0,Taipei City,Taipei,25.053,121.5259,5,"Taiwan Mobile Co., Ltd.",24158
2025-01-28 20:16:03.042080 UTC,2025,04:16:03,ndt-7h8vt_1732822567_0000000000431CE8,Download,10.926161741337221,36.665,0.18098345275822483,Taipei City,Taipei,25.053,121.5259,20,"Far EastTone Telecommunication Co., Ltd.",9674
2025-01-28 20:15:18.894183 UTC,2025,04:15:18,ndt-virtual-mx926_1737854326_0000000000049224,Download,10.954996957105283,18.581,0.13109259708974005,Taipei City,Taipei,25.053,121.5259,20,"Far EastTone Telecommunication Co., Ltd.",9674
2025-01-28 20:05:42.366396 UTC,2025,04:05:42,ndt-virtual-mx926_1737854326_0000000000048224,Download,10.523159705556603,16.659,0.1274348993353597,Taipei City,Taipei,25.053,121.5259,20,"Far EastTone Telecommunication Co., Ltd.",9674
2025-01-28 19:58:00.710602 UTC,2025,03:58:00,ndt-zz5jt_1732753005_000000000045A216,Download,10.158902400124791,40.147,0.13366449469494168,Taipei City,Taipei,25.053,121.5259,100,"Far EastTone Telecommunication Co., Ltd.",9674
2025-01-28 19:51:42.590349 UTC,2025,03:51:42,ndt-7h8vt_1732822567_00000000004455B8,Download,10.46847521040225,39.276,0.16244143148160647,Taipei City,Taipei,25.053,121.5259,20,"Far EastTone Telecommunication Co., Ltd.",9674
2025-01-28 19:45:48.785472 UTC,2025,03:45:48,ndt-virtual-mx926_1737854326_0000000000049012,Download,6.3705263113474722,21.0,0.18900132233041289,Taipei City,Taipei,25.053,121.5259,100,"Far EastTone Telecommunication Co., Ltd.",9674
2025-01-28 19:41:14.618921 UTC,2025,03:41:14,ndt-qz6rr_1738067332_0000000000018303,Download,133.27155557888895,46.787,4.1980122658862926e-05,Taipei City,Taipei,25.053,121.5259,100,"Far EastTone Telecommunication Co., Ltd.",9674
2025-01-28 19:31:37.562435 UTC,2025,03:31:37,ndt-zz5jt_1732753005_000000000044DAD0,Download,51.060838017485949,22.47,0.0,Taipei City,Taipei,25.053,121.5259,10,"Taiwan Mobile Co., Ltd.",24158
2025-01-28 19:15:20.704318 UTC,2025,03:15:20,ndt-qz6rr_1738067332_00000000000162BE,Download,15.283497234449893,51.392,0.00058393578546493663,Taipei City,Taipei,25.053,121.5259,20,"Far EastTone Telecommunication Co., Ltd.",9674
2025-01-28 18:56:25.264103 UTC,2025,02:56:25,ndt-qz6rr_1738067332_00000000000002FA,Download,202.37876469504758,47.613,0.009392321372712318,Taipei City,Taipei,25.053,121.5259,20,"Far EastTone Telecommunication Co., Ltd.",9674
2025-01-28 18:38:59.454237 UTC,2025,02:38:59,ndt-zz5jt_1732753005_0000000000450885,Download,40.478297575680429,23.822,0.019049172743922285,Taipei City,Taipei,25.053,121.5259,10,Taiwan Star Telecom Corporation Limited.(Former Vibo Telecom Inc.),24157
2025-01-28 18:22:10.255214 UTC,2025,02:22:10,ndt-zz5jt_1732753005_000000000044CA33,Download,4.3228546620028316,32.158,0.0,Taipei City,Taipei,25.053,121.5259,5,Mobile Business Group,17421
2025-01-28 18:21:27.030371 UTC,2025,02:21:27,ndt-qz6rr_1738067332_000000000001325A,Download,9.0678763536385034,38.492,0.0028730998899131536,Taipei City,Taipei,25.053,121.5259,5,Mobile Business Group,17421
2025-01-28 17:52:23.508028 UTC,2025,01:52:23,ndt-virtual-mx926_1737854326_0000000000045848,Download,36.439215778818,19.939,0.0,Taipei City,Taipei,25.053,121.5259,10,"Taiwan Mobile Co., Ltd.",24158
2025-01-28 17:42:19.919335 UTC,2025,01:42:19,ndt-virtual-mx926_1737854326_00000000000457B2,Download,1.3591291179246319,48.875,0.023442630201865204,Taipei City,Taipei,25.053,121.5259,5,Mobile Business Group,17421
2025-01-28 17:38:00.597558 UTC,2025,01:38:00,ndt-virtual-mx926_1737854326_000000000004485C,Download,128.07754742377514,19.206,0.0,Taipei City,Taipei,25.053,121.5259,20,"Far EastTone Telecommunication Co., Ltd.",9674
2025-01-28 17:30:55.708217 UTC,2025,01:30:55,ndt-7h8vt_1732822567_000000000043B9CB,Download,66.706132492032822,22.539,0.0,Taipei City,Taipei,25.053,121.5259,5,"Taiwan Mobile Co., Ltd.",24158
2025-01-28 17:30:11.913077 UTC,2025,01:30:11,ndt-qz6rr_1738067332_000000000000E22D,Download,1.1859202104789315,37.336,0.0024012930039251906,Taipei City,Taipei,25.053,121.5259,5,Mobile Business Group,17421
2025-01-28 17:24:53.750367 UTC,2025,01:24:53,ndt-virtual-mx926_1737854326_0000000000045681,Download,15.132383283405629,20.268,0.00051413304975935859,Taipei City,Taipei,25.053,121.5259,100,"Far EastTone Telecommunication Co., Ltd.",9674
2025-01-28 17:24:13.810600 UTC,2025,01:24:13,ndt-qz6rr_1738067332_000000000000E224,Download,29.996578181654858,49.38,3.82259405247731e-05,Taipei City,Taipei,25.053,121.5259,100,"Far EastTone Telecommunication Co., Ltd.",9674
2025-01-28 17:16:55.118827 UTC,2025,01:16:55,ndt-virtual-mx926_1737854326_00000000000470F4,Download,19.156165604379357,26.861,5.9526446532320735e-05,Taipei City,Taipei,25.053,121.5259,50,"Far EastTone Telecommunication Co., Ltd.",9674
2025-01-28 17:13:46.105758 UTC,2025,01:13:46,ndt-zz5jt_1732753005_000000000045915F,Download,106.2229153425872,28.607,0.0,Taipei City,Taipei,25.053,121.5259,10,"Taiwan Mobile Co., Ltd.",24158
2025-01-28 17:13:10.256498 UTC,2025,01:13:10,ndt-virtual-mx926_1737854326_0000000000046421,Download,0.99762959758692449,19.844,0.0032060282238932859,Taipei City,Taipei,25.053,121.5259,100,"Far EastTone Telecommunication Co., Ltd.",9674
2025-01-28 17:06:13.945781 UTC,2025,01:06:13,ndt-7h8vt_1732822567_00000000004407EE,Download,11.109046426115674,130.459,0.0065171550039677282,Taipei City,Taipei,25.053,121.5259,10,"Taiwan Mobile Co., Ltd.",24158
2025-01-28 17:02:37.971108 UTC,2025,01:02:37,ndt-7h8vt_1732822567_000000000044742B,Download,32.938164805054825,51.74,8.4245513727284349e-05,Taipei City,Taipei,25.053,121.5259,100,"Far EastTone Telecommunication Co., Ltd.",9674
2025-01-28 17:00:31.720351 UTC,2025,01:00:31,ndt-virtual-mx926_1737854326_000000000004634A,Download,14.568493113375057,17.189,0.0021128478426080581,Taipei City,Taipei,25.053,121.5259,5,"Taiwan Mobile Co., Ltd.",24158
2025-01-28 16:55:57.301160 UTC,2025,00:55:57,ndt-zz5jt_1732753005_000000000045A102,Download,90.17955633024782,19.96,0.0001134728358771441,Taipei City,Taipei,25.053,121.5259,5,Mobile Business Group,17421
2025-01-28 16:49:44.298666 UTC,2025,00:49:44,ndt-qz6rr_1738067332_00000000000181E0,Download,48.816112778851071,48.057,0.16332723674008551,Taipei City,Taipei,25.053,121.5259,50,"Far EastTone Telecommunication Co., Ltd.",9674
2025-01-28 16:47:24.667819 UTC,2025,00:47:24,ndt-7h8vt_1732822567_000000000044740A,Download,5.4234809796823287,48.423,0.0022342310791595528,Taipei City,Taipei,25.053,121.5259,100,"Far EastTone Telecommunication Co., Ltd.",9674
2025-01-28 16:41:52.389525 UTC,2025,00:41:52,ndt-qz6rr_1738067332_00000000000021C1,Download,160.09653121446993,54.637,0.0011189532931857925,Taipei City,Taipei,25.053,121.5259,20,"Far EastTone Telecommunication Co., Ltd.",9674
2025-01-28 16:41:35.755108 UTC,2025,00:41:35,ndt-7h8vt_1732822567_0000000000444562,Download,487.00100445690879,21.486,2.333865336411366e-06,Taipei City,Taipei,25.053,121.5259,5,"Taiwan Mobile Co., Ltd.",24158
2025-01-28 16:38:09.750924 UTC,2025,00:38:09,ndt-7h8vt_1732822567_000000000044A137,Download,249.37949836529168,19.242,0.0,Taipei City,Taipei,25.053,121.5259,5,"Taiwan Mobile Co., Ltd.",24158
2025-01-28 16:31:42.684140 UTC,2025,00:31:42,ndt-virtual-mx926_1737854326_0000000000046138,Download,45.794442657912128,20.962,0.033746311232388707,Taipei City,Taipei,25.053,121.5259,50,"Far EastTone Telecommunication Co., Ltd.",9674
2025-01-28 16:30:02.408182 UTC,2025,00:30:02,ndt-virtual-mx926_1737854326_0000000000043DC1,Download,45.802012645346196,37.077,0.097990695719238366,Taipei City,Taipei,25.053,121.5259,50,"Far EastTone Telecommunication Co., Ltd.",9674
2025-01-28 16:29:47.144129 UTC,2025,00:29:47,ndt-virtual-mx926_1737854326_0000000000043DBD,Download,20.682712052952507,20.697,0.032423684235944425,Taipei City,Taipei,25.053,121.5259,50,"Far EastTone Telecommunication Co., Ltd.",9674
2025-01-28 16:20:06.891146 UTC,2025,00:20:06,ndt-zz5jt_1732753005_000000000045A0C4,Download,2.6698068963288559,21.444,0.052277555277739578,Taipei City,Taipei,25.053,121.5259,5,"Taiwan Mobile Co., Ltd.",24158
2025-01-28 16:11:22.250539 UTC,2025,00:11:22,ndt-qz6rr_1738067332_000000000001019A,Download,175.72362898058216,21.169,0.0,Taipei City,Taipei,25.053,121.5259,10,"Taiwan Mobile Co., Ltd.",24158
2025-01-28 16:06:16.581205 UTC,2025,00:06:16,ndt-zz5jt_1732753005_000000000044C988,Download,4.455990107437553,22.811,0.14555830182186319,Taipei City,Taipei,25.053,121.5259,5,"Taiwan Mobile Co., Ltd.",24158
2025-01-28 16:06:11.062958 UTC,2025,00:06:11,ndt-virtual-mx926_1737854326_0000000000042F84,Download,97.4981890379953,15.434,0.0,Taipei City,Taipei,25.053,121.5259,10,"Taiwan Mobile Co., Ltd.",24158
2025-01-28 16:05:15.395342 UTC,2025,00:05:15,ndt-qz6rr_1738067332_0000000000016180,Download,13.109948158572212,25.502,0.0,Taipei City,Taipei,25.053,121.5259,20,"Taiwan Mobile Co., Ltd.",24158
2025-01-28 15:41:48.486267 UTC,2025,23:41:48,ndt-virtual-mx926_1737854326_0000000000040FC9,Download,18.395759361807379,28.93,6.3262087673505275e-05,Taipei City,Taipei,25.053,121.5259,100,"Far EastTone Telecommunication Co., Ltd.",9674
2025-01-28 15:37:36.640155 UTC,2025,23:37:36,ndt-virtual-mx926_1737854326_0000000000040F8A,Download,8.25312477072257,17.01,0.14316809990476012,Taipei City,Taipei,25.053,121.5259,100,"Far EastTone Telecommunication Co., Ltd.",9674
2025-01-28 15:33:12.636469 UTC,2025,23:33:12,ndt-virtual-mx926_1737854326_0000000000040F38,Download,8.5545195877492457,17.807,0.0024149906569514742,Taipei City,Taipei,25.053,121.5259,5,"Taiwan Mobile Co., Ltd.",24158
2025-01-28 15:31:08.072020 UTC,2025,23:31:08,ndt-virtual-mx926_1737854326_0000000000041FC6,Download,26.620679724342988,19.948,0.000357513818479585,Taipei City,Taipei,25.053,121.5259,10,Mobile Business Group,17421
2025-01-28 15:30:16.791435 UTC,2025,23:30:16,ndt-zz5jt_1732753005_0000000000443CDB,Download,1.5802496417209095,57.832,0.018902251730737424,Taipei City,Taipei,25.053,121.5259,20,"Far EastTone Telecommunication Co., Ltd.",9674
2025-01-28 15:29:54.566803 UTC,2025,23:29:54,ndt-virtual-mx926_1737854326_0000000000040EEF,Download,0.57700411340424629,31.929,0.043775939467517434,Taipei City,Taipei,25.053,121.5259,20,"Far EastTone Telecommunication Co., Ltd.",9674
2025-01-28 15:29:07.878666 UTC,2025,23:29:07,ndt-zz5jt_1732753005_0000000000440EF2,Download,1.4587049838098336,21.943,0.046641965008711019,Taipei City,Taipei,25.053,121.5259,10,Mobile Business Group,17421
2025-01-28 15:26:09.498928 UTC,2025,23:26:09,ndt-7h8vt_1732822567_00000000004453FB,Download,4.5420763813747449,56.973,0.0010139031469018922,Taipei City,Taipei,25.053,121.5259,100,"Far EastTone Telecommunication Co., Ltd.",9674
2025-01-28 15:24:41.590581 UTC,2025,23:24:41,ndt-zz5jt_1732753005_0000000000446CEE,Download,98.044462026677209,20.085,0.015185237953861841,Taipei City,Taipei,25.053,121.5259,5,Mobile Business Group,17421
2025-01-28 15:24:18.238398 UTC,2025,23:24:18,ndt-qz6rr_1738067332_0000000000012176,Download,75.410044471964426,20.004,0.013266917710355507,Taipei City,Taipei,25.053,121.5259,5,Mobile Business Group,17421
2025-01-28 15:22:35.810941 UTC,2025,23:22:35,ndt-qz6rr_1738067332_000000000001311D,Download,159.724833616701,31.455,0.0,Taipei City,Taipei,25.053,121.5259,10,"Taiwan Mobile Co., Ltd.",24158
2025-01-28 15:22:16.835028 UTC,2025,23:22:16,ndt-virtual-mx926_1737854326_0000000000041F13,Download,13.983288441075086,20.584,0.0001575764022752988,Taipei City,Taipei,25.053,121.5259,20,"Far EastTone Telecommunication Co., Ltd.",9674
2025-01-28 15:14:08.897456 UTC,2025,23:14:08,ndt-qz6rr_1738067332_000000000000E13D,Download,24.265849879860323,22.719,0.31866587417899206,Taipei City,Taipei,25.053,121.5259,5,"Taiwan Mobile Co., Ltd.",24158
2025-01-28 14:59:15.110091 UTC,2025,22:59:15,ndt-7h8vt_1732822567_000000000043A774,Download,23.6207199845716,26.887,0.096030748362055871,Taipei City,Taipei,25.053,121.5259,10,Mobile Business Group,17421
2025-01-28 14:53:29.526621 UTC,2025,22:53:29,ndt-7h8vt_1732822567_000000000043C8FF,Download,13.253392539452969,30.96,0.0,Taipei City,Taipei,25.053,121.5259,5,"Taiwan Mobile Co., Ltd.",24158
2025-01-28 14:46:55.940947 UTC,2025,22:46:55,ndt-virtual-mx926_1737854326_0000000000042A18,Download,3.3056688428432781,24.206,0.10458388016529442,Taipei City,Taipei,25.053,121.5259,5,Mobile Business Group,17421
2025-01-28 14:44:48.464551 UTC,2025,22:44:48,ndt-virtual-mx926_1737854326_00000000000436CA,Download,21.898366023132947,20.923,6.326430074737016e-05,Taipei City,Taipei,25.053,121.5259,5,Mobile Business Group,17421
2025-01-28 14:43:00.756945 UTC,2025,22:43:00,ndt-virtual-mx926_1737854326_0000000000041C2E,Download,11.661968119475715,25.093,0.0,Taipei City,Taipei,25.053,121.5259,5,"Taiwan Mobile Co., Ltd.",24158
2025-01-28 14:37:07.999247 UTC,2025,22:37:07,ndt-7h8vt_1732822567_0000000000434BF9,Download,18.086909782901689,48.597,5.9679703621410325e-05,Taipei City,Taipei,25.053,121.5259,100,"Far EastTone Telecommunication Co., Ltd.",9674
2025-01-28 14:36:29.611029 UTC,2025,22:36:29,ndt-qz6rr_1738067332_000000000000E0F6,Download,0.67222110851229677,43.85,0.020398659058106266,Taipei City,Taipei,25.053,121.5259,100,"Far EastTone Telecommunication Co., Ltd.",9674
2025-01-28 14:36:28.671588 UTC,2025,22:36:28,ndt-virtual-mx926_1737854326_000000000004297D,Download,15.278674224310963,27.073,0.0,Taipei City,Taipei,25.053,121.5259,100,"Far EastTone Telecommunication Co., Ltd.",9674
2025-01-28 14:36:21.229446 UTC,2025,22:36:21,ndt-7h8vt_1732822567_00000000004453A9,Download,53.486664101429788,27.55,0.0,Taipei City,Taipei,25.053,121.5259,20,Taiwan Star Telecom Corporation Limited.(Former Vibo Telecom Inc.),24157
2025-01-28 14:36:16.685242 UTC,2025,22:36:16,ndt-7h8vt_1732822567_0000000000437A45,Download,5.2679274721702267,53.912,0.03533169156895534,Taipei City,Taipei,25.053,121.5259,50,"Far EastTone Telecommunication Co., Ltd.",9674
2025-01-28 14:36:09.902428 UTC,2025,22:36:09,ndt-qz6rr_1738067332_000000000000E0F5,Download,5.6864418663865948,51.153,0.016934089767475461,Taipei City,Taipei,25.053,121.5259,50,"Far EastTone Telecommunication Co., Ltd.",9674
2025-01-28 14:35:06.957793 UTC,2025,22:35:06,ndt-zz5jt_1732753005_0000000000458270,Download,4.0250916680524984,53.101,0.024785524073677921,Taipei City,Taipei,25.053,121.5259,50,"Far EastTone Telecommunication Co., Ltd.",9674
2025-01-28 14:34:55.008587 UTC,2025,22:34:55,ndt-7h8vt_1732822567_00000000004462FE,Download,145.97715896717679,27.034,0.0029249191520582633,Taipei City,Taipei,25.053,121.5259,20,Taiwan Star Telecom Corporation Limited.(Former Vibo Telecom Inc.),24157
2025-01-28 14:33:40.413053 UTC,2025,22:33:40,ndt-zz5jt_1732753005_00000000004506FE,Download,1.6331478735425513,56.61,0.075045041217346814,Taipei City,Taipei,25.053,121.5259,50,"Far EastTone Telecommunication Co., Ltd.",9674
2025-01-28 14:29:33.017675 UTC,2025,22:29:33,ndt-virtual-mx926_1737854326_00000000000428FD,Download,14.559362686121629,21.441,0.10399778493802034,Taipei City,Taipei,25.053,121.5259,5,Mobile Business Group,17421
2025-01-28 14:23:38.226865 UTC,2025,22:23:38,ndt-zz5jt_1732753005_0000000000452489,Download,106.13445283517731,15.384,0.17839089577603562,Taipei City,Taipei,25.053,121.5259,5,Mobile Business Group,17421
2025-01-28 14:22:06.575027 UTC,2025,22:22:06,ndt-qz6rr_1738067332_000000000001E0CC,Download,25.833660348895876,27.352,0.043934777776324908,Taipei City,Taipei,25.053,121.5259,5,Mobile Business Group,17421
2025-01-28 14:09:46.079343 UTC,2025,22:09:46,ndt-zz5jt_1732753005_000000000045A008,Download,16.776105472181936,21.932,0.078591436624888766,Taipei City,Taipei,25.053,121.5259,10,"Taiwan Mobile Co., Ltd.",24158
2025-01-28 14:07:22.400834 UTC,2025,22:07:22,ndt-zz5jt_1732753005_000000000044F74B,Download,5.8775414700171256,60.844,0.0032043755645375575,Taipei City,Taipei,25.053,121.5259,100,"Far EastTone Telecommunication Co., Ltd.",9674
2025-01-28 14:02:07.522168 UTC,2025,22:02:07,ndt-7h8vt_1732822567_0000000000433982,Download,62.983424618360189,15.98,0.0,Taipei City,Taipei,25.053,121.5259,5,"Taiwan Mobile Co., Ltd.",24158
2025-01-28 14:00:46.006292 UTC,2025,22:00:46,ndt-zz5jt_1732753005_000000000043CE9E,Download,19.358174522928852,23.421,0.0,Taipei City,Taipei,25.053,121.5259,10,Taiwan Star Telecom Corporation Limited.(Former Vibo Telecom Inc.),24157
2025-01-28 13:43:16.440270 UTC,2025,21:43:16,ndt-zz5jt_1732753005_000000000043CE77,Download,39.041949711798985,28.047,0.00020531381483333651,Taipei City,Taipei,25.053,121.5259,5,"Taiwan Mobile Co., Ltd.",24158
2025-01-28 13:39:33.251435 UTC,2025,21:39:33,ndt-zz5jt_1732753005_000000000043FDB1,Download,16.420967732619349,23.792,0.00074776369195100531,Taipei City,Taipei,25.053,121.5259,5,"Taiwan Mobile Co., Ltd.",24158
2025-01-28 13:36:34.945391 UTC,2025,21:36:34,ndt-virtual-pnswz_1737887126_0000000000040DBE,Download,3.946241686050139,41.865,0.18343493495205898,Taipei City,Taipei,25.053,121.5259,50,"Far EastTone Telecommunication Co., Ltd.",9674
2025-01-28 13:34:04.974794 UTC,2025,21:34:04,ndt-virtual-mx926_1737854326_0000000000040678,Download,6.8715986382439462,23.529,0.013097274554663132,Taipei City,Taipei,25.053,121.5259,50,"Taiwan Mobile Co., Ltd.",24158
2025-01-28 13:33:03.484813 UTC,2025,21:33:03,ndt-7h8vt_1732822567_0000000000434B83,Download,5.2841508474074468,29.54,0.0049912109765306405,Taipei City,Taipei,25.053,121.5259,50,"Taiwan Mobile Co., Ltd.",24158
2025-01-28 13:32:43.702954 UTC,2025,21:32:43,ndt-zz5jt_1732753005_0000000000446C15,Download,16.329048551023785,26.84,0.043788376231172148,Taipei City,Taipei,25.053,121.5259,5,Mobile Business Group,17421
2025-01-28 13:32:02.583107 UTC,2025,21:32:02,ndt-zz5jt_1732753005_0000000000450685,Download,13.904016876764425,23.349,0.0,Taipei City,Taipei,25.053,121.5259,5,"Taiwan Mobile Co., Ltd.",24158
2025-01-28 13:30:41.258353 UTC,2025,21:30:41,ndt-virtual-mx926_1737854326_0000000000041620,Download,3.7248142897434113,30.737,0.013875310486448605,Taipei City,Taipei,25.053,121.5259,50,"Far EastTone Telecommunication Co., Ltd.",9674
2025-01-28 13:24:31.223009 UTC,2025,21:24:31,ndt-qz6rr_1738067332_000000000001F050,Download,33.1259337119627,58.37,0.00017998462014239995,Taipei City,Taipei,25.053,121.5259,100,"Far EastTone Telecommunication Co., Ltd.",9674
2025-01-28 13:23:53.408003 UTC,2025,21:23:53,ndt-qz6rr_1738067332_0000000000012079,Download,19.976412111448209,44.173,0.09231079060407571,Taipei City,Taipei,25.053,121.5259,100,"Far EastTone Telecommunication Co., Ltd.",9674
2025-01-28 13:23:08.689154 UTC,2025,21:23:08,ndt-7h8vt_1732822567_0000000000434B74,Download,6.6171180840805777,50.137,0.0003721036850432767,Taipei City,Taipei,25.053,121.5259,50,"Far EastTone Telecommunication Co., Ltd.",9674
2025-01-28 13:22:30.489828 UTC,2025,21:22:30,ndt-zz5jt_1732753005_000000000044A90F,Download,8.9808973101403673,62.069,0.0012176567043740423,Taipei City,Taipei,25.053,121.5259,50,"Far EastTone Telecommunication Co., Ltd.",9674
2025-01-28 13:20:36.702979 UTC,2025,21:20:36,ndt-zz5jt_1732753005_000000000043CE36,Download,60.147396000982759,26.448,0.0,Taipei City,Taipei,25.053,121.5259,5,"Taiwan Mobile Co., Ltd.",24158
2025-01-28 13:14:43.755087 UTC,2025,21:14:43,ndt-zz5jt_1732753005_0000000000448997,Download,41.828023400441289,23.212,0.0,Taipei City,Taipei,25.053,121.5259,20,"Taiwan Mobile Co., Ltd.",24158
2025-01-28 13:12:30.890254 UTC,2025,21:12:30,ndt-7h8vt_1732822567_000000000043C843,Download,29.889725316705167,24.732,0.054728091757929559,Taipei City,Taipei,25.053,121.5259,5,"Taiwan Mobile Co., Ltd.",24158
2025-01-28 13:08:56.646256 UTC,2025,21:08:56,ndt-qz6rr_1738067332_000000000001A060,Download,167.93562680779124,17.817,6.7269686963809244e-06,Taipei City,Taipei,25.053,121.5259,5,"Taiwan Mobile Co., Ltd.",24158
2025-01-28 13:08:51.472282 UTC,2025,21:08:51,ndt-zz5jt_1732753005_000000000043BF98,Download,29.293928324408011,30.161,3.8449505903655072e-05,Taipei City,Taipei,25.053,121.5259,5,"Taiwan Mobile Co., Ltd.",24158
2025-01-28 13:07:03.190737 UTC,2025,21:07:03,ndt-qz6rr_1738067332_0000000000015046,Download,9.8336066235456752,49.835,0.053374416133464789,Taipei City,Taipei,25.053,121.5259,100,"Far EastTone Telecommunication Co., Ltd.",9674
2025-01-28 13:04:49.764943 UTC,2025,21:04:49,ndt-virtual-mx926_1737854326_00000000000422B6,Download,37.771187761331625,22.581,0.0097545371050138871,Taipei City,Taipei,25.053,121.5259,5,"Taiwan Mobile Co., Ltd.",24158
2025-01-28 13:03:41.895063 UTC,2025,21:03:41,ndt-virtual-mx926_1737854326_00000000000404A0,Download,18.681398313342118,21.579,0.0,Taipei City,Taipei,25.053,121.5259,5,"Taiwan Mobile Co., Ltd.",24158
2025-01-28 13:03:18.638664 UTC,2025,21:03:18,ndt-qz6rr_1738067332_000000000001D04D,Download,24.104177701046787,27.185,0.0049097747110454417,Taipei City,Taipei,25.053,121.5259,5,"Taiwan Mobile Co., Ltd.",24158
2025-01-28 13:02:46.002312 UTC,2025,21:02:46,ndt-zz5jt_1732753005_0000000000450656,Download,14.77964910237008,26.715,0.0027193719086631763,Taipei City,Taipei,25.053,121.5259,5,"Taiwan Mobile Co., Ltd.",24158
2025-01-28 13:02:17.104967 UTC,2025,21:02:17,ndt-qz6rr_1738067332_0000000000012040,Download,137.71478305318831,22.238,0.0,Taipei City,Taipei,25.053,121.5259,20,Taiwan Star Telecom Corporation Limited.(Former Vibo Telecom Inc.),24157
2025-01-28 13:01:41.661794 UTC,2025,21:01:41,ndt-zz5jt_1732753005_0000000000446BD5,Download,40.986157567251567,24.813,0.0,Taipei City,Taipei,25.053,121.5259,20,Taiwan Star Telecom Corporation Limited.(Former Vibo Telecom Inc.),24157
2025-01-28 13:01:32.931215 UTC,2025,21:01:32,ndt-virtual-mx926_1737854326_0000000000040474,Download,3.5460069650885759,17.177,0.0,Taipei City,Taipei,25.053,121.5259,10,Taiwan Star Telecom Corporation Limited.(Former Vibo Telecom Inc.),24157
2025-01-28 12:58:47.734145 UTC,2025,20:58:47,ndt-zz5jt_1732753005_000000000044D846,Download,21.634384968528952,26.266,0.059557559546804965,Taipei City,Taipei,25.053,121.5259,10,Mobile Business Group,17421
2025-01-28 12:57:16.378744 UTC,2025,20:57:16,ndt-zz5jt_1732753005_0000000000445AF5,Download,193.09002993667968,20.835,0.085862103915343088,Taipei City,Taipei,25.053,121.5259,10,"Taiwan Mobile Co., Ltd.",24158
2025-01-28 12:57:09.501104 UTC,2025,20:57:09,ndt-zz5jt_1732753005_000000000043DF03,Download,208.80528096898925,22.534,0.0,Taipei City,Taipei,25.053,121.5259,20,Taiwan Star Telecom Corporation Limited.(Former Vibo Telecom Inc.),24157
2025-01-28 12:56:43.312621 UTC,2025,20:56:43,ndt-7h8vt_1732822567_0000000000436A1F,Download,39.456233332896694,23.89,0.0,Taipei City,Taipei,25.053,121.5259,10,"Taiwan Mobile Co., Ltd.",24158
2025-01-28 12:47:53.143999 UTC,2025,20:47:53,ndt-7h8vt_1732822567_0000000000438936,Download,34.797343754015763,23.738,0.0,Taipei City,Taipei,25.053,121.5259,10,"Taiwan Mobile Co., Ltd.",24158
2025-01-28 12:42:11.219110 UTC,2025,20:42:11,ndt-zz5jt_1732753005_000000000044E6C0,Download,23.804592753074949,22.917,0.0765967419656768,Taipei City,Taipei,25.053,121.5259,5,"Taiwan Mobile Co., Ltd.",24158
2025-01-28 12:34:25.528898 UTC,2025,20:34:25,ndt-7h8vt_1732822567_0000000000447231,Download,1.6803716832059279,61.984,0.011664554213357331,Taipei City,Taipei,25.053,121.5259,100,"Far EastTone Telecommunication Co., Ltd.",9674
2025-01-28 12:23:45.993829 UTC,2025,20:23:45,ndt-7h8vt_1732822567_0000000000437935,Download,97.658783742571444,25.889,3.6841505656466643e-06,Taipei City,Taipei,25.053,121.5259,5,"Taiwan Mobile Co., Ltd.",24158
2025-01-28 12:23:43.693772 UTC,2025,20:23:43,ndt-zz5jt_1732753005_000000000044E69A,Download,129.54751900420183,51.317,0.0,Taipei City,Taipei,25.053,121.5259,100,"Far EastTone Telecommunication Co., Ltd.",9674
2025-01-28 12:19:29.356273 UTC,2025,20:19:29,ndt-zz5jt_1732753005_0000000000446B81,Download,84.735116220884777,26.149,0.00018670339546068124,Taipei City,Taipei,25.053,121.5259,5,"Taiwan Mobile Co., Ltd.",24158
2025-01-28 12:02:19.861970 UTC,2025,20:02:19,ndt-virtual-mx926_1737854326_000000000004005E,Download,25.676758822524153,29.75,0.0,Taipei City,Taipei,25.053,121.5259,10,"Taiwan Mobile Co., Ltd.",24158
2025-01-28 12:01:49.488422 UTC,2025,20:01:49,ndt-qz6rr_1732705542_000000000044E6AE,Download,10.536916787060505,45.132,0.15144693521447317,Taipei City,Taipei,25.053,121.5259,100,"Far EastTone Telecommunication Co., Ltd.",9674
2025-01-28 12:01:01.328806 UTC,2025,20:01:01,ndt-kvfdv_1737944523_0000000000022AE9,Download,29.932318624028422,167.307,0.0,Taipei City,Taipei,25.053,121.5259,50,"Far EastTone Telecommunication Co., Ltd.",9674
2025-01-28 11:59:36.292134 UTC,2025,19:59:36,ndt-zz5jt_1732753005_00000000004542DF,Download,51.331725109349847,29.737,0.027488421433780434,Taipei City,Taipei,25.053,121.5259,10,Mobile Business Group,17421
2025-01-28 11:58:39.702507 UTC,2025,19:58:39,ndt-7h8vt_1732822567_0000000000432C00,Download,1.8306133099883837,56.949,0.0,Taipei City,Taipei,25.053,121.5259,100,"Far EastTone Telecommunication Co., Ltd.",9674
2025-01-28 11:50:13.470800 UTC,2025,19:50:13,ndt-7h8vt_1732822567_00000000004388BA,Download,115.72465677278853,40.019,0.0,Taipei City,Taipei,25.053,121.5259,100,"Far EastTone Telecommunication Co., Ltd.",9674
2025-01-28 11:43:38.754723 UTC,2025,19:43:38,ndt-qz6rr_1732705542_0000000000457639,Download,18.937126176916692,26.721,0.0,Taipei City,Taipei,25.053,121.5259,5,Mobile Business Group,17421
2025-01-28 11:38:52.942745 UTC,2025,19:38:52,ndt-virtual-mx926_1737854326_000000000003CE5B,Download,101.82821165390489,16.755,0.0,Taipei City,Taipei,25.053,121.5259,5,Mobile Business Group,17421
2025-01-28 11:27:43.392613 UTC,2025,19:27:43,ndt-7h8vt_1732822567_0000000000427F0A,Download,94.960276029018885,24.884,0.0,Taipei City,Taipei,25.053,121.5259,5,"Taiwan Mobile Co., Ltd.",24158
2025-01-28 11:27:23.848310 UTC,2025,19:27:23,ndt-qz6rr_1732705542_000000000044D666,Download,6.2371617616248543,56.721,0.00023412614874289997,Taipei City,Taipei,25.053,121.5259,100,"Far EastTone Telecommunication Co., Ltd.",9674
2025-01-28 11:26:43.695211 UTC,2025,19:26:43,ndt-7h8vt_1732822567_00000000004433CF,Download,126.68744469190082,23.8,1.7999524689263789e-05,Taipei City,Taipei,25.053,121.5259,5,"Taiwan Mobile Co., Ltd.",24158
2025-01-28 11:24:57.592258 UTC,2025,19:24:57,ndt-qz6rr_1732705542_000000000044D663,Download,0.76771010740098156,58.94,0.0019812168438153,Taipei City,Taipei,25.053,121.5259,100,"Far EastTone Telecommunication Co., Ltd.",9674
2025-01-28 11:17:54.700957 UTC,2025,19:17:54,ndt-7h8vt_1732822567_000000000043E51F,Download,74.514538364975508,21.722,2.5652965207924838e-05,Taipei City,Taipei,25.053,121.5259,10,Mobile Business Group,17421
2025-01-28 11:14:54.895213 UTC,2025,19:14:54,ndt-zz5jt_1732753005_000000000044D771,Download,31.505328758518541,45.826,0.00043035053150776908,Taipei City,Taipei,25.053,121.5259,100,"Far EastTone Telecommunication Co., Ltd.",9674
2025-01-28 11:11:02.008085 UTC,2025,19:11:02,ndt-virtual-mx926_1737854326_000000000003F681,Download,10.604513578542544,23.798,0.08385988815282186,Taipei City,Taipei,25.053,121.5259,100,"Far EastTone Telecommunication Co., Ltd.",9674
2025-01-28 11:10:53.336431 UTC,2025,19:10:53,ndt-zz5jt_1732753005_0000000000441D4B,Download,38.036534169539792,23.923,0.0,Taipei City,Taipei,25.053,121.5259,5,"Taiwan Mobile Co., Ltd.",24158
2025-01-28 11:04:05.803897 UTC,2025,19:04:05,ndt-zz5jt_1732753005_0000000000454299,Download,43.273501676237515,25.561,0.0,Taipei City,Taipei,25.053,121.5259,5,"Taiwan Mobile Co., Ltd.",24158
2025-01-28 11:03:54.382889 UTC,2025,19:03:54,ndt-zz5jt_1732753005_000000000045615B,Download,50.796564828561081,53.853,0.00017852778896615127,Taipei City,Taipei,25.053,121.5259,100,"Far EastTone Telecommunication Co., Ltd.",9674
2025-01-28 10:59:38.229067 UTC,2025,18:59:38,ndt-qz6rr_1732705542_000000000044D63C,Download,4.7913015297720225,57.246,0.022336686443289375,Taipei City,Taipei,25.053,121.5259,100,"Far EastTone Telecommunication Co., Ltd.",9674
2025-01-28 10:58:20.790318 UTC,2025,18:58:20,ndt-7h8vt_1732822567_0000000000434A5C,Download,32.74717403141252,25.8,0.0016699112609849748,Taipei City,Taipei,25.053,121.5259,10,Mobile Business Group,17421
2025-01-28 10:57:25.531016 UTC,2025,18:57:25,ndt-7h8vt_1732822567_000000000042CE45,Download,9.9307777484455322,26.983,0.014152919239795567,Taipei City,Taipei,25.053,121.5259,5,"Taiwan Mobile Co., Ltd.",24158
2025-01-28 10:56:41.923398 UTC,2025,18:56:41,ndt-zz5jt_1732753005_0000000000439ECB,Download,13.063756066936858,44.433,0.0010329966723713871,Taipei City,Taipei,25.053,121.5259,20,"Far EastTone Telecommunication Co., Ltd.",9674
2025-01-28 10:50:01.895957 UTC,2025,18:50:01,ndt-virtual-mx926_1737854326_000000000003CA7A,Download,10.851418024782561,23.047,0.11431398869749132,Taipei City,Taipei,25.053,121.5259,100,"Far EastTone Telecommunication Co., Ltd.",9674
2025-01-28 10:49:51.990650 UTC,2025,18:49:51,ndt-7h8vt_1732822567_00000000004359F8,Download,4.4449883623508306,23.043,0.0060479898478613845,Taipei City,Taipei,25.053,121.5259,5,"Taiwan Mobile Co., Ltd.",24158
2025-01-28 10:46:04.635380 UTC,2025,18:46:04,ndt-7h8vt_1732822567_0000000000443382,Download,2.3449571002604155,30.499,0.0,Taipei City,Taipei,25.053,121.5259,5,"Taiwan Mobile Co., Ltd.",24158
2025-01-28 10:43:51.903931 UTC,2025,18:43:51,ndt-zz5jt_1732753005_0000000000456141,Download,13.518390980447972,19.07,0.079386175722327881,Taipei City,Taipei,25.053,121.5259,20,"Taiwan Mobile Co., Ltd.",24158
2025-01-28 10:39:45.239100 UTC,2025,18:39:45,ndt-virtual-mx926_1737854326_000000000003D93E,Download,10.768773230941861,22.844,0.16738037728677016,Taipei City,Taipei,25.053,121.5259,50,"Far EastTone Telecommunication Co., Ltd.",9674
2025-01-28 10:36:54.778616 UTC,2025,18:36:54,ndt-7h8vt_1732822567_0000000000438836,Download,21.919886854060266,26.636,0.0,Taipei City,Taipei,25.053,121.5259,20,Taiwan Star Telecom Corporation Limited.(Former Vibo Telecom Inc.),24157
2025-01-28 10:31:41.505134 UTC,2025,18:31:41,ndt-virtual-mx926_1737854326_000000000003F39B,Download,10.439614327018594,25.248,0.0642477107148394,Taipei City,Taipei,25.053,121.5259,100,"Far EastTone Telecommunication Co., Ltd.",9674
2025-01-28 10:30:30.197019 UTC,2025,18:30:30,ndt-virtual-mx926_1737854326_000000000003D892,Download,145.91766506016381,15.091,0.0011477618358724353,Taipei City,Taipei,25.053,121.5259,20,"Far EastTone Telecommunication Co., Ltd.",9674
2025-01-28 10:30:04.268728 UTC,2025,18:30:04,ndt-7h8vt_1732822567_0000000000437850,Download,2.7766116965839527,27.007,0.00039115945175642657,Taipei City,Taipei,25.053,121.5259,10,Taiwan Star Telecom Corporation Limited.(Former Vibo Telecom Inc.),24157
2025-01-28 10:24:07.023121 UTC,2025,18:24:07,ndt-qz6rr_1732705542_000000000045054E,Download,11.485793298226001,52.726,0.0,Taipei City,Taipei,25.053,121.5259,100,"Far EastTone Telecommunication Co., Ltd.",9674
2025-01-28 10:21:06.169338 UTC,2025,18:21:06,ndt-zz5jt_1732753005_00000000004551A8,Download,11.402297313908788,24.958,0.0,Taipei City,Taipei,25.053,121.5259,5,"Taiwan Mobile Co., Ltd.",24158
2025-01-28 10:18:57.412495 UTC,2025,18:18:57,ndt-virtual-mx926_1737854326_000000000003E634,Download,0.2399924551317153,35.678,0.023299611348998227,Taipei City,Taipei,25.053,121.5259,5,"Taiwan Mobile Co., Ltd.",24158
2025-01-28 10:18:32.372250 UTC,2025,18:18:32,ndt-virtual-mx926_1737854326_000000000003D7B5,Download,74.569031269565286,23.636,1.4810589789376661e-05,Taipei City,Taipei,25.053,121.5259,20,"Far EastTone Telecommunication Co., Ltd.",9674
2025-01-28 10:13:10.715861 UTC,2025,18:13:10,ndt-virtual-mx926_1737854326_000000000003F26D,Download,114.5551183614012,25.235,0.0,Taipei City,Taipei,25.053,121.5259,100,"Far EastTone Telecommunication Co., Ltd.",9674
2025-01-28 10:12:43.932803 UTC,2025,18:12:43,ndt-qz6rr_1732705542_000000000043ED56,Download,95.926546679122623,46.194,2.3344132092346412e-05,Taipei City,Taipei,25.053,121.5259,100,"Far EastTone Telecommunication Co., Ltd.",9674
2025-01-28 10:10:34.150311 UTC,2025,18:10:34,ndt-qz6rr_1732705542_0000000000434FAB,Download,32.240223964779368,19.169,0.0,Taipei City,Taipei,25.053,121.5259,10,"Taiwan Mobile Co., Ltd.",24158
2025-01-28 10:03:52.898297 UTC,2025,18:03:52,ndt-zz5jt_1732753005_0000000000454233,Download,168.08628519082674,28.978,0.0,Taipei City,Taipei,25.053,121.5259,100,"Far EastTone Telecommunication Co., Ltd.",9674
2025-01-28 10:03:08.210058 UTC,2025,18:03:08,ndt-virtual-mx926_1737854326_000000000003E523,Download,81.1281573859353,28.273,0.0,Taipei City,Taipei,25.053,121.5259,100,"Far EastTone Telecommunication Co., Ltd.",9674
2025-01-28 10:02:08.729165 UTC,2025,18:02:08,ndt-virtual-pnswz_1737887126_000000000003CC7E,Download,92.198163832948111,45.347,0.0,Taipei City,Taipei,25.053,121.5259,100,"Far EastTone Telecommunication Co., Ltd.",9674
2025-01-28 10:01:30.661088 UTC,2025,18:01:30,ndt-qz6rr_1732705542_000000000043ED44,Download,103.06078604433208,26.974,0.0,Taipei City,Taipei,25.053,121.5259,100,"Far EastTone Telecommunication Co., Ltd.",9674
2025-01-28 10:01:17.872626 UTC,2025,18:01:17,ndt-zz5jt_1732753005_000000000044E5B3,Download,33.371620537772344,27.137,0.0,Taipei City,Taipei,25.053,121.5259,5,"Taiwan Mobile Co., Ltd.",24158
2025-01-28 10:00:57.024117 UTC,2025,18:00:57,ndt-7h8vt_1732822567_0000000000438800,Download,61.095618503125785,46.613,1.8388591738289029e-05,Taipei City,Taipei,25.053,121.5259,20,"Far EastTone Telecommunication Co., Ltd.",9674
2025-01-28 09:55:17.604978 UTC,2025,17:55:17,ndt-7h8vt_1732822567_000000000042CDCC,Download,13.555221422011948,49.375,0.00014849360967031635,Taipei City,Taipei,25.053,121.5259,100,"Far EastTone Telecommunication Co., Ltd.",9674
2025-01-28 09:50:11.138670 UTC,2025,17:50:11,ndt-zz5jt_1732753005_000000000045053A,Download,14.003230867872727,24.42,0.0,Taipei City,Taipei,25.053,121.5259,5,Mobile Business Group,17421
2025-01-28 09:43:29.261759 UTC,2025,17:43:29,ndt-7h8vt_1732822567_000000000043597A,Download,260.07303442137948,24.462,0.066978991034890661,Taipei City,Taipei,25.053,121.5259,5,Mobile Business Group,17421
2025-01-28 09:42:28.807567 UTC,2025,17:42:28,ndt-virtual-mx926_1737854326_000000000003C5D6,Download,189.87956521147862,20.918,0.0080589829842963642,Taipei City,Taipei,25.053,121.5259,5,Mobile Business Group,17421
2025-01-28 09:30:47.774942 UTC,2025,17:30:47,ndt-zz5jt_1732753005_000000000043BE3A,Download,18.667228925711491,61.045,0.0,Taipei City,Taipei,25.053,121.5259,5,Mobile Business Group,17421
2025-01-28 09:30:41.060736 UTC,2025,17:30:41,ndt-virtual-mx926_1737854326_000000000003C51A,Download,39.164951645280141,21.897,5.6417305791561925e-05,Taipei City,Taipei,25.053,121.5259,5,Mobile Business Group,17421
2025-01-28 09:30:39.592375 UTC,2025,17:30:39,ndt-7h8vt_1732822567_00000000004387D7,Download,35.575345866856246,33.206,3.4529244451944175e-05,Taipei City,Taipei,25.053,121.5259,5,Mobile Business Group,17421
2025-01-28 09:29:20.541329 UTC,2025,17:29:20,ndt-virtual-mx926_1737854326_000000000003C4FE,Download,15.074916562936984,22.543,0.0,Taipei City,Taipei,25.053,121.5259,5,Mobile Business Group,17421
2025-01-28 09:28:47.717671 UTC,2025,17:28:47,ndt-qz6rr_1732705542_0000000000440BFA,Download,36.5434468580475,25.967,0.0,Taipei City,Taipei,25.053,121.5259,5,Mobile Business Group,17421
2025-01-28 09:20:31.850452 UTC,2025,17:20:31,ndt-zz5jt_1732753005_000000000044C6F5,Download,229.1243571587203,19.759,0.0,Taipei City,Taipei,25.053,121.5259,5,"Taiwan Mobile Co., Ltd.",24158
2025-01-28 09:20:18.138335 UTC,2025,17:20:18,ndt-7h8vt_1732822567_000000000044049A,Download,171.88552303022473,19.58,0.0,Taipei City,Taipei,25.053,121.5259,5,"Taiwan Mobile Co., Ltd.",24158
2025-01-28 09:18:43.486752 UTC,2025,17:18:43,ndt-zz5jt_1732753005_000000000044C6EF,Download,6.728983888720979,25.84,0.0,Taipei City,Taipei,25.053,121.5259,5,"Taiwan Mobile Co., Ltd.",24158
2025-01-28 09:10:15.384970 UTC,2025,17:10:15,ndt-virtual-mx926_1737854326_000000000003BE4E,Download,101.42181811127509,20.147,0.0,Taipei City,Taipei,25.053,121.5259,5,Mobile Business Group,17421
2025-01-28 09:05:57.900619 UTC,2025,17:05:57,ndt-qz6rr_1732705542_0000000000448686,Download,166.5670471727513,25.05,0.0,Taipei City,Taipei,25.053,121.5259,5,"Taiwan Mobile Co., Ltd.",24158
2025-01-28 09:04:50.456182 UTC,2025,17:04:50,ndt-qz6rr_1732705542_000000000045C246,Download,150.57432417235268,27.084,0.0,Taipei City,Taipei,25.053,121.5259,5,"Taiwan Mobile Co., Ltd.",24158
2025-01-28 09:03:14.758646 UTC,2025,17:03:14,ndt-qz6rr_1732705542_0000000000442B79,Download,198.31812311510802,24.435,0.00028004548039337946,Taipei City,Taipei,25.053,121.5259,5,"Taiwan Mobile Co., Ltd.",24158
2025-01-28 08:53:28.674192 UTC,2025,16:53:28,ndt-virtual-mx926_1737854326_000000000003C296,Download,116.54988218633129,21.861,0.0,Taipei City,Taipei,25.053,121.5259,100,"Far EastTone Telecommunication Co., Ltd.",9674
2025-01-28 08:51:39.208441 UTC,2025,16:51:39,ndt-zz5jt_1732753005_0000000000452252,Download,16.790862243656477,23.013,0.00014123455112380261,Taipei City,Taipei,25.053,121.5259,20,Taiwan Star Telecom Corporation Limited.(Former Vibo Telecom Inc.),24157
2025-01-28 08:44:34.365035 UTC,2025,16:44:34,ndt-zz5jt_1732753005_000000000043FBC0,Download,3.3443475628465515,53.001,0.10706553126623816,Taipei City,Taipei,25.053,121.5259,100,"Far EastTone Telecommunication Co., Ltd.",9674
2025-01-28 08:43:50.292385 UTC,2025,16:43:50,ndt-zz5jt_1732753005_0000000000443A4D,Download,39.199931249443843,27.58,0.0,Taipei City,Taipei,25.053,121.5259,10,"Taiwan Mobile Co., Ltd.",24158
2025-01-28 08:43:20.109215 UTC,2025,16:43:20,ndt-7h8vt_1732822567_0000000000435910,Download,101.0053601031553,27.951,0.0,Taipei City,Taipei,25.053,121.5259,100,"Far EastTone Telecommunication Co., Ltd.",9674
2025-01-28 08:38:37.762113 UTC,2025,16:38:37,ndt-fnw9k_1737958102_0000000000009EF3,Download,17.388199894099948,165.038,0.32446756556758594,Taipei City,Taipei,25.053,121.5259,20,"Far EastTone Telecommunication Co., Ltd.",9674
2025-01-28 08:35:18.012179 UTC,2025,16:35:18,ndt-virtual-mx926_1737854326_000000000003C12D,Download,21.278106951436406,16.289,0.04375366065974283,Taipei City,Taipei,25.053,121.5259,5,"Taiwan Mobile Co., Ltd.",24158
2025-01-28 08:32:52.780107 UTC,2025,16:32:52,ndt-7h8vt_1732822567_000000000043973E,Download,8.5481094783861824,50.705,0.14738390939246615,Taipei City,Taipei,25.053,121.5259,100,"Far EastTone Telecommunication Co., Ltd.",9674
2025-01-28 08:28:12.757712 UTC,2025,16:28:12,ndt-zz5jt_1732753005_00000000004531F7,Download,66.284302268434161,49.971,0.00015378198674223658,Taipei City,Taipei,25.053,121.5259,50,"Far EastTone Telecommunication Co., Ltd.",9674
2025-01-28 08:15:18.171429 UTC,2025,16:15:18,ndt-zz5jt_1732753005_000000000044F50B,Download,7.6431155130295831,53.214,0.0018253347645423609,Taipei City,Taipei,25.053,121.5259,100,"Far EastTone Telecommunication Co., Ltd.",9674
2025-01-28 08:12:24.592473 UTC,2025,16:12:24,ndt-qz6rr_1732705542_00000000004504B5,Download,7.6004679641817372,57.822,0.0025418538124336166,Taipei City,Taipei,25.053,121.5259,100,"Far EastTone Telecommunication Co., Ltd.",9674
2025-01-28 08:11:16.070344 UTC,2025,16:11:16,ndt-qz6rr_1732705542_0000000000440B81,Download,47.154465724145325,28.385,0.024926121810498962,Taipei City,Taipei,25.053,121.5259,10,Mobile Business Group,17421
2025-01-28 07:57:20.416206 UTC,2025,15:57:20,ndt-qz6rr_1732705542_00000000004583F3,Download,100.40137246343988,21.662,0.0,Taipei City,Taipei,25.053,121.5259,20,"Taiwan Mobile Co., Ltd.",24158
2025-01-28 07:55:10.478261 UTC,2025,15:55:10,ndt-virtual-mx926_1737854326_000000000003AC65,Download,9.1410554658621646,33.516,0.00023828655486140196,Taipei City,Taipei,25.053,121.5259,100,"Far EastTone Telecommunication Co., Ltd.",9674
2025-01-28 07:53:01.606082 UTC,2025,15:53:01,ndt-qz6rr_1732705542_0000000000452710,Download,125.46437202167716,22.798,0.0,Taipei City,Taipei,25.053,121.5259,10,"Taiwan Mobile Co., Ltd.",24158
2025-01-28 07:52:31.191255 UTC,2025,15:52:31,ndt-7h8vt_1732822567_0000000000438714,Download,4.6760841819601433,23.728,0.0,Taipei City,Taipei,25.053,121.5259,10,"Taiwan Mobile Co., Ltd.",24158
2025-01-28 07:51:24.782393 UTC,2025,15:51:24,ndt-virtual-mx926_1737854326_0000000000038E13,Download,255.63855721393034,14.455,0.0,Taipei City,Taipei,25.053,121.5259,10,"Taiwan Mobile Co., Ltd.",24158
2025-01-28 07:46:53.861524 UTC,2025,15:46:53,ndt-virtual-mx926_1737854326_0000000000039D14,Download,54.306870359233734,17.676,0.0,Taipei City,Taipei,25.053,121.5259,10,"Taiwan Mobile Co., Ltd.",24158
2025-01-28 07:40:36.758219 UTC,2025,15:40:36,ndt-zz5jt_1732753005_00000000004531AB,Download,107.42720542178473,20.431,6.8243069528651761e-05,Taipei City,Taipei,25.053,121.5259,5,Mobile Business Group,17421
2025-01-28 07:39:54.987488 UTC,2025,15:39:54,ndt-7h8vt_1732822567_0000000000438702,Download,51.199978720391542,19.515,0.00019355279846181294,Taipei City,Taipei,25.053,121.5259,5,Mobile Business Group,17421
2025-01-28 07:35:05.540291 UTC,2025,15:35:05,ndt-qz6rr_1732705542_000000000045B152,Download,48.308372484332104,23.909,1.9268975647561726e-05,Taipei City,Taipei,25.053,121.5259,5,Mobile Business Group,17421
2025-01-28 07:35:00.524633 UTC,2025,15:35:00,ndt-zz5jt_1732753005_0000000000450451,Download,9.4125754224779374,22.844,0.0,Taipei City,Taipei,25.053,121.5259,10,Taiwan Star Telecom Corporation Limited.(Former Vibo Telecom Inc.),24157
2025-01-28 07:34:22.406894 UTC,2025,15:34:22,ndt-qz6rr_1732705542_0000000000440B49,Download,1.458875482596045,38.73,0.00024185069466961068,Taipei City,Taipei,25.053,121.5259,5,"Taiwan Mobile Co., Ltd.",24158
2025-01-28 07:32:14.431395 UTC,2025,15:32:14,ndt-zz5jt_1732753005_000000000043FB36,Download,71.8251670184696,33.183,0.0,Taipei City,Taipei,25.053,121.5259,5,"Taiwan Mobile Co., Ltd.",24158
2025-01-28 07:30:29.018601 UTC,2025,15:30:29,ndt-virtual-mx926_1737854326_000000000003AA99,Download,72.78539128861506,19.156,0.0,Taipei City,Taipei,25.053,121.5259,10,"Taiwan Mobile Co., Ltd.",24158
2025-01-28 07:27:17.266696 UTC,2025,15:27:17,ndt-zz5jt_1732753005_0000000000450448,Download,149.10015878666192,46.865,6.106413034720186e-05,Taipei City,Taipei,25.053,121.5259,100,"Far EastTone Telecommunication Co., Ltd.",9674
2025-01-28 07:24:40.304309 UTC,2025,15:24:40,ndt-qz6rr_1732705542_0000000000442AFC,Download,21.7809047914845,24.348,0.0,Taipei City,Taipei,25.053,121.5259,5,"Taiwan Mobile Co., Ltd.",24158
2025-01-28 07:20:27.165699 UTC,2025,15:20:27,ndt-7h8vt_1732822567_00000000004450A0,Download,1.0815443234929785,23.939,0.22381757454761403,Taipei City,Taipei,25.053,121.5259,5,"Taiwan Mobile Co., Ltd.",24158
2025-01-28 07:19:52.773715 UTC,2025,15:19:52,ndt-zz5jt_1732753005_0000000000453183,Download,1.23623622948865,23.806,0.2728275817872387,Taipei City,Taipei,25.053,121.5259,5,"Taiwan Mobile Co., Ltd.",24158
2025-01-28 07:17:30.257552 UTC,2025,15:17:30,ndt-7h8vt_1732822567_00000000004348C0,Download,50.697318004597982,25.609,0.0,Taipei City,Taipei,25.053,121.5259,5,"Taiwan Mobile Co., Ltd.",24158
2025-01-28 07:12:43.321237 UTC,2025,15:12:43,ndt-7h8vt_1732822567_000000000043969E,Download,17.007250570537938,48.869,0.0031875050535714114,Taipei City,Taipei,25.053,121.5259,100,"Far EastTone Telecommunication Co., Ltd.",9674
2025-01-28 07:11:45.509647 UTC,2025,15:11:45,ndt-qz6rr_1732705542_000000000044F711,Download,74.926845716844539,21.926,1.2328958006397357e-05,Taipei City,Taipei,25.053,121.5259,10,Mobile Business Group,17421
2025-01-28 07:09:15.067595 UTC,2025,15:09:15,ndt-7h8vt_1732822567_000000000043585B,Download,11.591837307997151,21.685,0.083258558389641246,Taipei City,Taipei,25.053,121.5259,5,"Taiwan Mobile Co., Ltd.",24158
2025-01-28 07:06:56.558617 UTC,2025,15:06:56,ndt-qz6rr_1732705542_00000000004485E6,Download,13.747179450890743,25.326,7.6380294767876148e-05,Taipei City,Taipei,25.053,121.5259,20,"Taiwan Mobile Co., Ltd.",24158
2025-01-28 07:03:31.118095 UTC,2025,15:03:31,ndt-7h8vt_1732822567_00000000004431EC,Download,26.405368568102865,26.264,0.0,Taipei City,Taipei,25.053,121.5259,10,Taiwan Star Telecom Corporation Limited.(Former Vibo Telecom Inc.),24157
2025-01-28 06:59:45.707553 UTC,2025,14:59:45,ndt-zz5jt_1732753005_000000000044C607,Download,93.758474584321561,19.741,0.00012040178683334119,Taipei City,Taipei,25.053,121.5259,5,Mobile Business Group,17421
2025-01-28 06:59:34.174554 UTC,2025,14:59:34,ndt-qz6rr_1732705542_0000000000442AD9,Download,68.678550631779785,19.962,0.00025941572820120369,Taipei City,Taipei,25.053,121.5259,5,Mobile Business Group,17421
2025-01-28 06:55:52.676393 UTC,2025,14:55:52,ndt-qz6rr_1732705542_0000000000439CF2,Download,17.573953672229351,50.233,0.00098089521112945145,Taipei City,Taipei,25.053,121.5259,20,"Far EastTone Telecommunication Co., Ltd.",9674
2025-01-28 06:52:54.822294 UTC,2025,14:52:54,ndt-zz5jt_1732753005_00000000004439A2,Download,19.85784832218711,46.817,0.14033976075928747,Taipei City,Taipei,25.053,121.5259,20,"Far EastTone Telecommunication Co., Ltd.",9674
2025-01-28 06:49:46.158026 UTC,2025,14:49:46,ndt-zz5jt_1732753005_000000000045505A,Download,6.616956611032224,35.769,0.0075521385996161006,Taipei City,Taipei,25.053,121.5259,5,"Taiwan Mobile Co., Ltd.",24158
2025-01-28 06:44:35.427167 UTC,2025,14:44:35,ndt-zz5jt_1732753005_000000000044C5ED,Download,40.718988463722354,28.92,0.0,Taipei City,Taipei,25.053,121.5259,5,Mobile Business Group,17421
2025-01-28 06:43:27.082850 UTC,2025,14:43:27,ndt-qz6rr_1732705542_00000000004485BB,Download,10.982329057783915,50.04,0.16742406769436216,Taipei City,Taipei,25.053,121.5259,20,"Far EastTone Telecommunication Co., Ltd.",9674
2025-01-28 06:42:38.388150 UTC,2025,14:42:38,ndt-zz5jt_1732753005_000000000043AD4C,Download,2.0918880417790913,25.804,0.0010537871750170931,Taipei City,Taipei,25.053,121.5259,5,"Taiwan Mobile Co., Ltd.",24158
2025-01-28 06:39:19.948819 UTC,2025,14:39:19,ndt-virtual-mx926_1737854326_0000000000039824,Download,21.888248901005337,24.046,5.0840764491257016e-05,Taipei City,Taipei,25.053,121.5259,50,"Far EastTone Telecommunication Co., Ltd.",9674
2025-01-28 06:38:26.671343 UTC,2025,14:38:26,ndt-zz5jt_1732753005_000000000044C5DC,Download,173.62414748232706,22.031,0.0,Taipei City,Taipei,25.053,121.5259,5,Mobile Business Group,17421
2025-01-28 06:36:58.102375 UTC,2025,14:36:58,ndt-7h8vt_1732822567_0000000000427D65,Download,31.684803936960787,24.193,0.0002668685668596209,Taipei City,Taipei,25.053,121.5259,100,"Far EastTone Telecommunication Co., Ltd.",9674
2025-01-28 06:36:14.546638 UTC,2025,14:36:14,ndt-7h8vt_1732822567_000000000042AF9E,Download,179.39164595186432,46.608,0.0073640294654261987,Taipei City,Taipei,25.053,121.5259,100,"Far EastTone Telecommunication Co., Ltd.",9674
2025-01-28 06:32:32.865901 UTC,2025,14:32:32,ndt-zz5jt_1732753005_00000000004486D0,Download,30.429219010180113,32.994,0.0,Taipei City,Taipei,25.053,121.5259,5,"Taiwan Mobile Co., Ltd.",24158
2025-01-28 06:29:35.411555 UTC,2025,14:29:35,ndt-zz5jt_1732753005_000000000045311E,Download,54.137299169830975,25.898,0.0,Taipei City,Taipei,25.053,121.5259,5,Taiwan Star Telecom Corporation Limited.(Former Vibo Telecom Inc.),24157
2025-01-28 06:27:44.594554 UTC,2025,14:27:44,ndt-qz6rr_1732705542_0000000000445BAB,Download,67.358689725204485,57.731,1.6646108145117579e-05,Taipei City,Taipei,25.053,121.5259,50,"Far EastTone Telecommunication Co., Ltd.",9674
2025-01-28 06:27:41.551360 UTC,2025,14:27:41,ndt-7h8vt_1732822567_000000000043767E,Download,24.062600894995608,21.493,0.076648797357774689,Taipei City,Taipei,25.053,121.5259,10,"Taiwan Mobile Co., Ltd.",24158
2025-01-28 06:26:38.459810 UTC,2025,14:26:38,ndt-zz5jt_1732753005_000000000043EB80,Download,15.533468153019205,24.836,0.0,Taipei City,Taipei,25.053,121.5259,20,"Taiwan Mobile Co., Ltd.",24158
2025-01-28 06:23:42.963335 UTC,2025,14:23:42,ndt-zz5jt_1732753005_000000000043EB7A,Download,7.66498799916995,49.862,0.00043557983196437311,Taipei City,Taipei,25.053,121.5259,100,"Far EastTone Telecommunication Co., Ltd.",9674
2025-01-28 06:16:24.793158 UTC,2025,14:16:24,ndt-7h8vt_1732822567_0000000000432985,Download,2.2939713307007152,129.023,0.0081298729104251448,Taipei City,Taipei,25.053,121.5259,20,"Taiwan Mobile Co., Ltd.",24158
2025-01-28 06:08:28.048992 UTC,2025,14:08:28,ndt-zz5jt_1732753005_0000000000439CE3,Download,0.79394943708064991,47.575,0.19218042395563939,Taipei City,Taipei,25.053,121.5259,100,"Far EastTone Telecommunication Co., Ltd.",9674
2025-01-28 06:08:01.131078 UTC,2025,14:08:01,ndt-virtual-mx926_1737854326_000000000003B0D1,Download,0.93328371410468747,20.0,0.2501736831521626,Taipei City,Taipei,25.053,121.5259,100,"Far EastTone Telecommunication Co., Ltd.",9674
2025-01-28 06:07:31.611406 UTC,2025,14:07:31,ndt-zz5jt_1732753005_0000000000449668,Download,1.0907352392261711,48.534,0.24406532961610489,Taipei City,Taipei,25.053,121.5259,100,"Far EastTone Telecommunication Co., Ltd.",9674
2025-01-28 06:02:40.609244 UTC,2025,14:02:40,ndt-zz5jt_1732753005_000000000044E422,Download,64.349672577423235,28.556,0.0,Taipei City,Taipei,25.053,121.5259,5,"Taiwan Mobile Co., Ltd.",24158
2025-01-28 06:02:11.946598 UTC,2025,14:02:11,ndt-zz5jt_1732753005_000000000045500F,Download,73.642685366453136,29.614,0.0,Taipei City,Taipei,25.053,121.5259,5,"Taiwan Mobile Co., Ltd.",24158
2025-01-28 06:00:05.421855 UTC,2025,14:00:05,ndt-qz6rr_1732705542_000000000043EC15,Download,126.63999288791679,41.601,2.5764722228092794e-05,Taipei City,Taipei,25.053,121.5259,20,"Far EastTone Telecommunication Co., Ltd.",9674
2025-01-28 05:59:55.157174 UTC,2025,13:59:55,ndt-7h8vt_1732822567_00000000004357DF,Download,232.33896600954748,44.0,0.037700684168706533,Taipei City,Taipei,25.053,121.5259,20,"Far EastTone Telecommunication Co., Ltd.",9674
2025-01-28 05:59:50.557685 UTC,2025,13:59:50,ndt-virtual-mx926_1737854326_000000000003A355,Download,152.56949667768274,19.114,0.00012122318823132625,Taipei City,Taipei,25.053,121.5259,20,"Far EastTone Telecommunication Co., Ltd.",9674
2025-01-28 05:59:41.973648 UTC,2025,13:59:41,ndt-7h8vt_1732822567_0000000000434832,Download,156.05384732760083,46.188,0.026078035415441663,Taipei City,Taipei,25.053,121.5259,20,"Far EastTone Telecommunication Co., Ltd.",9674
2025-01-28 05:59:29.233582 UTC,2025,13:59:29,ndt-qz6rr_1732705542_0000000000441B26,Download,204.82114718718825,37.615,0.024008099754159476,Taipei City,Taipei,25.053,121.5259,20,"Far EastTone Telecommunication Co., Ltd.",9674
2025-01-28 05:59:13.902378 UTC,2025,13:59:13,ndt-7h8vt_1732822567_00000000004357DD,Download,182.33016518128602,44.813,0.0036160037618482343,Taipei City,Taipei,25.053,121.5259,20,"Far EastTone Telecommunication Co., Ltd.",9674
2025-01-28 05:59:00.474825 UTC,2025,13:59:00,ndt-qz6rr_1732705542_0000000000446AED,Download,182.92134675941728,42.847,0.022174601372274942,Taipei City,Taipei,25.053,121.5259,20,"Far EastTone Telecommunication Co., Ltd.",9674
2025-01-28 05:58:36.113363 UTC,2025,13:58:36,ndt-qz6rr_1732705542_00000000004525FC,Download,213.10202701308978,42.607,0.0076086533666635077,Taipei City,Taipei,25.053,121.5259,20,"Far EastTone Telecommunication Co., Ltd.",9674
2025-01-28 05:54:17.062442 UTC,2025,13:54:17,ndt-virtual-mx926_1737854326_0000000000039460,Download,6.212699883745092,39.879,0.0013953677159612397,Taipei City,Taipei,25.053,121.5259,100,"Far EastTone Telecommunication Co., Ltd.",9674
2025-01-28 05:52:39.210527 UTC,2025,13:52:39,ndt-zz5jt_1732753005_000000000043BC9F,Download,3.8132760979658533,61.188,0.0025517229825942739,Taipei City,Taipei,25.053,121.5259,100,"Far EastTone Telecommunication Co., Ltd.",9674
2025-01-28 05:52:03.953946 UTC,2025,13:52:03,ndt-zz5jt_1732753005_000000000045038D,Download,2.2241789258209579,22.495,0.0,Taipei City,Taipei,25.053,121.5259,10,"Taiwan Mobile Co., Ltd.",24158
2025-01-28 05:50:42.985872 UTC,2025,13:50:42,ndt-zz5jt_1732753005_000000000043CAF0,Download,5.8520571909216628,27.435,0.23489640754520355,Taipei City,Taipei,25.053,121.5259,5,Mobile Business Group,17421
2025-01-28 05:45:04.611531 UTC,2025,13:45:04,ndt-7h8vt_1732822567_000000000043861C,Download,53.157946921634156,19.989,0.0,Taipei City,Taipei,25.053,121.5259,10,"Taiwan Mobile Co., Ltd.",24158
2025-01-28 05:39:24.806591 UTC,2025,13:39:24,ndt-7h8vt_1732822567_000000000042AF16,Download,51.166779073944952,54.572,0.0,Taipei City,Taipei,25.053,121.5259,100,"Far EastTone Telecommunication Co., Ltd.",9674
2025-01-28 05:31:29.297674 UTC,2025,13:31:29,ndt-7h8vt_1732822567_00000000004347F4,Download,196.39140011301484,49.714,0.014577075655505369,Taipei City,Taipei,25.053,121.5259,100,"Far EastTone Telecommunication Co., Ltd.",9674
2025-01-28 05:29:51.092116 UTC,2025,13:29:51,ndt-zz5jt_1732753005_0000000000437F02,Download,207.03092682712779,51.241,0.012062999390800232,Taipei City,Taipei,25.053,121.5259,5,"Taiwan Mobile Co., Ltd.",24158
2025-01-28 05:29:32.080844 UTC,2025,13:29:32,ndt-virtual-mx926_1737854326_0000000000038305,Download,66.990135389693023,24.218,0.0,Taipei City,Taipei,25.053,121.5259,10,Mobile Business Group,17421
2025-01-28 05:28:20.449975 UTC,2025,13:28:20,ndt-virtual-mx926_1737854326_0000000000037D6A,Download,4.9053436004148789,13.923,0.11422234446648058,Taipei City,Taipei,25.053,121.5259,10,"Taiwan Mobile Co., Ltd.",24158
2025-01-28 05:27:24.557568 UTC,2025,13:27:24,ndt-7h8vt_1732822567_000000000042CBD7,Download,6.9598622972744275,37.707,0.0,Taipei City,Taipei,25.053,121.5259,10,Mobile Business Group,17421
2025-01-28 05:26:52.688377 UTC,2025,13:26:52,ndt-zz5jt_1732753005_0000000000438EC3,Download,29.024941312539898,27.009,0.0,Taipei City,Taipei,25.053,121.5259,10,Mobile Business Group,17421
2025-01-28 05:17:05.787087 UTC,2025,13:17:05,ndt-7h8vt_1732822567_000000000043A460,Download,57.482920601067164,23.85,0.0,Taipei City,Taipei,25.053,121.5259,5,"Taiwan Mobile Co., Ltd.",24158
2025-01-28 05:14:01.759932 UTC,2025,13:14:01,ndt-zz5jt_1732753005_0000000000439C7F,Download,8.5385091445942578,45.449,0.00027866266508640738,Taipei City,Taipei,25.053,121.5259,100,"Far EastTone Telecommunication Co., Ltd.",9674
2025-01-28 05:11:32.862942 UTC,2025,13:11:32,ndt-7h8vt_1732822567_000000000042AEE7,Download,10.082927623932109,45.282,0.18556054219861362,Taipei City,Taipei,25.053,121.5259,100,"Far EastTone Telecommunication Co., Ltd.",9674
2025-01-28 05:08:57.753846 UTC,2025,13:08:57,ndt-zz5jt_1732753005_00000000004438E5,Download,1.1755582129344651,20.0,0.25662004883772555,Taipei City,Taipei,25.053,121.5259,10,"Taiwan Mobile Co., Ltd.",24158
2025-01-28 05:08:49.765593 UTC,2025,13:08:49,ndt-qz6rr_1732705542_0000000000434E0D,Download,1.8549913941480207,57.818,0.0,Taipei City,Taipei,25.053,121.5259,50,"Far EastTone Telecommunication Co., Ltd.",9674
2025-01-28 05:08:42.427217 UTC,2025,13:08:42,ndt-zz5jt_1732753005_000000000043DB9E,Download,11.583467072735543,21.226,0.067678405335156816,Taipei City,Taipei,25.053,121.5259,5,"Taiwan Mobile Co., Ltd.",24158
2025-01-28 05:06:19.389382 UTC,2025,13:06:19,ndt-virtual-mx926_1737854326_000000000003812A,Download,2.37127566578451,34.548,0.0021714971834404179,Taipei City,Taipei,25.053,121.5259,5,"Taiwan Mobile Co., Ltd.",24158
2025-01-28 04:59:26.116838 UTC,2025,12:59:26,ndt-zz5jt_1732753005_000000000045127C,Download,4.3623245797562733,20.724,0.014496010325690071,Taipei City,Taipei,25.053,121.5259,5,"Taiwan Mobile Co., Ltd.",24158
2025-01-28 04:52:34.948850 UTC,2025,12:52:34,ndt-virtual-mx926_1737854326_0000000000037A98,Download,82.722764746320962,13.374,0.0,Taipei City,Taipei,25.053,121.5259,5,Mobile Business Group,17421
2025-01-28 04:47:08.753329 UTC,2025,12:47:08,ndt-zz5jt_1732753005_000000000044D482,Download,156.70631058155493,25.817,2.8841918213772341e-05,Taipei City,Taipei,25.053,121.5259,5,Mobile Business Group,17421
2025-01-28 04:45:51.682481 UTC,2025,12:45:51,ndt-7h8vt_1732822567_000000000042BD59,Download,105.14074662667197,30.008,0.0,Taipei City,Taipei,25.053,121.5259,20,Taiwan Star Telecom Corporation Limited.(Former Vibo Telecom Inc.),24157
2025-01-28 04:44:28.974061 UTC,2025,12:44:28,ndt-7h8vt_1732822567_000000000043C452,Download,42.932288488176987,48.731,9.75396044605107e-05,Taipei City,Taipei,25.053,121.5259,20,"Far EastTone Telecommunication Co., Ltd.",9674
2025-01-28 04:42:22.674287 UTC,2025,12:42:22,ndt-virtual-mx926_1737854326_0000000000036D05,Download,55.797538113246787,18.496,5.9264813161058318e-05,Taipei City,Taipei,25.053,121.5259,100,"Far EastTone Telecommunication Co., Ltd.",9674
2025-01-28 04:39:53.977378 UTC,2025,12:39:53,ndt-virtual-mx926_1737854326_0000000000036CC7,Download,70.6769170403905,25.259,0.0002177686991492125,Taipei City,Taipei,25.053,121.5259,5,"Taiwan Mobile Co., Ltd.",24158
2025-01-28 04:37:54.801513 UTC,2025,12:37:54,ndt-7h8vt_1732822567_0000000000427CA8,Download,0.57588711097863343,69.796,0.096638708417092559,Taipei City,Taipei,25.053,121.5259,100,"Far EastTone Telecommunication Co., Ltd.",9674
2025-01-28 04:37:45.440332 UTC,2025,12:37:45,ndt-qz6rr_1732705542_00000000004497AD,Download,262.88627025152471,12.434,5.4077872494833788e-06,Taipei City,Taipei,25.053,121.5259,10,Mobile Business Group,17421
2025-01-28 04:32:10.677770 UTC,2025,12:32:10,ndt-7h8vt_1732822567_00000000004430D6,Download,10.314085604782703,22.161,0.00015588144010767016,Taipei City,Taipei,25.053,121.5259,5,Mobile Business Group,17421
2025-01-28 04:32:02.109346 UTC,2025,12:32:02,ndt-zz5jt_1732753005_000000000044C4F9,Download,4.8573854504462588,30.329,0.0,Taipei City,Taipei,25.053,121.5259,5,"Taiwan Mobile Co., Ltd.",24158
2025-01-28 04:31:45.657370 UTC,2025,12:31:45,ndt-qz6rr_1732705542_0000000000444D7C,Download,49.103614438527309,23.089,2.3372087687359848e-05,Taipei City,Taipei,25.053,121.5259,5,Mobile Business Group,17421
2025-01-28 04:31:33.043834 UTC,2025,12:31:33,ndt-zz5jt_1732753005_0000000000440A21,Download,0.24271895853186776,89.917,0.0,Taipei City,Taipei,25.053,121.5259,100,"Far EastTone Telecommunication Co., Ltd.",9674
2025-01-28 04:31:16.989457 UTC,2025,12:31:16,ndt-zz5jt_1732753005_0000000000453035,Download,26.197645073880498,19.604,0.0090178251698804224,Taipei City,Taipei,25.053,121.5259,5,Mobile Business Group,17421
2025-01-28 04:29:37.614318 UTC,2025,12:29:37,ndt-7h8vt_1732822567_000000000044028E,Download,44.168306803760657,38.902,0.0,Taipei City,Taipei,25.053,121.5259,20,"Far EastTone Telecommunication Co., Ltd.",9674
2025-01-28 04:27:12.911591 UTC,2025,12:27:12,ndt-qz6rr_1732705542_0000000000440A27,Download,51.402434156343588,50.584,0.00024402156411167461,Taipei City,Taipei,25.053,121.5259,50,"Far EastTone Telecommunication Co., Ltd.",9674
2025-01-28 04:22:49.858264 UTC,2025,12:22:49,ndt-zz5jt_1732753005_0000000000433FD5,Download,14.297927839094593,56.2,0.00038588447559191515,Taipei City,Taipei,25.053,121.5259,20,"Far EastTone Telecommunication Co., Ltd.",9674
2025-01-28 04:22:43.683874 UTC,2025,12:22:43,ndt-virtual-mx926_1737854326_0000000000034DC6,Download,254.67756797383686,15.941,0.0,Taipei City,Taipei,25.053,121.5259,100,"Far EastTone Telecommunication Co., Ltd.",9674
2025-01-28 04:21:50.164823 UTC,2025,12:21:50,ndt-qz6rr_1732705542_0000000000451399,Download,125.31711796117305,41.462,0.00011739228036230961,Taipei City,Taipei,25.053,121.5259,20,"Far EastTone Telecommunication Co., Ltd.",9674
2025-01-28 04:20:34.770326 UTC,2025,12:20:34,ndt-virtual-mx926_1737854326_0000000000037854,Download,79.658456185221127,19.123,0.00019320197151976231,Taipei City,Taipei,25.053,121.5259,5,Mobile Business Group,17421
2025-01-28 04:11:03.793780 UTC,2025,12:11:03,ndt-qz6rr_1732705542_000000000044E3E0,Download,256.123523388035,19.585,0.0,Taipei City,Taipei,25.053,121.5259,10,"Taiwan Mobile Co., Ltd.",24158
2025-01-28 04:09:56.174802 UTC,2025,12:09:56,ndt-qz6rr_1732705542_00000000004409FD,Download,62.352293397403123,27.267,0.0,Taipei City,Taipei,25.053,121.5259,20,Taiwan Star Telecom Corporation Limited.(Former Vibo Telecom Inc.),24157
2025-01-22 03:56:19.423878 UTC,2025,11:56:19,ndt-zz5jt_1732753005_00000000003C7CC7,Download,71.095505786502358,22.355,0.0,Taipei City,Taipei,25.053,121.5259,5,Mobile Business Group,17421
2025-01-22 03:47:34.012438 UTC,2025,11:47:34,ndt-7h8vt_1732822567_00000000003B8C7B,Download,99.840209751533365,27.963,0.0,Taipei City,Taipei,25.053,121.5259,5,"Taiwan Mobile Co., Ltd.",24158
2025-01-22 03:46:22.956498 UTC,2025,11:46:22,ndt-7h8vt_1732822567_00000000003BD91B,Download,83.011306636555375,22.611,0.0,Taipei City,Taipei,25.053,121.5259,5,"Taiwan Mobile Co., Ltd.",24158
2025-01-22 03:46:07.937537 UTC,2025,11:46:07,ndt-virtual-whvch_1732499076_0000000000595369,Download,14.958023581289959,17.122,0.000383342900334823,Taipei City,Taipei,25.053,121.5259,100,"Far EastTone Telecommunication Co., Ltd.",9674
2025-01-22 03:40:20.646721 UTC,2025,11:40:20,ndt-virtual-whvch_1732499076_00000000005952F2,Download,7.9510363174843794,24.519,0.048753375444668581,Taipei City,Taipei,25.053,121.5259,10,"Taiwan Mobile Co., Ltd.",24158
2025-01-22 03:38:03.645690 UTC,2025,11:38:03,ndt-qz6rr_1732705542_00000000003CFCF3,Download,64.3780186234651,55.588,1.7485226911777223e-05,Taipei City,Taipei,25.053,121.5259,20,"Far EastTone Telecommunication Co., Ltd.",9674
2025-01-22 03:28:18.009475 UTC,2025,11:28:18,ndt-7h8vt_1732822567_00000000003B3FEB,Download,25.849801061840271,52.89,0.00048133436623496416,Taipei City,Taipei,25.053,121.5259,100,"Far EastTone Telecommunication Co., Ltd.",9674
2025-01-22 03:26:26.901139 UTC,2025,11:26:26,ndt-zz5jt_1732753005_00000000003DE115,Download,11.519700284552245,29.84,0.076331196917307942,Taipei City,Taipei,25.053,121.5259,10,"Taiwan Mobile Co., Ltd.",24158
2025-01-22 03:24:47.467833 UTC,2025,11:24:47,ndt-qz6rr_1732705542_00000000003E00F8,Download,11.099705712017492,44.533,0.079742494730771815,Taipei City,Taipei,25.053,121.5259,5,"Taiwan Mobile Co., Ltd.",24158
2025-01-22 03:13:47.805139 UTC,2025,11:13:47,ndt-qz6rr_1732705542_00000000003C0DE5,Download,30.340885431546358,21.77,0.00023011338917151909,Taipei City,Taipei,25.053,121.5259,5,"Taiwan Mobile Co., Ltd.",24158
2025-01-22 03:08:39.101768 UTC,2025,11:08:39,ndt-zz5jt_1732753005_00000000003D923A,Download,58.876419864376984,23.034,0.0,Taipei City,Taipei,25.053,121.5259,10,"Taiwan Mobile Co., Ltd.",24158
2025-01-22 03:07:22.993389 UTC,2025,11:07:22,ndt-7h8vt_1732822567_00000000003BE7CB,Download,18.838235361514247,23.019,0.0015630307648522351,Taipei City,Taipei,25.053,121.5259,5,Taiwan Star Telecom Corporation Limited.(Former Vibo Telecom Inc.),24157
2025-01-22 02:59:10.251656 UTC,2025,10:59:10,ndt-7h8vt_1732822567_00000000003BD8BA,Download,90.584332126419127,20.241,1.2124537954870311e-05,Taipei City,Taipei,25.053,121.5259,10,Taiwan Star Telecom Corporation Limited.(Former Vibo Telecom Inc.),24157
2025-01-22 02:58:29.561378 UTC,2025,10:58:29,ndt-qz6rr_1732705542_00000000003D8547,Download,54.137833047033183,44.0,0.093348915619720155,Taipei City,Taipei,25.053,121.5259,100,"Far EastTone Telecommunication Co., Ltd.",9674
2025-01-22 02:50:22.590740 UTC,2025,10:50:22,ndt-virtual-whvch_1732499076_0000000000592A10,Download,59.810140472037077,19.613,0.0,Taipei City,Taipei,25.053,121.5259,10,"Taiwan Mobile Co., Ltd.",24158
2025-01-22 02:48:11.312627 UTC,2025,10:48:11,ndt-zz5jt_1732753005_00000000003C4E0B,Download,40.0641550418201,34.864,0.0,Taipei City,Taipei,25.053,121.5259,10,"Taiwan Mobile Co., Ltd.",24158
2025-01-22 02:41:31.915124 UTC,2025,10:41:31,ndt-qz6rr_1732705542_00000000003D8532,Download,168.26786022475406,44.55,0.00020711401941173198,Taipei City,Taipei,25.053,121.5259,20,"Far EastTone Telecommunication Co., Ltd.",9674
2025-01-22 02:35:40.524060 UTC,2025,10:35:40,ndt-qz6rr_1732705542_00000000003BDEF9,Download,71.746181716580267,57.013,0.00084364363067274768,Taipei City,Taipei,25.053,121.5259,100,"Far EastTone Telecommunication Co., Ltd.",9674
2025-01-22 02:30:53.312848 UTC,2025,10:30:53,ndt-7h8vt_1732822567_00000000003C643E,Download,1.65520165350575,23.393,0.0,Taipei City,Taipei,25.053,121.5259,5,"Taiwan Mobile Co., Ltd.",24158
2025-01-22 02:30:45.152756 UTC,2025,10:30:45,ndt-qz6rr_1732705542_00000000003BFD1F,Download,51.426126519980627,20.08,0.0,Taipei City,Taipei,25.053,121.5259,5,Mobile Business Group,17421
2025-01-22 02:24:42.892590 UTC,2025,10:24:42,ndt-zz5jt_1732753005_00000000003C7C32,Download,72.033077530530491,24.152,3.0591988761183151e-05,Taipei City,Taipei,25.053,121.5259,10,Mobile Business Group,17421
2025-01-22 02:21:46.737325 UTC,2025,10:21:46,ndt-virtual-whvch_1732499076_0000000000592874,Download,25.288489431718833,21.859,1.7240827646707795e-05,Taipei City,Taipei,25.053,121.5259,5,Mobile Business Group,17421
2025-01-22 02:21:03.651644 UTC,2025,10:21:03,ndt-qz6rr_1732705542_00000000003BDEE3,Download,34.661481800654315,17.654,0.0,Taipei City,Taipei,25.053,121.5259,5,Mobile Business Group,17421
2025-01-22 02:15:09.713154 UTC,2025,10:15:09,ndt-virtual-whvch_1732499076_0000000000591D30,Download,29.122042228622011,18.03,0.00012487899348490936,Taipei City,Taipei,25.053,121.5259,100,"Far EastTone Telecommunication Co., Ltd.",9674
2025-01-22 02:14:47.324433 UTC,2025,10:14:47,ndt-virtual-whvch_1732499076_00000000005935B5,Download,36.314922659055334,22.9,0.0,Taipei City,Taipei,25.053,121.5259,5,Mobile Business Group,17421
2025-01-22 02:13:14.733570 UTC,2025,10:13:14,ndt-virtual-whvch_1732499076_0000000000591D0D,Download,12.04295630987362,24.009,0.0,Taipei City,Taipei,25.053,121.5259,5,Mobile Business Group,17421
2025-01-22 02:12:42.028418 UTC,2025,10:12:42,ndt-virtual-whvch_1732499076_0000000000591D01,Download,9.13233346949662,19.25,0.00022141308285550661,Taipei City,Taipei,25.053,121.5259,5,Mobile Business Group,17421
2025-01-22 02:08:53.960454 UTC,2025,10:08:53,ndt-zz5jt_1732753005_00000000003DB177,Download,11.514474828614505,25.905,0.073442667158462524,Taipei City,Taipei,25.053,121.5259,10,"Taiwan Mobile Co., Ltd.",24158
2025-01-22 02:05:16.633981 UTC,2025,10:05:16,ndt-7h8vt_1732822567_00000000003BC9BE,Download,40.039032526605517,22.79,0.0,Taipei City,Taipei,25.053,121.5259,5,"Taiwan Mobile Co., Ltd.",24158
2025-01-22 02:04:01.350955 UTC,2025,10:04:01,ndt-virtual-whvch_1732499076_000000000059351A,Download,11.0075817169975,17.334,0.14012472125096562,Taipei City,Taipei,25.053,121.5259,100,"Far EastTone Telecommunication Co., Ltd.",9674
2025-01-22 02:02:57.016284 UTC,2025,10:02:57,ndt-7h8vt_1732822567_00000000003B8B9E,Download,21.089270337172035,59.109,0.00036855206710479234,Taipei City,Taipei,25.053,121.5259,50,"Far EastTone Telecommunication Co., Ltd.",9674
2025-01-22 02:02:34.221246 UTC,2025,10:02:34,ndt-7h8vt_1732822567_00000000003B3F3F,Download,10.525770800092957,49.412,0.15359318388718832,Taipei City,Taipei,25.053,121.5259,100,"Far EastTone Telecommunication Co., Ltd.",9674
2025-01-22 01:59:54.619856 UTC,2025,09:59:54,ndt-virtual-whvch_1732499076_00000000005934D5,Download,237.19951810928762,13.301,2.6470028175895626e-05,Taipei City,Taipei,25.053,121.5259,100,"Far EastTone Telecommunication Co., Ltd.",9674
2025-01-22 01:56:22.554294 UTC,2025,09:56:22,ndt-qz6rr_1732705542_00000000003D362A,Download,11.448440357884094,28.47,0.12465603961370494,Taipei City,Taipei,25.053,121.5259,10,"Taiwan Mobile Co., Ltd.",24158
2025-01-22 01:55:21.139376 UTC,2025,09:55:21,ndt-zz5jt_1732753005_00000000003D44EC,Download,88.788848807018539,49.029,0.00091390079589794221,Taipei City,Taipei,25.053,121.5259,50,"Far EastTone Telecommunication Co., Ltd.",9674
2025-01-22 01:18:48.948466 UTC,2025,09:18:48,ndt-qz6rr_1732705542_00000000003DB3A0,Download,43.57255284500814,54.075,0.00010325741906454093,Taipei City,Taipei,25.053,121.5259,100,"Far EastTone Telecommunication Co., Ltd.",9674
2025-01-22 01:18:22.908018 UTC,2025,09:18:22,ndt-qz6rr_1732705542_00000000003D55E9,Download,91.0574058305179,57.083,0.000409771311886455,Taipei City,Taipei,25.053,121.5259,100,"Far EastTone Telecommunication Co., Ltd.",9674
2025-01-22 01:07:29.749217 UTC,2025,09:07:29,ndt-7h8vt_1732822567_00000000003CE031,Download,155.60786028209577,20.1,0.0,Taipei City,Taipei,25.053,121.5259,5,"Taiwan Mobile Co., Ltd.",24158
2025-01-22 01:07:22.696358 UTC,2025,09:07:22,ndt-virtual-whvch_1732499076_0000000000592338,Download,91.096886704805684,20.57,0.0,Taipei City,Taipei,25.053,121.5259,10,"Taiwan Mobile Co., Ltd.",24158
2025-01-22 01:07:13.864902 UTC,2025,09:07:13,ndt-qz6rr_1732705542_00000000003D7484,Download,0.10961460731958257,24.024,0.49161899350439714,Taipei City,Taipei,25.053,121.5259,10,"Taiwan Mobile Co., Ltd.",24158
2025-01-22 01:05:58.328628 UTC,2025,09:05:58,ndt-zz5jt_1732753005_00000000003C2CDA,Download,0.80458250388988,23.132,0.15080864739402777,Taipei City,Taipei,25.053,121.5259,20,"Taiwan Mobile Co., Ltd.",24158
2025-01-22 01:01:59.867774 UTC,2025,09:01:59,ndt-qz6rr_1732705542_00000000003C0D1F,Download,0.082320498612570486,27.0,0.67534789706911291,Taipei City,Taipei,25.053,121.5259,5,"Taiwan Mobile Co., Ltd.",24158
2025-01-22 01:01:15.400029 UTC,2025,09:01:15,ndt-zz5jt_1732753005_00000000003DD049,Download,0.11525385815007165,26.0,0.6275070450767,Taipei City,Taipei,25.053,121.5259,5,"Taiwan Mobile Co., Ltd.",24158
2025-01-22 01:00:06.174208 UTC,2025,09:00:06,ndt-qz6rr_1732705542_00000000003CA8B7,Download,0.058636448406676984,27.0,0.66766675454785129,Taipei City,Taipei,25.053,121.5259,5,"Taiwan Mobile Co., Ltd.",24158
2025-01-22 00:49:57.661641 UTC,2025,08:49:57,ndt-qz6rr_1732705542_00000000003D48E2,Download,54.11425677775631,24.906,0.0,Taipei City,Taipei,25.053,121.5259,10,"Taiwan Mobile Co., Ltd.",24158
2025-01-22 00:49:25.247614 UTC,2025,08:49:25,ndt-virtual-whvch_1732499076_0000000000590FFE,Download,59.267732133879463,18.896,0.00017779653151186621,Taipei City,Taipei,25.053,121.5259,5,Mobile Business Group,17421
2025-01-22 00:48:57.879622 UTC,2025,08:48:57,ndt-tr4x7_1732671885_000000000048C39B,Download,58.657510904014572,283.952,0.0,Taipei City,Taipei,25.053,121.5259,5,Mobile Business Group,17421
2025-01-22 00:48:32.836443 UTC,2025,08:48:32,ndt-virtual-whvch_1732499076_0000000000590FF4,Download,24.064564114634742,20.751,0.0,Taipei City,Taipei,25.053,121.5259,5,Mobile Business Group,17421
2025-01-22 00:41:37.342717 UTC,2025,08:41:37,ndt-qz6rr_1732705542_00000000003D35C5,Download,36.73831383799498,30.326,0.0,Taipei City,Taipei,25.053,121.5259,100,"Far EastTone Telecommunication Co., Ltd.",9674
2025-01-22 00:37:03.081826 UTC,2025,08:37:03,ndt-zz5jt_1732753005_00000000003CC8F6,Download,54.707248906667552,17.532,0.1263411809212549,Taipei City,Taipei,25.053,121.5259,5,Mobile Business Group,17421
2025-01-22 00:24:52.349028 UTC,2025,08:24:52,ndt-7h8vt_1732822567_00000000003C24E6,Download,107.5401515053796,25.308,0.0,Taipei City,Taipei,25.053,121.5259,5,"Taiwan Mobile Co., Ltd.",24158
2025-01-22 00:22:35.399638 UTC,2025,08:22:35,ndt-virtual-whvch_1732499076_0000000000590E22,Download,12.488865387977269,22.0,0.15824161245867679,Taipei City,Taipei,25.053,121.5259,100,"Far EastTone Telecommunication Co., Ltd.",9674
2025-01-22 00:21:13.286938 UTC,2025,08:21:13,ndt-7h8vt_1732822567_00000000003B6B6B,Download,2.2341813143962939,235.401,0.0011420009442655956,Taipei City,Taipei,25.053,121.5259,100,"Far EastTone Telecommunication Co., Ltd.",9674
2025-01-22 00:20:31.470327 UTC,2025,08:20:31,ndt-7h8vt_1732822567_00000000003BE6BB,Download,108.33799722304582,23.602,0.0,Taipei City,Taipei,25.053,121.5259,5,"Taiwan Mobile Co., Ltd.",24158
2025-01-22 00:19:34.204887 UTC,2025,08:19:34,ndt-virtual-whvch_1732499076_000000000058FDCA,Download,121.37357351964511,20.693,0.0,Taipei City,Taipei,25.053,121.5259,5,"Taiwan Mobile Co., Ltd.",24158
2025-01-22 00:14:15.331178 UTC,2025,08:14:15,ndt-qz6rr_1732705542_00000000003DD2D3,Download,16.101718627374133,24.134,0.025058211573850239,Taipei City,Taipei,25.053,121.5259,5,"Taiwan Mobile Co., Ltd.",24158
2025-01-22 00:03:14.830794 UTC,2025,08:03:14,ndt-7h8vt_1732822567_00000000003C0580,Download,26.221934551025111,22.119,0.0,Taipei City,Taipei,25.053,121.5259,10,Taiwan Star Telecom Corporation Limited.(Former Vibo Telecom Inc.),24157
2025-01-22 00:01:53.916254 UTC,2025,08:01:53,ndt-7h8vt_1732822567_00000000003C057D,Download,9.9499971040954751,53.65,0.00061469575271538509,Taipei City,Taipei,25.053,121.5259,100,"Far EastTone Telecommunication Co., Ltd.",9674
2025-01-21 23:54:35.647654 UTC,2025,07:54:35,ndt-zz5jt_1732753005_00000000003BEFBF,Download,146.70265411893834,26.777,0.026648136252395389,Taipei City,Taipei,25.053,121.5259,100,"Far EastTone Telecommunication Co., Ltd.",9674
2025-01-21 23:51:28.482766 UTC,2025,07:51:28,ndt-virtual-whvch_1732499076_00000000005913DC,Download,125.66856463589659,16.292,0.0,Taipei City,Taipei,25.053,121.5259,5,"Taiwan Mobile Co., Ltd.",24158
2025-01-21 23:39:39.118272 UTC,2025,07:39:39,ndt-7h8vt_1732822567_00000000003B1F17,Download,70.21306767530055,25.762,0.0,Taipei City,Taipei,25.053,121.5259,10,"Taiwan Mobile Co., Ltd.",24158
2025-01-21 23:23:31.357056 UTC,2025,07:23:31,ndt-virtual-whvch_1732499076_0000000000590A37,Download,48.511965563432028,17.444,0.12412135611388034,Taipei City,Taipei,25.053,121.5259,20,"Far EastTone Telecommunication Co., Ltd.",9674
2025-01-21 23:20:53.839293 UTC,2025,07:20:53,ndt-virtual-whvch_1732499076_000000000058FA51,Download,239.62053322129495,15.92,1.9277671523641966e-05,Taipei City,Taipei,25.053,121.5259,100,"Far EastTone Telecommunication Co., Ltd.",9674
2025-01-21 22:51:22.695637 UTC,2025,06:51:22,ndt-qz6rr_1732705542_00000000003D83F0,Download,10.535264853691119,44.137,0.20691261968367197,Taipei City,Taipei,25.053,121.5259,100,"Far EastTone Telecommunication Co., Ltd.",9674
2025-01-21 22:50:43.503042 UTC,2025,06:50:43,ndt-virtual-pnswz_1732502072_00000000005D27A7,Download,11.269406632954928,35.757,0.1865231239195525,Taipei City,Taipei,25.053,121.5259,100,"Far EastTone Telecommunication Co., Ltd.",9674
2025-01-21 22:49:44.213439 UTC,2025,06:49:44,ndt-virtual-whvch_1732499076_00000000005907DD,Download,17.98728640524601,18.752,6.251095773136013e-05,Taipei City,Taipei,25.053,121.5259,5,"Taiwan Mobile Co., Ltd.",24158
2025-01-21 22:46:56.526067 UTC,2025,06:46:56,ndt-virtual-whvch_1732499076_00000000005907B3,Download,9.4898725674313926,18.962,0.0,Taipei City,Taipei,25.053,121.5259,100,"Far EastTone Telecommunication Co., Ltd.",9674
2025-01-21 22:45:57.559001 UTC,2025,06:45:57,ndt-7h8vt_1732822567_00000000003BC867,Download,10.602396093830318,51.306,0.1988013962807651,Taipei City,Taipei,25.053,121.5259,50,"Far EastTone Telecommunication Co., Ltd.",9674
2025-01-21 22:45:06.204072 UTC,2025,06:45:06,ndt-virtual-whvch_1732499076_000000000059078A,Download,3.095875625427571,18.647,0.092653855952681427,Taipei City,Taipei,25.053,121.5259,5,"Taiwan Mobile Co., Ltd.",24158
2025-01-21 22:44:19.591111 UTC,2025,06:44:19,ndt-tr4x7_1732671885_0000000000478D64,Download,1.8002818394470539,299.0,0.028218449919869382,Taipei City,Taipei,25.053,121.5259,5,"Taiwan Mobile Co., Ltd.",24158
2025-01-21 22:42:36.348970 UTC,2025,06:42:36,ndt-7h8vt_1732822567_00000000003B4D2B,Download,37.50254869130783,22.968,0.0023255725712204227,Taipei City,Taipei,25.053,121.5259,5,Taiwan Star Telecom Corporation Limited.(Former Vibo Telecom Inc.),24157
2025-01-21 22:42:25.027621 UTC,2025,06:42:25,ndt-qz6rr_1732705542_00000000003DB2BE,Download,5.6488051083236623,20.973,0.028526033068166409,Taipei City,Taipei,25.053,121.5259,5,"Taiwan Mobile Co., Ltd.",24158
2025-01-21 22:41:59.587406 UTC,2025,06:41:59,ndt-virtual-whvch_1732499076_000000000058F7C1,Download,7.4407190318640684,19.303,0.019601352776053366,Taipei City,Taipei,25.053,121.5259,5,"Taiwan Mobile Co., Ltd.",24158
2025-01-21 22:32:53.154818 UTC,2025,06:32:53,ndt-7h8vt_1732822567_00000000003B3DF5,Download,14.401476563550858,68.662,0.0008862929780578166,Taipei City,Taipei,25.053,121.5259,50,"Far EastTone Telecommunication Co., Ltd.",9674
2025-01-21 22:32:16.413447 UTC,2025,06:32:16,ndt-virtual-whvch_1732499076_000000000058E8BF,Download,48.44003194838939,16.497,0.0,Taipei City,Taipei,25.053,121.5259,5,Taiwan Star Telecom Corporation Limited.(Former Vibo Telecom Inc.),24157
2025-01-21 22:29:34.098862 UTC,2025,06:29:34,ndt-7h8vt_1732822567_00000000003BC847,Download,1.2491214762270528,54.126,0.0085597767254376334,Taipei City,Taipei,25.053,121.5259,50,"Far EastTone Telecommunication Co., Ltd.",9674
2025-01-21 21:55:40.479012 UTC,2025,05:55:40,ndt-7h8vt_1732822567_00000000003BC812,Download,32.942641516055133,49.936,0.00017335080923144044,Taipei City,Taipei,25.053,121.5259,50,"Far EastTone Telecommunication Co., Ltd.",9674
2025-01-21 21:33:40.874507 UTC,2025,05:33:40,ndt-qz6rr_1732705542_00000000003BFBAE,Download,32.659205617906515,24.967,0.0,Taipei City,Taipei,25.053,121.5259,5,Taiwan Star Telecom Corporation Limited.(Former Vibo Telecom Inc.),24157
2025-01-21 21:30:01.483468 UTC,2025,05:30:01,ndt-qz6rr_1732705542_00000000003BDD59,Download,34.72582459977496,23.85,9.3090669697148436e-05,Taipei City,Taipei,25.053,121.5259,5,Taiwan Star Telecom Corporation Limited.(Former Vibo Telecom Inc.),24157
2025-01-21 21:22:56.310232 UTC,2025,05:22:56,ndt-7h8vt_1732822567_00000000003C6204,Download,44.116944355341822,22.761,0.0,Taipei City,Taipei,25.053,121.5259,100,"Far EastTone Telecommunication Co., Ltd.",9674
2025-01-21 21:10:13.588662 UTC,2025,05:10:13,ndt-zz5jt_1732753005_00000000003BEE92,Download,4.8817802238348369,24.931,0.069343042918866282,Taipei City,Taipei,25.053,121.5259,10,Taiwan Star Telecom Corporation Limited.(Former Vibo Telecom Inc.),24157
2025-01-21 21:01:43.233687 UTC,2025,05:01:43,ndt-virtual-whvch_1732499076_000000000058F15C,Download,85.5664061898491,16.972,0.0,Taipei City,Taipei,25.053,121.5259,20,Taiwan Star Telecom Corporation Limited.(Former Vibo Telecom Inc.),24157
2025-01-21 20:38:35.689609 UTC,2025,04:38:35,ndt-virtual-whvch_1732499076_000000000058C000,Download,9.2466579740967187,14.333,0.084503094112426458,Taipei City,Taipei,25.053,121.5259,5,"Taiwan Mobile Co., Ltd.",24158
2025-01-21 20:23:15.304711 UTC,2025,04:23:15,ndt-qz6rr_1732705542_00000000003CA766,Download,23.841302575761333,22.038,0.0,Taipei City,Taipei,25.053,121.5259,10,Taiwan Star Telecom Corporation Limited.(Former Vibo Telecom Inc.),24157
2025-01-21 20:08:23.810584 UTC,2025,04:08:23,ndt-zz5jt_1732753005_00000000003C7977,Download,33.810007622301036,25.328,0.00076798841939764708,Taipei City,Taipei,25.053,121.5259,5,"Taiwan Mobile Co., Ltd.",24158
2025-01-21 20:07:11.315949 UTC,2025,04:07:11,ndt-7h8vt_1732822567_00000000003B797C,Download,37.790940949290494,25.889,0.012880816549633498,Taipei City,Taipei,25.053,121.5259,5,"Taiwan Mobile Co., Ltd.",24158
2025-01-21 19:09:40.468429 UTC,2025,03:09:40,ndt-7h8vt_1732822567_00000000003C7082,Download,4.9091582886038418,24.967,0.091936800485446238,Taipei City,Taipei,25.053,121.5259,10,Taiwan Star Telecom Corporation Limited.(Former Vibo Telecom Inc.),24157
2025-01-21 19:02:55.631292 UTC,2025,03:02:55,ndt-7h8vt_1732822567_00000000003AFC98,Download,46.70183622972695,25.186,0.0,Taipei City,Taipei,25.053,121.5259,5,"Taiwan Mobile Co., Ltd.",24158
2025-01-21 18:34:57.487567 UTC,2025,02:34:57,ndt-7h8vt_1732822567_00000000003B1D5D,Download,65.282641432307713,32.046,0.0,Taipei City,Taipei,25.053,121.5259,5,"Taiwan Mobile Co., Ltd.",24158
2025-01-21 18:12:22.146572 UTC,2025,02:12:22,ndt-7h8vt_1732822567_00000000003C0377,Download,141.64486478476135,20.532,0.0079832968303110673,Taipei City,Taipei,25.053,121.5259,10,"Taiwan Mobile Co., Ltd.",24158
2025-01-21 18:07:30.037980 UTC,2025,02:07:30,ndt-zz5jt_1732753005_00000000003D226A,Download,3.15971734671104,18.799,0.0013181503292189686,Taipei City,Taipei,25.053,121.5259,5,"Taiwan Mobile Co., Ltd.",24158
2025-01-21 18:04:25.097868 UTC,2025,02:04:25,ndt-7h8vt_1732822567_00000000003B4B74,Download,9.2330445933983114,22.071,0.00050666762252543662,Taipei City,Taipei,25.053,121.5259,5,"Taiwan Mobile Co., Ltd.",24158
2025-01-21 17:27:37.556348 UTC,2025,01:27:37,ndt-virtual-whvch_1732499076_000000000058A49C,Download,22.795004312661025,23.166,0.0,Taipei City,Taipei,25.053,121.5259,5,Mobile Business Group,17421
2025-01-21 17:24:32.307989 UTC,2025,01:24:32,ndt-qz6rr_1732705542_00000000003DB11F,Download,90.389572469238885,49.937,6.24304794204395e-05,Taipei City,Taipei,25.053,121.5259,20,"Far EastTone Telecommunication Co., Ltd.",9674
2025-01-21 17:24:16.009337 UTC,2025,01:24:16,ndt-7h8vt_1732822567_00000000003BD4EF,Download,11.837455036061149,17.668,0.0,Taipei City,Taipei,25.053,121.5259,5,Mobile Business Group,17421
2025-01-21 17:17:39.510752 UTC,2025,01:17:39,ndt-qz6rr_1732705542_00000000003BDC26,Download,21.28647694084086,24.0,0.24375361429502207,Taipei City,Taipei,25.053,121.5259,50,"Far EastTone Telecommunication Co., Ltd.",9674
2025-01-21 17:17:00.815370 UTC,2025,01:17:00,ndt-7h8vt_1732822567_00000000003B1CDE,Download,21.312465491365455,27.338,0.18835307767312282,Taipei City,Taipei,25.053,121.5259,50,"Far EastTone Telecommunication Co., Ltd.",9674
2025-01-21 17:09:07.218852 UTC,2025,01:09:07,ndt-7h8vt_1732822567_00000000003B1CCF,Download,4.8911480503049667,26.28,0.08963945718086512,Taipei City,Taipei,25.053,121.5259,10,Taiwan Star Telecom Corporation Limited.(Former Vibo Telecom Inc.),24157
2025-01-21 17:04:46.804193 UTC,2025,01:04:46,ndt-7h8vt_1732822567_00000000003C50D2,Download,78.191705882547055,30.341,0.0,Taipei City,Taipei,25.053,121.5259,50,"Taiwan Mobile Co., Ltd.",24158
2025-01-21 17:04:10.588609 UTC,2025,01:04:10,ndt-qz6rr_1732705542_00000000003DA197,Download,10.933368764478502,39.07,0.14741400071362351,Taipei City,Taipei,25.053,121.5259,100,"Far EastTone Telecommunication Co., Ltd.",9674
2025-01-21 17:03:43.347904 UTC,2025,01:03:43,ndt-7h8vt_1732822567_00000000003C21EB,Download,58.60860026086003,28.398,1.8497436581478274e-05,Taipei City,Taipei,25.053,121.5259,50,"Taiwan Mobile Co., Ltd.",24158
2025-01-21 17:03:28.649234 UTC,2025,01:03:28,ndt-qz6rr_1732705542_00000000003C3E6F,Download,10.452212233314752,43.0,0.12635169373075122,Taipei City,Taipei,25.053,121.5259,100,"Far EastTone Telecommunication Co., Ltd.",9674
2025-01-21 17:03:04.615623 UTC,2025,01:03:04,ndt-virtual-whvch_1732499076_0000000000589902,Download,10.827180168796584,20.3,0.12372895698957119,Taipei City,Taipei,25.053,121.5259,100,"Far EastTone Telecommunication Co., Ltd.",9674
2025-01-21 17:02:11.531130 UTC,2025,01:02:11,ndt-zz5jt_1732753005_00000000003C3A2B,Download,40.690147962326179,27.011,0.0,Taipei City,Taipei,25.053,121.5259,5,"Taiwan Mobile Co., Ltd.",24158
2025-01-21 17:01:22.848898 UTC,2025,01:01:22,ndt-virtual-whvch_1732499076_000000000058B183,Download,10.56323261025906,19.44,0.11522858783150296,Taipei City,Taipei,25.053,121.5259,100,"Far EastTone Telecommunication Co., Ltd.",9674
2025-01-21 17:00:48.689359 UTC,2025,01:00:48,ndt-virtual-whvch_1732499076_000000000058A2C3,Download,11.414163131500052,19.609,0.10802614739937752,Taipei City,Taipei,25.053,121.5259,100,"Far EastTone Telecommunication Co., Ltd.",9674
2025-01-21 16:53:52.744488 UTC,2025,00:53:52,ndt-virtual-whvch_1732499076_000000000058A23A,Download,89.983072866453284,21.252,0.0,Taipei City,Taipei,25.053,121.5259,50,"Far EastTone Telecommunication Co., Ltd.",9674
2025-01-21 16:49:42.162991 UTC,2025,00:49:42,ndt-zz5jt_1732753005_00000000003C87FC,Download,56.904663753027208,24.843,0.0,Taipei City,Taipei,25.053,121.5259,5,"Taiwan Mobile Co., Ltd.",24158
2025-01-21 16:49:11.786540 UTC,2025,00:49:11,ndt-7h8vt_1732822567_00000000003A9DDE,Download,81.398211378862115,25.508,0.00042254351246095328,Taipei City,Taipei,25.053,121.5259,5,"Taiwan Mobile Co., Ltd.",24158
2025-01-21 16:48:37.861630 UTC,2025,00:48:37,ndt-virtual-whvch_1732499076_000000000058B0B7,Download,6.8646477932397092,28.029,0.0,Taipei City,Taipei,25.053,121.5259,10,"Taiwan Mobile Co., Ltd.",24158
2025-01-21 16:43:15.993396 UTC,2025,00:43:15,ndt-zz5jt_1732753005_00000000003D504F,Download,241.43744094752344,20.003,0.0,Taipei City,Taipei,25.053,121.5259,10,"Taiwan Mobile Co., Ltd.",24158
2025-01-21 16:40:54.971745 UTC,2025,00:40:54,ndt-qz6rr_1732705542_00000000003BFA30,Download,14.385998699947489,112.07,0.00087144321113728155,Taipei City,Taipei,25.053,121.5259,100,"Far EastTone Telecommunication Co., Ltd.",9674
2025-01-21 16:39:50.816299 UTC,2025,00:39:50,ndt-7h8vt_1732822567_00000000003B3BAF,Download,256.10095188860316,19.956,0.0,Taipei City,Taipei,25.053,121.5259,10,"Taiwan Mobile Co., Ltd.",24158
2025-01-21 16:32:44.926467 UTC,2025,00:32:44,ndt-zz5jt_1732753005_00000000003BCC64,Download,10.187879997904769,22.563,0.0,Taipei City,Taipei,25.053,121.5259,5,Taiwan Star Telecom Corporation Limited.(Former Vibo Telecom Inc.),24157
2025-01-21 16:22:29.323418 UTC,2025,00:22:29,ndt-zz5jt_1732753005_00000000003D21A0,Download,31.537778001395846,23.111,0.0,Taipei City,Taipei,25.053,121.5259,5,"Taiwan Mobile Co., Ltd.",24158
2025-01-21 16:21:03.652751 UTC,2025,00:21:03,ndt-qz6rr_1732705542_00000000003CF706,Download,18.173630998205798,93.194,0.00019974667812034245,Taipei City,Taipei,25.053,121.5259,100,"Far EastTone Telecommunication Co., Ltd.",9674
2025-01-21 16:20:59.901016 UTC,2025,00:20:59,ndt-kvfdv_1732584141_000000000049B263,Download,56.123602233635495,302.471,0.0,Taipei City,Taipei,25.053,121.5259,10,Mobile Business Group,17421
2025-01-21 16:20:12.104523 UTC,2025,00:20:12,ndt-qz6rr_1732705542_00000000003D71B1,Download,13.102081271754077,97.313,0.00041914412994209879,Taipei City,Taipei,25.053,121.5259,100,"Far EastTone Telecommunication Co., Ltd.",9674
2025-01-21 16:18:36.550760 UTC,2025,00:18:36,ndt-virtual-whvch_1732499076_0000000000586FBE,Download,9.8807191263000842,23.059,0.10505541057547607,Taipei City,Taipei,25.053,121.5259,100,"Far EastTone Telecommunication Co., Ltd.",9674
2025-01-21 16:14:35.774721 UTC,2025,00:14:35,ndt-7h8vt_1732822567_00000000003C21A0,Download,11.294263287848549,17.816,0.052309966425549075,Taipei City,Taipei,25.053,121.5259,5,Mobile Business Group,17421
2025-01-21 16:06:00.370131 UTC,2025,00:06:00,ndt-qz6rr_1732705542_00000000003BF9FF,Download,18.905166365572885,51.083,0.0833821831556823,Taipei City,Taipei,25.053,121.5259,20,"Far EastTone Telecommunication Co., Ltd.",9674
2025-01-21 16:05:27.201622 UTC,2025,00:05:27,ndt-qz6rr_1732705542_00000000003DB0AD,Download,21.941132970391823,22.984,0.0,Taipei City,Taipei,25.053,121.5259,5,Mobile Business Group,17421
2025-01-21 16:04:46.676037 UTC,2025,00:04:46,ndt-zz5jt_1732753005_00000000003C0C5F,Download,9.1180202257646759,116.287,0.032469141111106117,Taipei City,Taipei,25.053,121.5259,100,"Far EastTone Telecommunication Co., Ltd.",9674
2025-01-21 16:01:52.583155 UTC,2025,00:01:52,ndt-qz6rr_1732705542_00000000003D134E,Download,12.138237789168274,48.242,0.0004591777656809207,Taipei City,Taipei,25.053,121.5259,100,"Far EastTone Telecommunication Co., Ltd.",9674
2025-01-21 15:59:43.567952 UTC,2025,23:59:43,ndt-virtual-whvch_1732499076_00000000005894E3,Download,4.5326277207440873,22.731,0.00049736827309410645,Taipei City,Taipei,25.053,121.5259,20,"Far EastTone Telecommunication Co., Ltd.",9674
2025-01-21 15:48:18.882275 UTC,2025,23:48:18,ndt-virtual-whvch_1732499076_000000000058940C,Download,8.3341588219913216,25.986,0.0,Taipei City,Taipei,25.053,121.5259,20,"Far EastTone Telecommunication Co., Ltd.",9674
2025-01-21 15:47:53.924314 UTC,2025,23:47:53,ndt-virtual-whvch_1732499076_0000000000587C6B,Download,56.09747255994364,12.888,5.793826032748447e-05,Taipei City,Taipei,25.053,121.5259,5,"Taiwan Mobile Co., Ltd.",24158
2025-01-21 15:22:19.419583 UTC,2025,23:22:19,ndt-qz6rr_1732705542_00000000003D254B,Download,5.8399362204333922,52.472,0.019683660975246479,Taipei City,Taipei,25.053,121.5259,100,"Far EastTone Telecommunication Co., Ltd.",9674
2025-01-21 15:21:44.205685 UTC,2025,23:21:44,ndt-virtual-whvch_1732499076_0000000000587AD5,Download,95.6621168327588,18.993,3.4816832416480411e-05,Taipei City,Taipei,25.053,121.5259,100,"Far EastTone Telecommunication Co., Ltd.",9674
2025-01-21 15:20:15.328958 UTC,2025,23:20:15,ndt-7h8vt_1732822567_00000000003B4A32,Download,2.7822164786975954,43.67,0.010740117134402496,Taipei City,Taipei,25.053,121.5259,100,"Far EastTone Telecommunication Co., Ltd.",9674
2025-01-21 15:10:10.312089 UTC,2025,23:10:10,ndt-7h8vt_1732822567_00000000003C30B0,Download,20.476482394281831,55.271,0.25618054315616923,Taipei City,Taipei,25.053,121.5259,100,"Far EastTone Telecommunication Co., Ltd.",9674
2025-01-21 15:08:23.833961 UTC,2025,23:08:23,ndt-zz5jt_1732753005_00000000003CF317,Download,1.1238396209990482,28.695,0.11932647383246706,Taipei City,Taipei,25.053,121.5259,10,Taiwan Star Telecom Corporation Limited.(Former Vibo Telecom Inc.),24157
2025-01-21 15:03:42.721618 UTC,2025,23:03:42,ndt-7h8vt_1732822567_00000000003BE324,Download,4.7212050821778435,30.425,0.00015859587969942174,Taipei City,Taipei,25.053,121.5259,5,Mobile Business Group,17421
2025-01-21 15:03:00.199370 UTC,2025,23:03:00,ndt-7h8vt_1732822567_00000000003ACF81,Download,4.0990888308507936,30.802,0.0,Taipei City,Taipei,25.053,121.5259,5,Mobile Business Group,17421
2025-01-21 15:00:26.004657 UTC,2025,23:00:26,ndt-virtual-whvch_1732499076_0000000000586A46,Download,2.7543714532840888,97.59,0.0005118931379742667,Taipei City,Taipei,25.053,121.5259,20,"Far EastTone Telecommunication Co., Ltd.",9674
2025-01-21 14:59:25.178613 UTC,2025,22:59:25,ndt-virtual-whvch_1732499076_0000000000587936,Download,10.332102157328867,85.037,0.00048815158043206372,Taipei City,Taipei,25.053,121.5259,20,"Far EastTone Telecommunication Co., Ltd.",9674
2025-01-21 14:59:09.119704 UTC,2025,22:59:09,ndt-qz6rr_1732705542_00000000003C7A6B,Download,10.619970134729686,114.0,0.00079353921075625154,Taipei City,Taipei,25.053,121.5259,20,"Far EastTone Telecommunication Co., Ltd.",9674
2025-01-21 14:58:18.574909 UTC,2025,22:58:18,ndt-virtual-whvch_1732499076_0000000000587926,Download,2.6930773872613689,26.018,0.0030368677508005384,Taipei City,Taipei,25.053,121.5259,5,Mobile Business Group,17421
2025-01-21 14:57:20.166198 UTC,2025,22:57:20,ndt-zz5jt_1732753005_00000000003CA5A8,Download,0.56946735605374255,126.619,0.079227162423394892,Taipei City,Taipei,25.053,121.5259,100,"Far EastTone Telecommunication Co., Ltd.",9674
2025-01-21 14:55:59.857619 UTC,2025,22:55:59,ndt-virtual-whvch_1732499076_000000000058879B,Download,8.855856942859619,135.652,0.0014503438761394522,Taipei City,Taipei,25.053,121.5259,100,"Far EastTone Telecommunication Co., Ltd.",9674
2025-01-21 14:55:10.198721 UTC,2025,22:55:10,ndt-zz5jt_1732753005_00000000003C48C7,Download,6.8319997000231689,202.845,0.036448768824613544,Taipei City,Taipei,25.053,121.5259,100,"Far EastTone Telecommunication Co., Ltd.",9674
2025-01-21 14:54:39.712248 UTC,2025,22:54:39,ndt-qz6rr_1732705542_00000000003D629C,Download,5.19832237471739,191.99,0.00048815963816412126,Taipei City,Taipei,25.053,121.5259,100,"Far EastTone Telecommunication Co., Ltd.",9674
2025-01-21 14:52:38.060892 UTC,2025,22:52:38,ndt-virtual-whvch_1732499076_000000000058904D,Download,0.42429155747338282,21.315,0.047006977598237236,Taipei City,Taipei,25.053,121.5259,20,"Taiwan Mobile Co., Ltd.",24158
2025-01-21 14:50:20.548542 UTC,2025,22:50:20,ndt-7h8vt_1732822567_00000000003C0219,Download,9.14791758773478,24.532,0.0022954810477782586,Taipei City,Taipei,25.053,121.5259,5,Taiwan Star Telecom Corporation Limited.(Former Vibo Telecom Inc.),24157
2025-01-21 14:49:51.342685 UTC,2025,22:49:51,ndt-virtual-whvch_1732499076_0000000000586984,Download,10.299560856231157,19.791,0.10159865743652324,Taipei City,Taipei,25.053,121.5259,10,"Taiwan Mobile Co., Ltd.",24158
2025-01-21 14:49:07.629930 UTC,2025,22:49:07,ndt-zz5jt_1732753005_00000000003CC4A1,Download,35.162185260840928,53.541,0.00035468616294691865,Taipei City,Taipei,25.053,121.5259,100,"Far EastTone Telecommunication Co., Ltd.",9674
2025-01-21 14:38:35.082162 UTC,2025,22:38:35,ndt-7h8vt_1732822567_00000000003BD3C7,Download,9.60954867883207,19.108,0.084790281061060041,Taipei City,Taipei,25.053,121.5259,5,"Taiwan Mobile Co., Ltd.",24158
2025-01-21 14:36:26.131568 UTC,2025,22:36:26,ndt-zz5jt_1732753005_00000000003C0BD8,Download,6.6931650640068563,20.698,0.0,Taipei City,Taipei,25.053,121.5259,5,"Taiwan Mobile Co., Ltd.",24158
2025-01-21 14:31:10.601501 UTC,2025,22:31:10,ndt-qz6rr_1732705542_00000000003D626A,Download,53.4912978118251,24.144,0.0,Taipei City,Taipei,25.053,121.5259,5,"Taiwan Mobile Co., Ltd.",24158
2025-01-21 14:28:26.480280 UTC,2025,22:28:26,ndt-virtual-whvch_1732499076_00000000005885A3,Download,10.490844310869276,19.38,0.04849339231674081,Taipei City,Taipei,25.053,121.5259,50,"Far EastTone Telecommunication Co., Ltd.",9674
2025-01-21 14:26:44.579357 UTC,2025,22:26:44,ndt-virtual-whvch_1732499076_0000000000588579,Download,99.458964053547689,17.6,0.0,Taipei City,Taipei,25.053,121.5259,5,"Taiwan Mobile Co., Ltd.",24158
2025-01-21 14:26:39.401501 UTC,2025,22:26:39,ndt-virtual-whvch_1732499076_0000000000588573,Download,3.6174025081601098,20.017,0.20771826355877487,Taipei City,Taipei,25.053,121.5259,5,Mobile Business Group,17421
2025-01-21 14:26:30.129534 UTC,2025,22:26:30,ndt-zz5jt_1732753005_00000000003C0BC9,Download,2.157671769330094,17.896,0.16675486985712051,Taipei City,Taipei,25.053,121.5259,5,Mobile Business Group,17421
2025-01-21 14:25:05.551147 UTC,2025,22:25:05,ndt-zz5jt_1732753005_00000000003C4893,Download,128.08289856481036,26.0,0.080228199381034759,Taipei City,Taipei,25.053,121.5259,5,Mobile Business Group,17421
2025-01-21 14:20:58.622929 UTC,2025,22:20:58,ndt-virtual-whvch_1732499076_0000000000585DF0,Download,3.8223924820435662,32.418,0.00030236548711450305,Taipei City,Taipei,25.053,121.5259,50,"Far EastTone Telecommunication Co., Ltd.",9674
2025-01-21 14:20:29.599955 UTC,2025,22:20:29,ndt-7h8vt_1732822567_00000000003ACF40,Download,8.8655200164395271,58.209,0.0,Taipei City,Taipei,25.053,121.5259,50,"Far EastTone Telecommunication Co., Ltd.",9674
2025-01-21 14:20:14.767755 UTC,2025,22:20:14,ndt-virtual-whvch_1732499076_00000000005884DA,Download,16.765296536459118,23.952,0.0071306518460815867,Taipei City,Taipei,25.053,121.5259,5,Mobile Business Group,17421
2025-01-21 14:19:53.331985 UTC,2025,22:19:53,ndt-qz6rr_1732705542_00000000003DA0B5,Download,3.6990891928303911,71.161,0.10401658642864672,Taipei City,Taipei,25.053,121.5259,20,"Far EastTone Telecommunication Co., Ltd.",9674
2025-01-21 14:19:25.746631 UTC,2025,22:19:25,ndt-zz5jt_1732753005_00000000003C679B,Download,1.4229985640028961,130.764,0.0058989129559213231,Taipei City,Taipei,25.053,121.5259,100,"Far EastTone Telecommunication Co., Ltd.",9674
2025-01-21 14:12:01.504636 UTC,2025,22:12:01,ndt-virtual-whvch_1732499076_0000000000587599,Download,27.206826229609231,20.715,0.0,Taipei City,Taipei,25.053,121.5259,10,"Taiwan Mobile Co., Ltd.",24158
2025-01-21 14:09:29.394361 UTC,2025,22:09:29,ndt-virtual-whvch_1732499076_0000000000586686,Download,286.70437976756779,12.9,0.08510666613045928,Taipei City,Taipei,25.053,121.5259,5,Mobile Business Group,17421
2025-01-21 14:08:39.349685 UTC,2025,22:08:39,ndt-qz6rr_1732705542_00000000003D6246,Download,49.185778225379877,49.169,0.000250450521552688,Taipei City,Taipei,25.053,121.5259,100,"Far EastTone Telecommunication Co., Ltd.",9674
2025-01-21 14:08:22.861520 UTC,2025,22:08:22,ndt-virtual-whvch_1732499076_0000000000586671,Download,132.99506143902636,19.752,0.0,Taipei City,Taipei,25.053,121.5259,10,"Taiwan Mobile Co., Ltd.",24158
2025-01-21 14:04:00.781057 UTC,2025,22:04:00,ndt-7h8vt_1732822567_00000000003B499D,Download,174.36670115596652,14.885,0.10847794683245784,Taipei City,Taipei,25.053,121.5259,5,Mobile Business Group,17421
2025-01-21 14:03:44.076338 UTC,2025,22:03:44,ndt-zz5jt_1732753005_00000000003D4026,Download,10.308935234051283,53.814,0.0,Taipei City,Taipei,25.053,121.5259,100,"Far EastTone Telecommunication Co., Ltd.",9674
2025-01-21 14:03:29.284496 UTC,2025,22:03:29,ndt-virtual-whvch_1732499076_0000000000585CE2,Download,8.543335360047724,21.493,0.0598403379881633,Taipei City,Taipei,25.053,121.5259,100,"Far EastTone Telecommunication Co., Ltd.",9674
2025-01-21 14:03:21.958416 UTC,2025,22:03:21,ndt-qz6rr_1732705542_00000000003D80E8,Download,39.712876666116124,24.038,0.0,Taipei City,Taipei,25.053,121.5259,5,"Taiwan Mobile Co., Ltd.",24158
2025-01-21 14:03:18.241091 UTC,2025,22:03:18,ndt-qz6rr_1732705542_00000000003BAC51,Download,10.812532135440703,50.002,0.019865641361534896,Taipei City,Taipei,25.053,121.5259,100,"Far EastTone Telecommunication Co., Ltd.",9674
2025-01-21 14:03:03.264578 UTC,2025,22:03:03,ndt-virtual-whvch_1732499076_000000000058750D,Download,63.676288325186746,23.628,0.0,Taipei City,Taipei,25.053,121.5259,5,"Taiwan Mobile Co., Ltd.",24158
2025-01-21 14:02:55.222501 UTC,2025,22:02:55,ndt-7h8vt_1732822567_00000000003C20C1,Download,9.3286479523474366,58.955,0.0,Taipei City,Taipei,25.053,121.5259,100,"Far EastTone Telecommunication Co., Ltd.",9674
2025-01-21 14:01:56.717617 UTC,2025,22:01:56,ndt-zz5jt_1732753005_00000000003CD3E6,Download,10.945092230521343,45.64,0.10562171922401338,Taipei City,Taipei,25.053,121.5259,100,"Far EastTone Telecommunication Co., Ltd.",9674
2025-01-21 14:00:58.981679 UTC,2025,22:00:58,ndt-qz6rr_1732705542_00000000003BDB0D,Download,9.9547275082195874,56.549,0.13792911416090653,Taipei City,Taipei,25.053,121.5259,100,"Far EastTone Telecommunication Co., Ltd.",9674
2025-01-21 13:53:09.355863 UTC,2025,21:53:09,ndt-qz6rr_1732705542_00000000003C5721,Download,2.7206167737868721,24.385,0.04784918006246134,Taipei City,Taipei,25.053,121.5259,5,"Taiwan Mobile Co., Ltd.",24158
2025-01-21 13:50:34.788257 UTC,2025,21:50:34,ndt-7h8vt_1732822567_00000000003A7D38,Download,113.38093011949063,19.72,0.0,Taipei City,Taipei,25.053,121.5259,5,"Taiwan Mobile Co., Ltd.",24158
2025-01-21 13:42:21.222359 UTC,2025,21:42:21,ndt-virtual-whvch_1732499076_0000000000585B59,Download,11.025177776898497,17.673,0.16001994741125514,Taipei City,Taipei,25.053,121.5259,5,Mobile Business Group,17421
2025-01-21 13:38:29.045233 UTC,2025,21:38:29,ndt-7h8vt_1732822567_00000000003BC4F0,Download,24.642972929489829,57.53,0.000570932518115263,Taipei City,Taipei,25.053,121.5259,50,"Far EastTone Telecommunication Co., Ltd.",9674
2025-01-21 13:36:18.613314 UTC,2025,21:36:18,ndt-zz5jt_1732753005_00000000003C483E,Download,16.589509694609184,28.881,0.033741452508991618,Taipei City,Taipei,25.053,121.5259,100,"Far EastTone Telecommunication Co., Ltd.",9674
2025-01-21 13:35:26.019602 UTC,2025,21:35:26,ndt-7h8vt_1732822567_00000000003B496F,Download,58.486218558197017,55.017,1.9324740779510514e-05,Taipei City,Taipei,25.053,121.5259,50,"Far EastTone Telecommunication Co., Ltd.",9674
2025-01-21 13:22:46.797769 UTC,2025,21:22:46,ndt-virtual-whvch_1732499076_00000000005859F0,Download,201.68757518687039,14.93,0.0,Taipei City,Taipei,25.053,121.5259,10,Taiwan Star Telecom Corporation Limited.(Former Vibo Telecom Inc.),24157
2025-01-21 13:22:16.320454 UTC,2025,21:22:16,ndt-qz6rr_1732705542_00000000003C282B,Download,172.44813278672086,18.963,0.0,Taipei City,Taipei,25.053,121.5259,10,Taiwan Star Telecom Corporation Limited.(Former Vibo Telecom Inc.),24157
2025-01-21 13:17:08.397687 UTC,2025,21:17:08,ndt-zz5jt_1732753005_00000000003C868C,Download,39.816080129361154,21.843,0.11592918610986758,Taipei City,Taipei,25.053,121.5259,5,Mobile Business Group,17421
2025-01-21 13:11:02.700130 UTC,2025,21:11:02,ndt-fnw9k_1732665153_000000000047A2A3,Download,25.157213313161876,310.381,0.0,Taipei City,Taipei,25.053,121.5259,20,"Taiwan Mobile Co., Ltd.",24158
2025-01-21 13:09:58.600203 UTC,2025,21:09:58,ndt-virtual-whvch_1732499076_00000000005858DA,Download,20.01870616149618,24.464,0.00011028872919693616,Taipei City,Taipei,25.053,121.5259,20,"Taiwan Mobile Co., Ltd.",24158
2025-01-21 13:09:30.022688 UTC,2025,21:09:30,ndt-virtual-whvch_1732499076_0000000000584FC8,Download,10.554137347543945,16.328,0.078758338658565227,Taipei City,Taipei,25.053,121.5259,5,"Taiwan Mobile Co., Ltd.",24158
2025-01-21 13:06:57.104997 UTC,2025,21:06:57,ndt-virtual-whvch_1732499076_0000000000585874,Download,39.938215062441934,16.461,0.0,Taipei City,Taipei,25.053,121.5259,10,"Taiwan Mobile Co., Ltd.",24158
2025-01-21 13:06:34.955096 UTC,2025,21:06:34,ndt-7h8vt_1732822567_00000000003B493A,Download,2.7468717547371431,28.829,0.018521725752214335,Taipei City,Taipei,25.053,121.5259,20,Taiwan Star Telecom Corporation Limited.(Former Vibo Telecom Inc.),24157
2025-01-21 13:04:28.109745 UTC,2025,21:04:28,ndt-7h8vt_1732822567_00000000003C016D,Download,76.080426184705772,53.107,0.00010306826576455469,Taipei City,Taipei,25.053,121.5259,100,"Far EastTone Telecommunication Co., Ltd.",9674
2025-01-21 13:03:30.117624 UTC,2025,21:03:30,ndt-qz6rr_1732705542_00000000003B0F8C,Download,73.371531344706966,48.897,0.00021411621326694559,Taipei City,Taipei,25.053,121.5259,100,"Far EastTone Telecommunication Co., Ltd.",9674
2025-01-21 13:02:22.521261 UTC,2025,21:02:22,ndt-zz5jt_1732753005_00000000003D110E,Download,10.709312677413759,45.882,0.12382162263065753,Taipei City,Taipei,25.053,121.5259,20,"Far EastTone Telecommunication Co., Ltd.",9674
2025-01-21 12:59:27.237475 UTC,2025,20:59:27,ndt-qz6rr_1732705542_00000000003D05AF,Download,1.5033303742561486,20.788,0.030575566173098825,Taipei City,Taipei,25.053,121.5259,10,Mobile Business Group,17421
2025-01-21 12:57:19.038947 UTC,2025,20:57:19,ndt-zz5jt_1732753005_00000000003BCB0A,Download,127.42814184872236,45.061,3.8267018230960983e-05,Taipei City,Taipei,25.053,121.5259,100,"Far EastTone Telecommunication Co., Ltd.",9674
2025-01-21 12:56:01.587792 UTC,2025,20:56:01,ndt-qz6rr_1732705542_00000000003C4725,Download,6.2615771117972434,29.48,0.03770477170491654,Taipei City,Taipei,25.053,121.5259,10,Mobile Business Group,17421
2025-01-21 12:52:13.257645 UTC,2025,20:52:13,ndt-qz6rr_1732705542_00000000003DA03D,Download,31.592718386153127,20.685,0.0,Taipei City,Taipei,25.053,121.5259,5,"Taiwan Mobile Co., Ltd.",24158
2025-01-21 12:51:00.820437 UTC,2025,20:51:00,ndt-qz6rr_1732705542_00000000003B0F7C,Download,50.469984012326151,34.171,4.3893952895647128e-05,Taipei City,Taipei,25.053,121.5259,100,"Far EastTone Telecommunication Co., Ltd.",9674
2025-01-21 12:47:21.070914 UTC,2025,20:47:21,ndt-zz5jt_1732753005_00000000003C7687,Download,2.2679879072999536,22.905,0.025676334290356546,Taipei City,Taipei,25.053,121.5259,10,Mobile Business Group,17421
2025-01-21 12:46:35.303919 UTC,2025,20:46:35,ndt-7h8vt_1732822567_00000000003B2B1B,Download,9.4389752453044835,57.133,0.091569808111975667,Taipei City,Taipei,25.053,121.5259,20,"Far EastTone Telecommunication Co., Ltd.",9674
2025-01-21 12:45:20.757231 UTC,2025,20:45:20,ndt-7h8vt_1732822567_00000000003ABF73,Download,11.339306742184251,26.029,0.12039511622520045,Taipei City,Taipei,25.053,121.5259,5,"Taiwan Mobile Co., Ltd.",24158
2025-01-21 12:44:03.988681 UTC,2025,20:44:03,ndt-7h8vt_1732822567_00000000003B4913,Download,39.309148356467041,20.237,0.0,Taipei City,Taipei,25.053,121.5259,20,Taiwan Star Telecom Corporation Limited.(Former Vibo Telecom Inc.),24157
2025-01-21 12:43:37.779481 UTC,2025,20:43:37,ndt-virtual-whvch_1732499076_0000000000585684,Download,12.986707194443657,9.367,0.0717832553398721,Taipei City,Taipei,25.053,121.5259,5,Mobile Business Group,17421
2025-01-21 12:43:34.527496 UTC,2025,20:43:34,ndt-7h8vt_1732822567_00000000003C0149,Download,1.6849613405738524,13.78,0.13059618954191793,Taipei City,Taipei,25.053,121.5259,5,Mobile Business Group,17421
2025-01-21 12:43:31.768605 UTC,2025,20:43:31,ndt-zz5jt_1732753005_00000000003D0194,Download,21.090056044448211,14.833,0.26096673204278414,Taipei City,Taipei,25.053,121.5259,5,Mobile Business Group,17421
2025-01-21 12:43:29.148992 UTC,2025,20:43:29,ndt-virtual-whvch_1732499076_0000000000582FEC,Download,85.872681021869639,14.214,0.0,Taipei City,Taipei,25.053,121.5259,20,"Far EastTone Telecommunication Co., Ltd.",9674
2025-01-21 12:42:58.019865 UTC,2025,20:42:58,ndt-virtual-whvch_1732499076_0000000000584D65,Download,67.047757813792828,14.087,0.0,Taipei City,Taipei,25.053,121.5259,20,"Far EastTone Telecommunication Co., Ltd.",9674
2025-01-21 12:42:54.162777 UTC,2025,20:42:54,ndt-virtual-whvch_1732499076_0000000000583EDE,Download,9.5017112637936663,10.406,0.099133676676737822,Taipei City,Taipei,25.053,121.5259,5,Mobile Business Group,17421
2025-01-21 12:42:39.855801 UTC,2025,20:42:39,ndt-7h8vt_1732822567_00000000003BD2EA,Download,8.0434853143950242,13.897,0.13823481015835476,Taipei City,Taipei,25.053,121.5259,5,Mobile Business Group,17421
2025-01-21 12:41:47.074723 UTC,2025,20:41:47,ndt-kvfdv_1732584141_000000000049610E,Download,9.4678972692617638,280.446,0.44647092403845945,Taipei City,Taipei,25.053,121.5259,5,Mobile Business Group,17421
2025-01-21 12:39:41.905805 UTC,2025,20:39:41,ndt-7h8vt_1732822567_00000000003B85D1,Download,13.470248581268322,14.27,0.086600174053694537,Taipei City,Taipei,25.053,121.5259,5,Mobile Business Group,17421
2025-01-21 12:39:06.625882 UTC,2025,20:39:06,ndt-qz6rr_1732705542_00000000003D1248,Download,13.322005526575621,14.639,0.10812906208753217,Taipei City,Taipei,25.053,121.5259,5,Mobile Business Group,17421
2025-01-21 12:39:00.764226 UTC,2025,20:39:00,ndt-zz5jt_1732753005_00000000003CE20F,Download,38.126762023448542,17.071,0.00017505622594916789,Taipei City,Taipei,25.053,121.5259,5,"Taiwan Mobile Co., Ltd.",24158
2025-01-21 12:38:01.974075 UTC,2025,20:38:01,ndt-virtual-whvch_1732499076_0000000000582F6A,Download,6.8713764826877952,29.123,6.2915659707701249e-06,Taipei City,Taipei,25.053,121.5259,5,"Taiwan Mobile Co., Ltd.",24158
2025-01-21 12:38:00.654815 UTC,2025,20:38:00,ndt-7h8vt_1732822567_00000000003ABF68,Download,216.31312524828536,17.962,0.028727748603732933,Taipei City,Taipei,25.053,121.5259,5,Mobile Business Group,17421
2025-01-21 12:36:22.841395 UTC,2025,20:36:22,ndt-virtual-whvch_1732499076_00000000005855FD,Download,147.78571989220063,10.0,0.14296421293929623,Taipei City,Taipei,25.053,121.5259,5,Mobile Business Group,17421
2025-01-21 12:36:22.700536 UTC,2025,20:36:22,ndt-zz5jt_1732753005_00000000003C577D,Download,50.338754019950905,27.959,0.0,Taipei City,Taipei,25.053,121.5259,100,"Far EastTone Telecommunication Co., Ltd.",9674
2025-01-21 12:35:46.372337 UTC,2025,20:35:46,ndt-zz5jt_1732753005_00000000003BDBBA,Download,2.4508199796261394,55.872,0.00015564548405745541,Taipei City,Taipei,25.053,121.5259,100,"Far EastTone Telecommunication Co., Ltd.",9674
2025-01-21 12:35:32.550842 UTC,2025,20:35:32,ndt-virtual-whvch_1732499076_0000000000582F42,Download,35.327419292906988,23.423,0.0,Taipei City,Taipei,25.053,121.5259,100,"Far EastTone Telecommunication Co., Ltd.",9674
2025-01-21 12:35:27.274475 UTC,2025,20:35:27,ndt-virtual-whvch_1732499076_00000000005855EE,Download,2.1709921465666908,35.199,0.001584571961980928,Taipei City,Taipei,25.053,121.5259,100,"Far EastTone Telecommunication Co., Ltd.",9674
2025-01-21 12:33:54.737819 UTC,2025,20:33:54,ndt-zz5jt_1732753005_00000000003C18E6,Download,1.2659684704795844,46.538,0.0017193270784984784,Taipei City,Taipei,25.053,121.5259,100,"Far EastTone Telecommunication Co., Ltd.",9674
2025-01-21 12:33:43.379382 UTC,2025,20:33:43,ndt-qz6rr_1732705542_00000000003BDA93,Download,0.3694128183398544,57.738,0.0043581708180770356,Taipei City,Taipei,25.053,121.5259,100,"Far EastTone Telecommunication Co., Ltd.",9674
2025-01-21 12:30:55.944630 UTC,2025,20:30:55,ndt-zz5jt_1732753005_00000000003BDBB3,Download,352.4961820848136,43.254,5.522622621085348e-06,Taipei City,Taipei,25.053,121.5259,20,"Far EastTone Telecommunication Co., Ltd.",9674
2025-01-21 12:26:01.305735 UTC,2025,20:26:01,ndt-virtual-whvch_1732499076_0000000000582E95,Download,10.506904404164118,22.517,0.0,Taipei City,Taipei,25.053,121.5259,10,Taiwan Star Telecom Corporation Limited.(Former Vibo Telecom Inc.),24157
2025-01-21 12:22:15.978490 UTC,2025,20:22:15,ndt-7h8vt_1732822567_00000000003ACE51,Download,9.5097497471048857,20.619,0.074794145352548733,Taipei City,Taipei,25.053,121.5259,5,"Taiwan Mobile Co., Ltd.",24158
2025-01-21 12:20:34.312957 UTC,2025,20:20:34,ndt-7h8vt_1732822567_00000000003B576F,Download,21.77452806652391,20.831,0.0,Taipei City,Taipei,25.053,121.5259,10,Taiwan Star Telecom Corporation Limited.(Former Vibo Telecom Inc.),24157
2025-01-21 12:19:19.736112 UTC,2025,20:19:19,ndt-7h8vt_1732822567_00000000003B2AE3,Download,19.886733006401116,25.166,0.014481884947757631,Taipei City,Taipei,25.053,121.5259,10,Mobile Business Group,17421
2025-01-21 12:15:13.165565 UTC,2025,20:15:13,ndt-7h8vt_1732822567_00000000003BE1FB,Download,8.9946988791921854,43.121,0.25059282920873921,Taipei City,Taipei,25.053,121.5259,20,"Far EastTone Telecommunication Co., Ltd.",9674
2025-01-21 12:14:34.235066 UTC,2025,20:14:34,ndt-zz5jt_1732753005_00000000003C3830,Download,0.61803211283649528,44.339,0.21622925947933413,Taipei City,Taipei,25.053,121.5259,20,"Far EastTone Telecommunication Co., Ltd.",9674
2025-01-21 12:13:30.202984 UTC,2025,20:13:30,ndt-zz5jt_1732753005_00000000003C7659,Download,7.8657156864720381,63.421,0.020337742171060547,Taipei City,Taipei,25.053,121.5259,50,"Far EastTone Telecommunication Co., Ltd.",9674
2025-01-21 12:11:56.096148 UTC,2025,20:11:56,ndt-zz5jt_1732753005_00000000003C0ADD,Download,23.25232286488016,17.926,0.010843203793366589,Taipei City,Taipei,25.053,121.5259,5,Mobile Business Group,17421
2025-01-21 12:07:12.726383 UTC,2025,20:07:12,ndt-virtual-whvch_1732499076_0000000000583C56,Download,11.02766033265401,20.468,0.0,Taipei City,Taipei,25.053,121.5259,50,"Far EastTone Telecommunication Co., Ltd.",9674
2025-01-21 12:02:46.632145 UTC,2025,20:02:46,ndt-zz5jt_1732753005_00000000003D109E,Download,10.720626175872233,22.33,0.0,Taipei City,Taipei,25.053,121.5259,5,"Taiwan Mobile Co., Ltd.",24158
2025-01-21 12:02:07.238045 UTC,2025,20:02:07,ndt-virtual-whvch_1732499076_0000000000583BE8,Download,2.4519993869200105,30.834,0.00047460220885530867,Taipei City,Taipei,25.053,121.5259,5,"Taiwan Mobile Co., Ltd.",24158
2025-01-21 12:01:47.206531 UTC,2025,20:01:47,ndt-kvfdv_1732584141_000000000043BD66,Download,10.883529009400169,161.157,0.34300182246966071,Taipei City,Taipei,25.053,121.5259,100,"Far EastTone Telecommunication Co., Ltd.",9674
2025-01-21 12:01:43.050233 UTC,2025,20:01:43,ndt-qz6rr_1732705542_00000000003BAB92,Download,4.8762011844076207,70.952,0.022347401272553791,Taipei City,Taipei,25.053,121.5259,5,"Taiwan Mobile Co., Ltd.",24158
2025-01-21 12:01:26.128798 UTC,2025,20:01:26,ndt-qz6rr_1732705542_00000000003C568B,Download,4.0706720971863,37.346,0.0011188847933086361,Taipei City,Taipei,25.053,121.5259,5,"Taiwan Mobile Co., Ltd.",24158
2025-01-21 12:00:48.122781 UTC,2025,20:00:48,ndt-virtual-whvch_1732499076_0000000000583BD3,Download,5.7680408345503738,35.297,0.0013383760063597442,Taipei City,Taipei,25.053,121.5259,5,"Taiwan Mobile Co., Ltd.",24158
2025-01-21 12:00:36.259245 UTC,2025,20:00:36,ndt-fnw9k_1732665153_0000000000476547,Download,4.739344139541652,317.766,0.073951402261239446,Taipei City,Taipei,25.053,121.5259,5,"Taiwan Mobile Co., Ltd.",24158
2025-01-21 11:57:45.427237 UTC,2025,19:57:45,ndt-zz5jt_1732753005_00000000003B8CB9,Download,8.1903696541572231,53.187,0.22613907567334196,Taipei City,Taipei,25.053,121.5259,100,"Far EastTone Telecommunication Co., Ltd.",9674
2025-01-21 11:57:44.494829 UTC,2025,19:57:44,ndt-qz6rr_1732705542_00000000003BAB85,Download,5.8616321536176583,48.035,0.0012979197058256417,Taipei City,Taipei,25.053,121.5259,50,"Far EastTone Telecommunication Co., Ltd.",9674
2025-01-21 11:54:13.210365 UTC,2025,19:54:13,ndt-7h8vt_1732822567_00000000003AEC34,Download,68.993573306296867,32.531,0.0032277561113011532,Taipei City,Taipei,25.053,121.5259,100,"Far EastTone Telecommunication Co., Ltd.",9674
2025-01-21 11:51:29.886725 UTC,2025,19:51:29,ndt-7h8vt_1732822567_00000000003BF1C0,Download,3.5890959011884664,46.36,0.11750975888935164,Taipei City,Taipei,25.053,121.5259,100,"Far EastTone Telecommunication Co., Ltd.",9674
2025-01-21 11:50:35.880959 UTC,2025,19:50:35,ndt-7h8vt_1732822567_00000000003BF1BE,Download,18.633891250812429,37.629,0.10301025395574571,Taipei City,Taipei,25.053,121.5259,20,"Far EastTone Telecommunication Co., Ltd.",9674
2025-01-21 11:47:48.192279 UTC,2025,19:47:48,ndt-7h8vt_1732822567_00000000003BD280,Download,1.3194405670482026,28.142,0.0010744799759150382,Taipei City,Taipei,25.053,121.5259,5,"Taiwan Mobile Co., Ltd.",24158
2025-01-21 11:47:01.024805 UTC,2025,19:47:01,ndt-qz6rr_1732705542_00000000003C08A5,Download,50.759814343800087,20.208,2.2163491040385465e-05,Taipei City,Taipei,25.053,121.5259,5,"Taiwan Mobile Co., Ltd.",24158
2025-01-21 11:43:10.487199 UTC,2025,19:43:10,ndt-zz5jt_1732753005_00000000003B9E31,Download,131.5976182858083,23.592,0.029775093837092419,Taipei City,Taipei,25.053,121.5259,5,Mobile Business Group,17421
2025-01-21 11:41:49.683318 UTC,2025,19:41:49,ndt-virtual-whvch_1732499076_0000000000584904,Download,3.1664251551207343,21.377,0.033203353270394656,Taipei City,Taipei,25.053,121.5259,10,Taiwan Star Telecom Corporation Limited.(Former Vibo Telecom Inc.),24157
2025-01-21 11:40:55.169971 UTC,2025,19:40:55,ndt-virtual-whvch_1732499076_00000000005851F1,Download,4.8780611318207567,25.894,0.0,Taipei City,Taipei,25.053,121.5259,50,"Far EastTone Telecommunication Co., Ltd.",9674
2025-01-21 11:37:56.206612 UTC,2025,19:37:56,ndt-7h8vt_1732822567_00000000003B4891,Download,0.24092583380220323,52.31,0.0037837704256329851,Taipei City,Taipei,25.053,121.5259,50,"Far EastTone Telecommunication Co., Ltd.",9674
2025-01-21 11:37:53.490187 UTC,2025,19:37:53,ndt-virtual-whvch_1732499076_0000000000582AF4,Download,13.225516448527237,17.088,0.00041013002244545877,Taipei City,Taipei,25.053,121.5259,100,"Far EastTone Telecommunication Co., Ltd.",9674
2025-01-21 11:37:22.919068 UTC,2025,19:37:22,ndt-qz6rr_1732705542_00000000003D11F2,Download,20.964958582288567,54.0,0.11945412340912706,Taipei City,Taipei,25.053,121.5259,100,"Far EastTone Telecommunication Co., Ltd.",9674
2025-01-21 11:36:36.376827 UTC,2025,19:36:36,ndt-fnw9k_1732665153_000000000047A15F,Download,0.737323248221033,189.262,0.0,Taipei City,Taipei,25.053,121.5259,100,"Far EastTone Telecommunication Co., Ltd.",9674
2025-01-21 11:28:03.085620 UTC,2025,19:28:03,ndt-zz5jt_1732753005_00000000003CC324,Download,133.76760086537203,44.259,3.4484750282860041e-05,Taipei City,Taipei,25.053,121.5259,100,"Far EastTone Telecommunication Co., Ltd.",9674
2025-01-21 11:27:33.711043 UTC,2025,19:27:33,ndt-qz6rr_1732705542_00000000003CD4DE,Download,15.429682572793801,54.384,0.029224230638608469,Taipei City,Taipei,25.053,121.5259,100,"Far EastTone Telecommunication Co., Ltd.",9674
2025-01-21 11:26:50.265734 UTC,2025,19:26:50,ndt-qz6rr_1732705542_00000000003BF887,Download,118.31207757202142,44.757,1.8431460630724448e-05,Taipei City,Taipei,25.053,121.5259,100,"Far EastTone Telecommunication Co., Ltd.",9674
2025-01-21 11:10:52.868885 UTC,2025,19:10:52,ndt-qz6rr_1732705542_00000000003C5655,Download,11.671084374400895,90.265,0.0010278361586336631,Taipei City,Taipei,25.053,121.5259,100,"Far EastTone Telecommunication Co., Ltd.",9674
2025-01-21 11:07:58.666973 UTC,2025,19:07:58,ndt-7h8vt_1732822567_00000000003B851D,Download,133.92555321243242,42.615,0.00074218547214949021,Taipei City,Taipei,25.053,121.5259,100,"Far EastTone Telecommunication Co., Ltd.",9674
2025-01-21 11:06:00.223487 UTC,2025,19:06:00,ndt-zz5jt_1732753005_00000000003C85BD,Download,64.43814079022566,19.363,0.00013992314001342132,Taipei City,Taipei,25.053,121.5259,5,Mobile Business Group,17421
2025-01-21 11:04:43.739688 UTC,2025,19:04:43,ndt-virtual-whvch_1732499076_000000000058283A,Download,11.320545967839539,20.065,0.072695764513356173,Taipei City,Taipei,25.053,121.5259,100,"Far EastTone Telecommunication Co., Ltd.",9674
2025-01-21 10:57:32.411940 UTC,2025,18:57:32,ndt-7h8vt_1732822567_00000000003B3943,Download,263.31396666692075,42.475,0.011644238665000931,Taipei City,Taipei,25.053,121.5259,20,"Far EastTone Telecommunication Co., Ltd.",9674
2025-01-21 10:52:22.626886 UTC,2025,18:52:22,ndt-qz6rr_1732705542_00000000003D3169,Download,9.18337456651066,62.145,0.00055833288369550678,Taipei City,Taipei,25.053,121.5259,20,"Far EastTone Telecommunication Co., Ltd.",9674
2025-01-21 10:51:52.159446 UTC,2025,18:51:52,ndt-zz5jt_1732753005_00000000003D102B,Download,19.328958477169579,70.978,0.00030320954952106269,Taipei City,Taipei,25.053,121.5259,20,"Far EastTone Telecommunication Co., Ltd.",9674
2025-01-21 10:51:32.772742 UTC,2025,18:51:32,ndt-qz6rr_1732705542_00000000003D22D2,Download,1.3237611887242322,64.912,0.0026426847519786427,Taipei City,Taipei,25.053,121.5259,50,"Far EastTone Telecommunication Co., Ltd.",9674
2025-01-21 10:50:55.837870 UTC,2025,18:50:55,ndt-qz6rr_1732705542_00000000003D22D0,Download,4.5308129097908205,55.767,0.0,Taipei City,Taipei,25.053,121.5259,50,"Far EastTone Telecommunication Co., Ltd.",9674
2025-01-21 10:49:44.344217 UTC,2025,18:49:44,ndt-virtual-whvch_1732499076_0000000000582724,Download,8.0918090369070956,14.923,0.0,Taipei City,Taipei,25.053,121.5259,5,"Taiwan Mobile Co., Ltd.",24158
2025-01-21 10:49:37.735283 UTC,2025,18:49:37,ndt-qz6rr_1732705542_00000000003CB5E5,Download,6.5180019150973507,45.59,0.00017568095747598134,Taipei City,Taipei,25.053,121.5259,100,"Far EastTone Telecommunication Co., Ltd.",9674
2025-01-21 10:49:03.238861 UTC,2025,18:49:03,ndt-zz5jt_1732753005_00000000003CC2EA,Download,7.6115958855953592,16.815,0.0,Taipei City,Taipei,25.053,121.5259,5,"Taiwan Mobile Co., Ltd.",24158
2025-01-21 10:48:06.364550 UTC,2025,18:48:06,ndt-zz5jt_1732753005_00000000003BBBB4,Download,12.664568772563953,60.009,0.051288777335085661,Taipei City,Taipei,25.053,121.5259,20,"Far EastTone Telecommunication Co., Ltd.",9674
2025-01-21 10:42:59.952525 UTC,2025,18:42:59,ndt-qz6rr_1732705542_00000000003CA45C,Download,39.735970965505679,27.42,0.0,Taipei City,Taipei,25.053,121.5259,5,Mobile Business Group,17421
2025-01-21 10:26:40.656680 UTC,2025,18:26:40,ndt-zz5jt_1732753005_00000000003BF940,Download,38.235206202494133,21.013,0.0,Taipei City,Taipei,25.053,121.5259,20,Taiwan Star Telecom Corporation Limited.(Former Vibo Telecom Inc.),24157
2025-01-21 10:17:15.622419 UTC,2025,18:17:15,ndt-virtual-whvch_1732499076_00000000005824E3,Download,56.926706302651951,13.813,0.079026008737061088,Taipei City,Taipei,25.053,121.5259,100,"Far EastTone Telecommunication Co., Ltd.",9674
2025-01-21 10:13:24.534580 UTC,2025,18:13:24,ndt-7h8vt_1732822567_00000000003B38F1,Download,132.30651047221014,43.589,8.2636116859192864e-06,Taipei City,Taipei,25.053,121.5259,20,"Far EastTone Telecommunication Co., Ltd.",9674
2025-01-21 10:11:00.271284 UTC,2025,18:11:00,ndt-virtual-whvch_1732499076_0000000000581A66,Download,4.1988734404123065,17.119,0.14394767714869483,Taipei City,Taipei,25.053,121.5259,20,"Far EastTone Telecommunication Co., Ltd.",9674
2025-01-21 10:09:23.133544 UTC,2025,18:09:23,ndt-zz5jt_1732753005_00000000003C7590,Download,1.2358701633726215,32.925,0.0097048779244609824,Taipei City,Taipei,25.053,121.5259,10,"Taiwan Mobile Co., Ltd.",24158
2025-01-21 10:05:47.917565 UTC,2025,18:05:47,ndt-zz5jt_1732753005_00000000003C8545,Download,247.38607248062326,12.472,0.0025920407288818471,Taipei City,Taipei,25.053,121.5259,5,Mobile Business Group,17421
2025-01-21 10:03:28.917789 UTC,2025,18:03:28,ndt-qz6rr_1732705542_00000000003CB597,Download,435.50531522023351,17.677,0.0039574035335754616,Taipei City,Taipei,25.053,121.5259,5,Mobile Business Group,17421
2025-01-21 10:03:05.576198 UTC,2025,18:03:05,ndt-qz6rr_1732705542_00000000003D041C,Download,136.85499947803987,21.495,0.0,Taipei City,Taipei,25.053,121.5259,5,Mobile Business Group,17421
2025-01-21 10:01:19.607971 UTC,2025,18:01:19,ndt-qz6rr_1732705542_00000000003BEF05,Download,381.54006564022205,15.806,0.0,Taipei City,Taipei,25.053,121.5259,5,Mobile Business Group,17421
2025-01-21 10:00:55.901201 UTC,2025,18:00:55,ndt-virtual-whvch_1732499076_00000000005840DF,Download,367.98538742673207,11.027,0.0,Taipei City,Taipei,25.053,121.5259,5,Mobile Business Group,17421
2025-01-21 09:52:32.824123 UTC,2025,17:52:32,ndt-zz5jt_1732753005_00000000003CD228,Download,389.60795516683072,19.329,0.0,Taipei City,Taipei,25.053,121.5259,10,Mobile Business Group,17421
2025-01-21 09:51:14.510332 UTC,2025,17:51:14,ndt-qz6rr_1732705542_00000000003CC5EE,Download,22.661849142548782,18.894,0.00080338232868922281,Taipei City,Taipei,25.053,121.5259,5,Mobile Business Group,17421
2025-01-21 09:49:58.305445 UTC,2025,17:49:58,ndt-7h8vt_1732822567_00000000003AEB4C,Download,46.548989032943581,41.278,0.12005638874097975,Taipei City,Taipei,25.053,121.5259,20,"Far EastTone Telecommunication Co., Ltd.",9674
2025-01-21 09:46:39.792504 UTC,2025,17:46:39,ndt-qz6rr_1732705542_00000000003B2E31,Download,147.12512107760932,21.523,3.8761399914102421e-05,Taipei City,Taipei,25.053,121.5259,10,Mobile Business Group,17421
2025-01-21 09:38:16.452857 UTC,2025,17:38:16,ndt-zz5jt_1732753005_00000000003B8C24,Download,44.727146652374742,21.696,0.0,Taipei City,Taipei,25.053,121.5259,5,"Taiwan Mobile Co., Ltd.",24158
2025-01-21 09:35:23.830475 UTC,2025,17:35:23,ndt-virtual-whvch_1732499076_0000000000582165,Download,33.195062395035393,18.416,0.0014943033153993815,Taipei City,Taipei,25.053,121.5259,5,Mobile Business Group,17421
2025-01-21 09:29:00.165650 UTC,2025,17:29:00,ndt-zz5jt_1732753005_00000000003C46A3,Download,545.2108853361832,16.783,0.0047605485705445975,Taipei City,Taipei,25.053,121.5259,5,Mobile Business Group,17421
2025-01-21 09:28:03.080435 UTC,2025,17:28:03,ndt-virtual-whvch_1732499076_000000000057FFBA,Download,61.477720506305722,20.085,0.0,Taipei City,Taipei,25.053,121.5259,5,"Taiwan Mobile Co., Ltd.",24158
2025-01-21 09:24:58.470777 UTC,2025,17:24:58,ndt-7h8vt_1732822567_00000000003B2991,Download,16.753657549737351,25.883,0.0,Taipei City,Taipei,25.053,121.5259,10,Mobile Business Group,17421
2025-01-21 09:18:24.126767 UTC,2025,17:18:24,ndt-zz5jt_1732753005_00000000003C65D7,Download,10.498663186274227,46.939,0.12034391233038003,Taipei City,Taipei,25.053,121.5259,100,"Far EastTone Telecommunication Co., Ltd.",9674
2025-01-21 09:18:05.523910 UTC,2025,17:18:05,ndt-7h8vt_1732822567_00000000003A5C83,Download,11.262524656491097,44.735,0.18451063447299529,Taipei City,Taipei,25.053,121.5259,100,"Far EastTone Telecommunication Co., Ltd.",9674
2025-01-21 09:17:48.434801 UTC,2025,17:17:48,ndt-7h8vt_1732822567_00000000003BA290,Download,10.819443186063658,49.603,0.078724419046273156,Taipei City,Taipei,25.053,121.5259,100,"Far EastTone Telecommunication Co., Ltd.",9674
2025-01-21 09:10:20.196942 UTC,2025,17:10:20,ndt-virtual-whvch_1732499076_0000000000581622,Download,1.2310601076022756,22.788,0.26600443478211683,Taipei City,Taipei,25.053,121.5259,100,"Far EastTone Telecommunication Co., Ltd.",9674
2025-01-21 09:04:18.726170 UTC,2025,17:04:18,ndt-zz5jt_1732753005_00000000003BDA38,Download,59.62167841836029,46.904,0.0042025246146039233,Taipei City,Taipei,25.053,121.5259,50,"Far EastTone Telecommunication Co., Ltd.",9674
2025-01-21 08:58:33.712171 UTC,2025,16:58:33,ndt-virtual-whvch_1732499076_0000000000580C36,Download,37.132287246844925,17.172,0.11987612719392443,Taipei City,Taipei,25.053,121.5259,100,"Far EastTone Telecommunication Co., Ltd.",9674
2025-01-21 08:58:06.625870 UTC,2025,16:58:06,ndt-7h8vt_1732822567_00000000003ACCBF,Download,12.34003000065897,47.382,0.00052950738841486768,Taipei City,Taipei,25.053,121.5259,100,"Far EastTone Telecommunication Co., Ltd.",9674
2025-01-21 08:56:40.015309 UTC,2025,16:56:40,ndt-fnw9k_1732665153_000000000047906D,Download,49.150849018994379,35.088,0.0,Taipei City,Taipei,25.053,121.5259,5,Taiwan Star Telecom Corporation Limited.(Former Vibo Telecom Inc.),24157
2025-01-21 08:56:17.177312 UTC,2025,16:56:17,ndt-qz6rr_1732705542_00000000003CF326,Download,55.940582868168313,27.532,0.0,Taipei City,Taipei,25.053,121.5259,5,Taiwan Star Telecom Corporation Limited.(Former Vibo Telecom Inc.),24157
2025-01-21 08:56:00.897962 UTC,2025,16:56:00,ndt-7h8vt_1732822567_00000000003AEAE7,Download,99.84742028660871,18.25,0.0,Taipei City,Taipei,25.053,121.5259,5,Mobile Business Group,17421
2025-01-21 08:55:46.985535 UTC,2025,16:55:46,ndt-zz5jt_1732753005_00000000003BEA02,Download,50.113695158650543,24.384,0.0,Taipei City,Taipei,25.053,121.5259,5,Taiwan Star Telecom Corporation Limited.(Former Vibo Telecom Inc.),24157
2025-01-21 08:55:33.835630 UTC,2025,16:55:33,ndt-zz5jt_1732753005_00000000003C4668,Download,57.440630132589234,22.089,0.0,Taipei City,Taipei,25.053,121.5259,20,Taiwan Star Telecom Corporation Limited.(Former Vibo Telecom Inc.),24157
2025-01-21 08:54:37.852559 UTC,2025,16:54:37,ndt-virtual-whvch_1732499076_000000000057EEAF,Download,12.449224929090256,22.115,0.0,Taipei City,Taipei,25.053,121.5259,100,"Far EastTone Telecommunication Co., Ltd.",9674
2025-01-21 08:54:29.973812 UTC,2025,16:54:29,ndt-virtual-whvch_1732499076_0000000000581506,Download,34.20208013068077,24.085,0.0,Taipei City,Taipei,25.053,121.5259,10,Mobile Business Group,17421
2025-01-21 08:51:42.282339 UTC,2025,16:51:42,ndt-virtual-whvch_1732499076_0000000000580BCE,Download,39.097624750634,28.226,0.0,Taipei City,Taipei,25.053,121.5259,5,Mobile Business Group,17421
2025-01-21 08:51:07.774943 UTC,2025,16:51:07,ndt-zz5jt_1732753005_00000000003C5600,Download,25.414067250399793,19.577,0.00043074632348506564,Taipei City,Taipei,25.053,121.5259,20,Taiwan Star Telecom Corporation Limited.(Former Vibo Telecom Inc.),24157
2025-01-21 08:49:10.087393 UTC,2025,16:49:10,ndt-qz6rr_1732705542_00000000003BAA9D,Download,100.94172879061055,54.027,0.0013777497414924687,Taipei City,Taipei,25.053,121.5259,50,"Far EastTone Telecommunication Co., Ltd.",9674
2025-01-21 08:49:00.786008 UTC,2025,16:49:00,ndt-zz5jt_1732753005_00000000003C7509,Download,6.2510691238239637,26.738,0.00017365720193271721,Taipei City,Taipei,25.053,121.5259,10,Mobile Business Group,17421
2025-01-21 08:48:37.074077 UTC,2025,16:48:37,ndt-zz5jt_1732753005_00000000003C096D,Download,43.770188511705484,22.978,0.0,Taipei City,Taipei,25.053,121.5259,5,Taiwan Star Telecom Corporation Limited.(Former Vibo Telecom Inc.),24157
2025-01-21 08:48:18.549762 UTC,2025,16:48:18,ndt-virtual-whvch_1732499076_000000000057EE45,Download,22.553298129526532,16.641,0.053540616069649882,Taipei City,Taipei,25.053,121.5259,5,Mobile Business Group,17421
2025-01-21 08:48:01.309034 UTC,2025,16:48:01,ndt-qz6rr_1732705542_00000000003CB501,Download,212.66887524220834,21.583,0.0,Taipei City,Taipei,25.053,121.5259,5,Mobile Business Group,17421
2025-01-21 08:47:57.678953 UTC,2025,16:47:57,ndt-qz6rr_1732705542_00000000003B0E27,Download,10.329264093634189,28.422,0.035492722500596513,Taipei City,Taipei,25.053,121.5259,10,Mobile Business Group,17421
2025-01-21 08:47:20.620731 UTC,2025,16:47:20,ndt-7h8vt_1732822567_00000000003B0A0F,Download,7.021516597732762,24.929,0.008207820910131846,Taipei City,Taipei,25.053,121.5259,10,Mobile Business Group,17421
2025-01-21 08:44:23.789623 UTC,2025,16:44:23,ndt-qz6rr_1732705542_00000000003CA3BD,Download,4.6583704166341375,30.094,0.00066258259662778862,Taipei City,Taipei,25.053,121.5259,10,Mobile Business Group,17421
2025-01-21 08:41:55.431897 UTC,2025,16:41:55,ndt-virtual-pnswz_1732502072_00000000005C169F,Download,25.547754578937361,40.077,0.00056969669699668928,Taipei City,Taipei,25.053,121.5259,5,Mobile Business Group,17421
2025-01-21 08:36:43.574979 UTC,2025,16:36:43,ndt-7h8vt_1732822567_00000000003A6E5F,Download,148.43976526503283,21.715,0.0001639665646606194,Taipei City,Taipei,25.053,121.5259,100,"Far EastTone Telecommunication Co., Ltd.",9674
2025-01-21 08:35:49.769185 UTC,2025,16:35:49,ndt-7h8vt_1732822567_00000000003B09FE,Download,18.3948737752551,21.929,0.011384683295265728,Taipei City,Taipei,25.053,121.5259,5,Mobile Business Group,17421
2025-01-21 08:35:21.787997 UTC,2025,16:35:21,ndt-7h8vt_1732822567_00000000003B83F9,Download,25.748763529976305,20.111,0.00058411094513428658,Taipei City,Taipei,25.053,121.5259,5,Mobile Business Group,17421
2025-01-21 08:34:40.814443 UTC,2025,16:34:40,ndt-zz5jt_1732753005_00000000003C6581,Download,11.380180345933017,20.955,0.0769199384413925,Taipei City,Taipei,25.053,121.5259,10,"Taiwan Mobile Co., Ltd.",24158
2025-01-21 08:34:36.524446 UTC,2025,16:34:36,ndt-virtual-whvch_1732499076_0000000000580AB6,Download,74.124365008654536,19.345,0.0,Taipei City,Taipei,25.053,121.5259,5,"Taiwan Mobile Co., Ltd.",24158
2025-01-21 08:34:21.976118 UTC,2025,16:34:21,ndt-7h8vt_1732822567_00000000003BE07C,Download,9.5095396865017445,21.0,0.1542470686353728,Taipei City,Taipei,25.053,121.5259,10,"Taiwan Mobile Co., Ltd.",24158
2025-01-21 08:34:12.619266 UTC,2025,16:34:12,ndt-qz6rr_1732705542_00000000003BD95B,Download,18.965626603068891,22.477,0.00051689841445725108,Taipei City,Taipei,25.053,121.5259,5,"Taiwan Mobile Co., Ltd.",24158
2025-01-21 08:27:07.600665 UTC,2025,16:27:07,ndt-7h8vt_1732822567_00000000003B383E,Download,21.894331837946595,56.913,0.00037392671417959953,Taipei City,Taipei,25.053,121.5259,50,"Far EastTone Telecommunication Co., Ltd.",9674
2025-01-21 08:20:58.123021 UTC,2025,16:20:58,ndt-zz5jt_1732753005_00000000003CF092,Download,76.910129369708258,22.003,0.0,Taipei City,Taipei,25.053,121.5259,5,Mobile Business Group,17421
2025-01-21 08:19:28.899216 UTC,2025,16:19:28,ndt-virtual-whvch_1732499076_000000000057FB20,Download,9.981135636264872,22.186,0.0,Taipei City,Taipei,25.053,121.5259,5,Mobile Business Group,17421
2025-01-21 08:18:55.489899 UTC,2025,16:18:55,ndt-virtual-whvch_1732499076_000000000057FB18,Download,21.092711847246598,18.749,0.0,Taipei City,Taipei,25.053,121.5259,5,Mobile Business Group,17421
2025-01-21 08:15:43.437522 UTC,2025,16:15:43,ndt-zz5jt_1732753005_00000000003B9CBA,Download,177.63271550406594,24.249,0.0,Taipei City,Taipei,25.053,121.5259,10,Taiwan Star Telecom Corporation Limited.(Former Vibo Telecom Inc.),24157
2025-01-21 08:15:12.472991 UTC,2025,16:15:12,ndt-7h8vt_1732822567_00000000003B190E,Download,189.17509821636085,22.086,0.0,Taipei City,Taipei,25.053,121.5259,5,Mobile Business Group,17421
2025-01-21 08:10:11.597046 UTC,2025,16:10:11,ndt-7h8vt_1732822567_00000000003B1906,Download,2.398988727373955,343.829,0.092893078583235283,Taipei City,Taipei,25.053,121.5259,100,"Far EastTone Telecommunication Co., Ltd.",9674
2025-01-21 08:09:46.768143 UTC,2025,16:09:46,ndt-zz5jt_1732753005_00000000003C092B,Download,66.55072742561785,19.909,0.005443099022130346,Taipei City,Taipei,25.053,121.5259,5,Mobile Business Group,17421
2025-01-21 08:08:21.794439 UTC,2025,16:08:21,ndt-qz6rr_1732705542_00000000003BF784,Download,75.32914328703626,19.969,0.0,Taipei City,Taipei,25.053,121.5259,5,Mobile Business Group,17421
2025-01-21 08:08:08.731674 UTC,2025,16:08:08,ndt-virtual-whvch_1732499076_0000000000581219,Download,38.572230212331128,16.091,2.8059670682063228e-05,Taipei City,Taipei,25.053,121.5259,5,Taiwan Star Telecom Corporation Limited.(Former Vibo Telecom Inc.),24157
2025-01-21 07:54:13.626345 UTC,2025,15:54:13,ndt-qz6rr_1732705542_00000000003CA37C,Download,50.594832823708458,19.338,0.0,Taipei City,Taipei,25.053,121.5259,5,Mobile Business Group,17421
2025-01-21 07:47:55.629711 UTC,2025,15:47:55,ndt-7h8vt_1732822567_00000000003B83A0,Download,35.986851564701858,60.355,6.2513408042546938e-05,Taipei City,Taipei,25.053,121.5259,50,"Far EastTone Telecommunication Co., Ltd.",9674
2025-01-21 07:46:40.618490 UTC,2025,15:46:40,ndt-7h8vt_1732822567_00000000003A5BF7,Download,0.13363642698064346,269.836,0.30014068024500773,Taipei City,Taipei,25.053,121.5259,50,"Far EastTone Telecommunication Co., Ltd.",9674
2025-01-21 07:37:09.403546 UTC,2025,15:37:09,ndt-qz6rr_1732705542_00000000003B2D92,Download,13.362126786612476,24.12,0.0,Taipei City,Taipei,25.053,121.5259,5,Taiwan Star Telecom Corporation Limited.(Former Vibo Telecom Inc.),24157
2025-01-21 07:28:19.810668 UTC,2025,15:28:19,ndt-tr4x7_1732671885_000000000047B274,Download,21.45771973118681,182.447,0.00058676901613053225,Taipei City,Taipei,25.053,121.5259,100,"Far EastTone Telecommunication Co., Ltd.",9674
2025-01-21 07:27:38.392431 UTC,2025,15:27:38,ndt-virtual-whvch_1732499076_0000000000580663,Download,6.7298004193719265,44.048,0.03284086755346264,Taipei City,Taipei,25.053,121.5259,5,"Taiwan Mobile Co., Ltd.",24158
2025-01-21 07:19:50.676856 UTC,2025,15:19:50,ndt-qz6rr_1732705542_00000000003D304B,Download,55.877755153917029,18.629,0.00072378684825756317,Taipei City,Taipei,25.053,121.5259,5,Mobile Business Group,17421
2025-01-21 07:19:49.565271 UTC,2025,15:19:49,ndt-virtual-whvch_1732499076_00000000005805BA,Download,164.82327932449121,15.123,0.0,Taipei City,Taipei,25.053,121.5259,5,"Taiwan Mobile Co., Ltd.",24158
2025-01-21 07:19:39.513892 UTC,2025,15:19:39,ndt-qz6rr_1732705542_00000000003BF74B,Download,220.909496702301,24.667,0.0,Taipei City,Taipei,25.053,121.5259,5,"Taiwan Mobile Co., Ltd.",24158
2025-01-21 07:17:58.093295 UTC,2025,15:17:58,ndt-7h8vt_1732822567_00000000003B28AD,Download,1.9633530677954636,24.601,0.00018337590609863931,Taipei City,Taipei,25.053,121.5259,5,"Taiwan Mobile Co., Ltd.",24158
2025-01-21 07:16:21.035950 UTC,2025,15:16:21,ndt-qz6rr_1732705542_00000000003BAA22,Download,71.907255876704355,23.029,0.0,Taipei City,Taipei,25.053,121.5259,10,"Taiwan Mobile Co., Ltd.",24158
2025-01-21 07:14:09.716928 UTC,2025,15:14:09,ndt-zz5jt_1732753005_00000000003BABEA,Download,9.5182571722045726,28.84,0.00012155973477117333,Taipei City,Taipei,25.053,121.5259,10,Mobile Business Group,17421
2025-01-21 07:13:42.110955 UTC,2025,15:13:42,ndt-7h8vt_1732822567_00000000003B28A4,Download,55.293068045429415,19.721,0.00085887138961947317,Taipei City,Taipei,25.053,121.5259,5,Mobile Business Group,17421
2025-01-21 07:13:08.666761 UTC,2025,15:13:08,ndt-qz6rr_1732705542_00000000003C7673,Download,57.29302869736425,19.819,4.0161411463453225e-05,Taipei City,Taipei,25.053,121.5259,5,Mobile Business Group,17421
2025-01-21 07:12:29.609658 UTC,2025,15:12:29,ndt-virtual-whvch_1732499076_000000000057F6D0,Download,57.009469825582244,19.134,0.00078826497665863537,Taipei City,Taipei,25.053,121.5259,5,Mobile Business Group,17421
2025-01-21 07:09:10.642590 UTC,2025,15:09:10,ndt-qz6rr_1732705542_00000000003C455D,Download,35.9304429251091,22.17,0.0,Taipei City,Taipei,25.053,121.5259,5,"Taiwan Mobile Co., Ltd.",24158
2025-01-21 07:08:20.186121 UTC,2025,15:08:20,ndt-zz5jt_1732753005_00000000003B0F72,Download,243.08434398933363,12.569,0.004966487395445255,Taipei City,Taipei,25.053,121.5259,5,Mobile Business Group,17421
2025-01-21 07:05:18.073243 UTC,2025,15:05:18,ndt-virtual-whvch_1732499076_000000000057DE1C,Download,34.669381759205024,17.205,0.0,Taipei City,Taipei,25.053,121.5259,10,"Taiwan Mobile Co., Ltd.",24158
2025-01-21 07:05:09.194474 UTC,2025,15:05:09,ndt-zz5jt_1732753005_00000000003B4D8D,Download,17.779123172974536,26.117,0.0,Taipei City,Taipei,25.053,121.5259,10,Taiwan Star Telecom Corporation Limited.(Former Vibo Telecom Inc.),24157
2025-01-21 07:01:47.541687 UTC,2025,15:01:47,ndt-qz6rr_1732705542_00000000003BD8E5,Download,6.5150931704510251,28.687,0.0,Taipei City,Taipei,25.053,121.5259,10,Mobile Business Group,17421
2025-01-21 06:53:59.791419 UTC,2025,14:53:59,ndt-7h8vt_1732822567_00000000003BC1D5,Download,37.175418359780664,28.33,0.0,Taipei City,Taipei,25.053,121.5259,10,Mobile Business Group,17421
2025-01-21 06:49:12.191289 UTC,2025,14:49:12,ndt-zz5jt_1732753005_00000000003C64B9,Download,6.0932129711000851,40.172,0.0034657329676507321,Taipei City,Taipei,25.053,121.5259,100,"Far EastTone Telecommunication Co., Ltd.",9674
2025-01-21 06:48:08.896604 UTC,2025,14:48:08,ndt-7h8vt_1732822567_00000000003B186D,Download,10.117181427988442,24.732,0.0,Taipei City,Taipei,25.053,121.5259,5,"Taiwan Mobile Co., Ltd.",24158
2025-01-21 06:48:06.395917 UTC,2025,14:48:06,ndt-virtual-whvch_1732499076_000000000057F505,Download,28.558521445474458,21.938,3.9794254529613991e-05,Taipei City,Taipei,25.053,121.5259,50,"Far EastTone Telecommunication Co., Ltd.",9674
2025-01-21 06:45:21.755974 UTC,2025,14:45:21,ndt-fnw9k_1732665153_0000000000468B4B,Download,31.725311612750851,297.779,0.0,Taipei City,Taipei,25.053,121.5259,5,Mobile Business Group,17421
2025-01-21 06:34:06.456862 UTC,2025,14:34:06,ndt-qz6rr_1732705542_00000000003B0D73,Download,11.345511444678122,20.74,0.0681271246701766,Taipei City,Taipei,25.053,121.5259,10,"Taiwan Mobile Co., Ltd.",24158
2025-01-21 06:34:03.064451 UTC,2025,14:34:03,ndt-zz5jt_1732753005_00000000003B4D56,Download,141.85496696549433,26.458,0.0005514946042169777,Taipei City,Taipei,25.053,121.5259,5,"Taiwan Mobile Co., Ltd.",24158
2025-01-21 06:33:48.831065 UTC,2025,14:33:48,ndt-tr4x7_1732671885_0000000000467B78,Download,7.2871255967095507,309.788,0.25631167733275406,Taipei City,Taipei,25.053,121.5259,10,"Taiwan Mobile Co., Ltd.",24158
2025-01-21 06:29:14.635682 UTC,2025,14:29:14,ndt-qz6rr_1732705542_00000000003A9F96,Download,28.753548340131481,20.01,0.000521103769167174,Taipei City,Taipei,25.053,121.5259,5,Mobile Business Group,17421
2025-01-21 06:28:42.008512 UTC,2025,14:28:42,ndt-zz5jt_1732753005_00000000003C7411,Download,22.112695302544893,19.519,0.000682055020997628,Taipei City,Taipei,25.053,121.5259,5,Mobile Business Group,17421
2025-01-21 06:28:09.750241 UTC,2025,14:28:09,ndt-qz6rr_1732705542_00000000003ABE94,Download,40.372864355398157,19.272,0.0032883390055764728,Taipei City,Taipei,25.053,121.5259,5,Mobile Business Group,17421
2025-01-21 06:26:01.525934 UTC,2025,14:26:01,ndt-virtual-whvch_1732499076_000000000057E49D,Download,55.996433676675949,21.024,0.0,Taipei City,Taipei,25.053,121.5259,100,"Far EastTone Telecommunication Co., Ltd.",9674
2025-01-21 06:20:03.271883 UTC,2025,14:20:03,ndt-qz6rr_1732705542_00000000003BD8B4,Download,128.4109553618631,35.979,0.0058753930057358532,Taipei City,Taipei,25.053,121.5259,20,"Far EastTone Telecommunication Co., Ltd.",9674
2025-01-21 06:19:30.551638 UTC,2025,14:19:30,ndt-qz6rr_1732705542_00000000003CD241,Download,175.666322865135,42.846,0.020147720127115638,Taipei City,Taipei,25.053,121.5259,20,"Far EastTone Telecommunication Co., Ltd.",9674
2025-01-21 06:17:23.148862 UTC,2025,14:17:23,ndt-virtual-whvch_1732499076_000000000058012B,Download,7.1486560320366825,20.198,0.0,Taipei City,Taipei,25.053,121.5259,5,"Taiwan Mobile Co., Ltd.",24158
2025-01-21 06:16:35.432973 UTC,2025,14:16:35,ndt-virtual-whvch_1732499076_000000000058011F,Download,172.06917851636808,13.703,0.0045951285402541066,Taipei City,Taipei,25.053,121.5259,5,Mobile Business Group,17421
2025-01-21 06:13:09.565343 UTC,2025,14:13:09,ndt-7h8vt_1732822567_00000000003A6D3E,Download,163.49542122944158,19.953,2.779298639317278e-05,Taipei City,Taipei,25.053,121.5259,5,Mobile Business Group,17421
2025-01-21 06:12:05.320482 UTC,2025,14:12:05,ndt-7h8vt_1732822567_00000000003BC17C,Download,95.484453194714291,19.615,9.5345771766809981e-05,Taipei City,Taipei,25.053,121.5259,5,Mobile Business Group,17421
2025-01-21 06:11:55.739409 UTC,2025,14:11:55,ndt-zz5jt_1732753005_00000000003C54C5,Download,43.638887139032029,11.969,0.0028190834100733078,Taipei City,Taipei,25.053,121.5259,5,Mobile Business Group,17421
2025-01-21 06:11:47.859331 UTC,2025,14:11:47,ndt-zz5jt_1732753005_00000000003C54C4,Download,21.229296622074408,12.065,0.00050523513948700618,Taipei City,Taipei,25.053,121.5259,5,Mobile Business Group,17421
2025-01-21 06:02:37.394997 UTC,2025,14:02:37,ndt-7h8vt_1732822567_000000000039FF55,Download,9.069528864440036,55.986,0.000889325188481157,Taipei City,Taipei,25.053,121.5259,50,"Far EastTone Telecommunication Co., Ltd.",9674
2025-01-21 06:01:56.550771 UTC,2025,14:01:56,ndt-virtual-whvch_1732499076_000000000057D96C,Download,42.9287286116136,19.632,0.0,Taipei City,Taipei,25.053,121.5259,5,Mobile Business Group,17421
2025-01-21 05:58:21.345393 UTC,2025,13:58:21,ndt-qz6rr_1732705542_00000000003BF6DE,Download,90.281795203798552,16.366,0.0018751681404246181,Taipei City,Taipei,25.053,121.5259,5,Mobile Business Group,17421
2025-01-21 05:57:53.242274 UTC,2025,13:57:53,ndt-zz5jt_1732753005_00000000003BD8C8,Download,22.948736949461985,16.614,0.0,Taipei City,Taipei,25.053,121.5259,5,Mobile Business Group,17421
2025-01-21 05:47:31.177387 UTC,2025,13:47:31,ndt-7h8vt_1732822567_00000000003AABAE,Download,106.30051165868063,22.407,0.0,Taipei City,Taipei,25.053,121.5259,10,Mobile Business Group,17421
2025-01-21 05:44:14.801379 UTC,2025,13:44:14,ndt-zz5jt_1732753005_00000000003B4D00,Download,16.558557950232213,27.041,0.00011714576098899727,Taipei City,Taipei,25.053,121.5259,5,Mobile Business Group,17421
2025-01-21 05:42:31.130790 UTC,2025,13:42:31,ndt-qz6rr_1732705542_00000000003A9F4C,Download,229.76341425615252,45.031,1.5699987234930554e-05,Taipei City,Taipei,25.053,121.5259,100,"Far EastTone Telecommunication Co., Ltd.",9674
2025-01-21 05:27:56.652430 UTC,2025,13:27:56,ndt-virtual-whvch_1732499076_000000000057D727,Download,15.033819118611094,22.626,0.0006530609513621721,Taipei City,Taipei,25.053,121.5259,10,Mobile Business Group,17421
2025-01-21 05:27:49.468431 UTC,2025,13:27:49,ndt-virtual-whvch_1732499076_000000000057D723,Download,34.738946291005206,22.188,9.58278081989389e-05,Taipei City,Taipei,25.053,121.5259,100,"Far EastTone Telecommunication Co., Ltd.",9674
2025-01-21 05:27:05.997183 UTC,2025,13:27:05,ndt-qz6rr_1732705542_00000000003ABE4B,Download,8.4293924155405175,193.46,0.12068754384343593,Taipei City,Taipei,25.053,121.5259,5,"Taiwan Mobile Co., Ltd.",24158
2025-01-21 05:15:56.503407 UTC,2025,13:15:56,ndt-7h8vt_1732822567_00000000003B27C2,Download,62.461909477084809,22.921,0.0,Taipei City,Taipei,25.053,121.5259,10,"Taiwan Mobile Co., Ltd.",24158
2025-01-21 05:11:25.241190 UTC,2025,13:11:25,ndt-virtual-whvch_1732499076_000000000057BE05,Download,81.785550034782176,19.902,0.0,Taipei City,Taipei,25.053,121.5259,5,"Taiwan Mobile Co., Ltd.",24158
2025-01-21 05:10:40.534079 UTC,2025,13:10:40,ndt-qz6rr_1732705542_00000000003C0680,Download,37.794793609632286,27.163,0.0064422520168608373,Taipei City,Taipei,25.053,121.5259,5,"Taiwan Mobile Co., Ltd.",24158
2025-01-21 05:10:38.122858 UTC,2025,13:10:38,ndt-7h8vt_1732822567_00000000003A8911,Download,22.463639605394544,21.888,5.1644417426763106e-05,Taipei City,Taipei,25.053,121.5259,5,"Taiwan Mobile Co., Ltd.",24158
2025-01-21 05:10:04.921940 UTC,2025,13:10:04,ndt-7h8vt_1732822567_00000000003B088F,Download,33.687590280945606,29.575,0.011525266431984323,Taipei City,Taipei,25.053,121.5259,5,"Taiwan Mobile Co., Ltd.",24158
2025-01-21 05:01:59.989809 UTC,2025,13:01:59,ndt-7h8vt_1732822567_00000000003A0EBB,Download,135.54520657673478,17.025,0.0052935884543638834,Taipei City,Taipei,25.053,121.5259,5,Mobile Business Group,17421
2025-01-21 04:54:23.258362 UTC,2025,12:54:23,ndt-qz6rr_1732705542_00000000003AEDBB,Download,129.9904594773771,16.029,0.0,Taipei City,Taipei,25.053,121.5259,5,"Taiwan Mobile Co., Ltd.",24158
2025-01-21 04:53:35.726051 UTC,2025,12:53:35,ndt-qz6rr_1732705542_00000000003B2CB1,Download,290.31167353380329,15.728,0.0,Taipei City,Taipei,25.053,121.5259,5,Mobile Business Group,17421
2025-01-21 04:53:29.664852 UTC,2025,12:53:29,ndt-virtual-pnswz_1732502072_00000000005B8F35,Download,33.57600149497452,43.159,0.0,Taipei City,Taipei,25.053,121.5259,10,Mobile Business Group,17421
2025-01-21 04:48:41.684949 UTC,2025,12:48:41,ndt-qz6rr_1732705542_00000000003C6692,Download,5.5045533712633885,46.177,0.0016613897472881347,Taipei City,Taipei,25.053,121.5259,100,"Far EastTone Telecommunication Co., Ltd.",9674
2025-01-21 04:48:10.702470 UTC,2025,12:48:10,ndt-zz5jt_1732753005_00000000003C3537,Download,44.1525572429119,23.879,0.0,Taipei City,Taipei,25.053,121.5259,5,Mobile Business Group,17421
2025-01-21 04:48:03.632232 UTC,2025,12:48:03,ndt-qz6rr_1732705542_00000000003C5460,Download,2.4029307436460652,25.404,0.0,Taipei City,Taipei,25.053,121.5259,5,Mobile Business Group,17421
2025-01-21 04:42:46.003092 UTC,2025,12:42:46,ndt-zz5jt_1732753005_00000000003C352F,Download,22.13461385596943,27.988,0.0,Taipei City,Taipei,25.053,121.5259,5,Mobile Business Group,17421
2025-01-21 04:42:18.117876 UTC,2025,12:42:18,ndt-zz5jt_1732753005_00000000003BE832,Download,23.354485926911149,27.212,0.0,Taipei City,Taipei,25.053,121.5259,5,Mobile Business Group,17421
2025-01-21 04:40:40.204268 UTC,2025,12:40:40,ndt-virtual-whvch_1732499076_000000000057BBC5,Download,29.31752824866312,16.184,0.0,Taipei City,Taipei,25.053,121.5259,5,Mobile Business Group,17421
2025-01-21 04:36:59.410710 UTC,2025,12:36:59,ndt-zz5jt_1732753005_00000000003BF6F8,Download,56.67229286608886,23.002,0.0,Taipei City,Taipei,25.053,121.5259,10,Mobile Business Group,17421
2025-01-21 04:36:30.396050 UTC,2025,12:36:30,ndt-zz5jt_1732753005_00000000003BE825,Download,58.503921096483054,48.021,0.00011515261053978619,Taipei City,Taipei,25.053,121.5259,50,"Far EastTone Telecommunication Co., Ltd.",9674
2025-01-21 04:33:33.788769 UTC,2025,12:33:33,ndt-qz6rr_1732705542_00000000003CA26C,Download,11.058804956461717,22.524,0.11542064683283318,Taipei City,Taipei,25.053,121.5259,10,"Taiwan Mobile Co., Ltd.",24158
2025-01-21 04:33:28.643743 UTC,2025,12:33:28,ndt-virtual-whvch_1732499076_000000000057BAFC,Download,88.122874396487887,21.125,1.252405613994044e-05,Taipei City,Taipei,25.053,121.5259,5,"Taiwan Mobile Co., Ltd.",24158
2025-01-21 04:33:13.775131 UTC,2025,12:33:13,ndt-7h8vt_1732822567_000000000039EF3B,Download,8.6912858940362963,27.157,0.15570643678105175,Taipei City,Taipei,25.053,121.5259,10,"Taiwan Mobile Co., Ltd.",24158
2025-01-21 04:32:43.659843 UTC,2025,12:32:43,ndt-zz5jt_1732753005_00000000003C15E5,Download,276.60972011453276,15.484,0.0,Taipei City,Taipei,25.053,121.5259,5,Mobile Business Group,17421
2025-01-21 04:24:41.527029 UTC,2025,12:24:41,ndt-zz5jt_1732753005_00000000003C7333,Download,1.9259549754334826,107.903,0.053502505915450971,Taipei City,Taipei,25.053,121.5259,20,Taiwan Star Telecom Corporation Limited.(Former Vibo Telecom Inc.),24157
2025-01-21 04:24:10.401200 UTC,2025,12:24:10,ndt-zz5jt_1732753005_00000000003BB925,Download,2.6450117869347514,32.816,0.0,Taipei City,Taipei,25.053,121.5259,20,Taiwan Star Telecom Corporation Limited.(Former Vibo Telecom Inc.),24157
2025-01-21 04:22:02.303195 UTC,2025,12:22:02,ndt-7h8vt_1732822567_00000000003A0E62,Download,5.6968900772589333,60.528,0.025325938015298765,Taipei City,Taipei,25.053,121.5259,50,"Far EastTone Telecommunication Co., Ltd.",9674
2025-01-21 04:20:03.060930 UTC,2025,12:20:03,ndt-7h8vt_1732822567_00000000003A0E5F,Download,124.760974797408,23.004,0.0,Taipei City,Taipei,25.053,121.5259,5,Mobile Business Group,17421
2025-01-21 04:18:22.318336 UTC,2025,12:18:22,ndt-virtual-whvch_1732499076_000000000057D1E1,Download,9.7824088492646446,19.0,0.11092386789367363,Taipei City,Taipei,25.053,121.5259,50,"Far EastTone Telecommunication Co., Ltd.",9674
2025-01-21 04:17:15.388136 UTC,2025,12:17:15,ndt-7h8vt_1732822567_000000000039FE81,Download,0.289729571473594,389.301,0.16798088549229692,Taipei City,Taipei,25.053,121.5259,50,"Far EastTone Telecommunication Co., Ltd.",9674
2025-01-21 04:07:45.001153 UTC,2025,12:07:45,ndt-zz5jt_1732753005_00000000003C7316,Download,25.9307086685704,34.25,0.0,Taipei City,Taipei,25.053,121.5259,10,"Taiwan Mobile Co., Ltd.",24158
2025-01-21 04:06:06.548623 UTC,2025,12:06:06,ndt-virtual-whvch_1732499076_000000000057C773,Download,25.411107821227283,23.295,0.00052946808071349259,Taipei City,Taipei,25.053,121.5259,20,"Far EastTone Telecommunication Co., Ltd.",9674
2025-01-21 04:02:55.894802 UTC,2025,12:02:55,ndt-zz5jt_1732753005_00000000003C15B0,Download,21.08054669973081,28.0,0.0,Taipei City,Taipei,25.053,121.5259,5,Mobile Business Group,17421
2025-01-15 03:58:34.733472 UTC,2025,11:58:34,ndt-virtual-whvch_1732499076_00000000004DFB87,Download,6.4366143239221936,17.944,0.11552260837861913,Taipei City,Taipei,25.053,121.5259,5,Mobile Business Group,17421
2025-01-15 03:58:22.254269 UTC,2025,11:58:22,ndt-zz5jt_1732753005_000000000035447D,Download,138.00771655601562,39.678,0.0047658524176363579,Taipei City,Taipei,25.053,121.5259,100,"Far EastTone Telecommunication Co., Ltd.",9674
2025-01-15 03:57:09.801462 UTC,2025,11:57:09,ndt-virtual-whvch_1732499076_00000000004E0B5A,Download,50.7755229058392,23.744,0.00012902877355594328,Taipei City,Taipei,25.053,121.5259,50,"Far EastTone Telecommunication Co., Ltd.",9674
2025-01-15 03:42:33.459316 UTC,2025,11:42:33,ndt-qz6rr_1732705542_0000000000355410,Download,2.069621647567554,27.277,0.0,Taipei City,Taipei,25.053,121.5259,10,"Taiwan Mobile Co., Ltd.",24158
2025-01-15 03:40:37.238696 UTC,2025,11:40:37,ndt-qz6rr_1732705542_000000000033FE4C,Download,18.61358514125239,57.258,0.20712620354866662,Taipei City,Taipei,25.053,121.5259,20,"Far EastTone Telecommunication Co., Ltd.",9674
2025-01-15 03:33:26.634835 UTC,2025,11:33:26,ndt-qz6rr_1732705542_0000000000356369,Download,11.512277348193768,27.026,0.09604219930070744,Taipei City,Taipei,25.053,121.5259,10,"Taiwan Mobile Co., Ltd.",24158
2025-01-15 03:33:01.011418 UTC,2025,11:33:01,ndt-virtual-whvch_1732499076_00000000004E0967,Download,8.2446034578357885,30.375,0.00017345284250844302,Taipei City,Taipei,25.053,121.5259,100,"Far EastTone Telecommunication Co., Ltd.",9674
2025-01-15 03:30:51.765379 UTC,2025,11:30:51,ndt-virtual-whvch_1732499076_00000000004DF96B,Download,191.28957187337,19.414,0.0,Taipei City,Taipei,25.053,121.5259,5,"Taiwan Mobile Co., Ltd.",24158
2025-01-15 03:30:39.531630 UTC,2025,11:30:39,ndt-7h8vt_1732822567_000000000032ED9D,Download,50.205196078901942,23.493,0.0,Taipei City,Taipei,25.053,121.5259,5,"Taiwan Mobile Co., Ltd.",24158
2025-01-15 03:27:28.580408 UTC,2025,11:27:28,ndt-zz5jt_1732753005_0000000000351563,Download,50.927426652979129,22.642,0.0,Taipei City,Taipei,25.053,121.5259,5,"Taiwan Mobile Co., Ltd.",24158
2025-01-15 03:23:30.538946 UTC,2025,11:23:30,ndt-qz6rr_1732705542_000000000035C23C,Download,17.892154244322668,22.264,0.0,Taipei City,Taipei,25.053,121.5259,20,Taiwan Star Telecom Corporation Limited.(Former Vibo Telecom Inc.),24157
2025-01-15 03:21:37.163443 UTC,2025,11:21:37,ndt-virtual-whvch_1732499076_00000000004DF8B4,Download,16.681801513658034,40.173,6.5671714951069608e-05,Taipei City,Taipei,25.053,121.5259,50,"Far EastTone Telecommunication Co., Ltd.",9674
2025-01-15 03:17:42.298593 UTC,2025,11:17:42,ndt-qz6rr_1732705542_000000000034ABC7,Download,5.9913576849301613,22.832,0.13226578354855972,Taipei City,Taipei,25.053,121.5259,5,Mobile Business Group,17421
2025-01-15 03:14:38.110953 UTC,2025,11:14:38,ndt-7h8vt_1732822567_0000000000333BED,Download,0.9530712436719756,21.338,0.42826200446522789,Taipei City,Taipei,25.053,121.5259,10,"Taiwan Mobile Co., Ltd.",24158
2025-01-15 03:14:26.133182 UTC,2025,11:14:26,ndt-virtual-whvch_1732499076_00000000004DED7E,Download,10.606511010794717,24.85,0.0063432997676219982,Taipei City,Taipei,25.053,121.5259,5,"Taiwan Mobile Co., Ltd.",24158
2025-01-15 03:13:09.396910 UTC,2025,11:13:09,ndt-virtual-whvch_1732499076_00000000004DF81B,Download,13.53729562883276,22.724,0.01547253299939164,Taipei City,Taipei,25.053,121.5259,5,"Taiwan Mobile Co., Ltd.",24158
2025-01-15 03:10:15.012979 UTC,2025,11:10:15,ndt-qz6rr_1732705542_000000000035D140,Download,4.6357679210857334,21.677,0.016530705577732962,Taipei City,Taipei,25.053,121.5259,10,"Taiwan Mobile Co., Ltd.",24158
2025-01-15 03:09:35.741870 UTC,2025,11:09:35,ndt-virtual-whvch_1732499076_00000000004E139F,Download,8.09419018733157,20.881,0.00027358708303655853,Taipei City,Taipei,25.053,121.5259,5,Mobile Business Group,17421
2025-01-15 03:09:30.254875 UTC,2025,11:09:30,ndt-virtual-whvch_1732499076_00000000004DED3D,Download,10.067884606943728,25.733,0.0,Taipei City,Taipei,25.053,121.5259,50,"Far EastTone Telecommunication Co., Ltd.",9674
2025-01-15 03:08:39.555790 UTC,2025,11:08:39,ndt-7h8vt_1732822567_000000000032FCC6,Download,11.360062595683937,29.361,0.093098652502944,Taipei City,Taipei,25.053,121.5259,10,"Taiwan Mobile Co., Ltd.",24158
2025-01-15 03:08:19.220051 UTC,2025,11:08:19,ndt-zz5jt_1732753005_0000000000340D54,Download,4.1663592535611773,22.533,0.0,Taipei City,Taipei,25.053,121.5259,5,"Taiwan Mobile Co., Ltd.",24158
2025-01-15 03:08:06.110923 UTC,2025,11:08:06,ndt-zz5jt_1732753005_000000000035815F,Download,79.3279836288884,24.336,0.0,Taipei City,Taipei,25.053,121.5259,5,"Taiwan Mobile Co., Ltd.",24158
2025-01-15 03:07:07.213038 UTC,2025,11:07:07,ndt-qz6rr_1732705542_00000000003553D8,Download,11.447017775559909,29.675,0.096126565706353459,Taipei City,Taipei,25.053,121.5259,10,"Taiwan Mobile Co., Ltd.",24158
2025-01-15 03:05:52.516102 UTC,2025,11:05:52,ndt-qz6rr_1732705542_0000000000348D80,Download,3.2945030523386811,26.501,0.0,Taipei City,Taipei,25.053,121.5259,5,"Taiwan Mobile Co., Ltd.",24158
2025-01-15 03:05:34.853774 UTC,2025,11:05:34,ndt-7h8vt_1732822567_000000000034060A,Download,11.509576794902904,29.794,0.066976348083484558,Taipei City,Taipei,25.053,121.5259,10,"Taiwan Mobile Co., Ltd.",24158
2025-01-15 03:05:17.942553 UTC,2025,11:05:17,ndt-zz5jt_1732753005_000000000034E876,Download,7.4935721925440131,27.56,0.00030825701381846253,Taipei City,Taipei,25.053,121.5259,5,"Taiwan Mobile Co., Ltd.",24158
2025-01-15 03:04:47.442115 UTC,2025,11:04:47,ndt-zz5jt_1732753005_0000000000359140,Download,7.7642717712183034,25.113,0.0003103596553312584,Taipei City,Taipei,25.053,121.5259,5,"Taiwan Mobile Co., Ltd.",24158
2025-01-15 03:02:58.558503 UTC,2025,11:02:58,ndt-zz5jt_1732753005_000000000034A956,Download,17.565188034811964,19.569,0.0,Taipei City,Taipei,25.053,121.5259,5,Mobile Business Group,17421
2025-01-15 03:01:52.585705 UTC,2025,11:01:52,ndt-virtual-whvch_1732499076_00000000004E0704,Download,51.059869825222989,16.303,0.0,Taipei City,Taipei,25.053,121.5259,5,Mobile Business Group,17421
2025-01-15 03:00:47.964556 UTC,2025,11:00:47,ndt-zz5jt_1732753005_000000000035B098,Download,37.941541167259231,23.628,4.0793493457291251e-05,Taipei City,Taipei,25.053,121.5259,5,Mobile Business Group,17421
2025-01-15 03:00:37.223299 UTC,2025,11:00:37,ndt-7h8vt_1732822567_00000000003462EB,Download,150.09307075924286,51.398,0.0003827236570301864,Taipei City,Taipei,25.053,121.5259,20,"Far EastTone Telecommunication Co., Ltd.",9674
2025-01-15 02:56:24.095721 UTC,2025,10:56:24,ndt-virtual-whvch_1732499076_00000000004DF6DA,Download,6.3035160142453037,10.749,0.13082615517356597,Taipei City,Taipei,25.053,121.5259,5,Mobile Business Group,17421
2025-01-15 02:56:15.884746 UTC,2025,10:56:15,ndt-virtual-whvch_1732499076_00000000004DEC37,Download,143.44845492973462,13.475,0.0,Taipei City,Taipei,25.053,121.5259,5,"Taiwan Mobile Co., Ltd.",24158
2025-01-15 02:55:59.338846 UTC,2025,10:55:59,ndt-virtual-whvch_1732499076_00000000004E06B1,Download,135.71329096702951,13.224,0.0,Taipei City,Taipei,25.053,121.5259,5,"Taiwan Mobile Co., Ltd.",24158
2025-01-15 02:55:44.110038 UTC,2025,10:55:44,ndt-virtual-whvch_1732499076_00000000004E129B,Download,123.96472260632612,13.502,0.0,Taipei City,Taipei,25.053,121.5259,5,"Taiwan Mobile Co., Ltd.",24158
2025-01-15 02:53:19.161263 UTC,2025,10:53:19,ndt-qz6rr_1732705542_000000000035B246,Download,177.25000231956133,16.899,0.0,Taipei City,Taipei,25.053,121.5259,5,"Taiwan Mobile Co., Ltd.",24158
2025-01-15 02:52:56.711320 UTC,2025,10:52:56,ndt-virtual-pnswz_1732502072_00000000004F7576,Download,147.83253482585727,33.099,0.0,Taipei City,Taipei,25.053,121.5259,5,"Taiwan Mobile Co., Ltd.",24158
2025-01-15 02:52:49.293723 UTC,2025,10:52:49,ndt-zz5jt_1732753005_0000000000351528,Download,124.38297806911892,17.986,0.0,Taipei City,Taipei,25.053,121.5259,5,"Taiwan Mobile Co., Ltd.",24158
2025-01-15 02:52:34.805731 UTC,2025,10:52:34,ndt-zz5jt_1732753005_000000000034C98D,Download,174.93967138261607,16.862,0.0,Taipei City,Taipei,25.053,121.5259,5,"Taiwan Mobile Co., Ltd.",24158
2025-01-15 02:52:12.937763 UTC,2025,10:52:12,ndt-virtual-whvch_1732499076_00000000004E066D,Download,149.33879527999176,14.272,0.0,Taipei City,Taipei,25.053,121.5259,5,"Taiwan Mobile Co., Ltd.",24158
2025-01-15 02:50:04.517794 UTC,2025,10:50:04,ndt-7h8vt_1732822567_000000000034B145,Download,37.628467043585225,21.372,0.0,Taipei City,Taipei,25.053,121.5259,5,"Taiwan Mobile Co., Ltd.",24158
2025-01-15 02:49:38.932262 UTC,2025,10:49:38,ndt-zz5jt_1732753005_00000000003488F4,Download,7.0268597487647888,28.342,0.0,Taipei City,Taipei,25.053,121.5259,5,Taiwan Star Telecom Corporation Limited.(Former Vibo Telecom Inc.),24157
2025-01-15 02:48:41.789344 UTC,2025,10:48:41,ndt-7h8vt_1732822567_000000000033C81D,Download,29.119717584988749,24.196,6.10299136374863e-05,Taipei City,Taipei,25.053,121.5259,5,"Taiwan Mobile Co., Ltd.",24158
2025-01-15 02:48:17.647364 UTC,2025,10:48:17,ndt-zz5jt_1732753005_0000000000353494,Download,128.53241957975948,19.035,7.955714624727976e-05,Taipei City,Taipei,25.053,121.5259,5,Mobile Business Group,17421
2025-01-15 02:45:34.417444 UTC,2025,10:45:34,ndt-7h8vt_1732822567_0000000000336A80,Download,1.5048864302798508,20.891,0.00024426094154808824,Taipei City,Taipei,25.053,121.5259,5,"Taiwan Mobile Co., Ltd.",24158
2025-01-15 02:45:10.951792 UTC,2025,10:45:10,ndt-qz6rr_1732705542_00000000003553BF,Download,96.2459107564708,20.416,2.3635091075994555e-05,Taipei City,Taipei,25.053,121.5259,5,Mobile Business Group,17421
2025-01-15 02:41:28.601849 UTC,2025,10:41:28,ndt-zz5jt_1732753005_0000000000351511,Download,28.529264153597996,51.115,3.9424090239423492e-05,Taipei City,Taipei,25.053,121.5259,100,"Far EastTone Telecommunication Co., Ltd.",9674
2025-01-15 02:41:03.436095 UTC,2025,10:41:03,ndt-zz5jt_1732753005_000000000034E84A,Download,33.321889567555132,28.575,0.0,Taipei City,Taipei,25.053,121.5259,5,Mobile Business Group,17421
2025-01-15 02:40:45.256865 UTC,2025,10:40:45,ndt-zz5jt_1732753005_000000000033FFCA,Download,37.579623910180672,27.026,0.0,Taipei City,Taipei,25.053,121.5259,5,Mobile Business Group,17421
2025-01-15 02:40:04.992243 UTC,2025,10:40:04,ndt-zz5jt_1732753005_000000000033FFC8,Download,33.681536570135236,56.076,0.00020025869552916151,Taipei City,Taipei,25.053,121.5259,100,"Far EastTone Telecommunication Co., Ltd.",9674
2025-01-15 02:38:16.669538 UTC,2025,10:38:16,ndt-virtual-whvch_1732499076_00000000004E115E,Download,136.895350705515,20.879,0.00011539102422068868,Taipei City,Taipei,25.053,121.5259,100,"Far EastTone Telecommunication Co., Ltd.",9674
2025-01-15 02:38:02.869826 UTC,2025,10:38:02,ndt-7h8vt_1732822567_0000000000338964,Download,16.128998982352204,52.556,0.0,Taipei City,Taipei,25.053,121.5259,50,"Far EastTone Telecommunication Co., Ltd.",9674
2025-01-15 02:37:01.344977 UTC,2025,10:37:01,ndt-qz6rr_1732705542_00000000003508CE,Download,34.942391449445566,47.075,0.00019325453699873673,Taipei City,Taipei,25.053,121.5259,100,"Far EastTone Telecommunication Co., Ltd.",9674
2025-01-15 02:35:46.079207 UTC,2025,10:35:46,ndt-zz5jt_1732753005_0000000000349A06,Download,33.905625634122082,24.247,0.0,Taipei City,Taipei,25.053,121.5259,10,"Taiwan Mobile Co., Ltd.",24158
2025-01-15 02:34:23.095935 UTC,2025,10:34:23,ndt-zz5jt_1732753005_00000000003543C7,Download,6.2905748684125582,22.581,0.082114636841545574,Taipei City,Taipei,25.053,121.5259,5,Mobile Business Group,17421
2025-01-15 02:34:22.852481 UTC,2025,10:34:22,ndt-qz6rr_1732705542_00000000003553AD,Download,40.957823686345677,24.377,0.0,Taipei City,Taipei,25.053,121.5259,10,"Taiwan Mobile Co., Ltd.",24158
2025-01-15 02:33:00.303697 UTC,2025,10:33:00,ndt-qz6rr_1732705542_0000000000341BCA,Download,44.042791565228974,22.911,0.0,Taipei City,Taipei,25.053,121.5259,10,"Taiwan Mobile Co., Ltd.",24158
2025-01-15 02:29:58.183506 UTC,2025,10:29:58,ndt-qz6rr_1732705542_000000000035838A,Download,43.115067608690751,26.363,0.0,Taipei City,Taipei,25.053,121.5259,10,"Taiwan Mobile Co., Ltd.",24158
2025-01-15 02:28:35.893810 UTC,2025,10:28:35,ndt-zz5jt_1732753005_000000000035D03F,Download,43.692382767871905,29.595,0.0,Taipei City,Taipei,25.053,121.5259,10,"Taiwan Mobile Co., Ltd.",24158
2025-01-15 02:27:11.183456 UTC,2025,10:27:11,ndt-7h8vt_1732822567_000000000034343F,Download,51.229700374902613,23.724,0.0022659565620384982,Taipei City,Taipei,25.053,121.5259,10,"Taiwan Mobile Co., Ltd.",24158
2025-01-15 02:17:06.584942 UTC,2025,10:17:06,ndt-virtual-pnswz_1732502072_00000000004F6731,Download,32.314862322823366,47.842,0.00020661686541920658,Taipei City,Taipei,25.053,121.5259,50,"Far EastTone Telecommunication Co., Ltd.",9674
2025-01-15 02:16:39.297917 UTC,2025,10:16:39,ndt-rmhzk_1732747327_00000000005547EF,Download,0.43060844077062288,539.652,0.10751926835564406,Taipei City,Taipei,25.053,121.5259,50,"Far EastTone Telecommunication Co., Ltd.",9674
2025-01-15 02:15:28.517839 UTC,2025,10:15:28,ndt-7h8vt_1732822567_000000000034342A,Download,29.206517039188714,56.174,0.00012759258081585911,Taipei City,Taipei,25.053,121.5259,50,"Far EastTone Telecommunication Co., Ltd.",9674
2025-01-15 02:15:22.792150 UTC,2025,10:15:22,ndt-zz5jt_1732753005_000000000034694C,Download,11.363814823103104,59.396,0.0025979265253437693,Taipei City,Taipei,25.053,121.5259,100,"Far EastTone Telecommunication Co., Ltd.",9674
2025-01-15 02:14:22.285857 UTC,2025,10:14:22,ndt-qz6rr_1732705542_000000000035A23A,Download,28.992653271694422,56.888,0.0003473007862341772,Taipei City,Taipei,25.053,121.5259,50,"Far EastTone Telecommunication Co., Ltd.",9674
2025-01-15 02:10:37.773144 UTC,2025,10:10:37,ndt-zz5jt_1732753005_000000000033BF48,Download,27.79521554294999,50.411,0.00012239334529896845,Taipei City,Taipei,25.053,121.5259,50,"Far EastTone Telecommunication Co., Ltd.",9674
2025-01-15 02:09:52.859731 UTC,2025,10:09:52,ndt-virtual-whvch_1732499076_00000000004DF379,Download,33.738235478529354,18.467,0.0,Taipei City,Taipei,25.053,121.5259,5,Mobile Business Group,17421
2025-01-15 02:09:42.034553 UTC,2025,10:09:42,ndt-virtual-pnswz_1732502072_00000000004F4C13,Download,43.7717254716567,36.236,0.0,Taipei City,Taipei,25.053,121.5259,5,"Taiwan Mobile Co., Ltd.",24158
2025-01-15 02:09:00.312163 UTC,2025,10:09:00,ndt-7h8vt_1732822567_0000000000346271,Download,64.708146407697782,21.824,0.0,Taipei City,Taipei,25.053,121.5259,10,"Taiwan Mobile Co., Ltd.",24158
2025-01-15 02:06:33.390986 UTC,2025,10:06:33,ndt-virtual-whvch_1732499076_00000000004DDF09,Download,42.20360608332944,14.846,0.0,Taipei City,Taipei,25.053,121.5259,5,"Taiwan Mobile Co., Ltd.",24158
2025-01-15 02:06:14.607371 UTC,2025,10:06:14,ndt-7h8vt_1732822567_00000000003398A7,Download,10.870940490933004,40.547,0.13724847868192186,Taipei City,Taipei,25.053,121.5259,100,"Far EastTone Telecommunication Co., Ltd.",9674
2025-01-15 02:06:06.026467 UTC,2025,10:06:06,ndt-virtual-whvch_1732499076_00000000004E0357,Download,167.4718825002559,12.899,0.00014136439088933433,Taipei City,Taipei,25.053,121.5259,5,Mobile Business Group,17421
2025-01-15 02:05:55.190187 UTC,2025,10:05:55,ndt-7h8vt_1732822567_000000000033A78B,Download,69.770499028487279,21.001,0.0,Taipei City,Taipei,25.053,121.5259,10,"Taiwan Mobile Co., Ltd.",24158
2025-01-15 02:05:39.911835 UTC,2025,10:05:39,ndt-qz6rr_1732705542_000000000035D0C4,Download,10.853296106011447,44.938,0.16862515295677061,Taipei City,Taipei,25.053,121.5259,100,"Far EastTone Telecommunication Co., Ltd.",9674
2025-01-15 02:04:42.312714 UTC,2025,10:04:42,ndt-virtual-whvch_1732499076_00000000004DDEF3,Download,10.801848197515088,20.097,0.13756096941988377,Taipei City,Taipei,25.053,121.5259,100,"Far EastTone Telecommunication Co., Ltd.",9674
2025-01-15 02:04:39.774397 UTC,2025,10:04:39,ndt-zz5jt_1732753005_000000000034C924,Download,33.871908384984224,20.133,0.0,Taipei City,Taipei,25.053,121.5259,5,"Taiwan Mobile Co., Ltd.",24158
2025-01-15 02:03:31.251136 UTC,2025,10:03:31,ndt-virtual-whvch_1732499076_00000000004DDEE1,Download,11.051645227413522,20.406,0.095096905891043609,Taipei City,Taipei,25.053,121.5259,100,"Far EastTone Telecommunication Co., Ltd.",9674
2025-01-15 02:02:57.251560 UTC,2025,10:02:57,ndt-virtual-whvch_1732499076_00000000004DDED5,Download,20.104700486781351,24.527,5.4790750452882266e-05,Taipei City,Taipei,25.053,121.5259,50,"Far EastTone Telecommunication Co., Ltd.",9674
2025-01-15 01:59:58.090141 UTC,2025,09:59:58,ndt-7h8vt_1732822567_000000000034A111,Download,3.7196299643998083,245.808,0.31954475960345818,Taipei City,Taipei,25.053,121.5259,5,Mobile Business Group,17421
2025-01-15 01:59:55.184521 UTC,2025,09:59:55,ndt-virtual-whvch_1732499076_00000000004DE86A,Download,51.1523650827779,23.498,0.0,Taipei City,Taipei,25.053,121.5259,5,Mobile Business Group,17421
2025-01-15 01:57:24.665273 UTC,2025,09:57:24,ndt-zz5jt_1732753005_00000000003571D2,Download,22.651888114959092,35.254,0.0,Taipei City,Taipei,25.053,121.5259,20,Taiwan Star Telecom Corporation Limited.(Former Vibo Telecom Inc.),24157
2025-01-15 01:52:21.433711 UTC,2025,09:52:21,ndt-zz5jt_1732753005_00000000003590BC,Download,8.0731041842247269,59.892,0.0009916549596289488,Taipei City,Taipei,25.053,121.5259,50,"Far EastTone Telecommunication Co., Ltd.",9674
2025-01-15 01:45:21.446397 UTC,2025,09:45:21,ndt-zz5jt_1732753005_000000000034690C,Download,26.955585500108906,186.205,0.045530751279133745,Taipei City,Taipei,25.053,121.5259,5,"Taiwan Mobile Co., Ltd.",24158
2025-01-15 01:40:30.224575 UTC,2025,09:40:30,ndt-zz5jt_1732753005_00000000003478C3,Download,11.845876191915121,50.895,0.00094857431870542727,Taipei City,Taipei,25.053,121.5259,100,"Far EastTone Telecommunication Co., Ltd.",9674
2025-01-15 01:37:46.937215 UTC,2025,09:37:46,ndt-7h8vt_1732822567_00000000003433CF,Download,4.9956235139679492,32.813,0.0,Taipei City,Taipei,25.053,121.5259,20,"Taiwan Mobile Co., Ltd.",24158
2025-01-15 01:37:09.482004 UTC,2025,09:37:09,ndt-7h8vt_1732822567_00000000003369EE,Download,7.08136885151237,20.556,0.0,Taipei City,Taipei,25.053,121.5259,20,"Taiwan Mobile Co., Ltd.",24158
2025-01-15 01:37:05.707270 UTC,2025,09:37:05,ndt-7h8vt_1732822567_000000000033C774,Download,20.644479263765618,43.326,0.23509801063429989,Taipei City,Taipei,25.053,121.5259,100,"Far EastTone Telecommunication Co., Ltd.",9674
2025-01-15 01:36:32.277715 UTC,2025,09:36:32,ndt-7h8vt_1732822567_000000000032FC11,Download,6.0456057805228722,20.004,0.0,Taipei City,Taipei,25.053,121.5259,20,"Taiwan Mobile Co., Ltd.",24158
2025-01-15 01:35:53.668359 UTC,2025,09:35:53,ndt-qz6rr_1732705542_000000000033DD44,Download,10.337067781689221,22.218,0.0,Taipei City,Taipei,25.053,121.5259,20,"Taiwan Mobile Co., Ltd.",24158
2025-01-15 01:35:15.829517 UTC,2025,09:35:15,ndt-7h8vt_1732822567_000000000033F565,Download,7.1938992588594735,21.622,0.0,Taipei City,Taipei,25.053,121.5259,20,"Taiwan Mobile Co., Ltd.",24158
2025-01-15 01:33:47.271926 UTC,2025,09:33:47,ndt-virtual-whvch_1732499076_00000000004DF0CA,Download,16.352579660507978,29.761,0.0,Taipei City,Taipei,25.053,121.5259,20,Taiwan Star Telecom Corporation Limited.(Former Vibo Telecom Inc.),24157
2025-01-15 01:33:01.990772 UTC,2025,09:33:01,ndt-virtual-whvch_1732499076_00000000004E00A3,Download,270.11397043228629,16.8,0.069540456339433412,Taipei City,Taipei,25.053,121.5259,5,Mobile Business Group,17421
2025-01-15 01:18:54.264652 UTC,2025,09:18:54,ndt-7h8vt_1732822567_000000000033E6B4,Download,24.015057977376227,22.361,0.0,Taipei City,Taipei,25.053,121.5259,20,"Taiwan Mobile Co., Ltd.",24158
2025-01-15 01:18:16.335037 UTC,2025,09:18:16,ndt-7h8vt_1732822567_00000000003388C1,Download,14.886791275362345,21.306,0.0,Taipei City,Taipei,25.053,121.5259,20,"Taiwan Mobile Co., Ltd.",24158
2025-01-15 01:17:27.409285 UTC,2025,09:17:27,ndt-zz5jt_1732753005_000000000034F66C,Download,140.33065334641324,48.149,0.019840300615777656,Taipei City,Taipei,25.053,121.5259,50,"Far EastTone Telecommunication Co., Ltd.",9674
2025-01-15 01:17:26.985313 UTC,2025,09:17:26,ndt-virtual-whvch_1732499076_00000000004DE4F8,Download,11.633872238679082,21.996,0.0,Taipei City,Taipei,25.053,121.5259,20,"Taiwan Mobile Co., Ltd.",24158
2025-01-15 01:16:56.260079 UTC,2025,09:16:56,ndt-7h8vt_1732822567_000000000033C741,Download,121.62188198809565,46.781,0.0226495264381897,Taipei City,Taipei,25.053,121.5259,50,"Far EastTone Telecommunication Co., Ltd.",9674
2025-01-15 01:16:48.846794 UTC,2025,09:16:48,ndt-zz5jt_1732753005_000000000034E78B,Download,20.396339162819569,26.762,0.0,Taipei City,Taipei,25.053,121.5259,20,"Taiwan Mobile Co., Ltd.",24158
2025-01-15 01:15:14.799488 UTC,2025,09:15:14,ndt-virtual-whvch_1732499076_00000000004DDB01,Download,11.662760741012219,18.189,0.0,Taipei City,Taipei,25.053,121.5259,20,"Taiwan Mobile Co., Ltd.",24158
2025-01-15 01:14:06.865547 UTC,2025,09:14:06,ndt-qz6rr_1732705542_0000000000359314,Download,24.06076308567944,49.596,0.0021977360696075481,Taipei City,Taipei,25.053,121.5259,20,"Taiwan Mobile Co., Ltd.",24158
2025-01-15 01:13:34.363892 UTC,2025,09:13:34,ndt-virtual-whvch_1732499076_00000000004DE4AF,Download,76.223838464952976,19.709,0.0,Taipei City,Taipei,25.053,121.5259,5,Mobile Business Group,17421
2025-01-15 01:04:44.678159 UTC,2025,09:04:44,ndt-virtual-whvch_1732499076_00000000004DCEA3,Download,34.555815039162688,18.629,4.6067545842103617e-05,Taipei City,Taipei,25.053,121.5259,20,"Far EastTone Telecommunication Co., Ltd.",9674
2025-01-15 01:03:11.116981 UTC,2025,09:03:11,ndt-virtual-whvch_1732499076_00000000004DBE93,Download,118.76965866725594,16.848,0.000129904768212945,Taipei City,Taipei,25.053,121.5259,5,Mobile Business Group,17421
2025-01-15 01:00:05.759580 UTC,2025,09:00:05,ndt-zz5jt_1732753005_000000000034D6C5,Download,94.784869972547952,20.921,7.2805684220521039e-05,Taipei City,Taipei,25.053,121.5259,5,Mobile Business Group,17421
2025-01-15 00:57:01.146787 UTC,2025,08:57:01,ndt-zz5jt_1732753005_0000000000354319,Download,92.660676894574976,20.077,4.90838881544208e-05,Taipei City,Taipei,25.053,121.5259,5,Mobile Business Group,17421
2025-01-15 00:54:56.430074 UTC,2025,08:54:56,ndt-qz6rr_1732705542_000000000035718A,Download,20.5970608457958,21.823,0.0,Taipei City,Taipei,25.053,121.5259,5,Taiwan Star Telecom Corporation Limited.(Former Vibo Telecom Inc.),24157
2025-01-15 00:53:55.228091 UTC,2025,08:53:55,ndt-fnw9k_1732665153_00000000003CB1AE,Download,54.740370955769428,284.826,0.0,Taipei City,Taipei,25.053,121.5259,5,Mobile Business Group,17421
2025-01-15 00:52:42.799339 UTC,2025,08:52:42,ndt-qz6rr_1732705542_000000000035C0F9,Download,11.160829418615666,25.892,0.0031623402480460633,Taipei City,Taipei,25.053,121.5259,5,"Taiwan Mobile Co., Ltd.",24158
2025-01-15 00:52:30.552592 UTC,2025,08:52:30,ndt-virtual-whvch_1732499076_00000000004DBDC9,Download,107.95906725073074,16.788,2.0481047420832986e-05,Taipei City,Taipei,25.053,121.5259,5,Mobile Business Group,17421
2025-01-15 00:51:49.355854 UTC,2025,08:51:49,ndt-7h8vt_1732822567_000000000032EC6A,Download,84.33740233005355,22.19,0.0,Taipei City,Taipei,25.053,121.5259,5,"Taiwan Mobile Co., Ltd.",24158
2025-01-15 00:51:05.850668 UTC,2025,08:51:05,ndt-zz5jt_1732753005_000000000034884B,Download,132.44373277594411,20.357,8.5255706221732179e-06,Taipei City,Taipei,25.053,121.5259,5,Mobile Business Group,17421
2025-01-15 00:50:40.365103 UTC,2025,08:50:40,ndt-7h8vt_1732822567_0000000000336993,Download,85.551114504998353,21.202,0.0,Taipei City,Taipei,25.053,121.5259,5,"Taiwan Mobile Co., Ltd.",24158
2025-01-15 00:49:41.516001 UTC,2025,08:49:41,ndt-7h8vt_1732822567_0000000000338879,Download,97.729035432185057,19.509,9.3033973720443267e-05,Taipei City,Taipei,25.053,121.5259,5,Mobile Business Group,17421
2025-01-15 00:49:18.313170 UTC,2025,08:49:18,ndt-virtual-whvch_1732499076_00000000004DCD89,Download,136.5989086727111,20.034,0.0,Taipei City,Taipei,25.053,121.5259,5,"Taiwan Mobile Co., Ltd.",24158
2025-01-15 00:46:36.169501 UTC,2025,08:46:36,ndt-zz5jt_1732753005_0000000000357130,Download,128.37077651384166,20.018,7.0698643824997634e-05,Taipei City,Taipei,25.053,121.5259,5,Mobile Business Group,17421
2025-01-15 00:46:15.063428 UTC,2025,08:46:15,ndt-7h8vt_1732822567_0000000000336989,Download,159.37447014338142,21.962,0.0,Taipei City,Taipei,25.053,121.5259,5,"Taiwan Mobile Co., Ltd.",24158
2025-01-15 00:45:10.973247 UTC,2025,08:45:10,ndt-7h8vt_1732822567_00000000003480B9,Download,81.574445873273319,19.127,8.3476865216897217e-05,Taipei City,Taipei,25.053,121.5259,5,Mobile Business Group,17421
2025-01-15 00:42:53.887576 UTC,2025,08:42:53,ndt-virtual-whvch_1732499076_00000000004DE275,Download,11.03007384018775,22.197,0.0,Taipei City,Taipei,25.053,121.5259,50,"Far EastTone Telecommunication Co., Ltd.",9674
2025-01-15 00:42:05.158711 UTC,2025,08:42:05,ndt-7h8vt_1732822567_000000000032FBA2,Download,80.368261919799622,19.16,0.00024094935475031266,Taipei City,Taipei,25.053,121.5259,5,Mobile Business Group,17421
2025-01-15 00:36:15.322165 UTC,2025,08:36:15,ndt-zz5jt_1732753005_0000000000343A4E,Download,14.848914564375592,48.663,0.00015270513456578567,Taipei City,Taipei,25.053,121.5259,50,"Far EastTone Telecommunication Co., Ltd.",9674
2025-01-15 00:32:50.997492 UTC,2025,08:32:50,ndt-virtual-whvch_1732499076_00000000004DE194,Download,21.638329490177185,23.524,0.0,Taipei City,Taipei,25.053,121.5259,50,"Far EastTone Telecommunication Co., Ltd.",9674
2025-01-15 00:30:23.984770 UTC,2025,08:30:23,ndt-7h8vt_1732822567_0000000000343341,Download,21.585426002367896,53.853,0.00085282383678456748,Taipei City,Taipei,25.053,121.5259,50,"Far EastTone Telecommunication Co., Ltd.",9674
2025-01-15 00:26:58.100635 UTC,2025,08:26:58,ndt-qz6rr_1732705542_000000000033DCC3,Download,22.080631419989608,46.056,0.00026071266134608355,Taipei City,Taipei,25.053,121.5259,50,"Far EastTone Telecommunication Co., Ltd.",9674
2025-01-15 00:25:28.151247 UTC,2025,08:25:28,ndt-qz6rr_1732705542_00000000003428C1,Download,29.013782916337597,49.367,0.00011977385890236821,Taipei City,Taipei,25.053,121.5259,50,"Far EastTone Telecommunication Co., Ltd.",9674
2025-01-15 00:24:00.084276 UTC,2025,08:24:00,ndt-7h8vt_1732822567_0000000000338846,Download,25.362549050233881,52.81,0.000352141557947122,Taipei City,Taipei,25.053,121.5259,50,"Far EastTone Telecommunication Co., Ltd.",9674
2025-01-15 00:22:34.948476 UTC,2025,08:22:34,ndt-qz6rr_1732705542_00000000003532DC,Download,18.587713648604375,55.242,0.0001187536900027231,Taipei City,Taipei,25.053,121.5259,50,"Far EastTone Telecommunication Co., Ltd.",9674
2025-01-15 00:10:07.027447 UTC,2025,08:10:07,ndt-virtual-whvch_1732499076_00000000004DD603,Download,6.1821919095422295,15.0,0.16549466305877189,Taipei City,Taipei,25.053,121.5259,5,Mobile Business Group,17421
2025-01-14 23:58:00.500819 UTC,2025,07:58:00,ndt-zz5jt_1732753005_000000000034C835,Download,47.7295902322479,59.549,0.0078804842279879377,Taipei City,Taipei,25.053,121.5259,20,"Far EastTone Telecommunication Co., Ltd.",9674
2025-01-14 23:51:09.320363 UTC,2025,07:51:09,ndt-7h8vt_1732822567_000000000033C694,Download,41.970340602050619,51.944,0.000261607404742536,Taipei City,Taipei,25.053,121.5259,50,"Far EastTone Telecommunication Co., Ltd.",9674
2025-01-14 23:44:16.608543 UTC,2025,07:44:16,ndt-virtual-whvch_1732499076_00000000004DAE35,Download,6.0881057224672244,18.119,0.072543367050991986,Taipei City,Taipei,25.053,121.5259,5,Mobile Business Group,17421
2025-01-14 23:38:07.726644 UTC,2025,07:38:07,ndt-virtual-whvch_1732499076_00000000004DADEA,Download,48.54228810302854,26.713,0.0,Taipei City,Taipei,25.053,121.5259,10,"Taiwan Mobile Co., Ltd.",24158
2025-01-14 23:32:27.709424 UTC,2025,07:32:27,ndt-qz6rr_1732705542_000000000034D5CA,Download,78.85673304282578,27.113,0.00026321973219485897,Taipei City,Taipei,25.053,121.5259,20,Taiwan Star Telecom Corporation Limited.(Former Vibo Telecom Inc.),24157
2025-01-14 23:17:47.636881 UTC,2025,07:17:47,ndt-qz6rr_1732705542_000000000035329A,Download,58.005684298385376,21.323,0.0,Taipei City,Taipei,25.053,121.5259,5,Mobile Business Group,17421
2025-01-14 23:16:13.657280 UTC,2025,07:16:13,ndt-qz6rr_1732705542_000000000033DC6B,Download,24.2046131324641,22.069,0.002678996351660697,Taipei City,Taipei,25.053,121.5259,20,"Taiwan Mobile Co., Ltd.",24158
2025-01-14 23:13:57.756826 UTC,2025,07:13:57,ndt-7h8vt_1732822567_0000000000333A2D,Download,10.773515377041695,51.005,0.18638598440639059,Taipei City,Taipei,25.053,121.5259,50,"Far EastTone Telecommunication Co., Ltd.",9674
2025-01-14 22:56:28.237383 UTC,2025,06:56:28,ndt-zz5jt_1732753005_00000000003503A3,Download,59.243967735129694,23.437,1.9102107062735211e-05,Taipei City,Taipei,25.053,121.5259,5,Mobile Business Group,17421
2025-01-14 22:54:18.222873 UTC,2025,06:54:18,ndt-qz6rr_1732705542_0000000000344865,Download,14.098680052308689,32.147,0.0,Taipei City,Taipei,25.053,121.5259,10,Taiwan Star Telecom Corporation Limited.(Former Vibo Telecom Inc.),24157
2025-01-14 22:48:41.628062 UTC,2025,06:48:41,ndt-zz5jt_1732753005_000000000034B7C0,Download,12.527670679119899,58.838,0.001100387852041757,Taipei City,Taipei,25.053,121.5259,50,"Far EastTone Telecommunication Co., Ltd.",9674
2025-01-14 22:47:38.328640 UTC,2025,06:47:38,ndt-qz6rr_1732705542_0000000000347B21,Download,167.99721074346891,44.728,0.022042112128819957,Taipei City,Taipei,25.053,121.5259,100,"Far EastTone Telecommunication Co., Ltd.",9674
2025-01-14 22:05:11.608359 UTC,2025,06:05:11,ndt-virtual-whvch_1732499076_00000000004DB253,Download,142.4265486688497,17.821,3.8677461111359391e-05,Taipei City,Taipei,25.053,121.5259,5,"Taiwan Mobile Co., Ltd.",24158
2025-01-14 22:01:52.315764 UTC,2025,06:01:52,ndt-virtual-whvch_1732499076_00000000004D9CFD,Download,39.648142424807439,18.874,0.0,Taipei City,Taipei,25.053,121.5259,20,Taiwan Star Telecom Corporation Limited.(Former Vibo Telecom Inc.),24157
2025-01-14 21:52:31.389209 UTC,2025,05:52:31,ndt-qz6rr_1732705542_000000000035B0A2,Download,36.562777314749773,51.13,6.1064718531095893e-05,Taipei City,Taipei,25.053,121.5259,50,"Far EastTone Telecommunication Co., Ltd.",9674
2025-01-14 21:39:23.134504 UTC,2025,05:39:23,ndt-7h8vt_1732822567_0000000000338721,Download,3.9721358667787863,26.726,0.00035916875242340596,Taipei City,Taipei,25.053,121.5259,10,Taiwan Star Telecom Corporation Limited.(Former Vibo Telecom Inc.),24157
2025-01-14 21:25:39.448155 UTC,2025,05:25:39,ndt-qz6rr_1732705542_00000000003496D4,Download,385.17152251192203,41.889,0.0,Taipei City,Taipei,25.053,121.5259,100,"Far EastTone Telecommunication Co., Ltd.",9674
2025-01-14 21:14:57.284200 UTC,2025,05:14:57,ndt-virtual-whvch_1732499076_00000000004D99A9,Download,67.7526114275026,20.821,1.6788019805916116e-05,Taipei City,Taipei,25.053,121.5259,100,"Far EastTone Telecommunication Co., Ltd.",9674
2025-01-14 20:54:56.651640 UTC,2025,04:54:56,ndt-virtual-whvch_1732499076_00000000004D9864,Download,29.116566864950144,19.528,0.0,Taipei City,Taipei,25.053,121.5259,5,Taiwan Star Telecom Corporation Limited.(Former Vibo Telecom Inc.),24157
2025-01-14 20:52:11.998128 UTC,2025,04:52:11,ndt-7h8vt_1732822567_000000000034607A,Download,52.45975367178729,30.642,0.0,Taipei City,Taipei,25.053,121.5259,5,Mobile Business Group,17421
2025-01-14 20:51:44.310494 UTC,2025,04:51:44,ndt-zz5jt_1732753005_0000000000342ADC,Download,4.7498956878581513,48.978,0.15835626149798868,Taipei City,Taipei,25.053,121.5259,100,"Far EastTone Telecommunication Co., Ltd.",9674
2025-01-14 19:55:40.991235 UTC,2025,03:55:40,ndt-qz6rr_1732705542_000000000034C851,Download,25.333561651178893,38.03,0.0,Taipei City,Taipei,25.053,121.5259,10,Mobile Business Group,17421
2025-01-14 18:53:30.287210 UTC,2025,02:53:30,ndt-virtual-pnswz_1732502072_00000000004EAD75,Download,94.678923836586449,38.961,0.0,Taipei City,Taipei,25.053,121.5259,5,Mobile Business Group,17421
2025-01-14 18:50:50.313009 UTC,2025,02:50:50,ndt-zz5jt_1732753005_000000000033ED37,Download,146.33801844813325,19.68,0.0,Taipei City,Taipei,25.053,121.5259,10,"Taiwan Mobile Co., Ltd.",24158
2025-01-14 18:50:38.685304 UTC,2025,02:50:38,ndt-6p5t8_1732754834_0000000000534BAA,Download,32.541142091595212,354.739,0.0002249107992876124,Taipei City,Taipei,25.053,121.5259,50,"Far EastTone Telecommunication Co., Ltd.",9674
2025-01-14 18:47:46.710285 UTC,2025,02:47:46,ndt-qz6rr_1732705542_000000000035515C,Download,164.98628230485113,19.466,0.0,Taipei City,Taipei,25.053,121.5259,10,"Taiwan Mobile Co., Ltd.",24158
2025-01-14 18:34:52.250221 UTC,2025,02:34:52,ndt-7h8vt_1732822567_000000000033D448,Download,66.821931012911634,18.964,0.00027351308192481808,Taipei City,Taipei,25.053,121.5259,20,"Taiwan Mobile Co., Ltd.",24158
2025-01-14 18:27:46.832606 UTC,2025,02:27:46,ndt-qz6rr_1732705542_000000000034961C,Download,108.92204925165002,19.978,0.0,Taipei City,Taipei,25.053,121.5259,20,"Taiwan Mobile Co., Ltd.",24158
2025-01-14 18:09:16.627428 UTC,2025,02:09:16,ndt-zz5jt_1732753005_000000000033DDA2,Download,58.146313548952712,22.954,0.0,Taipei City,Taipei,25.053,121.5259,20,Taiwan Star Telecom Corporation Limited.(Former Vibo Telecom Inc.),24157
2025-01-14 18:08:31.450143 UTC,2025,02:08:31,ndt-zz5jt_1732753005_000000000034F3ED,Download,11.273674181060656,23.758,0.0,Taipei City,Taipei,25.053,121.5259,10,Mobile Business Group,17421
2025-01-14 18:00:45.879117 UTC,2025,02:00:45,ndt-zz5jt_1732753005_0000000000345936,Download,26.566944274374769,22.958,0.0017430308462693415,Taipei City,Taipei,25.053,121.5259,10,Mobile Business Group,17421
2025-01-14 17:55:54.348002 UTC,2025,01:55:54,ndt-zz5jt_1732753005_0000000000339F45,Download,11.398277121457337,25.003,7.4684049365998734e-05,Taipei City,Taipei,25.053,121.5259,10,Mobile Business Group,17421
2025-01-14 17:46:32.042120 UTC,2025,01:46:32,ndt-virtual-pnswz_1732502072_00000000004EA806,Download,16.408242831579855,39.901,0.0,Taipei City,Taipei,25.053,121.5259,10,Mobile Business Group,17421
2025-01-14 17:42:25.820742 UTC,2025,01:42:25,ndt-virtual-whvch_1732499076_00000000004D80ED,Download,61.313112556324029,19.198,1.7994590758603072e-05,Taipei City,Taipei,25.053,121.5259,20,"Far EastTone Telecommunication Co., Ltd.",9674
2025-01-14 17:42:02.815216 UTC,2025,01:42:02,ndt-zz5jt_1732753005_00000000003437D0,Download,37.469032709455114,47.102,0.00031024831662587488,Taipei City,Taipei,25.053,121.5259,20,"Far EastTone Telecommunication Co., Ltd.",9674
2025-01-14 17:40:03.405376 UTC,2025,01:40:03,ndt-7h8vt_1732822567_00000000003385C7,Download,250.91121438654875,45.946,0.021883352520515324,Taipei City,Taipei,25.053,121.5259,20,"Far EastTone Telecommunication Co., Ltd.",9674
2025-01-14 17:39:54.819228 UTC,2025,01:39:54,ndt-7h8vt_1732822567_00000000003366C8,Download,74.281630251884039,21.071,0.0,Taipei City,Taipei,25.053,121.5259,5,Taiwan Star Telecom Corporation Limited.(Former Vibo Telecom Inc.),24157
2025-01-14 17:38:25.254602 UTC,2025,01:38:25,ndt-qz6rr_1732705542_00000000003456E6,Download,13.8441372513139,25.703,5.6634097869707808e-05,Taipei City,Taipei,25.053,121.5259,10,Mobile Business Group,17421
2025-01-14 17:24:30.590500 UTC,2025,01:24:30,ndt-virtual-whvch_1732499076_00000000004D5A9B,Download,76.331920748596588,18.919,0.0029523753361673137,Taipei City,Taipei,25.053,121.5259,5,"Taiwan Mobile Co., Ltd.",24158
2025-01-14 17:24:02.887972 UTC,2025,01:24:02,ndt-zz5jt_1732753005_000000000033ECBA,Download,15.15347178323646,20.736,5.1646539165956435e-05,Taipei City,Taipei,25.053,121.5259,10,Mobile Business Group,17421
2025-01-14 17:20:16.978900 UTC,2025,01:20:16,ndt-zz5jt_1732753005_000000000034F3A2,Download,294.86451201098981,34.298,0.0,Taipei City,Taipei,25.053,121.5259,100,"Far EastTone Telecommunication Co., Ltd.",9674
2025-01-14 17:18:25.040525 UTC,2025,01:18:25,ndt-zz5jt_1732753005_000000000034F39D,Download,19.088124771175622,50.692,0.077343000557101776,Taipei City,Taipei,25.053,121.5259,100,"Far EastTone Telecommunication Co., Ltd.",9674
2025-01-14 17:18:10.374305 UTC,2025,01:18:10,ndt-qz6rr_1732705542_000000000034D3F1,Download,87.0268032313791,21.491,6.4704610809786087e-05,Taipei City,Taipei,25.053,121.5259,5,Mobile Business Group,17421
2025-01-14 17:18:08.335887 UTC,2025,01:18:08,ndt-7h8vt_1732822567_0000000000323DB5,Download,28.126759022579595,23.099,0.0,Taipei City,Taipei,25.053,121.5259,20,"Taiwan Mobile Co., Ltd.",24158
2025-01-14 17:16:48.121408 UTC,2025,01:16:48,ndt-7h8vt_1732822567_000000000031FE27,Download,22.4641792844502,61.274,0.0,Taipei City,Taipei,25.053,121.5259,100,"Far EastTone Telecommunication Co., Ltd.",9674
2025-01-14 17:16:45.232445 UTC,2025,01:16:45,ndt-zz5jt_1732753005_00000000003530C8,Download,60.187539826901258,19.762,0.00011512306891199387,Taipei City,Taipei,25.053,121.5259,5,Mobile Business Group,17421
2025-01-14 17:13:38.662013 UTC,2025,01:13:38,ndt-virtual-whvch_1732499076_00000000004D4EFC,Download,46.149441230589666,16.804,0.0,Taipei City,Taipei,25.053,121.5259,5,Mobile Business Group,17421
2025-01-14 17:13:11.762089 UTC,2025,01:13:11,ndt-qz6rr_1732705542_000000000035145F,Download,73.483322665065344,19.846,0.00013886050434822351,Taipei City,Taipei,25.053,121.5259,5,Mobile Business Group,17421
2025-01-14 17:12:49.830443 UTC,2025,01:12:49,ndt-qz6rr_1732705542_000000000034B739,Download,87.116257115235413,20.044,0.00010810649065399867,Taipei City,Taipei,25.053,121.5259,5,Mobile Business Group,17421
2025-01-14 17:11:57.129486 UTC,2025,01:11:57,ndt-virtual-whvch_1732499076_00000000004D4EE7,Download,10.956757999876842,19.0,0.089680924802558765,Taipei City,Taipei,25.053,121.5259,100,"Far EastTone Telecommunication Co., Ltd.",9674
2025-01-14 17:10:20.981766 UTC,2025,01:10:20,ndt-virtual-whvch_1732499076_00000000004D59B8,Download,16.048777214713681,20.038,0.0,Taipei City,Taipei,25.053,121.5259,10,Mobile Business Group,17421
2025-01-14 17:08:27.188384 UTC,2025,01:08:27,ndt-7h8vt_1732822567_000000000033566C,Download,21.220299115764035,21.66,4.3725124669928629e-05,Taipei City,Taipei,25.053,121.5259,10,Mobile Business Group,17421
2025-01-14 17:02:51.471092 UTC,2025,01:02:51,ndt-qz6rr_1732705542_0000000000339DE2,Download,15.520170960226817,19.887,5.0399536196403477e-05,Taipei City,Taipei,25.053,121.5259,10,Mobile Business Group,17421
2025-01-14 17:02:22.690425 UTC,2025,01:02:22,ndt-qz6rr_1732705542_000000000035144C,Download,26.059048140923796,51.221,0.0049486829329887273,Taipei City,Taipei,25.053,121.5259,100,"Far EastTone Telecommunication Co., Ltd.",9674
2025-01-14 17:01:21.411022 UTC,2025,01:01:21,ndt-qz6rr_1732705542_000000000035602A,Download,116.13004631138138,19.925,7.7603118982387252e-05,Taipei City,Taipei,25.053,121.5259,5,Mobile Business Group,17421
2025-01-14 16:59:51.008652 UTC,2025,00:59:51,ndt-virtual-whvch_1732499076_00000000004D58F5,Download,55.490488089325332,16.067,7.6704829350393245e-06,Taipei City,Taipei,25.053,121.5259,5,Mobile Business Group,17421
2025-01-14 16:58:25.824376 UTC,2025,00:58:25,ndt-qz6rr_1732705542_0000000000335F4E,Download,78.970443658328051,19.515,0.011088086931727239,Taipei City,Taipei,25.053,121.5259,10,"Taiwan Mobile Co., Ltd.",24158
2025-01-14 16:58:20.811621 UTC,2025,00:58:20,ndt-7h8vt_1732822567_0000000000344058,Download,65.55630413375431,18.463,0.0015063664380720726,Taipei City,Taipei,25.053,121.5259,10,"Taiwan Mobile Co., Ltd.",24158
2025-01-14 16:53:16.886948 UTC,2025,00:53:16,ndt-7h8vt_1732822567_00000000003337CF,Download,117.75363110828687,31.387,0.0,Taipei City,Taipei,25.053,121.5259,50,"Taiwan Mobile Co., Ltd.",24158
2025-01-14 16:53:10.863489 UTC,2025,00:53:10,ndt-qz6rr_1732705542_0000000000332F75,Download,9.7083645637695248,49.788,0.0,Taipei City,Taipei,25.053,121.5259,20,"Far EastTone Telecommunication Co., Ltd.",9674
2025-01-14 16:52:06.794103 UTC,2025,00:52:06,ndt-qz6rr_1732705542_000000000033EF06,Download,106.6300278098489,30.825,0.0,Taipei City,Taipei,25.053,121.5259,50,"Taiwan Mobile Co., Ltd.",24158
2025-01-14 16:51:45.281558 UTC,2025,00:51:45,ndt-zz5jt_1732753005_000000000033CD75,Download,50.491295362496487,24.922,0.0,Taipei City,Taipei,25.053,121.5259,5,Mobile Business Group,17421
2025-01-14 16:50:36.709742 UTC,2025,00:50:36,ndt-virtual-whvch_1732499076_00000000004D5847,Download,108.6596640588219,26.64,0.0,Taipei City,Taipei,25.053,121.5259,50,"Taiwan Mobile Co., Ltd.",24158
2025-01-14 16:49:12.647425 UTC,2025,00:49:12,ndt-zz5jt_1732753005_00000000003409F1,Download,101.78325228758588,31.767,0.0,Taipei City,Taipei,25.053,121.5259,50,"Taiwan Mobile Co., Ltd.",24158
2025-01-14 16:46:36.774442 UTC,2025,00:46:36,ndt-zz5jt_1732753005_00000000003447B8,Download,113.71020021220008,27.951,0.0,Taipei City,Taipei,25.053,121.5259,50,"Taiwan Mobile Co., Ltd.",24158
2025-01-14 16:45:31.528481 UTC,2025,00:45:31,ndt-virtual-whvch_1732499076_00000000004D62A3,Download,7.3304882968524918,19.944,0.0,Taipei City,Taipei,25.053,121.5259,5,Mobile Business Group,17421
2025-01-14 16:45:13.324172 UTC,2025,00:45:13,ndt-qz6rr_1732705542_0000000000338E0A,Download,112.48427852130715,31.811,0.0,Taipei City,Taipei,25.053,121.5259,50,"Taiwan Mobile Co., Ltd.",24158
2025-01-14 16:43:49.982813 UTC,2025,00:43:49,ndt-qz6rr_1732705542_000000000034A710,Download,114.57635397589409,30.042,0.0,Taipei City,Taipei,25.053,121.5259,50,"Taiwan Mobile Co., Ltd.",24158
2025-01-14 16:42:49.805814 UTC,2025,00:42:49,ndt-virtual-pnswz_1732502072_00000000004E7A56,Download,31.511166198559042,39.587,0.0,Taipei City,Taipei,25.053,121.5259,100,"Far EastTone Telecommunication Co., Ltd.",9674
2025-01-14 16:42:35.041073 UTC,2025,00:42:35,ndt-virtual-whvch_1732499076_00000000004D57A9,Download,107.12574477014685,26.31,0.0,Taipei City,Taipei,25.053,121.5259,50,"Taiwan Mobile Co., Ltd.",24158
2025-01-14 16:41:13.714947 UTC,2025,00:41:13,ndt-qz6rr_1732705542_0000000000332F67,Download,101.26374390981212,19.891,0.00010613589705013833,Taipei City,Taipei,25.053,121.5259,5,Mobile Business Group,17421
2025-01-14 16:41:04.864109 UTC,2025,00:41:04,ndt-qz6rr_1732705542_000000000034D3C2,Download,93.717554416792169,30.143,2.3457690671553084e-05,Taipei City,Taipei,25.053,121.5259,50,"Taiwan Mobile Co., Ltd.",24158
2025-01-14 16:41:01.253000 UTC,2025,00:41:01,ndt-virtual-whvch_1732499076_00000000004D6247,Download,50.068602051039285,24.742,0.0,Taipei City,Taipei,25.053,121.5259,50,"Taiwan Mobile Co., Ltd.",24158
2025-01-14 16:40:19.366013 UTC,2025,00:40:19,ndt-qz6rr_1732705542_000000000033DA96,Download,9.7276409864185,51.143,0.00021672460789025065,Taipei City,Taipei,25.053,121.5259,50,"Far EastTone Telecommunication Co., Ltd.",9674
2025-01-14 16:40:07.272297 UTC,2025,00:40:07,ndt-7h8vt_1732822567_0000000000336660,Download,133.88092274957793,22.233,8.50780773670008e-05,Taipei City,Taipei,25.053,121.5259,5,Mobile Business Group,17421
2025-01-14 16:39:41.549529 UTC,2025,00:39:41,ndt-7h8vt_1732822567_000000000033D384,Download,107.70165853726915,20.901,8.4487989581885409e-05,Taipei City,Taipei,25.053,121.5259,5,Mobile Business Group,17421
2025-01-14 16:39:37.313563 UTC,2025,00:39:37,ndt-7h8vt_1732822567_0000000000321DF8,Download,105.67852312868528,29.015,0.0,Taipei City,Taipei,25.053,121.5259,50,"Taiwan Mobile Co., Ltd.",24158
2025-01-14 16:38:42.422742 UTC,2025,00:38:42,ndt-zz5jt_1732753005_000000000033AE02,Download,106.47049538749137,21.005,7.5471799542309892e-05,Taipei City,Taipei,25.053,121.5259,5,Mobile Business Group,17421
2025-01-14 16:38:27.448810 UTC,2025,00:38:27,ndt-qz6rr_1732705542_0000000000332F66,Download,126.96380095293806,39.634,1.7103001192574402e-05,Taipei City,Taipei,25.053,121.5259,20,"Far EastTone Telecommunication Co., Ltd.",9674
2025-01-14 16:38:23.215667 UTC,2025,00:38:23,ndt-virtual-whvch_1732499076_00000000004D5755,Download,103.1295266121021,20.976,0.0,Taipei City,Taipei,25.053,121.5259,5,Mobile Business Group,17421
2025-01-14 16:38:13.586409 UTC,2025,00:38:13,ndt-7h8vt_1732822567_0000000000323D76,Download,109.12054311852191,32.88,0.0,Taipei City,Taipei,25.053,121.5259,50,"Taiwan Mobile Co., Ltd.",24158
2025-01-14 16:37:26.494021 UTC,2025,00:37:26,ndt-zz5jt_1732753005_000000000033DCFC,Download,97.958464728497987,29.781,0.0,Taipei City,Taipei,25.053,121.5259,50,"Taiwan Mobile Co., Ltd.",24158
2025-01-14 16:36:35.814970 UTC,2025,00:36:35,ndt-7h8vt_1732822567_0000000000323D72,Download,104.36316823757964,29.905,0.0,Taipei City,Taipei,25.053,121.5259,50,"Taiwan Mobile Co., Ltd.",24158
2025-01-14 16:36:19.509069 UTC,2025,00:36:19,ndt-7h8vt_1732822567_000000000031FDEB,Download,76.504217436424582,29.87,4.2415712688686961e-07,Taipei City,Taipei,25.053,121.5259,50,"Taiwan Mobile Co., Ltd.",24158
2025-01-14 16:35:54.996464 UTC,2025,00:35:54,ndt-qz6rr_1732705542_000000000034957A,Download,113.16281146324945,29.92,0.0,Taipei City,Taipei,25.053,121.5259,50,"Taiwan Mobile Co., Ltd.",24158
2025-01-14 16:35:08.370474 UTC,2025,00:35:08,ndt-qz6rr_1732705542_00000000003426B1,Download,109.13355216404725,30.016,0.0,Taipei City,Taipei,25.053,121.5259,50,"Taiwan Mobile Co., Ltd.",24158
2025-01-14 16:30:11.134096 UTC,2025,00:30:11,ndt-7h8vt_1732822567_000000000031DEDC,Download,3.8211231187292483,47.082,0.0,Taipei City,Taipei,25.053,121.5259,20,"Far EastTone Telecommunication Co., Ltd.",9674
2025-01-14 16:27:16.827117 UTC,2025,00:27:16,ndt-7h8vt_1732822567_000000000034304B,Download,27.611539337881315,19.882,0.0,Taipei City,Taipei,25.053,121.5259,50,Mobile Business Group,17421
2025-01-14 16:22:32.378199 UTC,2025,00:22:32,ndt-zz5jt_1732753005_0000000000338CC0,Download,9.4301148891455782,19.414,0.091913914915575337,Taipei City,Taipei,25.053,121.5259,5,"Taiwan Mobile Co., Ltd.",24158
2025-01-14 16:22:20.957529 UTC,2025,00:22:20,ndt-qz6rr_1732705542_00000000003418CB,Download,1.9943328454913378,50.177,0.0,Taipei City,Taipei,25.053,121.5259,20,"Far EastTone Telecommunication Co., Ltd.",9674
2025-01-14 16:22:04.219437 UTC,2025,00:22:04,ndt-qz6rr_1732705542_0000000000330FF1,Download,97.4869122198513,20.0,4.6424045275732864e-05,Taipei City,Taipei,25.053,121.5259,5,Mobile Business Group,17421
2025-01-14 16:14:18.179480 UTC,2025,00:14:18,ndt-virtual-whvch_1732499076_00000000004D4AFC,Download,20.792840282684569,21.851,0.2976401658575395,Taipei City,Taipei,25.053,121.5259,100,"Far EastTone Telecommunication Co., Ltd.",9674
2025-01-14 16:14:00.085424 UTC,2025,00:14:00,ndt-qz6rr_1732705542_0000000000347875,Download,105.85146868387243,27.323,2.132818445868519e-05,Taipei City,Taipei,25.053,121.5259,5,Mobile Business Group,17421
2025-01-14 16:12:42.897740 UTC,2025,00:12:42,ndt-7h8vt_1732822567_000000000032F868,Download,22.472732334613283,19.901,0.00014881509110078461,Taipei City,Taipei,25.053,121.5259,5,Mobile Business Group,17421
2025-01-14 16:12:19.036334 UTC,2025,00:12:19,ndt-qz6rr_1732705542_000000000035508B,Download,11.642176661081098,19.769,0.0013537530742068564,Taipei City,Taipei,25.053,121.5259,5,Mobile Business Group,17421
2025-01-14 16:11:44.482228 UTC,2025,00:11:44,ndt-7h8vt_1732822567_0000000000323D53,Download,23.011989150240492,25.907,0.0,Taipei City,Taipei,25.053,121.5259,5,"Taiwan Mobile Co., Ltd.",24158
2025-01-14 16:10:16.254591 UTC,2025,00:10:16,ndt-kvfdv_1732584141_00000000003CB858,Download,104.10641211486229,160.577,0.0,Taipei City,Taipei,25.053,121.5259,10,"Taiwan Mobile Co., Ltd.",24158
2025-01-14 16:09:39.632497 UTC,2025,00:09:39,ndt-7h8vt_1732822567_0000000000321DBF,Download,353.11143877227988,17.246,0.0039509170616478951,Taipei City,Taipei,25.053,121.5259,5,Mobile Business Group,17421
2025-01-14 16:03:25.498352 UTC,2025,00:03:25,ndt-zz5jt_1732753005_0000000000344770,Download,1.1904747762641565,19.248,0.26673434091685894,Taipei City,Taipei,25.053,121.5259,5,Mobile Business Group,17421
2025-01-14 16:01:32.061680 UTC,2025,00:01:32,ndt-qz6rr_1732705542_00000000003418B4,Download,9.387861204892193,45.571,0.0008385699036166218,Taipei City,Taipei,25.053,121.5259,20,"Far EastTone Telecommunication Co., Ltd.",9674
2025-01-14 16:00:06.973730 UTC,2025,00:00:06,ndt-7h8vt_1732822567_000000000033E338,Download,38.29033298543208,25.888,0.023864220693433139,Taipei City,Taipei,25.053,121.5259,100,"Far EastTone Telecommunication Co., Ltd.",9674
2025-01-14 15:56:46.405916 UTC,2025,23:56:46,ndt-virtual-whvch_1732499076_00000000004D3A33,Download,132.93757214890334,15.534,0.0,Taipei City,Taipei,25.053,121.5259,10,"Taiwan Mobile Co., Ltd.",24158
2025-01-14 15:51:43.631643 UTC,2025,23:51:43,ndt-zz5jt_1732753005_0000000000334E75,Download,35.326261277802494,46.862,3.2693206828495825e-05,Taipei City,Taipei,25.053,121.5259,50,"Far EastTone Telecommunication Co., Ltd.",9674
2025-01-14 15:45:42.704900 UTC,2025,23:45:42,ndt-qz6rr_1732705542_0000000000348822,Download,115.41225219242602,43.325,9.3664180958871358e-05,Taipei City,Taipei,25.053,121.5259,100,"Far EastTone Telecommunication Co., Ltd.",9674
2025-01-14 15:45:14.885892 UTC,2025,23:45:14,ndt-virtual-whvch_1732499076_00000000004D4931,Download,86.752310487432524,20.457,7.4732808516430823e-05,Taipei City,Taipei,25.053,121.5259,100,"Far EastTone Telecommunication Co., Ltd.",9674
2025-01-14 15:44:45.799463 UTC,2025,23:44:45,ndt-virtual-whvch_1732499076_00000000004D3971,Download,10.526357443964603,31.128,0.0013693597762140088,Taipei City,Taipei,25.053,121.5259,50,"Far EastTone Telecommunication Co., Ltd.",9674
2025-01-14 15:41:07.080936 UTC,2025,23:41:07,ndt-zz5jt_1732753005_000000000035010B,Download,17.44429316286492,26.99,0.0,Taipei City,Taipei,25.053,121.5259,10,Mobile Business Group,17421
2025-01-14 15:38:00.720486 UTC,2025,23:38:00,ndt-virtual-whvch_1732499076_00000000004D38F8,Download,20.567522540846721,25.619,0.0037001968436040349,Taipei City,Taipei,25.053,121.5259,10,Mobile Business Group,17421
2025-01-14 15:36:36.529581 UTC,2025,23:36:36,ndt-virtual-whvch_1732499076_00000000004D4888,Download,14.861519621691064,23.929,0.0,Taipei City,Taipei,25.053,121.5259,10,Mobile Business Group,17421
2025-01-14 15:35:38.474774 UTC,2025,23:35:38,ndt-qz6rr_1732705542_0000000000343943,Download,123.15418169163662,21.752,1.845678300637459e-05,Taipei City,Taipei,25.053,121.5259,5,Mobile Business Group,17421
2025-01-14 15:35:09.053373 UTC,2025,23:35:09,ndt-virtual-whvch_1732499076_00000000004D2E1A,Download,15.852044495766775,23.816,0.0,Taipei City,Taipei,25.053,121.5259,10,Mobile Business Group,17421
2025-01-14 15:25:48.473046 UTC,2025,23:25:48,ndt-zz5jt_1732753005_000000000034F2D0,Download,78.6371939058108,27.605,4.221233498980347e-05,Taipei City,Taipei,25.053,121.5259,100,"Far EastTone Telecommunication Co., Ltd.",9674
2025-01-14 15:25:00.285804 UTC,2025,23:25:00,ndt-7h8vt_1732822567_00000000003384D0,Download,36.118028426047765,17.354,0.0040375694708288789,Taipei City,Taipei,25.053,121.5259,5,"Taiwan Mobile Co., Ltd.",24158
2025-01-14 15:24:22.511153 UTC,2025,23:24:22,ndt-virtual-whvch_1732499076_00000000004D478D,Download,3.4780460372555875,47.889,0.0,Taipei City,Taipei,25.053,121.5259,5,"Taiwan Mobile Co., Ltd.",24158
2025-01-14 15:18:53.258246 UTC,2025,23:18:53,ndt-zz5jt_1732753005_0000000000339E1B,Download,3.3208316646227125,28.451,0.0,Taipei City,Taipei,25.053,121.5259,10,"Taiwan Mobile Co., Ltd.",24158
2025-01-14 15:17:20.472753 UTC,2025,23:17:20,ndt-qz6rr_1732705542_0000000000343923,Download,11.086560338833721,21.152,0.12870898019204607,Taipei City,Taipei,25.053,121.5259,5,Mobile Business Group,17421
2025-01-14 15:14:23.590819 UTC,2025,23:14:23,ndt-7h8vt_1732822567_00000000003365CA,Download,81.283939377818243,56.719,8.2401550487885852e-05,Taipei City,Taipei,25.053,121.5259,50,"Far EastTone Telecommunication Co., Ltd.",9674
2025-01-14 15:10:11.877498 UTC,2025,23:10:11,ndt-qz6rr_1732705542_000000000033FA95,Download,4.0018418509942544,39.939,0.0,Taipei City,Taipei,25.053,121.5259,5,"Taiwan Mobile Co., Ltd.",24158
2025-01-14 15:09:00.941917 UTC,2025,23:09:00,ndt-virtual-whvch_1732499076_00000000004D5199,Download,3.8509374730171357,40.155,0.0,Taipei City,Taipei,25.053,121.5259,5,"Taiwan Mobile Co., Ltd.",24158
2025-01-14 15:07:37.278706 UTC,2025,23:07:37,ndt-7h8vt_1732822567_000000000032F809,Download,45.513100899524439,29.323,0.0,Taipei City,Taipei,25.053,121.5259,10,"Taiwan Mobile Co., Ltd.",24158
2025-01-14 15:03:23.531511 UTC,2025,23:03:23,ndt-zz5jt_1732753005_000000000033DC31,Download,23.473726880370073,55.552,0.0,Taipei City,Taipei,25.053,121.5259,100,"Far EastTone Telecommunication Co., Ltd.",9674
2025-01-14 15:01:44.740791 UTC,2025,23:01:44,ndt-virtual-whvch_1732499076_00000000004D2BB6,Download,0.24407003617171846,21.463,0.50257505146276693,Taipei City,Taipei,25.053,121.5259,5,"Taiwan Mobile Co., Ltd.",24158
2025-01-14 14:40:28.480268 UTC,2025,22:40:28,ndt-qz6rr_1732705542_000000000033BE25,Download,32.769443988912577,22.612,0.044899962467881166,Taipei City,Taipei,25.053,121.5259,5,Mobile Business Group,17421
2025-01-14 14:38:40.793575 UTC,2025,22:38:40,ndt-virtual-whvch_1732499076_00000000004D29F9,Download,21.31397393627573,25.918,0.043207937155202145,Taipei City,Taipei,25.053,121.5259,10,Mobile Business Group,17421
2025-01-14 14:36:54.093427 UTC,2025,22:36:54,ndt-qz6rr_1732705542_0000000000342628,Download,17.244933864556721,55.351,0.063472076125541621,Taipei City,Taipei,25.053,121.5259,100,"Far EastTone Telecommunication Co., Ltd.",9674
2025-01-14 14:35:58.227497 UTC,2025,22:35:58,ndt-virtual-whvch_1732499076_00000000004D29C8,Download,11.117544436048231,22.585,0.0050704106192362109,Taipei City,Taipei,25.053,121.5259,100,"Far EastTone Telecommunication Co., Ltd.",9674
2025-01-14 14:35:44.307457 UTC,2025,22:35:44,ndt-qz6rr_1732705542_0000000000341850,Download,26.538144848848056,29.764,0.0472819138055975,Taipei City,Taipei,25.053,121.5259,10,Mobile Business Group,17421
2025-01-14 14:34:03.418991 UTC,2025,22:34:03,ndt-qz6rr_1732705542_000000000033FA60,Download,32.082282272373448,46.863,6.77698229928944e-05,Taipei City,Taipei,25.053,121.5259,100,"Far EastTone Telecommunication Co., Ltd.",9674
2025-01-14 14:33:44.119200 UTC,2025,22:33:44,ndt-7h8vt_1732822567_000000000033E2AA,Download,41.883335944853492,45.716,0.0,Taipei City,Taipei,25.053,121.5259,100,"Far EastTone Telecommunication Co., Ltd.",9674
2025-01-14 14:33:38.763807 UTC,2025,22:33:38,ndt-qz6rr_1732705542_0000000000342625,Download,39.703372455049404,46.679,0.0,Taipei City,Taipei,25.053,121.5259,100,"Far EastTone Telecommunication Co., Ltd.",9674
2025-01-14 14:33:33.336776 UTC,2025,22:33:33,ndt-virtual-whvch_1732499076_00000000004D1F16,Download,30.62005378741107,18.075,0.0,Taipei City,Taipei,25.053,121.5259,100,"Far EastTone Telecommunication Co., Ltd.",9674
2025-01-14 14:32:29.099268 UTC,2025,22:32:29,ndt-zz5jt_1732753005_0000000000339DC8,Download,5.6395847040947737,22.604,0.10794788860739213,Taipei City,Taipei,25.053,121.5259,5,Mobile Business Group,17421
2025-01-14 14:32:27.460572 UTC,2025,22:32:27,ndt-qz6rr_1732705542_0000000000332EC8,Download,195.90481306652342,40.845,5.5521740210248014e-05,Taipei City,Taipei,25.053,121.5259,20,"Far EastTone Telecommunication Co., Ltd.",9674
2025-01-14 14:31:26.759606 UTC,2025,22:31:26,ndt-virtual-whvch_1732499076_00000000004D1EF7,Download,5.9038491508233415,17.82,0.088574069001533418,Taipei City,Taipei,25.053,121.5259,5,Mobile Business Group,17421
2025-01-14 14:31:02.096853 UTC,2025,22:31:02,ndt-7h8vt_1732822567_000000000033845F,Download,34.5905723842698,49.06,0.039910777170892718,Taipei City,Taipei,25.053,121.5259,20,"Far EastTone Telecommunication Co., Ltd.",9674
2025-01-14 14:28:51.583697 UTC,2025,22:28:51,ndt-zz5jt_1732753005_0000000000349552,Download,30.085596394368189,21.989,0.037111728136761682,Taipei City,Taipei,25.053,121.5259,5,Mobile Business Group,17421
2025-01-14 14:23:16.253724 UTC,2025,22:23:16,ndt-zz5jt_1732753005_0000000000338BBD,Download,76.400556232498587,51.046,0.00069511288401250687,Taipei City,Taipei,25.053,121.5259,100,"Far EastTone Telecommunication Co., Ltd.",9674
2025-01-14 14:18:28.937254 UTC,2025,22:18:28,ndt-virtual-whvch_1732499076_00000000004D28BC,Download,2.73955917389754,16.74,0.055064093949832679,Taipei City,Taipei,25.053,121.5259,5,Mobile Business Group,17421
2025-01-14 14:18:18.473999 UTC,2025,22:18:18,ndt-qz6rr_1732705542_0000000000332EB7,Download,34.173812144619333,23.238,0.015557877055055448,Taipei City,Taipei,25.053,121.5259,20,Taiwan Star Telecom Corporation Limited.(Former Vibo Telecom Inc.),24157
2025-01-14 14:15:39.129013 UTC,2025,22:15:39,ndt-zz5jt_1732753005_0000000000335F86,Download,10.888031767134251,48.28,0.15989007220459983,Taipei City,Taipei,25.053,121.5259,100,"Far EastTone Telecommunication Co., Ltd.",9674
2025-01-14 14:14:37.711262 UTC,2025,22:14:37,ndt-qz6rr_1732705542_0000000000341838,Download,10.111382873008184,47.0,0.17628089610152914,Taipei City,Taipei,25.053,121.5259,100,"Far EastTone Telecommunication Co., Ltd.",9674
2025-01-14 14:13:04.665897 UTC,2025,22:13:04,ndt-qz6rr_1732705542_00000000003502FF,Download,10.599807819209641,51.595,0.16658456431455013,Taipei City,Taipei,25.053,121.5259,100,"Far EastTone Telecommunication Co., Ltd.",9674
2025-01-14 14:12:14.275509 UTC,2025,22:12:14,ndt-virtual-whvch_1732499076_00000000004D2861,Download,9.89779204998667,19.871,0.099592460416473821,Taipei City,Taipei,25.053,121.5259,100,"Far EastTone Telecommunication Co., Ltd.",9674
2025-01-14 14:11:07.825681 UTC,2025,22:11:07,ndt-virtual-whvch_1732499076_00000000004D3360,Download,10.984448030456546,19.982,0.12629986712928215,Taipei City,Taipei,25.053,121.5259,100,"Far EastTone Telecommunication Co., Ltd.",9674
2025-01-14 14:09:42.682746 UTC,2025,22:09:42,ndt-zz5jt_1732753005_00000000003474BD,Download,10.574988087213697,40.775,0.14022264141367147,Taipei City,Taipei,25.053,121.5259,100,"Far EastTone Telecommunication Co., Ltd.",9674
2025-01-14 14:09:29.050665 UTC,2025,22:09:29,ndt-7h8vt_1732822567_0000000000335526,Download,10.80031871375321,52.95,0.19859893837538728,Taipei City,Taipei,25.053,121.5259,100,"Far EastTone Telecommunication Co., Ltd.",9674
2025-01-14 14:09:06.546963 UTC,2025,22:09:06,ndt-zz5jt_1732753005_000000000033EB6E,Download,10.645320360573514,52.115,0.16754120020135504,Taipei City,Taipei,25.053,121.5259,100,"Far EastTone Telecommunication Co., Ltd.",9674
2025-01-14 14:08:49.097726 UTC,2025,22:08:49,ndt-virtual-whvch_1732499076_00000000004D333C,Download,10.991714259199203,20.266,0.10760100055302603,Taipei City,Taipei,25.053,121.5259,100,"Far EastTone Telecommunication Co., Ltd.",9674
2025-01-14 14:08:25.860920 UTC,2025,22:08:25,ndt-virtual-whvch_1732499076_00000000004D3333,Download,94.411772447676455,28.523,0.0,Taipei City,Taipei,25.053,121.5259,100,"Far EastTone Telecommunication Co., Ltd.",9674
2025-01-14 14:08:12.120241 UTC,2025,22:08:12,ndt-qz6rr_1732705542_00000000003455CD,Download,10.517301722844207,48.835,0.14360273627680903,Taipei City,Taipei,25.053,121.5259,100,"Far EastTone Telecommunication Co., Ltd.",9674
2025-01-14 14:07:42.305318 UTC,2025,22:07:42,ndt-s58fq_1732703941_000000000055F2AB,Download,0.59828186917860227,338.136,0.0089169285031234086,Taipei City,Taipei,25.053,121.5259,50,"Far EastTone Telecommunication Co., Ltd.",9674
2025-01-14 14:07:23.679348 UTC,2025,22:07:23,ndt-7h8vt_1732822567_000000000031BF41,Download,6.0338564318977346,24.288,0.0025495652983143829,Taipei City,Taipei,25.053,121.5259,20,Taiwan Star Telecom Corporation Limited.(Former Vibo Telecom Inc.),24157
2025-01-14 14:02:26.911274 UTC,2025,22:02:26,ndt-qz6rr_1732705542_0000000000341828,Download,6.7677098685854613,187.162,0.021527881732385713,Taipei City,Taipei,25.053,121.5259,5,"Taiwan Mobile Co., Ltd.",24158
2025-01-14 14:02:03.306748 UTC,2025,22:02:03,ndt-virtual-whvch_1732499076_00000000004D27CD,Download,23.82368772490188,20.99,0.047038489137728859,Taipei City,Taipei,25.053,121.5259,100,"Far EastTone Telecommunication Co., Ltd.",9674
2025-01-14 14:00:48.735496 UTC,2025,22:00:48,ndt-7h8vt_1732822567_0000000000323C70,Download,38.220473861433504,50.905,0.083832142764212789,Taipei City,Taipei,25.053,121.5259,20,"Far EastTone Telecommunication Co., Ltd.",9674
2025-01-14 13:59:49.934436 UTC,2025,21:59:49,ndt-7h8vt_1732822567_000000000032F773,Download,9.7180732554647289,46.933,0.16469862327959284,Taipei City,Taipei,25.053,121.5259,100,"Far EastTone Telecommunication Co., Ltd.",9674
2025-01-14 13:59:22.866896 UTC,2025,21:59:22,ndt-7h8vt_1732822567_000000000033C2D1,Download,13.382510164859044,50.424,0.0010088912070150438,Taipei City,Taipei,25.053,121.5259,100,"Far EastTone Telecommunication Co., Ltd.",9674
2025-01-14 13:57:54.495667 UTC,2025,21:57:54,ndt-7h8vt_1732822567_000000000031FCC7,Download,74.437168219806182,22.591,0.0,Taipei City,Taipei,25.053,121.5259,20,"Taiwan Mobile Co., Ltd.",24158
2025-01-14 13:55:36.863786 UTC,2025,21:55:36,ndt-7h8vt_1732822567_0000000000338423,Download,8.0679186151192024,23.049,0.00014446322131915989,Taipei City,Taipei,25.053,121.5259,5,"Taiwan Mobile Co., Ltd.",24158
2025-01-14 13:53:03.113139 UTC,2025,21:53:03,ndt-7h8vt_1732822567_000000000033B36A,Download,4.5873784053768345,41.377,0.0014356808324950201,Taipei City,Taipei,25.053,121.5259,100,"Far EastTone Telecommunication Co., Ltd.",9674
2025-01-14 13:52:46.983981 UTC,2025,21:52:46,ndt-virtual-whvch_1732499076_00000000004D320C,Download,5.3647717077014621,18.755,0.14135290393306335,Taipei City,Taipei,25.053,121.5259,5,Mobile Business Group,17421
2025-01-14 13:51:43.755071 UTC,2025,21:51:43,ndt-zz5jt_1732753005_0000000000349523,Download,7.1364170091419945,22.307,0.0,Taipei City,Taipei,25.053,121.5259,5,"Taiwan Mobile Co., Ltd.",24158
2025-01-14 13:51:41.262195 UTC,2025,21:51:41,ndt-qz6rr_1732705542_0000000000336E48,Download,15.870666100936253,24.924,0.023481734545113687,Taipei City,Taipei,25.053,121.5259,5,Mobile Business Group,17421
2025-01-14 13:50:19.336829 UTC,2025,21:50:19,ndt-zz5jt_1732753005_000000000033FAD2,Download,11.391747757498663,62.395,0.00545950230786997,Taipei City,Taipei,25.053,121.5259,100,"Far EastTone Telecommunication Co., Ltd.",9674
2025-01-14 13:50:00.937282 UTC,2025,21:50:00,ndt-7h8vt_1732822567_0000000000321CD1,Download,10.926188371996567,44.908,0.17337552364648379,Taipei City,Taipei,25.053,121.5259,50,"Far EastTone Telecommunication Co., Ltd.",9674
2025-01-14 13:48:33.829804 UTC,2025,21:48:33,ndt-7h8vt_1732822567_000000000033650E,Download,5.0703978245798211,21.44,0.10086759115170245,Taipei City,Taipei,25.053,121.5259,5,Mobile Business Group,17421
2025-01-14 13:47:38.946109 UTC,2025,21:47:38,ndt-qz6rr_1732705542_000000000033D9BC,Download,11.730612319310938,48.619,0.11460321063830067,Taipei City,Taipei,25.053,121.5259,100,"Far EastTone Telecommunication Co., Ltd.",9674
2025-01-14 13:46:51.389011 UTC,2025,21:46:51,ndt-virtual-whvch_1732499076_00000000004D1C24,Download,44.228798611116957,19.384,0.0,Taipei City,Taipei,25.053,121.5259,100,"Far EastTone Telecommunication Co., Ltd.",9674
2025-01-14 13:45:47.278893 UTC,2025,21:45:47,ndt-qz6rr_1732705542_0000000000353010,Download,18.047141088722338,22.66,0.017435517004102168,Taipei City,Taipei,25.053,121.5259,5,"Taiwan Mobile Co., Ltd.",24158
2025-01-14 13:44:19.475318 UTC,2025,21:44:19,ndt-7h8vt_1732822567_0000000000338410,Download,13.065673854730139,23.51,0.021127049947538511,Taipei City,Taipei,25.053,121.5259,5,"Taiwan Mobile Co., Ltd.",24158
2025-01-14 13:43:10.264466 UTC,2025,21:43:10,ndt-virtual-whvch_1732499076_00000000004D40B9,Download,13.253525974355233,25.786,0.067959019291132,Taipei City,Taipei,25.053,121.5259,20,"Far EastTone Telecommunication Co., Ltd.",9674
2025-01-14 13:42:58.247992 UTC,2025,21:42:58,ndt-7h8vt_1732822567_0000000000324C31,Download,87.0090744704642,45.902,0.00014310165112548998,Taipei City,Taipei,25.053,121.5259,100,"Far EastTone Telecommunication Co., Ltd.",9674
2025-01-14 13:42:55.180359 UTC,2025,21:42:55,ndt-7h8vt_1732822567_000000000033E253,Download,24.085976233699263,25.017,0.0,Taipei City,Taipei,25.053,121.5259,5,"Taiwan Mobile Co., Ltd.",24158
2025-01-14 13:42:48.258051 UTC,2025,21:42:48,ndt-zz5jt_1732753005_000000000034A449,Download,12.162778774854363,47.946,0.00037508512797317513,Taipei City,Taipei,25.053,121.5259,50,"Far EastTone Telecommunication Co., Ltd.",9674
2025-01-14 13:39:55.917090 UTC,2025,21:39:55,ndt-zz5jt_1732753005_0000000000346483,Download,12.164669000089864,50.76,0.28438600663508823,Taipei City,Taipei,25.053,121.5259,50,"Far EastTone Telecommunication Co., Ltd.",9674
2025-01-14 13:35:54.193860 UTC,2025,21:35:54,ndt-7h8vt_1732822567_0000000000323C45,Download,27.869174403204823,28.225,0.0,Taipei City,Taipei,25.053,121.5259,100,"Far EastTone Telecommunication Co., Ltd.",9674
2025-01-14 13:35:05.551158 UTC,2025,21:35:05,ndt-7h8vt_1732822567_000000000032F748,Download,1.079778803419928,65.403,0.020749756838787044,Taipei City,Taipei,25.053,121.5259,50,"Far EastTone Telecommunication Co., Ltd.",9674
2025-01-14 13:34:22.755132 UTC,2025,21:34:22,ndt-7h8vt_1732822567_000000000032F746,Download,23.00476028106117,27.975,0.024918763620125586,Taipei City,Taipei,25.053,121.5259,10,Mobile Business Group,17421
2025-01-14 13:34:06.840027 UTC,2025,21:34:06,ndt-qz6rr_1732705542_000000000032EFB7,Download,9.8712559988871753,46.574,0.20641318548674525,Taipei City,Taipei,25.053,121.5259,100,"Far EastTone Telecommunication Co., Ltd.",9674
2025-01-14 13:33:09.403110 UTC,2025,21:33:09,ndt-zz5jt_1732753005_0000000000340897,Download,9.9184965042593785,23.632,0.18686668869066256,Taipei City,Taipei,25.053,121.5259,100,"Far EastTone Telecommunication Co., Ltd.",9674
2025-01-14 13:32:32.799756 UTC,2025,21:32:32,ndt-7h8vt_1732822567_0000000000323C3D,Download,31.771461492467676,110.81,0.046238186224564444,Taipei City,Taipei,25.053,121.5259,50,"Far EastTone Telecommunication Co., Ltd.",9674
2025-01-14 13:32:23.261796 UTC,2025,21:32:23,ndt-virtual-whvch_1732499076_00000000004D1B22,Download,1.1056883071470722,23.472,0.013455741596494212,Taipei City,Taipei,25.053,121.5259,50,"Far EastTone Telecommunication Co., Ltd.",9674
2025-01-14 13:31:22.855459 UTC,2025,21:31:22,ndt-virtual-whvch_1732499076_00000000004D0FF4,Download,12.946519576420984,19.889,0.1569856771720895,Taipei City,Taipei,25.053,121.5259,50,"Far EastTone Telecommunication Co., Ltd.",9674
2025-01-14 13:31:14.529975 UTC,2025,21:31:14,ndt-virtual-whvch_1732499076_00000000004D309F,Download,23.774583308602814,23.163,0.027103933522794475,Taipei City,Taipei,25.053,121.5259,10,Mobile Business Group,17421
2025-01-14 13:29:23.442923 UTC,2025,21:29:23,ndt-zz5jt_1732753005_0000000000351009,Download,90.177494671424157,24.872,0.00015932109541484776,Taipei City,Taipei,25.053,121.5259,100,"Far EastTone Telecommunication Co., Ltd.",9674
2025-01-14 13:29:20.431392 UTC,2025,21:29:20,ndt-zz5jt_1732753005_0000000000342809,Download,8.2824795570152752,57.035,0.081734403459723576,Taipei City,Taipei,25.053,121.5259,20,"Far EastTone Telecommunication Co., Ltd.",9674
2025-01-14 13:27:22.968753 UTC,2025,21:27:22,ndt-qz6rr_1732705542_00000000003445A9,Download,44.715766284143626,24.36,4.9587896381940447e-05,Taipei City,Taipei,25.053,121.5259,100,"Far EastTone Telecommunication Co., Ltd.",9674
2025-01-14 13:27:19.735907 UTC,2025,21:27:19,ndt-qz6rr_1732705542_0000000000330EF8,Download,36.267978886234566,55.409,0.0,Taipei City,Taipei,25.053,121.5259,100,"Far EastTone Telecommunication Co., Ltd.",9674
2025-01-14 13:27:05.940953 UTC,2025,21:27:05,ndt-zz5jt_1732753005_0000000000335F3D,Download,28.773927817842576,50.301,0.0,Taipei City,Taipei,25.053,121.5259,100,"Far EastTone Telecommunication Co., Ltd.",9674
2025-01-14 13:26:58.901391 UTC,2025,21:26:58,ndt-qz6rr_1732705542_00000000003417F6,Download,26.527645518016516,49.205,0.00014608411544386556,Taipei City,Taipei,25.053,121.5259,100,"Far EastTone Telecommunication Co., Ltd.",9674
2025-01-14 13:26:49.139470 UTC,2025,21:26:49,ndt-qz6rr_1732705542_0000000000330EF7,Download,45.615744143604019,49.94,4.0766159793726749e-05,Taipei City,Taipei,25.053,121.5259,100,"Far EastTone Telecommunication Co., Ltd.",9674
2025-01-14 13:26:39.335082 UTC,2025,21:26:39,ndt-virtual-whvch_1732499076_00000000004D254A,Download,30.636569370798025,23.655,0.0,Taipei City,Taipei,25.053,121.5259,100,"Far EastTone Telecommunication Co., Ltd.",9674
2025-01-14 13:26:24.706203 UTC,2025,21:26:24,ndt-qz6rr_1732705542_000000000034558B,Download,23.461761909463704,44.777,0.00015143779839510798,Taipei City,Taipei,25.053,121.5259,100,"Far EastTone Telecommunication Co., Ltd.",9674
2025-01-14 13:26:15.441964 UTC,2025,21:26:15,ndt-qz6rr_1732705542_0000000000332E70,Download,20.694801502444015,46.788,0.0,Taipei City,Taipei,25.053,121.5259,100,"Far EastTone Telecommunication Co., Ltd.",9674
2025-01-14 13:24:26.104287 UTC,2025,21:24:26,ndt-7h8vt_1732822567_00000000003328E5,Download,41.217430862563205,32.087,0.035374085970657623,Taipei City,Taipei,25.053,121.5259,100,"Far EastTone Telecommunication Co., Ltd.",9674
2025-01-14 13:21:18.462286 UTC,2025,21:21:18,ndt-qz6rr_1732705542_0000000000330EEB,Download,43.347849216355108,43.637,0.11303870548696003,Taipei City,Taipei,25.053,121.5259,20,"Far EastTone Telecommunication Co., Ltd.",9674
2025-01-14 13:20:27.343564 UTC,2025,21:20:27,ndt-qz6rr_1732705542_00000000003417E6,Download,87.970213827140441,24.85,0.025572563940046752,Taipei City,Taipei,25.053,121.5259,5,Mobile Business Group,17421
2025-01-14 13:19:45.107182 UTC,2025,21:19:45,ndt-zz5jt_1732753005_000000000033DB82,Download,5.5718144336450344,22.474,0.14007734382954531,Taipei City,Taipei,25.053,121.5259,5,Mobile Business Group,17421
2025-01-14 13:19:38.431099 UTC,2025,21:19:38,ndt-qz6rr_1732705542_00000000003445A0,Download,53.14412741929042,52.095,0.0,Taipei City,Taipei,25.053,121.5259,100,"Far EastTone Telecommunication Co., Ltd.",9674
2025-01-14 13:18:10.688725 UTC,2025,21:18:10,ndt-virtual-whvch_1732499076_00000000004D1A33,Download,10.966684694406506,20.594,0.14766589880052974,Taipei City,Taipei,25.053,121.5259,100,"Far EastTone Telecommunication Co., Ltd.",9674
2025-01-14 13:16:41.315456 UTC,2025,21:16:41,ndt-qz6rr_1732705542_000000000034459C,Download,38.277320397423431,28.287,0.0349449850156844,Taipei City,Taipei,25.053,121.5259,100,"Far EastTone Telecommunication Co., Ltd.",9674
2025-01-14 13:14:52.971833 UTC,2025,21:14:52,ndt-qz6rr_1732705542_000000000034E45E,Download,30.895726015925348,52.977,0.00049987476876853861,Taipei City,Taipei,25.053,121.5259,50,"Far EastTone Telecommunication Co., Ltd.",9674
2025-01-14 13:14:44.683159 UTC,2025,21:14:44,ndt-zz5jt_1732753005_000000000034E2C1,Download,37.572237285723716,57.854,0.00021677184922802578,Taipei City,Taipei,25.053,121.5259,50,"Far EastTone Telecommunication Co., Ltd.",9674
2025-01-14 13:14:37.222394 UTC,2025,21:14:37,ndt-zz5jt_1732753005_000000000033EB09,Download,11.122432363648187,19.328,0.1228589897020346,Taipei City,Taipei,25.053,121.5259,100,"Far EastTone Telecommunication Co., Ltd.",9674
2025-01-14 13:14:10.539809 UTC,2025,21:14:10,ndt-zz5jt_1732753005_000000000034F205,Download,10.93535071446505,41.496,0.21427680611446254,Taipei City,Taipei,25.053,121.5259,100,"Far EastTone Telecommunication Co., Ltd.",9674
2025-01-14 13:13:46.779953 UTC,2025,21:13:46,ndt-zz5jt_1732753005_00000000003427EC,Download,3.3739787269259898,21.901,0.022643331954316479,Taipei City,Taipei,25.053,121.5259,10,Mobile Business Group,17421
2025-01-14 13:12:20.454548 UTC,2025,21:12:20,ndt-virtual-whvch_1732499076_00000000004D19C6,Download,180.86238660721509,29.905,3.6347106064189932e-05,Taipei City,Taipei,25.053,121.5259,100,"Far EastTone Telecommunication Co., Ltd.",9674
2025-01-14 13:07:42.206948 UTC,2025,21:07:42,ndt-zz5jt_1732753005_000000000034D2DD,Download,94.526693393305166,52.441,3.4863845466974813e-05,Taipei City,Taipei,25.053,121.5259,50,"Far EastTone Telecommunication Co., Ltd.",9674
2025-01-14 13:06:34.914436 UTC,2025,21:06:34,ndt-qz6rr_1732705542_000000000033FA01,Download,0.6145606590869318,21.442,0.17882208295623367,Taipei City,Taipei,25.053,121.5259,10,"Taiwan Mobile Co., Ltd.",24158
2025-01-14 13:03:59.259115 UTC,2025,21:03:59,ndt-qz6rr_1732705542_0000000000344587,Download,167.18134452515409,19.839,0.030221715109841746,Taipei City,Taipei,25.053,121.5259,5,Mobile Business Group,17421
2025-01-14 13:03:48.267549 UTC,2025,21:03:48,ndt-zz5jt_1732753005_000000000034A400,Download,51.60564283782346,84.565,0.00023112638685723145,Taipei City,Taipei,25.053,121.5259,50,"Far EastTone Telecommunication Co., Ltd.",9674
2025-01-14 13:01:21.805075 UTC,2025,21:01:21,ndt-virtual-whvch_1732499076_00000000004CFE9C,Download,66.7455092213229,22.933,0.0001656255644156482,Taipei City,Taipei,25.053,121.5259,50,"Far EastTone Telecommunication Co., Ltd.",9674
2025-01-14 13:00:55.220783 UTC,2025,21:00:55,ndt-virtual-whvch_1732499076_00000000004D0DF9,Download,69.919636561635471,24.427,3.1363567594063788e-05,Taipei City,Taipei,25.053,121.5259,50,"Far EastTone Telecommunication Co., Ltd.",9674
2025-01-14 13:00:43.872787 UTC,2025,21:00:43,ndt-virtual-whvch_1732499076_00000000004D0DF4,Download,252.84890858966625,16.701,8.6704996819034032e-06,Taipei City,Taipei,25.053,121.5259,100,"Far EastTone Telecommunication Co., Ltd.",9674
2025-01-14 12:59:55.702757 UTC,2025,20:59:55,ndt-qz6rr_1732705542_0000000000345556,Download,126.50226488132022,17.076,0.0013754167384570034,Taipei City,Taipei,25.053,121.5259,100,"Far EastTone Telecommunication Co., Ltd.",18412
2025-01-14 12:56:27.088715 UTC,2025,20:56:27,ndt-virtual-whvch_1732499076_00000000004CFE0D,Download,1.9330592964049298,26.862,0.0055225834712015432,Taipei City,Taipei,25.053,121.5259,20,"Far EastTone Telecommunication Co., Ltd.",9674
2025-01-14 12:53:35.654074 UTC,2025,20:53:35,ndt-fnw9k_1732665153_00000000003B1CE9,Download,9.535410223639385,170.118,0.23018741542337295,Taipei City,Taipei,25.053,121.5259,50,"Far EastTone Telecommunication Co., Ltd.",9674
2025-01-14 12:43:01.713394 UTC,2025,20:43:01,ndt-qz6rr_1732705542_000000000034D28C,Download,4.8411776116985212,32.724,0.013308944956302908,Taipei City,Taipei,25.053,121.5259,5,"Taiwan Mobile Co., Ltd.",24158
2025-01-14 12:38:29.086689 UTC,2025,20:38:29,ndt-7h8vt_1732822567_000000000031BEAF,Download,202.5359282149679,23.469,0.00090131116908363166,Taipei City,Taipei,25.053,121.5259,5,"Taiwan Mobile Co., Ltd.",24158
2025-01-14 12:37:15.476058 UTC,2025,20:37:15,ndt-virtual-whvch_1732499076_00000000004D2175,Download,4.4801348487441217,25.589,0.012893195412794009,Taipei City,Taipei,25.053,121.5259,10,Mobile Business Group,17421
2025-01-14 12:31:44.597423 UTC,2025,20:31:44,ndt-zz5jt_1732753005_000000000034A3B5,Download,50.293083883674242,47.939,0.13324259954599985,Taipei City,Taipei,25.053,121.5259,100,"Far EastTone Telecommunication Co., Ltd.",9674
2025-01-14 12:29:56.944947 UTC,2025,20:29:56,ndt-virtual-whvch_1732499076_00000000004CFBF3,Download,4.9470813276329739,18.824,0.0,Taipei City,Taipei,25.053,121.5259,5,Taiwan Star Telecom Corporation Limited.(Former Vibo Telecom Inc.),24157
2025-01-14 12:28:17.014308 UTC,2025,20:28:17,ndt-virtual-whvch_1732499076_00000000004CFBC7,Download,15.800555458892878,20.296,0.037203761957145053,Taipei City,Taipei,25.053,121.5259,5,Mobile Business Group,17421
2025-01-14 12:21:31.042986 UTC,2025,20:21:31,ndt-zz5jt_1732753005_000000000034A39E,Download,207.27929058944983,18.882,0.0,Taipei City,Taipei,25.053,121.5259,10,"Taiwan Mobile Co., Ltd.",24158
2025-01-14 12:20:36.071702 UTC,2025,20:20:36,ndt-qz6rr_1732705542_0000000000335DD5,Download,188.27864739060817,24.89,0.0,Taipei City,Taipei,25.053,121.5259,5,"Taiwan Mobile Co., Ltd.",24158
2025-01-14 12:19:14.247670 UTC,2025,20:19:14,ndt-7h8vt_1732822567_000000000031DD12,Download,2.8996954170358666,22.115,0.00038177222026847154,Taipei City,Taipei,25.053,121.5259,20,"Far EastTone Telecommunication Co., Ltd.",9674
2025-01-14 12:15:03.389453 UTC,2025,20:15:03,ndt-7h8vt_1732822567_000000000032E764,Download,70.853195653686058,20.088,0.015593028479537568,Taipei City,Taipei,25.053,121.5259,5,Mobile Business Group,17421
2025-01-14 12:14:52.597081 UTC,2025,20:14:52,ndt-7h8vt_1732822567_000000000033C214,Download,6.0929829247816922,48.662,0.00078904893978706272,Taipei City,Taipei,25.053,121.5259,50,"Far EastTone Telecommunication Co., Ltd.",9674
2025-01-14 12:14:41.286203 UTC,2025,20:14:41,ndt-virtual-whvch_1732499076_00000000004CFACD,Download,76.8604359475053,15.955,0.024666688499992265,Taipei City,Taipei,25.053,121.5259,5,Mobile Business Group,17421
2025-01-14 12:04:17.184585 UTC,2025,20:04:17,ndt-virtual-whvch_1732499076_00000000004D14A5,Download,277.88512199360855,17.0,0.0635308072359732,Taipei City,Taipei,25.053,121.5259,10,Mobile Business Group,17421
2025-01-14 12:03:45.033452 UTC,2025,20:03:45,ndt-virtual-whvch_1732499076_00000000004CF9FC,Download,3.6189174671872388,21.989,0.058627799541576028,Taipei City,Taipei,25.053,121.5259,20,Taiwan Star Telecom Corporation Limited.(Former Vibo Telecom Inc.),24157
2025-01-14 11:56:37.535652 UTC,2025,19:56:37,ndt-zz5jt_1732753005_0000000000348396,Download,10.309434711519515,51.526,0.16132821429323643,Taipei City,Taipei,25.053,121.5259,100,"Far EastTone Telecommunication Co., Ltd.",9674
2025-01-14 11:56:04.655750 UTC,2025,19:56:04,ndt-virtual-whvch_1732499076_00000000004D08F3,Download,10.918802974179323,20.888,0.068789584737860385,Taipei City,Taipei,25.053,121.5259,100,"Far EastTone Telecommunication Co., Ltd.",9674
2025-01-14 11:55:20.944804 UTC,2025,19:55:20,ndt-zz5jt_1732753005_00000000003463F0,Download,10.918899409038257,48.329,0.16479436064743239,Taipei City,Taipei,25.053,121.5259,100,"Far EastTone Telecommunication Co., Ltd.",9674
2025-01-14 11:47:24.078285 UTC,2025,19:47:24,ndt-virtual-whvch_1732499076_00000000004D0868,Download,5.9034713805619514,39.562,0.011721368727052631,Taipei City,Taipei,25.053,121.5259,5,"Taiwan Mobile Co., Ltd.",24158
2025-01-14 11:46:24.542444 UTC,2025,19:46:24,ndt-qz6rr_1732705542_000000000032BF71,Download,6.2377003052385618,25.549,0.020107096675215666,Taipei City,Taipei,25.053,121.5259,5,"Taiwan Mobile Co., Ltd.",24158
2025-01-14 11:43:20.860644 UTC,2025,19:43:20,ndt-qz6rr_1732705542_000000000032EF22,Download,82.050874442246851,24.877,0.0,Taipei City,Taipei,25.053,121.5259,5,Mobile Business Group,17421
2025-01-14 11:42:01.994821 UTC,2025,19:42:01,ndt-7h8vt_1732822567_000000000033641B,Download,0.29826796365507757,238.775,0.0,Taipei City,Taipei,25.053,121.5259,50,"Far EastTone Telecommunication Co., Ltd.",9674
2025-01-14 11:41:29.812009 UTC,2025,19:41:29,ndt-qz6rr_1732705542_0000000000348639,Download,0.54246816333186731,132.473,0.010802836879432624,Taipei City,Taipei,25.053,121.5259,50,"Far EastTone Telecommunication Co., Ltd.",9674
2025-01-14 11:41:16.816538 UTC,2025,19:41:16,ndt-virtual-whvch_1732499076_00000000004D07F5,Download,23.395570424337258,19.095,0.0,Taipei City,Taipei,25.053,121.5259,5,"Taiwan Mobile Co., Ltd.",24158
2025-01-14 11:40:41.170553 UTC,2025,19:40:41,ndt-qz6rr_1732705542_0000000000341782,Download,22.8750269410966,23.847,0.0,Taipei City,Taipei,25.053,121.5259,5,"Taiwan Mobile Co., Ltd.",24158
2025-01-14 11:40:10.751444 UTC,2025,19:40:10,ndt-virtual-whvch_1732499076_00000000004CED38,Download,43.112936372073506,28.285,2.5516657625227546e-05,Taipei City,Taipei,25.053,121.5259,100,"Far EastTone Telecommunication Co., Ltd.",9674
2025-01-14 11:40:06.268427 UTC,2025,19:40:06,ndt-virtual-whvch_1732499076_00000000004CED34,Download,23.902228205462919,17.765,0.0,Taipei City,Taipei,25.053,121.5259,5,"Taiwan Mobile Co., Ltd.",24158
2025-01-14 11:39:57.581271 UTC,2025,19:39:57,ndt-7h8vt_1732822567_0000000000336415,Download,10.339714757985776,46.749,0.17621560809679934,Taipei City,Taipei,25.053,121.5259,50,"Far EastTone Telecommunication Co., Ltd.",9674
2025-01-14 11:39:33.102973 UTC,2025,19:39:33,ndt-7h8vt_1732822567_0000000000327A3B,Download,25.015932668254045,22.641,0.0,Taipei City,Taipei,25.053,121.5259,5,"Taiwan Mobile Co., Ltd.",24158
2025-01-14 11:38:44.725351 UTC,2025,19:38:44,ndt-7h8vt_1732822567_0000000000323B81,Download,14.905997105412119,71.88,0.024571935069375519,Taipei City,Taipei,25.053,121.5259,5,"Taiwan Mobile Co., Ltd.",24158
2025-01-14 11:37:54.066826 UTC,2025,19:37:54,ndt-7h8vt_1732822567_000000000031DCC9,Download,6.1023908436099417,24.165,0.0,Taipei City,Taipei,25.053,121.5259,5,"Taiwan Mobile Co., Ltd.",24158
2025-01-14 11:36:45.061590 UTC,2025,19:36:45,ndt-qz6rr_1732705542_000000000033F983,Download,21.629746168468504,24.329,0.0,Taipei City,Taipei,25.053,121.5259,5,"Taiwan Mobile Co., Ltd.",24158
2025-01-14 11:36:45.010787 UTC,2025,19:36:45,ndt-zz5jt_1732753005_000000000034F14E,Download,91.781940071045952,54.793,0.0,Taipei City,Taipei,25.053,121.5259,100,"Far EastTone Telecommunication Co., Ltd.",9674
2025-01-14 11:35:08.138051 UTC,2025,19:35:08,ndt-qz6rr_1732705542_000000000034669C,Download,10.489534041863832,140.061,0.055649928250518017,Taipei City,Taipei,25.053,121.5259,5,"Taiwan Mobile Co., Ltd.",24158
2025-01-14 11:34:24.174179 UTC,2025,19:34:24,ndt-zz5jt_1732753005_00000000003445DE,Download,2.1200154195399836,71.732,0.21262250380813244,Taipei City,Taipei,25.053,121.5259,100,"Far EastTone Telecommunication Co., Ltd.",9674
2025-01-14 11:34:06.102821 UTC,2025,19:34:06,ndt-virtual-whvch_1732499076_00000000004CECC2,Download,17.320371837535522,22.129,0.0026592007645473547,Taipei City,Taipei,25.053,121.5259,100,"Far EastTone Telecommunication Co., Ltd.",9674
2025-01-14 11:33:38.767579 UTC,2025,19:33:38,ndt-qz6rr_1732705542_0000000000336D9B,Download,23.17241275034975,24.991,0.0,Taipei City,Taipei,25.053,121.5259,5,"Taiwan Mobile Co., Ltd.",24158
2025-01-14 11:31:26.679094 UTC,2025,19:31:26,ndt-7h8vt_1732822567_000000000033C1D1,Download,6.9180570016523486,31.302,0.007207019743550847,Taipei City,Taipei,25.053,121.5259,10,"Taiwan Mobile Co., Ltd.",24158
2025-01-14 11:30:16.741127 UTC,2025,19:30:16,ndt-qz6rr_1732705542_000000000033AFE0,Download,111.1638522572636,55.503,0.011778076559901797,Taipei City,Taipei,25.053,121.5259,100,"Far EastTone Telecommunication Co., Ltd.",9674
2025-01-14 11:25:43.732838 UTC,2025,19:25:43,ndt-qz6rr_1732705542_000000000034F311,Download,2.0964796508945334,49.962,0.0414471362644111,Taipei City,Taipei,25.053,121.5259,100,"Far EastTone Telecommunication Co., Ltd.",9674
2025-01-14 11:15:10.141498 UTC,2025,19:15:10,ndt-7h8vt_1732822567_000000000033747A,Download,287.88559639722956,19.84,0.0,Taipei City,Taipei,25.053,121.5259,5,"Taiwan Mobile Co., Ltd.",24158
2025-01-14 11:14:44.887436 UTC,2025,19:14:44,ndt-7h8vt_1732822567_00000000003363F3,Download,206.7063010877539,20.569,0.0,Taipei City,Taipei,25.053,121.5259,5,"Taiwan Mobile Co., Ltd.",24158
2025-01-14 11:10:38.602263 UTC,2025,19:10:38,ndt-zz5jt_1732753005_000000000033EA31,Download,38.989094194395349,50.191,8.1301106668460021e-05,Taipei City,Taipei,25.053,121.5259,50,"Far EastTone Telecommunication Co., Ltd.",9674
2025-01-14 11:10:05.219617 UTC,2025,19:10:05,ndt-virtual-whvch_1732499076_00000000004CF64A,Download,43.461348318179724,24.917,4.8340413189681737e-05,Taipei City,Taipei,25.053,121.5259,50,"Far EastTone Telecommunication Co., Ltd.",9674
2025-01-14 11:09:31.319978 UTC,2025,19:09:31,ndt-virtual-whvch_1732499076_00000000004D106B,Download,39.355359538024643,22.63,2.7067078988503259e-05,Taipei City,Taipei,25.053,121.5259,50,"Far EastTone Telecommunication Co., Ltd.",9674
2025-01-14 11:08:50.810396 UTC,2025,19:08:50,ndt-virtual-whvch_1732499076_00000000004CF626,Download,28.275313602463509,23.646,3.7461400018837891e-05,Taipei City,Taipei,25.053,121.5259,50,"Far EastTone Telecommunication Co., Ltd.",9674
2025-01-14 11:07:30.661458 UTC,2025,19:07:30,ndt-qz6rr_1732705542_0000000000342524,Download,39.473054397627372,47.401,0.00023860738095758579,Taipei City,Taipei,25.053,121.5259,50,"Far EastTone Telecommunication Co., Ltd.",9674
2025-01-14 11:06:31.971123 UTC,2025,19:06:31,ndt-7h8vt_1732822567_000000000033B236,Download,5.9594973220981027,22.214,0.20192279948766606,Taipei City,Taipei,25.053,121.5259,5,Mobile Business Group,17421
2025-01-14 11:03:25.175055 UTC,2025,19:03:25,ndt-qz6rr_1732705542_000000000034251E,Download,0.46119531363397592,25.285,0.0013704379678090163,Taipei City,Taipei,25.053,121.5259,5,Mobile Business Group,17421
2025-01-14 10:48:09.409769 UTC,2025,18:48:09,ndt-zz5jt_1732753005_0000000000334CA6,Download,7.9335334949787155,27.077,0.0,Taipei City,Taipei,25.053,121.5259,10,Taiwan Star Telecom Corporation Limited.(Former Vibo Telecom Inc.),24157
2025-01-14 10:41:47.074234 UTC,2025,18:41:47,ndt-virtual-whvch_1732499076_00000000004CDDFB,Download,19.354413921996262,27.16,0.04712432416202525,Taipei City,Taipei,25.053,121.5259,100,"Far EastTone Telecommunication Co., Ltd.",9674
2025-01-14 10:36:48.188185 UTC,2025,18:36:48,ndt-zz5jt_1732753005_000000000034A30F,Download,13.391592174600332,25.413,0.14119159730846775,Taipei City,Taipei,25.053,121.5259,100,"Far EastTone Telecommunication Co., Ltd.",9674
2025-01-14 10:26:41.275219 UTC,2025,18:26:41,ndt-qz6rr_1732705542_00000000003454A1,Download,32.949289714500942,28.975,0.0026382797411068997,Taipei City,Taipei,25.053,121.5259,10,Mobile Business Group,17421
2025-01-14 10:22:25.643067 UTC,2025,18:22:25,ndt-qz6rr_1732705542_000000000033CE31,Download,102.12525555254616,16.324,0.00020552200375079522,Taipei City,Taipei,25.053,121.5259,5,"Taiwan Mobile Co., Ltd.",24158
2025-01-14 10:18:11.900694 UTC,2025,18:18:11,ndt-qz6rr_1732705542_0000000000338C24,Download,2.9780593558383579,28.285,0.031455454134122936,Taipei City,Taipei,25.053,121.5259,5,Mobile Business Group,17421
2025-01-14 10:16:42.492322 UTC,2025,18:16:42,ndt-7h8vt_1732822567_000000000033B1E4,Download,26.483542421615695,27.048,0.0,Taipei City,Taipei,25.053,121.5259,20,Taiwan Star Telecom Corporation Limited.(Former Vibo Telecom Inc.),24157
2025-01-14 10:15:53.680496 UTC,2025,18:15:53,ndt-zz5jt_1732753005_000000000033E9BA,Download,12.121186012032441,20.722,0.028230635966187963,Taipei City,Taipei,25.053,121.5259,5,"Taiwan Mobile Co., Ltd.",24158
2025-01-14 10:05:17.795585 UTC,2025,18:05:17,ndt-zz5jt_1732753005_000000000034634C,Download,347.83638013312418,12.478,0.0,Taipei City,Taipei,25.053,121.5259,5,Mobile Business Group,17421
2025-01-14 10:05:12.690381 UTC,2025,18:05:12,ndt-7h8vt_1732822567_00000000003279B1,Download,60.96351119430512,43.169,3.7492328742662859e-05,Taipei City,Taipei,25.053,121.5259,100,"Far EastTone Telecommunication Co., Ltd.",9674
2025-01-14 10:01:12.434486 UTC,2025,18:01:12,ndt-zz5jt_1732753005_00000000003426A6,Download,43.148558191631913,23.359,0.0,Taipei City,Taipei,25.053,121.5259,10,Mobile Business Group,17421
2025-01-14 10:01:11.300133 UTC,2025,18:01:11,ndt-zz5jt_1732753005_0000000000344563,Download,498.35974497127768,16.672,0.0,Taipei City,Taipei,25.053,121.5259,5,Mobile Business Group,17421
2025-01-14 09:58:40.467704 UTC,2025,17:58:40,ndt-zz5jt_1732753005_00000000003482F0,Download,29.776551727506913,21.999,0.0,Taipei City,Taipei,25.053,121.5259,10,Mobile Business Group,17421
2025-01-14 09:57:56.315364 UTC,2025,17:57:56,ndt-virtual-whvch_1732499076_00000000004CCF59,Download,235.16259062681078,15.238,0.0040935952897793145,Taipei City,Taipei,25.053,121.5259,10,"Taiwan Mobile Co., Ltd.",24158
2025-01-14 09:55:05.910556 UTC,2025,17:55:05,ndt-7h8vt_1732822567_00000000003279A5,Download,18.643258952784592,59.071,0.10327845608723629,Taipei City,Taipei,25.053,121.5259,100,"Far EastTone Telecommunication Co., Ltd.",9674
2025-01-14 09:54:49.907981 UTC,2025,17:54:49,ndt-zz5jt_1732753005_0000000000336AAF,Download,292.86129982397125,13.964,0.0,Taipei City,Taipei,25.053,121.5259,5,"Taiwan Mobile Co., Ltd.",24158
2025-01-14 09:54:22.787397 UTC,2025,17:54:22,ndt-zz5jt_1732753005_000000000034E160,Download,19.404604342100843,22.128,0.0059407809172926781,Taipei City,Taipei,25.053,121.5259,5,"Taiwan Mobile Co., Ltd.",24158
2025-01-14 09:53:49.228983 UTC,2025,17:53:49,ndt-virtual-whvch_1732499076_00000000004CBFEC,Download,24.718530896889462,21.107,0.0,Taipei City,Taipei,25.053,121.5259,5,Mobile Business Group,17421
2025-01-14 09:53:48.382995 UTC,2025,17:53:48,ndt-qz6rr_1732705542_000000000033BC29,Download,46.710565998190482,49.137,0.00013851491240020745,Taipei City,Taipei,25.053,121.5259,50,"Far EastTone Telecommunication Co., Ltd.",9674
2025-01-14 09:52:44.675045 UTC,2025,17:52:44,ndt-zz5jt_1732753005_000000000034075C,Download,10.847163419810014,21.96,0.0,Taipei City,Taipei,25.053,121.5259,5,"Taiwan Mobile Co., Ltd.",24158
2025-01-14 09:44:48.123903 UTC,2025,17:44:48,ndt-7h8vt_1732822567_0000000000333501,Download,74.314584487396132,21.793,0.0,Taipei City,Taipei,25.053,121.5259,10,"Taiwan Mobile Co., Ltd.",24158
2025-01-14 09:41:58.841275 UTC,2025,17:41:58,ndt-qz6rr_1732705542_000000000034449C,Download,10.848793434089195,28.974,0.0,Taipei City,Taipei,25.053,121.5259,5,"Taiwan Mobile Co., Ltd.",24158
2025-01-14 09:36:47.342699 UTC,2025,17:36:47,ndt-virtual-whvch_1732499076_00000000004CBEB0,Download,30.09637519522418,36.222,0.0,Taipei City,Taipei,25.053,121.5259,5,"Taiwan Mobile Co., Ltd.",24158
2025-01-14 09:36:18.365622 UTC,2025,17:36:18,ndt-zz5jt_1732753005_000000000033AAFE,Download,13.627085298223111,29.13,0.0,Taipei City,Taipei,25.053,121.5259,5,"Taiwan Mobile Co., Ltd.",24158
2025-01-14 09:35:49.637158 UTC,2025,17:35:49,ndt-qz6rr_1732705542_0000000000340A1A,Download,18.8547655522826,31.112,0.0,Taipei City,Taipei,25.053,121.5259,5,"Taiwan Mobile Co., Ltd.",24158
2025-01-14 09:31:27.340103 UTC,2025,17:31:27,ndt-zz5jt_1732753005_000000000033F901,Download,140.30993012037328,22.11,0.0,Taipei City,Taipei,25.053,121.5259,50,"Far EastTone Telecommunication Co., Ltd.",9674
2025-01-14 09:22:14.979660 UTC,2025,17:22:14,ndt-virtual-whvch_1732499076_00000000004CE27D,Download,10.993206083825884,19.619,0.15012836251852457,Taipei City,Taipei,25.053,121.5259,100,"Far EastTone Telecommunication Co., Ltd.",9674
2025-01-14 09:20:04.421800 UTC,2025,17:20:04,ndt-zz5jt_1732753005_00000000003389FA,Download,7.4439268468743132,27.66,0.0043801469370107144,Taipei City,Taipei,25.053,121.5259,50,"Far EastTone Telecommunication Co., Ltd.",9674
2025-01-14 09:17:50.379073 UTC,2025,17:17:50,ndt-qz6rr_1732705542_000000000032EE60,Download,0.66572345676944211,108.807,0.000624223701391764,Taipei City,Taipei,25.053,121.5259,100,Mobile Business Group,17421
2025-01-14 09:15:25.866005 UTC,2025,17:15:25,ndt-7h8vt_1732822567_0000000000323AA1,Download,1.0057308481843932,29.966,0.0050652724486135716,Taipei City,Taipei,25.053,121.5259,100,"Far EastTone Telecommunication Co., Ltd.",9674
2025-01-14 09:11:46.319265 UTC,2025,17:11:46,ndt-qz6rr_1732705542_000000000032BEC6,Download,0.30433928968341234,110.93,0.0,Taipei City,Taipei,25.053,121.5259,100,Mobile Business Group,17421
2025-01-14 09:11:22.781489 UTC,2025,17:11:22,ndt-qz6rr_1732705542_000000000034D1AA,Download,77.335989064010931,20.164,0.013217437891797005,Taipei City,Taipei,25.053,121.5259,5,Mobile Business Group,17421
2025-01-14 09:10:40.960615 UTC,2025,17:10:40,ndt-qz6rr_1732705542_0000000000339BA3,Download,22.539260940570763,27.544,0.025714426529029735,Taipei City,Taipei,25.053,121.5259,5,"Taiwan Mobile Co., Ltd.",24158
2025-01-14 09:10:33.954227 UTC,2025,17:10:33,ndt-7h8vt_1732822567_000000000033632F,Download,249.01219441395358,14.96,0.0,Taipei City,Taipei,25.053,121.5259,5,"Taiwan Mobile Co., Ltd.",24158
2025-01-14 09:06:42.521071 UTC,2025,17:06:42,ndt-zz5jt_1732753005_00000000003462F4,Download,316.78673017101215,18.788,0.0,Taipei City,Taipei,25.053,121.5259,5,"Taiwan Mobile Co., Ltd.",24158
2025-01-14 09:05:27.082782 UTC,2025,17:05:27,ndt-zz5jt_1732753005_000000000033C9E6,Download,99.051075132259768,21.928,6.8307770417870635e-05,Taipei City,Taipei,25.053,121.5259,5,Mobile Business Group,17421
2025-01-14 09:05:17.265047 UTC,2025,17:05:17,ndt-virtual-whvch_1732499076_00000000004CBD2E,Download,59.744065602891666,17.352,0.020289085619253813,Taipei City,Taipei,25.053,121.5259,5,"Taiwan Mobile Co., Ltd.",24158
2025-01-14 09:04:12.211489 UTC,2025,17:04:12,ndt-qz6rr_1732705542_00000000003409DA,Download,8.8588311778418767,51.694,0.10817361447438203,Taipei City,Taipei,25.053,121.5259,50,"Far EastTone Telecommunication Co., Ltd.",9674
2025-01-14 09:03:13.153661 UTC,2025,17:03:13,ndt-virtual-whvch_1732499076_00000000004CD758,Download,3.0251607422901294,26.899,9.407220227543119e-05,Taipei City,Taipei,25.053,121.5259,100,"Far EastTone Telecommunication Co., Ltd.",9674
2025-01-14 09:01:44.788137 UTC,2025,17:01:44,ndt-qz6rr_1732705542_0000000000339B9D,Download,27.578593531288217,52.868,0.00015134633132019731,Taipei City,Taipei,25.053,121.5259,100,"Far EastTone Telecommunication Co., Ltd.",9674
2025-01-14 09:00:43.096040 UTC,2025,17:00:43,ndt-7h8vt_1732822567_000000000033E091,Download,6.293851978902846,19.0,0.083264667295785674,Taipei City,Taipei,25.053,121.5259,5,Mobile Business Group,17421
2025-01-14 08:56:36.314072 UTC,2025,16:56:36,ndt-7h8vt_1732822567_0000000000321ADD,Download,233.18345328814016,19.849,0.0,Taipei City,Taipei,25.053,121.5259,5,"Taiwan Mobile Co., Ltd.",24158
2025-01-14 08:53:06.521339 UTC,2025,16:53:06,ndt-7h8vt_1732822567_0000000000323A7C,Download,55.733973650025575,43.061,0.00014703982472743059,Taipei City,Taipei,25.053,121.5259,50,"Far EastTone Telecommunication Co., Ltd.",9674
2025-01-14 08:51:54.215866 UTC,2025,16:51:54,ndt-virtual-pnswz_1732502072_00000000004DF186,Download,24.320166448808482,38.894,0.00085517729877308379,Taipei City,Taipei,25.053,121.5259,5,Mobile Business Group,17421
2025-01-14 08:49:31.830118 UTC,2025,16:49:31,ndt-zz5jt_1732753005_000000000033E912,Download,264.85464250322235,39.74,0.0,Taipei City,Taipei,25.053,121.5259,100,"Far EastTone Telecommunication Co., Ltd.",9674
2025-01-14 08:47:59.632602 UTC,2025,16:47:59,ndt-7h8vt_1732822567_000000000032DA1D,Download,191.97364264364285,21.785,0.0057935178522737643,Taipei City,Taipei,25.053,121.5259,10,Mobile Business Group,17421
2025-01-14 08:36:14.119345 UTC,2025,16:36:14,ndt-virtual-whvch_1732499076_00000000004CAFA4,Download,41.726487382338647,19.542,1.0196020106475418e-05,Taipei City,Taipei,25.053,121.5259,100,"Far EastTone Telecommunication Co., Ltd.",9674
2025-01-14 08:26:54.820127 UTC,2025,16:26:54,ndt-virtual-whvch_1732499076_00000000004CCA07,Download,51.74007557630901,16.284,0.0,Taipei City,Taipei,25.053,121.5259,10,Mobile Business Group,17421
2025-01-14 08:26:04.656697 UTC,2025,16:26:04,ndt-7h8vt_1732822567_00000000003352F6,Download,40.79838327675202,41.0,0.099511089817043458,Taipei City,Taipei,25.053,121.5259,100,"Far EastTone Telecommunication Co., Ltd.",9674
2025-01-14 08:25:52.353124 UTC,2025,16:25:52,ndt-virtual-whvch_1732499076_00000000004CAF18,Download,48.099451702593036,23.813,0.00075524493278438551,Taipei City,Taipei,25.053,121.5259,10,Mobile Business Group,17421
2025-01-14 08:18:48.926138 UTC,2025,16:18:48,ndt-zz5jt_1732753005_000000000034D160,Download,34.742062758368768,43.359,0.00018480338153952259,Taipei City,Taipei,25.053,121.5259,20,"Far EastTone Telecommunication Co., Ltd.",9674
2025-01-14 08:14:26.729776 UTC,2025,16:14:26,ndt-qz6rr_1732705542_0000000000341682,Download,2.8437496749641316,24.858,0.00012507676414590712,Taipei City,Taipei,25.053,121.5259,5,"Taiwan Mobile Co., Ltd.",24158
2025-01-14 07:59:01.093066 UTC,2025,15:59:01,ndt-virtual-whvch_1732499076_00000000004CB8DD,Download,18.71642061479935,21.27,0.0,Taipei City,Taipei,25.053,121.5259,20,Taiwan Star Telecom Corporation Limited.(Former Vibo Telecom Inc.),24157
2025-01-14 07:57:20.810504 UTC,2025,15:57:20,ndt-7h8vt_1732822567_00000000003352D2,Download,5.5776963558259167,22.015,0.0,Taipei City,Taipei,25.053,121.5259,5,"Taiwan Mobile Co., Ltd.",24158
2025-01-14 07:54:25.227193 UTC,2025,15:54:25,ndt-zz5jt_1732753005_0000000000342597,Download,38.974018699218178,19.553,0.0,Taipei City,Taipei,25.053,121.5259,50,"Far EastTone Telecommunication Co., Ltd.",9674
2025-01-14 07:53:57.249425 UTC,2025,15:53:57,ndt-7h8vt_1732822567_000000000033B104,Download,24.145903010117053,18.076,0.09150959189329641,Taipei City,Taipei,25.053,121.5259,5,"Taiwan Mobile Co., Ltd.",24158
2025-01-14 07:46:04.075332 UTC,2025,15:46:04,ndt-7h8vt_1732822567_00000000003326E7,Download,9.2704956280084776,59.516,0.00045234430691333424,Taipei City,Taipei,25.053,121.5259,50,"Far EastTone Telecommunication Co., Ltd.",9674
2025-01-14 07:45:56.663634 UTC,2025,15:45:56,ndt-7h8vt_1732822567_00000000003372FD,Download,10.094992996809404,62.542,0.00020502802467593404,Taipei City,Taipei,25.053,121.5259,50,"Far EastTone Telecommunication Co., Ltd.",9674
2025-01-14 07:43:53.311931 UTC,2025,15:43:53,ndt-7h8vt_1732822567_00000000003278C4,Download,46.778433773109469,40.118,0.11846639504492525,Taipei City,Taipei,25.053,121.5259,20,"Far EastTone Telecommunication Co., Ltd.",9674
2025-01-14 07:43:47.275650 UTC,2025,15:43:47,ndt-virtual-whvch_1732499076_00000000004CD24D,Download,22.994587606803652,24.282,0.0,Taipei City,Taipei,25.053,121.5259,5,Mobile Business Group,17421
2025-01-14 07:42:31.548815 UTC,2025,15:42:31,ndt-virtual-whvch_1732499076_00000000004CB78C,Download,13.761814635555877,28.024,0.00017530956519119014,Taipei City,Taipei,25.053,121.5259,5,Mobile Business Group,17421
2025-01-14 07:39:46.406567 UTC,2025,15:39:46,ndt-7h8vt_1732822567_000000000031FA6B,Download,12.683790059238362,31.499,0.0,Taipei City,Taipei,25.053,121.5259,20,Taiwan Star Telecom Corporation Limited.(Former Vibo Telecom Inc.),24157
2025-01-14 07:38:29.816897 UTC,2025,15:38:29,ndt-zz5jt_1732753005_0000000000331D63,Download,16.919665493097664,22.562,0.0,Taipei City,Taipei,25.053,121.5259,5,Mobile Business Group,17421
2025-01-14 07:37:09.011182 UTC,2025,15:37:09,ndt-7h8vt_1732822567_000000000031BCB9,Download,17.647513333182339,24.758,0.00021759420454065608,Taipei City,Taipei,25.053,121.5259,5,Mobile Business Group,17421
2025-01-14 07:30:09.148520 UTC,2025,15:30:09,ndt-7h8vt_1732822567_000000000033529F,Download,53.486639716463259,24.756,0.0,Taipei City,Taipei,25.053,121.5259,10,"Taiwan Mobile Co., Ltd.",24158
2025-01-14 07:21:29.725538 UTC,2025,15:21:29,ndt-7h8vt_1732822567_0000000000321A50,Download,11.117093363975812,28.915,0.0,Taipei City,Taipei,25.053,121.5259,10,Mobile Business Group,17421
2025-01-14 07:17:15.320277 UTC,2025,15:17:15,ndt-virtual-whvch_1732499076_00000000004CD0BA,Download,40.064776176148484,27.966,0.0,Taipei City,Taipei,25.053,121.5259,10,Mobile Business Group,17421
2025-01-14 07:14:04.031773 UTC,2025,15:14:04,ndt-virtual-whvch_1732499076_00000000004CAA2C,Download,19.426425797574613,18.097,0.0,Taipei City,Taipei,25.053,121.5259,5,Taiwan Star Telecom Corporation Limited.(Former Vibo Telecom Inc.),24157
2025-01-14 07:13:33.414175 UTC,2025,15:13:33,ndt-qz6rr_1732705542_00000000003423EE,Download,41.88114441086671,23.355,2.6958438526463076e-05,Taipei City,Taipei,25.053,121.5259,10,Mobile Business Group,17421
2025-01-14 07:13:08.520317 UTC,2025,15:13:08,ndt-virtual-whvch_1732499076_00000000004CAA18,Download,18.723114973175143,19.871,0.0037610830952154745,Taipei City,Taipei,25.053,121.5259,10,Mobile Business Group,17421
2025-01-14 07:02:05.322181 UTC,2025,15:02:05,ndt-7h8vt_1732822567_000000000031DB15,Download,35.003057473441217,21.34,0.0,Taipei City,Taipei,25.053,121.5259,10,"Taiwan Mobile Co., Ltd.",24158
2025-01-14 07:00:52.314619 UTC,2025,15:00:52,ndt-zz5jt_1732753005_000000000034C168,Download,1.5107226524787725,190.18,0.0,Taipei City,Taipei,25.053,121.5259,5,"Taiwan Mobile Co., Ltd.",24158
2025-01-14 06:59:56.199842 UTC,2025,14:59:56,ndt-qz6rr_1732705542_000000000034D114,Download,1.743799983603348,191.492,0.0,Taipei City,Taipei,25.053,121.5259,5,"Taiwan Mobile Co., Ltd.",24158
2025-01-14 06:53:28.892582 UTC,2025,14:53:28,ndt-virtual-whvch_1732499076_00000000004C9EF8,Download,594.90858724262375,12.349,0.0543349448598363,Taipei City,Taipei,25.053,121.5259,5,Mobile Business Group,17421
2025-01-14 06:50:43.200631 UTC,2025,14:50:43,ndt-virtual-whvch_1732499076_00000000004CA88E,Download,224.24511878121677,20.107,0.0,Taipei City,Taipei,25.053,121.5259,100,"Far EastTone Telecommunication Co., Ltd.",9674
2025-01-14 06:50:33.131461 UTC,2025,14:50:33,ndt-qz6rr_1732705542_00000000003443CB,Download,7.0955817541383439,23.99,0.0,Taipei City,Taipei,25.053,121.5259,10,"Taiwan Mobile Co., Ltd.",24158
2025-01-14 06:43:40.011884 UTC,2025,14:43:40,ndt-zz5jt_1732753005_000000000032F000,Download,30.613148204333417,20.745,0.0,Taipei City,Taipei,25.053,121.5259,5,"Taiwan Mobile Co., Ltd.",24158
2025-01-14 06:42:50.232501 UTC,2025,14:42:50,ndt-7h8vt_1732822567_000000000031BC71,Download,17.942904020213259,19.458,0.0,Taipei City,Taipei,25.053,121.5259,5,"Taiwan Mobile Co., Ltd.",24158
2025-01-14 06:36:02.604757 UTC,2025,14:36:02,ndt-virtual-whvch_1732499076_00000000004C9DB3,Download,10.534644644538272,18.562,0.072100352059106726,Taipei City,Taipei,25.053,121.5259,50,"Far EastTone Telecommunication Co., Ltd.",9674
2025-01-14 06:35:47.207247 UTC,2025,14:35:47,ndt-7h8vt_1732822567_0000000000321A0C,Download,26.86333273969985,54.938,0.00029170146963437604,Taipei City,Taipei,25.053,121.5259,100,"Far EastTone Telecommunication Co., Ltd.",9674
2025-01-14 06:35:40.158858 UTC,2025,14:35:40,ndt-7h8vt_1732822567_00000000003333CC,Download,149.06170308818878,24.937,1.4380070565181222e-05,Taipei City,Taipei,25.053,121.5259,5,Taiwan Star Telecom Corporation Limited.(Former Vibo Telecom Inc.),24157
2025-01-14 06:33:38.538054 UTC,2025,14:33:38,ndt-virtual-whvch_1732499076_00000000004CC265,Download,164.62803804959034,24.113,1.0314018619419267e-05,Taipei City,Taipei,25.053,121.5259,100,"Far EastTone Telecommunication Co., Ltd.",9674
2025-01-14 06:31:50.581123 UTC,2025,14:31:50,ndt-7h8vt_1732822567_0000000000317FA1,Download,24.41575502491154,26.88,0.0,Taipei City,Taipei,25.053,121.5259,50,"Taiwan Mobile Co., Ltd.",24158
2025-01-14 06:31:16.160507 UTC,2025,14:31:16,ndt-7h8vt_1732822567_0000000000317FA0,Download,25.7261987699785,19.913,0.00078919204806113252,Taipei City,Taipei,25.053,121.5259,5,Mobile Business Group,17421
2025-01-14 06:29:26.225188 UTC,2025,14:29:26,ndt-virtual-whvch_1732499076_00000000004C9D5B,Download,128.39120034213582,22.832,0.0,Taipei City,Taipei,25.053,121.5259,20,"Far EastTone Telecommunication Co., Ltd.",9674
2025-01-14 06:26:48.803810 UTC,2025,14:26:48,ndt-7h8vt_1732822567_000000000032496C,Download,23.990399175447127,25.941,0.0,Taipei City,Taipei,25.053,121.5259,5,"Taiwan Mobile Co., Ltd.",24158
2025-01-14 06:23:29.566124 UTC,2025,14:23:29,ndt-qz6rr_1732705542_000000000034B1F6,Download,38.824366385771441,23.073,0.0001485527423482565,Taipei City,Taipei,25.053,121.5259,5,Mobile Business Group,17421
2025-01-14 06:22:32.079727 UTC,2025,14:22:32,ndt-qz6rr_1732705542_00000000003443AE,Download,2.2837301355491011,25.177,0.018403413499931864,Taipei City,Taipei,25.053,121.5259,10,Mobile Business Group,17421
2025-01-14 06:13:54.885236 UTC,2025,14:13:54,ndt-7h8vt_1732822567_000000000031F9E6,Download,78.279245458730145,21.015,0.0,Taipei City,Taipei,25.053,121.5259,10,Mobile Business Group,17421
2025-01-14 06:11:04.449745 UTC,2025,14:11:04,ndt-zz5jt_1732753005_0000000000334AE3,Download,30.702783222861633,27.046,0.0,Taipei City,Taipei,25.053,121.5259,5,Mobile Business Group,17421
2025-01-14 06:10:45.541710 UTC,2025,14:10:45,ndt-7h8vt_1732822567_0000000000315FD4,Download,47.023569588478352,28.702,0.0,Taipei City,Taipei,25.053,121.5259,5,Mobile Business Group,17421
2025-01-14 06:08:45.629562 UTC,2025,14:08:45,ndt-virtual-whvch_1732499076_00000000004CB0F0,Download,11.59334295930476,20.043,0.085818456019766565,Taipei City,Taipei,25.053,121.5259,10,"Taiwan Mobile Co., Ltd.",24158
2025-01-14 06:07:46.404089 UTC,2025,14:07:46,ndt-qz6rr_1732705542_00000000003423B9,Download,36.448248875034231,19.682,0.0,Taipei City,Taipei,25.053,121.5259,5,"Taiwan Mobile Co., Ltd.",24158
2025-01-14 06:03:03.097657 UTC,2025,14:03:03,ndt-virtual-whvch_1732499076_00000000004CA55F,Download,157.61378742107954,23.994,0.0,Taipei City,Taipei,25.053,121.5259,20,"Far EastTone Telecommunication Co., Ltd.",9674
2025-01-14 05:56:41.598453 UTC,2025,13:56:41,ndt-virtual-whvch_1732499076_00000000004CA4DD,Download,43.174659819050135,15.689,0.0,Taipei City,Taipei,25.053,121.5259,5,"Taiwan Mobile Co., Ltd.",24158
2025-01-14 05:54:00.716637 UTC,2025,13:54:00,ndt-qz6rr_1732705542_000000000033D79B,Download,20.969985164343587,48.021,0.097973122881263058,Taipei City,Taipei,25.053,121.5259,50,"Far EastTone Telecommunication Co., Ltd.",9674
2025-01-14 05:53:33.301624 UTC,2025,13:53:33,ndt-7h8vt_1732822567_0000000000335209,Download,20.877741400704103,47.393,0.12353992696620125,Taipei City,Taipei,25.053,121.5259,50,"Far EastTone Telecommunication Co., Ltd.",9674
2025-01-14 05:53:01.278814 UTC,2025,13:53:01,ndt-virtual-whvch_1732499076_00000000004C7F80,Download,21.210902507245379,20.912,0.091874204142033164,Taipei City,Taipei,25.053,121.5259,50,"Far EastTone Telecommunication Co., Ltd.",9674
2025-01-14 05:50:47.123071 UTC,2025,13:50:47,ndt-zz5jt_1732753005_0000000000339A1F,Download,20.7167659306471,48.571,0.0970817154954688,Taipei City,Taipei,25.053,121.5259,50,"Far EastTone Telecommunication Co., Ltd.",9674
2025-01-14 05:48:12.586500 UTC,2025,13:48:12,ndt-zz5jt_1732753005_0000000000335BE5,Download,28.726030421687952,25.837,0.0,Taipei City,Taipei,25.053,121.5259,10,"Taiwan Mobile Co., Ltd.",24158
2025-01-14 05:46:33.004425 UTC,2025,13:46:33,ndt-7h8vt_1732822567_0000000000317F54,Download,184.07658084712889,23.677,0.0013579211029472417,Taipei City,Taipei,25.053,121.5259,5,Taiwan Star Telecom Corporation Limited.(Former Vibo Telecom Inc.),24157
2025-01-14 05:42:31.847683 UTC,2025,13:42:31,ndt-7h8vt_1732822567_000000000032ABE9,Download,58.49433115167129,26.799,0.0,Taipei City,Taipei,25.053,121.5259,5,"Taiwan Mobile Co., Ltd.",24158
2025-01-14 05:41:48.012262 UTC,2025,13:41:48,ndt-virtual-whvch_1732499076_00000000004C7EAB,Download,69.355204386156572,21.033,0.011050026474279806,Taipei City,Taipei,25.053,121.5259,5,"Taiwan Mobile Co., Ltd.",24158
2025-01-14 05:35:05.919326 UTC,2025,13:35:05,ndt-7h8vt_1732822567_0000000000324921,Download,5.4016572476646765,19.0,0.1788505218303493,Taipei City,Taipei,25.053,121.5259,5,Mobile Business Group,17421
2025-01-14 05:28:41.569221 UTC,2025,13:28:41,ndt-qz6rr_1732705542_0000000000345333,Download,59.522993144313673,24.299,0.0,Taipei City,Taipei,25.053,121.5259,10,"Taiwan Mobile Co., Ltd.",24158
2025-01-14 05:28:06.702986 UTC,2025,13:28:06,ndt-qz6rr_1732705542_000000000034159B,Download,17.101617227057531,30.116,6.7905969633762843e-05,Taipei City,Taipei,25.053,121.5259,5,Mobile Business Group,17421
2025-01-14 05:25:03.570842 UTC,2025,13:25:03,ndt-zz5jt_1732753005_0000000000342482,Download,179.43323627801573,16.643,0.0,Taipei City,Taipei,25.053,121.5259,5,"Taiwan Mobile Co., Ltd.",24158
2025-01-14 05:21:00.852181 UTC,2025,13:21:00,ndt-7h8vt_1732822567_00000000003351DF,Download,35.583332212101233,22.799,0.0,Taipei City,Taipei,25.053,121.5259,5,Mobile Business Group,17421
2025-01-14 05:09:30.270549 UTC,2025,13:09:30,ndt-7h8vt_1732822567_00000000003277B6,Download,4.7561890738864747,27.498,0.0,Taipei City,Taipei,25.053,121.5259,5,Mobile Business Group,17421
2025-01-14 04:58:29.930834 UTC,2025,12:58:29,ndt-virtual-whvch_1732499076_00000000004CA087,Download,5.8960388131351822,20.374,0.00094945805319053631,Taipei City,Taipei,25.053,121.5259,10,Taiwan Star Telecom Corporation Limited.(Former Vibo Telecom Inc.),24157
2025-01-14 04:57:55.731580 UTC,2025,12:57:55,ndt-7h8vt_1732822567_000000000032E4C1,Download,170.24255051052748,15.601,0.0,Taipei City,Taipei,25.053,121.5259,10,Taiwan Star Telecom Corporation Limited.(Former Vibo Telecom Inc.),24157
2025-01-14 04:57:20.502794 UTC,2025,12:57:20,ndt-qz6rr_1732705542_00000000003463AF,Download,3.6926869084363529,25.343,0.0,Taipei City,Taipei,25.053,121.5259,10,Taiwan Star Telecom Corporation Limited.(Former Vibo Telecom Inc.),24157
2025-01-14 04:55:22.439729 UTC,2025,12:55:22,ndt-qz6rr_1732705542_000000000033ACEE,Download,2.6255960761453991,25.25,0.0,Taipei City,Taipei,25.053,121.5259,10,Taiwan Star Telecom Corporation Limited.(Former Vibo Telecom Inc.),24157
2025-01-14 04:54:34.153486 UTC,2025,12:54:34,ndt-virtual-whvch_1732499076_00000000004C7B12,Download,3.1776466603218738,25.048,0.0,Taipei City,Taipei,25.053,121.5259,10,Taiwan Star Telecom Corporation Limited.(Former Vibo Telecom Inc.),24157
2025-01-14 04:53:52.817830 UTC,2025,12:53:52,ndt-virtual-whvch_1732499076_00000000004C963D,Download,7.7024378380466993,21.631,0.0,Taipei City,Taipei,25.053,121.5259,10,Taiwan Star Telecom Corporation Limited.(Former Vibo Telecom Inc.),24157
2025-01-14 04:53:33.724384 UTC,2025,12:53:33,ndt-virtual-whvch_1732499076_00000000004C8AD4,Download,3.1866320612488419,18.651,0.0020731389003063204,Taipei City,Taipei,25.053,121.5259,10,Taiwan Star Telecom Corporation Limited.(Former Vibo Telecom Inc.),24157
2025-01-14 04:53:05.357757 UTC,2025,12:53:05,ndt-virtual-whvch_1732499076_00000000004C9626,Download,118.38472108156074,14.343,0.00070647434446543416,Taipei City,Taipei,25.053,121.5259,10,Taiwan Star Telecom Corporation Limited.(Former Vibo Telecom Inc.),24157
2025-01-14 04:52:53.638148 UTC,2025,12:52:53,ndt-zz5jt_1732753005_0000000000330EAD,Download,5.8386143755438527,24.102,0.14917511545775605,Taipei City,Taipei,25.053,121.5259,5,Mobile Business Group,17421
2025-01-14 04:51:13.818828 UTC,2025,12:51:13,ndt-zz5jt_1732753005_000000000034A0C4,Download,0.91270945132505,130.236,0.016084215998440444,Taipei City,Taipei,25.053,121.5259,100,"Far EastTone Telecommunication Co., Ltd.",9674
2025-01-14 04:46:41.803328 UTC,2025,12:46:41,ndt-qz6rr_1732705542_0000000000342347,Download,14.184316607058873,21.257,0.0,Taipei City,Taipei,25.053,121.5259,100,"Far EastTone Telecommunication Co., Ltd.",9674
2025-01-14 04:46:25.289440 UTC,2025,12:46:25,ndt-zz5jt_1732753005_0000000000334A60,Download,35.2159262426934,22.644,0.0,Taipei City,Taipei,25.053,121.5259,10,Taiwan Star Telecom Corporation Limited.(Former Vibo Telecom Inc.),24157
2025-01-14 04:46:15.878963 UTC,2025,12:46:15,ndt-7h8vt_1732822567_00000000003380A5,Download,1.6195358900435375,49.0,0.01093129781780346,Taipei City,Taipei,25.053,121.5259,100,"Far EastTone Telecommunication Co., Ltd.",9674
2025-01-14 04:45:39.799879 UTC,2025,12:45:39,ndt-virtual-whvch_1732499076_00000000004C8A28,Download,139.60309593077613,13.984,0.00076010575308131233,Taipei City,Taipei,25.053,121.5259,10,Taiwan Star Telecom Corporation Limited.(Former Vibo Telecom Inc.),24157
2025-01-14 04:45:12.616802 UTC,2025,12:45:12,ndt-zz5jt_1732753005_0000000000335B74,Download,190.24797447129862,17.911,0.0,Taipei City,Taipei,25.053,121.5259,10,Taiwan Star Telecom Corporation Limited.(Former Vibo Telecom Inc.),24157
2025-01-14 04:43:20.865145 UTC,2025,12:43:20,ndt-virtual-whvch_1732499076_00000000004C89FC,Download,43.4318069394566,16.844,0.0,Taipei City,Taipei,25.053,121.5259,5,Mobile Business Group,17421
2025-01-14 04:41:26.779740 UTC,2025,12:41:26,ndt-zz5jt_1732753005_0000000000334A5E,Download,149.83209597463454,59.674,3.7591405753836386e-05,Taipei City,Taipei,25.053,121.5259,100,"Far EastTone Telecommunication Co., Ltd.",9674
2025-01-14 04:37:43.565864 UTC,2025,12:37:43,ndt-zz5jt_1732753005_000000000033D792,Download,2.4218889991040573,51.592,0.029310109417626223,Taipei City,Taipei,25.053,121.5259,100,"Far EastTone Telecommunication Co., Ltd.",9674
2025-01-14 04:37:29.694293 UTC,2025,12:37:29,ndt-zz5jt_1732753005_0000000000334A54,Download,9.95211020755686,51.267,0.08531139269996306,Taipei City,Taipei,25.053,121.5259,50,"Far EastTone Telecommunication Co., Ltd.",9674
2025-01-14 04:36:35.453898 UTC,2025,12:36:35,ndt-qz6rr_1732705542_000000000032BD7E,Download,188.41027742487398,12.627,0.0,Taipei City,Taipei,25.053,121.5259,10,Mobile Business Group,17421
2025-01-14 04:35:17.125144 UTC,2025,12:35:17,ndt-zz5jt_1732753005_0000000000331C22,Download,17.295341235266115,49.327,0.00047013798380507276,Taipei City,Taipei,25.053,121.5259,100,"Far EastTone Telecommunication Co., Ltd.",9674
2025-01-14 04:34:25.311427 UTC,2025,12:34:25,ndt-qz6rr_1732705542_00000000003472F6,Download,1.2673074346501239,57.436,0.046259329116760978,Taipei City,Taipei,25.053,121.5259,100,"Far EastTone Telecommunication Co., Ltd.",9674
2025-01-14 04:30:08.305625 UTC,2025,12:30:08,ndt-7h8vt_1732822567_0000000000336156,Download,130.06343553656447,19.879,4.3662341161646618e-05,Taipei City,Taipei,25.053,121.5259,5,Mobile Business Group,17421
2025-01-14 04:28:32.950363 UTC,2025,12:28:32,ndt-virtual-whvch_1732499076_00000000004C7965,Download,129.29827972216918,14.657,0.0,Taipei City,Taipei,25.053,121.5259,5,"Taiwan Mobile Co., Ltd.",24158
2025-01-14 04:26:28.535905 UTC,2025,12:26:28,ndt-7h8vt_1732822567_0000000000321962,Download,4.763056862471303,30.235,0.0,Taipei City,Taipei,25.053,121.5259,5,Mobile Business Group,17421
2025-01-14 04:23:53.091004 UTC,2025,12:23:53,ndt-qz6rr_1732705542_0000000000336B7F,Download,174.82050297763402,23.872,0.0,Taipei City,Taipei,25.053,121.5259,5,"Taiwan Mobile Co., Ltd.",24158
2025-01-14 04:22:49.126147 UTC,2025,12:22:49,ndt-kvfdv_1732584141_00000000003BEBCE,Download,16.871696617933395,162.405,0.00094111911927499973,Taipei City,Taipei,25.053,121.5259,100,"Far EastTone Telecommunication Co., Ltd.",9674
2025-01-14 04:20:43.638762 UTC,2025,12:20:43,ndt-zz5jt_1732753005_0000000000334A3E,Download,0.10442589117563757,472.205,0.058053251855085114,Taipei City,Taipei,25.053,121.5259,50,"Far EastTone Telecommunication Co., Ltd.",9674
2025-01-14 04:20:06.684119 UTC,2025,12:20:06,ndt-zz5jt_1732753005_000000000034B06F,Download,0.97051288133984914,48.94,0.0062327465791059,Taipei City,Taipei,25.053,121.5259,50,"Far EastTone Telecommunication Co., Ltd.",9674
2025-01-14 04:15:23.558242 UTC,2025,12:15:23,ndt-virtual-whvch_1732499076_00000000004C6D9D,Download,0.45901707079532145,35.597,0.031060045080599882,Taipei City,Taipei,25.053,121.5259,50,"Far EastTone Telecommunication Co., Ltd.",9674
2025-01-14 04:14:25.841363 UTC,2025,12:14:25,ndt-zz5jt_1732753005_0000000000335B3A,Download,0.29021537595133179,298.0,0.085375883654593046,Taipei City,Taipei,25.053,121.5259,50,"Far EastTone Telecommunication Co., Ltd.",9674
2025-01-14 04:14:09.154860 UTC,2025,12:14:09,ndt-qz6rr_1732705542_0000000000336B67,Download,0.26899122425617328,124.44,0.080079222760484972,Taipei City,Taipei,25.053,121.5259,100,"Far EastTone Telecommunication Co., Ltd.",9674
2025-01-14 04:13:53.788507 UTC,2025,12:13:53,ndt-qz6rr_1732705542_000000000034C111,Download,10.694205854577087,20.128,0.0,Taipei City,Taipei,25.053,121.5259,10,"Taiwan Mobile Co., Ltd.",24158
2025-01-14 04:13:32.796464 UTC,2025,12:13:32,ndt-qz6rr_1732705542_000000000033D701,Download,1.1272529853348565,70.386,0.018265914881859951,Taipei City,Taipei,25.053,121.5259,50,"Far EastTone Telecommunication Co., Ltd.",9674
2025-01-14 04:13:18.551281 UTC,2025,12:13:18,ndt-virtual-whvch_1732499076_00000000004C6D80,Download,0.56766456813982991,29.601,0.012954689697226128,Taipei City,Taipei,25.053,121.5259,50,"Far EastTone Telecommunication Co., Ltd.",9674
2025-01-14 04:12:59.973338 UTC,2025,12:12:59,ndt-virtual-whvch_1732499076_00000000004C7849,Download,0.70132830815995684,29.701,0.013226119544191657,Taipei City,Taipei,25.053,121.5259,50,"Far EastTone Telecommunication Co., Ltd.",9674
2025-01-14 04:12:54.614675 UTC,2025,12:12:54,ndt-virtual-whvch_1732499076_00000000004C87E6,Download,56.786220540506719,13.129,0.062576528558517419,Taipei City,Taipei,25.053,121.5259,20,"Far EastTone Telecommunication Co., Ltd.",9674
2025-01-14 04:11:59.287336 UTC,2025,12:11:59,ndt-qz6rr_1732705542_0000000000330C65,Download,0.84899087346631641,54.738,0.01920618346404054,Taipei City,Taipei,25.053,121.5259,50,"Far EastTone Telecommunication Co., Ltd.",9674
2025-01-14 04:11:24.357714 UTC,2025,12:11:24,ndt-zz5jt_1732753005_000000000034532B,Download,30.541940982711697,41.285,0.00041202622134872664,Taipei City,Taipei,25.053,121.5259,20,"Far EastTone Telecommunication Co., Ltd.",9674
2025-01-14 04:10:58.024669 UTC,2025,12:10:58,ndt-virtual-whvch_1732499076_00000000004C87C3,Download,70.7415241035121,15.97,0.0,Taipei City,Taipei,25.053,121.5259,5,Mobile Business Group,17421
2025-01-14 04:09:21.184718 UTC,2025,12:09:21,ndt-qz6rr_1732705542_000000000033D6F5,Download,7.6226877709828278,56.2,0.0,Taipei City,Taipei,25.053,121.5259,50,"Far EastTone Telecommunication Co., Ltd.",9674
2025-01-14 04:08:11.475891 UTC,2025,12:08:11,ndt-7h8vt_1732822567_000000000032F3DA,Download,11.612340751840394,20.262,0.11408753429151731,Taipei City,Taipei,25.053,121.5259,10,"Taiwan Mobile Co., Ltd.",24158
2025-01-14 04:07:16.560485 UTC,2025,12:07:16,ndt-virtual-whvch_1732499076_00000000004C876F,Download,8.6419933072187121,24.37,0.319692265177369,Taipei City,Taipei,25.053,121.5259,100,"Far EastTone Telecommunication Co., Ltd.",9674
2025-01-14 04:02:12.158664 UTC,2025,12:02:12,ndt-zz5jt_1732753005_000000000033C7B3,Download,61.73200247815516,19.586,5.54758542438475e-06,Taipei City,Taipei,25.053,121.5259,5,"Taiwan Mobile Co., Ltd.",24158
2025-01-08 03:52:31.652342 UTC,2025,11:52:31,ndt-qz6rr_1732705542_00000000002DC1B9,Download,84.945633013481753,46.499,3.9825071626562644e-05,Taipei City,Taipei,25.0566,121.5054,100,"Far EastTone Telecommunication Co., Ltd.",9674
2025-01-08 03:47:02.102906 UTC,2025,11:47:02,ndt-virtual-whvch_1732499076_0000000000430571,Download,10.800535735463315,16.582,0.0,Taipei City,Taipei,25.0566,121.5054,5,"Taiwan Mobile Co., Ltd.",24158
2025-01-08 03:43:31.607874 UTC,2025,11:43:31,ndt-7h8vt_1732822567_00000000002B3938,Download,17.379939215423892,30.021,0.0,Taipei City,Taipei,25.0566,121.5054,5,Taiwan Star Telecom Corporation Limited.(Former Vibo Telecom Inc.),24157
2025-01-08 03:41:10.839672 UTC,2025,11:41:10,ndt-qz6rr_1732705542_00000000002CEE8C,Download,51.4505499955802,48.88,0.0,Taipei City,Taipei,25.0566,121.5054,50,"Far EastTone Telecommunication Co., Ltd.",9674
2025-01-08 03:30:06.321039 UTC,2025,11:30:06,ndt-virtual-whvch_1732499076_000000000043146D,Download,9.9511744573604286,19.598,4.3281182878773046e-05,Taipei City,Taipei,25.0566,121.5054,5,"Taiwan Mobile Co., Ltd.",24158
2025-01-08 03:29:02.887372 UTC,2025,11:29:02,ndt-7h8vt_1732822567_00000000002CC070,Download,50.767144120397674,56.013,0.0,Taipei City,Taipei,25.0566,121.5054,50,"Far EastTone Telecommunication Co., Ltd.",9674
2025-01-08 03:21:56.795677 UTC,2025,11:21:56,ndt-virtual-whvch_1732499076_000000000042ED14,Download,5.5091711133925028,19.179,0.12630110765715302,Taipei City,Taipei,25.0566,121.5054,5,"Taiwan Mobile Co., Ltd.",24158
2025-01-08 03:20:37.416597 UTC,2025,11:20:37,ndt-qz6rr_1732705542_00000000002BFB7F,Download,0.64335558167126816,34.413,0.0028378884769236861,Taipei City,Taipei,25.0566,121.5054,10,"Taiwan Mobile Co., Ltd.",24158
2025-01-08 03:18:35.216142 UTC,2025,11:18:35,ndt-zz5jt_1732753005_00000000002CF8AA,Download,10.026867614519235,23.274,0.0,Taipei City,Taipei,25.0566,121.5054,10,"Taiwan Mobile Co., Ltd.",24158
2025-01-08 03:14:49.694158 UTC,2025,11:14:49,ndt-virtual-whvch_1732499076_000000000043135B,Download,10.556075650401871,17.834,0.088745106270737256,Taipei City,Taipei,25.0566,121.5054,100,"Far EastTone Telecommunication Co., Ltd.",9674
2025-01-08 03:13:01.711883 UTC,2025,11:13:01,ndt-zz5jt_1732753005_00000000002D0850,Download,16.293427043203366,28.953,0.0087296746409572037,Taipei City,Taipei,25.0566,121.5054,5,Mobile Business Group,17421
2025-01-08 03:08:36.227790 UTC,2025,11:08:36,ndt-qz6rr_1732705542_00000000002BBD54,Download,22.328829335337389,50.927,0.0,Taipei City,Taipei,25.0566,121.5054,100,"Far EastTone Telecommunication Co., Ltd.",9674
2025-01-08 03:05:54.694468 UTC,2025,11:05:54,ndt-qz6rr_1732705542_00000000002C1BB0,Download,97.526603007776089,23.99,0.0,Taipei City,Taipei,25.0566,121.5054,5,"Taiwan Mobile Co., Ltd.",24158
2025-01-08 02:57:32.425769 UTC,2025,10:57:32,ndt-qz6rr_1732705542_00000000002D920F,Download,243.40709478575184,22.441,0.0,Taipei City,Taipei,25.0566,121.5054,100,"Far EastTone Telecommunication Co., Ltd.",9674
2025-01-08 02:52:39.787982 UTC,2025,10:52:39,ndt-virtual-whvch_1732499076_000000000042F5E9,Download,39.167520745832284,19.019,0.0,Taipei City,Taipei,25.0566,121.5054,5,"Taiwan Mobile Co., Ltd.",24158
2025-01-08 02:52:16.149095 UTC,2025,10:52:16,ndt-qz6rr_1732705542_00000000002BFB60,Download,10.948806593343045,25.063,0.00083356844708619763,Taipei City,Taipei,25.0566,121.5054,20,"Far EastTone Telecommunication Co., Ltd.",9674
2025-01-08 02:40:37.253275 UTC,2025,10:40:37,ndt-qz6rr_1732705542_00000000002C1B94,Download,19.313045500019264,24.019,2.9854487613615151e-05,Taipei City,Taipei,25.0566,121.5054,5,Mobile Business Group,17421
2025-01-08 02:40:32.936414 UTC,2025,10:40:32,ndt-7h8vt_1732822567_00000000002AAC6C,Download,34.816262932426163,45.854,0.0,Taipei City,Taipei,25.0566,121.5054,100,"Far EastTone Telecommunication Co., Ltd.",9674
2025-01-08 02:30:31.515597 UTC,2025,10:30:31,ndt-7h8vt_1732822567_00000000002AAC65,Download,32.718869862924663,52.162,0.00013864732921555579,Taipei City,Taipei,25.0566,121.5054,50,"Far EastTone Telecommunication Co., Ltd.",9674
2025-01-08 02:29:33.701553 UTC,2025,10:29:33,ndt-virtual-whvch_1732499076_000000000042F492,Download,23.559775017552326,21.841,0.0,Taipei City,Taipei,25.0566,121.5054,100,"Far EastTone Telecommunication Co., Ltd.",9674
2025-01-08 02:27:02.892140 UTC,2025,10:27:02,ndt-qz6rr_1732705542_00000000002DC159,Download,101.52776401158202,23.018,6.0004584041184261e-05,Taipei City,Taipei,25.0566,121.5054,100,"Far EastTone Telecommunication Co., Ltd.",9674
2025-01-08 02:23:58.239317 UTC,2025,10:23:58,ndt-virtual-whvch_1732499076_0000000000431005,Download,45.357738522345755,22.064,0.010347847158667845,Taipei City,Taipei,25.0566,121.5054,5,Mobile Business Group,17421
2025-01-08 02:23:41.439816 UTC,2025,10:23:41,ndt-zz5jt_1732753005_00000000002C6C87,Download,89.652097340665321,30.972,6.1976127168203557e-05,Taipei City,Taipei,25.0566,121.5054,5,"Taiwan Mobile Co., Ltd.",24158
2025-01-08 02:18:33.733211 UTC,2025,10:18:33,ndt-virtual-whvch_1732499076_000000000042DFBC,Download,12.265154352918495,21.248,0.045274283803358149,Taipei City,Taipei,25.0566,121.5054,5,Mobile Business Group,17421
2025-01-08 02:11:57.305328 UTC,2025,10:11:57,ndt-7h8vt_1732822567_00000000002AAC4F,Download,14.269755278075683,24.594,0.0014298991097293746,Taipei City,Taipei,25.0566,121.5054,5,Mobile Business Group,17421
2025-01-08 02:11:12.548409 UTC,2025,10:11:12,ndt-7h8vt_1732822567_00000000002BCE0B,Download,93.567301649801635,19.365,2.4589938366117639e-05,Taipei City,Taipei,25.0566,121.5054,5,Mobile Business Group,17421
2025-01-08 02:07:32.076175 UTC,2025,10:07:32,ndt-zz5jt_1732753005_00000000002D91D0,Download,95.498218122878768,13.968,0.0,Taipei City,Taipei,25.0566,121.5054,5,Mobile Business Group,17421
2025-01-08 02:05:58.867279 UTC,2025,10:05:58,ndt-virtual-whvch_1732499076_000000000042DEBE,Download,8.0556539984639617,25.881,0.0,Taipei City,Taipei,25.0566,121.5054,5,Mobile Business Group,17421
2025-01-08 02:05:28.835881 UTC,2025,10:05:28,ndt-qz6rr_1732705542_00000000002D480F,Download,47.171283554101578,41.813,0.13266180784673692,Taipei City,Taipei,25.0566,121.5054,20,"Far EastTone Telecommunication Co., Ltd.",9674
2025-01-08 01:57:31.310767 UTC,2025,09:57:31,ndt-qz6rr_1732705542_00000000002BBD16,Download,63.206258646663159,29.492,0.0,Taipei City,Taipei,25.0566,121.5054,5,Mobile Business Group,17421
2025-01-08 01:53:03.813265 UTC,2025,09:53:03,ndt-7h8vt_1732822567_00000000002C5299,Download,29.67907109511555,24.932,4.4198896208726107e-05,Taipei City,Taipei,25.0566,121.5054,5,Mobile Business Group,17421
2025-01-08 01:49:13.648076 UTC,2025,09:49:13,ndt-zz5jt_1732753005_00000000002CC91F,Download,22.874195314585506,27.959,0.019441094507307334,Taipei City,Taipei,25.0566,121.5054,5,Mobile Business Group,17421
2025-01-08 01:47:31.567393 UTC,2025,09:47:31,ndt-7h8vt_1732822567_00000000002C5293,Download,78.180638566774078,17.858,0.0,Taipei City,Taipei,25.0566,121.5054,5,Mobile Business Group,17421
2025-01-08 01:47:13.398541 UTC,2025,09:47:13,ndt-7h8vt_1732822567_00000000002C5292,Download,62.10449590376561,26.891,0.00026948587219337213,Taipei City,Taipei,25.0566,121.5054,5,Mobile Business Group,17421
2025-01-08 01:43:42.680785 UTC,2025,09:43:42,ndt-qz6rr_1732705542_00000000002CF6AF,Download,0.72478482829527,22.525,0.24992651732307003,Taipei City,Taipei,25.0566,121.5054,5,Mobile Business Group,17421
2025-01-08 01:43:34.662670 UTC,2025,09:43:34,ndt-zz5jt_1732753005_00000000002CF810,Download,5.8449212844204625,21.0,0.17740521411841714,Taipei City,Taipei,25.0566,121.5054,5,Mobile Business Group,17421
2025-01-08 01:42:54.486600 UTC,2025,09:42:54,ndt-virtual-whvch_1732499076_000000000042DD34,Download,6.096187692863329,15.015,0.038105518149199206,Taipei City,Taipei,25.0566,121.5054,5,Mobile Business Group,17421
2025-01-08 01:41:59.771621 UTC,2025,09:41:59,ndt-qz6rr_1732705542_00000000002DD111,Download,35.412516749449082,48.969,3.17499605936687e-05,Taipei City,Taipei,25.0566,121.5054,100,"Far EastTone Telecommunication Co., Ltd.",9674
2025-01-08 01:39:31.317308 UTC,2025,09:39:31,ndt-virtual-whvch_1732499076_000000000042DCEC,Download,37.287268680039212,22.95,0.0,Taipei City,Taipei,25.0566,121.5054,50,"Far EastTone Telecommunication Co., Ltd.",9674
2025-01-08 01:29:24.067008 UTC,2025,09:29:24,ndt-7h8vt_1732822567_00000000002B0A2A,Download,29.358357311456952,59.677,0.042779727969693059,Taipei City,Taipei,25.0566,121.5054,100,"Far EastTone Telecommunication Co., Ltd.",9674
2025-01-08 01:28:36.954352 UTC,2025,09:28:36,ndt-7h8vt_1732822567_00000000002A2E50,Download,104.50592829092392,21.891,0.0,Taipei City,Taipei,25.0566,121.5054,5,"Taiwan Mobile Co., Ltd.",24158
2025-01-08 01:24:21.210664 UTC,2025,09:24:21,ndt-qz6rr_1732705542_00000000002B4F97,Download,9.8969118148958728,39.42,0.00670616379225127,Taipei City,Taipei,25.0566,121.5054,100,"Far EastTone Telecommunication Co., Ltd.",9674
2025-01-08 01:23:06.571804 UTC,2025,09:23:06,ndt-tr4x7_1732671885_0000000000322519,Download,58.957088966425644,283.102,0.0,Taipei City,Taipei,25.0566,121.5054,5,Mobile Business Group,17421
2025-01-08 01:17:42.665502 UTC,2025,09:17:42,ndt-zz5jt_1732753005_00000000002BEEA2,Download,19.333466788549543,19.821,0.12753843341364751,Taipei City,Taipei,25.0566,121.5054,100,"Taiwan Mobile Co., Ltd.",24158
2025-01-08 01:15:16.170516 UTC,2025,09:15:16,ndt-virtual-whvch_1732499076_000000000042E47C,Download,1.3765821419117685,17.782,0.0045991396370048069,Taipei City,Taipei,25.0566,121.5054,100,"Taiwan Mobile Co., Ltd.",24158
2025-01-08 01:12:39.288477 UTC,2025,09:12:39,ndt-qz6rr_1732705542_00000000002DB237,Download,61.618679049032579,51.625,0.0,Taipei City,Taipei,25.0566,121.5054,50,"Far EastTone Telecommunication Co., Ltd.",9674
2025-01-08 01:12:04.607620 UTC,2025,09:12:04,ndt-zz5jt_1732753005_00000000002C5E06,Download,0.94358994180470634,55.924,0.0,Taipei City,Taipei,25.0566,121.5054,50,"Far EastTone Telecommunication Co., Ltd.",9674
2025-01-08 01:11:30.227047 UTC,2025,09:11:30,ndt-virtual-whvch_1732499076_000000000042DAEF,Download,2.338576379632098,26.284,0.0,Taipei City,Taipei,25.0566,121.5054,50,"Far EastTone Telecommunication Co., Ltd.",9674
2025-01-08 01:10:27.711828 UTC,2025,09:10:27,ndt-7h8vt_1732822567_00000000002A4DA3,Download,3.1005420509368418,187.235,0.041672699086178717,Taipei City,Taipei,25.0566,121.5054,5,"Taiwan Mobile Co., Ltd.",24158
2025-01-08 01:08:06.475986 UTC,2025,09:08:06,ndt-qz6rr_1732705542_00000000002D479A,Download,30.646703821774011,48.877,0.00011405899939366553,Taipei City,Taipei,25.0566,121.5054,50,"Far EastTone Telecommunication Co., Ltd.",9674
2025-01-08 01:06:46.677770 UTC,2025,09:06:46,ndt-zz5jt_1732753005_00000000002CF7CE,Download,132.12164791838248,19.326,0.00025585675720672532,Taipei City,Taipei,25.0566,121.5054,5,"Taiwan Mobile Co., Ltd.",24158
2025-01-08 01:06:11.857433 UTC,2025,09:06:11,ndt-zz5jt_1732753005_00000000002CB8EC,Download,82.08937202705232,22.557,6.6115226018930391e-05,Taipei City,Taipei,25.0566,121.5054,5,"Taiwan Mobile Co., Ltd.",24158
2025-01-08 01:06:05.307921 UTC,2025,09:06:05,ndt-zz5jt_1732753005_00000000002DC0BA,Download,34.573749369647061,22.053,6.7684080474795486e-05,Taipei City,Taipei,25.0566,121.5054,5,"Taiwan Mobile Co., Ltd.",24158
2025-01-08 00:54:36.676353 UTC,2025,08:54:36,ndt-qz6rr_1732705542_00000000002DC0E9,Download,22.2130383121964,22.01,0.0,Taipei City,Taipei,25.0566,121.5054,5,"Taiwan Mobile Co., Ltd.",24158
2025-01-08 00:53:48.221493 UTC,2025,08:53:48,ndt-7h8vt_1732822567_00000000002BF951,Download,118.67121705483565,20.898,0.000410728077724971,Taipei City,Taipei,25.0566,121.5054,5,"Taiwan Mobile Co., Ltd.",24158
2025-01-08 00:49:40.465644 UTC,2025,08:49:40,ndt-7h8vt_1732822567_00000000002A2E24,Download,2.6850029085825966,46.463,0.065300878141872576,Taipei City,Taipei,25.0566,121.5054,100,"Far EastTone Telecommunication Co., Ltd.",9674
2025-01-08 00:45:16.306447 UTC,2025,08:45:16,ndt-zz5jt_1732753005_00000000002C3EF1,Download,25.844301789245527,22.032,0.0,Taipei City,Taipei,25.0566,121.5054,20,Taiwan Star Telecom Corporation Limited.(Former Vibo Telecom Inc.),24157
2025-01-08 00:33:52.082062 UTC,2025,08:33:52,ndt-7h8vt_1732822567_00000000002A2E18,Download,84.5282676088703,46.345,0.0,Taipei City,Taipei,25.0566,121.5054,20,"Far EastTone Telecommunication Co., Ltd.",9674
2025-01-08 00:29:08.045932 UTC,2025,08:29:08,ndt-7h8vt_1732822567_00000000002B77EB,Download,36.561218141884652,45.954,6.2051798781920578e-05,Taipei City,Taipei,25.0566,121.5054,100,"Far EastTone Telecommunication Co., Ltd.",9674
2025-01-08 00:17:02.378005 UTC,2025,08:17:02,ndt-qz6rr_1732705542_00000000002DC0C7,Download,77.686438694162021,23.871,0.0,Taipei City,Taipei,25.0566,121.5054,50,"Far EastTone Telecommunication Co., Ltd.",9674
2025-01-08 00:16:50.104037 UTC,2025,08:16:50,ndt-7h8vt_1732822567_00000000002B5837,Download,237.31470936943876,52.116,0.0,Taipei City,Taipei,25.0566,121.5054,20,"Far EastTone Telecommunication Co., Ltd.",9674
2025-01-08 00:14:38.734416 UTC,2025,08:14:38,ndt-virtual-whvch_1732499076_000000000042D660,Download,58.834172362371319,18.185,0.00071798389670066679,Taipei City,Taipei,25.0566,121.5054,10,"Taiwan Mobile Co., Ltd.",24158
2025-01-08 00:10:44.390000 UTC,2025,08:10:44,ndt-zz5jt_1732753005_00000000002CB883,Download,371.67624929869908,38.806,0.0,Taipei City,Taipei,25.0566,121.5054,100,"Far EastTone Telecommunication Co., Ltd.",9674
2025-01-07 23:22:59.011005 UTC,2025,07:22:59,ndt-zz5jt_1732753005_00000000002C2DCF,Download,20.152193811690228,25.007,0.018280219441338785,Taipei City,Taipei,25.0566,121.5054,5,Mobile Business Group,17421
2025-01-07 23:21:12.735400 UTC,2025,07:21:12,ndt-7h8vt_1732822567_00000000002A5CBF,Download,27.441660240555215,46.259,8.2873603912748373e-05,Taipei City,Taipei,25.0566,121.5054,50,"Far EastTone Telecommunication Co., Ltd.",9674
2025-01-07 23:19:06.443759 UTC,2025,07:19:06,ndt-zz5jt_1732753005_00000000002C4B54,Download,10.847340862009705,43.515,0.18454762706140837,Taipei City,Taipei,25.0566,121.5054,50,"Far EastTone Telecommunication Co., Ltd.",9674
2025-01-07 22:59:31.072557 UTC,2025,06:59:31,ndt-zz5jt_1732753005_00000000002D269E,Download,87.647759459220012,22.723,0.0014882282401292206,Taipei City,Taipei,25.0566,121.5054,5,Taiwan Star Telecom Corporation Limited.(Former Vibo Telecom Inc.),24157
2025-01-07 22:39:42.178684 UTC,2025,06:39:42,ndt-zz5jt_1732753005_00000000002C8BAF,Download,11.455094387653032,21.36,0.0,Taipei City,Taipei,25.0566,121.5054,5,"Taiwan Mobile Co., Ltd.",24158
2025-01-07 22:25:07.532388 UTC,2025,06:25:07,ndt-qz6rr_1732705542_00000000002B6EA1,Download,43.398853973744949,20.498,7.4590985914845019e-05,Taipei City,Taipei,25.0566,121.5054,20,Taiwan Star Telecom Corporation Limited.(Former Vibo Telecom Inc.),24157
2025-01-07 22:21:35.328667 UTC,2025,06:21:35,ndt-zz5jt_1732753005_00000000002C5D0D,Download,50.569973697104963,21.19,0.0,Taipei City,Taipei,25.0566,121.5054,20,Taiwan Star Telecom Corporation Limited.(Former Vibo Telecom Inc.),24157
2025-01-07 22:21:11.028869 UTC,2025,06:21:11,ndt-zz5jt_1732753005_00000000002CE78C,Download,36.934827862834211,20.924,0.033080105553891855,Taipei City,Taipei,25.0566,121.5054,20,Taiwan Star Telecom Corporation Limited.(Former Vibo Telecom Inc.),24157
2025-01-07 22:20:49.567311 UTC,2025,06:20:49,ndt-7h8vt_1732822567_00000000002A6C86,Download,26.022228152235755,25.142,0.0013527497872640063,Taipei City,Taipei,25.0566,121.5054,20,Taiwan Star Telecom Corporation Limited.(Former Vibo Telecom Inc.),24157
2025-01-07 22:20:25.111362 UTC,2025,06:20:25,ndt-zz5jt_1732753005_00000000002B9FBF,Download,27.143264765389734,22.304,0.0028866683961611904,Taipei City,Taipei,25.0566,121.5054,20,Taiwan Star Telecom Corporation Limited.(Former Vibo Telecom Inc.),24157
2025-01-07 22:19:58.876965 UTC,2025,06:19:58,ndt-virtual-whvch_1732499076_000000000042C02A,Download,18.184348235086141,21.599,0.0021091612379856408,Taipei City,Taipei,25.0566,121.5054,20,Taiwan Star Telecom Corporation Limited.(Former Vibo Telecom Inc.),24157
2025-01-07 22:19:05.019317 UTC,2025,06:19:05,ndt-zz5jt_1732753005_00000000002CE785,Download,28.685394229176982,22.126,0.00053568995567766428,Taipei City,Taipei,25.0566,121.5054,20,Taiwan Star Telecom Corporation Limited.(Former Vibo Telecom Inc.),24157
2025-01-07 22:13:42.154767 UTC,2025,06:13:42,ndt-zz5jt_1732753005_00000000002BFFCD,Download,44.2375168421059,21.009,7.47381137556634e-05,Taipei City,Taipei,25.0566,121.5054,20,Taiwan Star Telecom Corporation Limited.(Former Vibo Telecom Inc.),24157
2025-01-07 22:13:17.769992 UTC,2025,06:13:17,ndt-qz6rr_1732705542_00000000002B6E95,Download,31.470897581103753,22.875,1.3786886790403177e-05,Taipei City,Taipei,25.0566,121.5054,20,Taiwan Star Telecom Corporation Limited.(Former Vibo Telecom Inc.),24157
2025-01-07 22:12:24.937021 UTC,2025,06:12:24,ndt-zz5jt_1732753005_00000000002CF6C5,Download,29.724390137813632,26.931,0.0028233547638626191,Taipei City,Taipei,25.0566,121.5054,20,Taiwan Star Telecom Corporation Limited.(Former Vibo Telecom Inc.),24157
2025-01-07 22:08:14.639393 UTC,2025,06:08:14,ndt-7h8vt_1732822567_00000000002A5C7D,Download,22.931861420634977,49.294,0.00059311580700352224,Taipei City,Taipei,25.0566,121.5054,100,"Far EastTone Telecommunication Co., Ltd.",9674
2025-01-07 22:07:19.169264 UTC,2025,06:07:19,ndt-7h8vt_1732822567_00000000002BA6E1,Download,19.182127780601483,21.192,0.00017885333271788691,Taipei City,Taipei,25.0566,121.5054,20,Taiwan Star Telecom Corporation Limited.(Former Vibo Telecom Inc.),24157
2025-01-07 22:06:17.673776 UTC,2025,06:06:17,ndt-qz6rr_1732705542_00000000002DE011,Download,172.31750977680838,52.85,0.0,Taipei City,Taipei,25.0566,121.5054,20,"Far EastTone Telecommunication Co., Ltd.",9674
2025-01-07 22:06:09.043601 UTC,2025,06:06:09,ndt-qz6rr_1732705542_00000000002C1A5E,Download,10.804606183435583,21.899,0.0,Taipei City,Taipei,25.0566,121.5054,20,Taiwan Star Telecom Corporation Limited.(Former Vibo Telecom Inc.),24157
2025-01-07 21:55:53.262919 UTC,2025,05:55:53,ndt-7h8vt_1732822567_00000000002B094C,Download,26.472335460806104,19.99,0.058021317765969173,Taipei City,Taipei,25.0566,121.5054,5,Mobile Business Group,17421
2025-01-07 21:55:23.802422 UTC,2025,05:55:23,ndt-virtual-whvch_1732499076_000000000042A647,Download,3.5997224845461111,21.0,0.11654643967811228,Taipei City,Taipei,25.0566,121.5054,5,Mobile Business Group,17421
2025-01-07 21:52:01.858579 UTC,2025,05:52:01,ndt-qz6rr_1732705542_00000000002B0F70,Download,19.325410192218413,18.104,0.052625951707023361,Taipei City,Taipei,25.0566,121.5054,5,Mobile Business Group,17421
2025-01-07 21:32:49.245081 UTC,2025,05:32:49,ndt-7h8vt_1732822567_00000000002AAB16,Download,4.408507906604644,22.837,0.0028146161809881028,Taipei City,Taipei,25.0566,121.5054,20,Taiwan Star Telecom Corporation Limited.(Former Vibo Telecom Inc.),24157
2025-01-07 21:32:19.944469 UTC,2025,05:32:19,ndt-qz6rr_1732705542_00000000002B3E58,Download,47.190701464383231,21.365,0.016548466955099709,Taipei City,Taipei,25.0566,121.5054,20,Taiwan Star Telecom Corporation Limited.(Former Vibo Telecom Inc.),24157
2025-01-07 21:31:53.201214 UTC,2025,05:31:53,ndt-qz6rr_1732705542_00000000002D90D5,Download,57.312014643033066,21.701,0.0,Taipei City,Taipei,25.0566,121.5054,20,Taiwan Star Telecom Corporation Limited.(Former Vibo Telecom Inc.),24157
2025-01-07 21:30:58.285182 UTC,2025,05:30:58,ndt-virtual-whvch_1732499076_0000000000429B8B,Download,0.13656445274319343,64.541,0.0,Taipei City,Taipei,25.0566,121.5054,20,Taiwan Star Telecom Corporation Limited.(Former Vibo Telecom Inc.),24157
2025-01-07 21:30:37.210552 UTC,2025,05:30:37,ndt-qz6rr_1732705542_00000000002AAFF5,Download,26.13952727504708,19.94,0.076659679403559514,Taipei City,Taipei,25.0566,121.5054,5,Mobile Business Group,17421
2025-01-07 21:30:15.841754 UTC,2025,05:30:15,ndt-virtual-whvch_1732499076_0000000000429B83,Download,5.7257402351435864,19.99,0.001761862934202961,Taipei City,Taipei,25.0566,121.5054,20,Taiwan Star Telecom Corporation Limited.(Former Vibo Telecom Inc.),24157
2025-01-07 21:29:48.085236 UTC,2025,05:29:48,ndt-zz5jt_1732753005_00000000002C2D05,Download,56.625578485947493,20.226,0.00025223906748763936,Taipei City,Taipei,25.0566,121.5054,20,Taiwan Star Telecom Corporation Limited.(Former Vibo Telecom Inc.),24157
2025-01-07 21:28:23.482986 UTC,2025,05:28:23,ndt-virtual-whvch_1732499076_000000000042B07F,Download,2.7148610592036286,21.878,0.0,Taipei City,Taipei,25.0566,121.5054,20,Taiwan Star Telecom Corporation Limited.(Former Vibo Telecom Inc.),24157
2025-01-07 21:27:40.849278 UTC,2025,05:27:40,ndt-virtual-whvch_1732499076_0000000000428D07,Download,0.25354907764225593,35.341,0.010162542945405202,Taipei City,Taipei,25.0566,121.5054,20,Taiwan Star Telecom Corporation Limited.(Former Vibo Telecom Inc.),24157
2025-01-07 21:26:57.906080 UTC,2025,05:26:57,ndt-zz5jt_1732753005_00000000002BAF06,Download,0.16967549398021523,183.989,0.035143396245607077,Taipei City,Taipei,25.0566,121.5054,20,Taiwan Star Telecom Corporation Limited.(Former Vibo Telecom Inc.),24157
2025-01-07 21:25:39.620697 UTC,2025,05:25:39,ndt-qz6rr_1732705542_00000000002C1A39,Download,1.3749096524976367,24.045,0.0097672638621158856,Taipei City,Taipei,25.0566,121.5054,20,Taiwan Star Telecom Corporation Limited.(Former Vibo Telecom Inc.),24157
2025-01-07 20:41:46.128435 UTC,2025,04:41:46,ndt-qz6rr_1732705542_00000000002C6F7A,Download,240.40549681550303,22.298,0.053653435007974891,Taipei City,Taipei,25.0566,121.5054,5,Mobile Business Group,17421
2025-01-07 20:35:16.457643 UTC,2025,04:35:16,ndt-virtual-whvch_1732499076_000000000042981B,Download,27.603298156665165,20.411,0.0,Taipei City,Taipei,25.0566,121.5054,20,Taiwan Star Telecom Corporation Limited.(Former Vibo Telecom Inc.),24157
2025-01-07 20:28:16.416062 UTC,2025,04:28:16,ndt-qz6rr_1732705542_00000000002C6F5C,Download,26.348380166766489,21.372,0.060060018600196,Taipei City,Taipei,25.0566,121.5054,5,Mobile Business Group,17421
2025-01-07 20:25:49.115845 UTC,2025,04:25:49,ndt-zz5jt_1732753005_00000000002D2590,Download,26.202871614158145,20.06,0.064728152945871,Taipei City,Taipei,25.0566,121.5054,5,Mobile Business Group,17421
2025-01-07 20:08:28.506622 UTC,2025,04:08:28,ndt-virtual-whvch_1732499076_000000000042964D,Download,18.28484723408851,19.773,0.0,Taipei City,Taipei,25.0566,121.5054,10,"Taiwan Mobile Co., Ltd.",24158
2025-01-07 20:01:01.535694 UTC,2025,04:01:01,ndt-qz6rr_1732705542_00000000002B3DEC,Download,25.318476927039754,54.073,0.0002682626919203053,Taipei City,Taipei,25.0566,121.5054,100,"Far EastTone Telecommunication Co., Ltd.",9674
2025-01-07 19:33:55.710089 UTC,2025,03:33:55,ndt-tr4x7_1732671885_000000000031A6B0,Download,21.856553821414643,289.21,0.22859738687731498,Taipei City,Taipei,25.0566,121.5054,5,Mobile Business Group,17421
2025-01-07 19:31:41.248841 UTC,2025,03:31:41,ndt-virtual-whvch_1732499076_00000000004286CC,Download,25.863653780466635,19.733,0.065782277038249515,Taipei City,Taipei,25.0566,121.5054,5,Mobile Business Group,17421
2025-01-07 19:29:21.040454 UTC,2025,03:29:21,ndt-qz6rr_1732705542_00000000002D54A0,Download,25.201625669991696,20.612,0.069430634726643459,Taipei City,Taipei,25.0566,121.5054,5,Mobile Business Group,17421
2025-01-07 19:28:17.313069 UTC,2025,03:28:17,ndt-qz6rr_1732705542_00000000002D27AF,Download,26.188190163371857,21.584,0.067966511044170175,Taipei City,Taipei,25.0566,121.5054,5,Mobile Business Group,17421
2025-01-07 19:27:53.305085 UTC,2025,03:27:53,ndt-7h8vt_1732822567_00000000002B9636,Download,3.9495921341412012,47.974,0.0,Taipei City,Taipei,25.0566,121.5054,10,"Taiwan Mobile Co., Ltd.",24158
2025-01-07 19:27:50.120395 UTC,2025,03:27:50,ndt-virtual-whvch_1732499076_0000000000428688,Download,0.25979811498182176,64.159,0.0,Taipei City,Taipei,25.0566,121.5054,10,"Taiwan Mobile Co., Ltd.",24158
2025-01-07 19:27:39.557528 UTC,2025,03:27:39,ndt-virtual-whvch_1732499076_0000000000428685,Download,3.8228388044093524,31.968,0.0,Taipei City,Taipei,25.0566,121.5054,10,"Taiwan Mobile Co., Ltd.",24158
2025-01-07 19:27:35.332580 UTC,2025,03:27:35,ndt-7h8vt_1732822567_00000000002BDAB8,Download,7.2305559893799778,37.403,0.0,Taipei City,Taipei,25.0566,121.5054,10,"Taiwan Mobile Co., Ltd.",24158
2025-01-07 19:27:30.615324 UTC,2025,03:27:30,ndt-7h8vt_1732822567_000000000029BE60,Download,4.0725119233897047,29.085,0.0,Taipei City,Taipei,25.0566,121.5054,10,"Taiwan Mobile Co., Ltd.",24158
2025-01-07 19:27:24.013443 UTC,2025,03:27:24,ndt-7h8vt_1732822567_00000000002BA662,Download,2.4773935932313762,32.225,0.0,Taipei City,Taipei,25.0566,121.5054,10,"Taiwan Mobile Co., Ltd.",24158
2025-01-07 19:03:29.514229 UTC,2025,03:03:29,ndt-7h8vt_1732822567_00000000002B47A9,Download,28.976174140641866,26.779,0.0,Taipei City,Taipei,25.0566,121.5054,10,"Taiwan Mobile Co., Ltd.",24158
2025-01-07 19:03:12.636632 UTC,2025,03:03:12,ndt-qz6rr_1732705542_00000000002C1997,Download,45.875697451426042,29.113,0.0,Taipei City,Taipei,25.0566,121.5054,10,"Taiwan Mobile Co., Ltd.",24158
2025-01-07 19:03:03.680973 UTC,2025,03:03:03,ndt-zz5jt_1732753005_00000000002CF57F,Download,33.780844199130733,22.967,0.0,Taipei City,Taipei,25.0566,121.5054,10,"Taiwan Mobile Co., Ltd.",24158
2025-01-07 19:02:58.144886 UTC,2025,03:02:58,ndt-kvfdv_1732584141_000000000033116F,Download,34.3051766696411,164.291,0.00019603473978379939,Taipei City,Taipei,25.0566,121.5054,10,"Taiwan Mobile Co., Ltd.",24158
2025-01-07 18:44:28.073047 UTC,2025,02:44:28,ndt-7h8vt_1732822567_000000000029AF6B,Download,9.7013493672994446,20.212,0.0,Taipei City,Taipei,25.0566,121.5054,5,"Taiwan Mobile Co., Ltd.",24158
2025-01-07 18:41:47.253582 UTC,2025,02:41:47,ndt-qz6rr_1732705542_00000000002CD4F8,Download,20.716537288376575,54.889,0.30031084705843625,Taipei City,Taipei,25.0566,121.5054,100,"Far EastTone Telecommunication Co., Ltd.",9674
2025-01-07 18:28:37.619569 UTC,2025,02:28:37,ndt-7h8vt_1732822567_000000000029FE4F,Download,19.367301445462076,43.153,0.0,Taipei City,Taipei,25.0566,121.5054,50,"Far EastTone Telecommunication Co., Ltd.",9674
2025-01-07 18:25:50.442239 UTC,2025,02:25:50,ndt-qz6rr_1732705542_00000000002BBAF5,Download,43.975771688946146,26.662,0.0,Taipei City,Taipei,25.0566,121.5054,5,"Taiwan Mobile Co., Ltd.",24158
2025-01-07 18:23:44.414784 UTC,2025,02:23:44,ndt-zz5jt_1732753005_00000000002CA6D7,Download,111.46947550128907,21.08,0.0,Taipei City,Taipei,25.0566,121.5054,5,Mobile Business Group,17421
2025-01-07 18:08:14.752606 UTC,2025,02:08:14,ndt-qz6rr_1732705542_00000000002B4D7A,Download,25.563603959407004,21.0,0.00030378769303738954,Taipei City,Taipei,25.0566,121.5054,20,Taiwan Star Telecom Corporation Limited.(Former Vibo Telecom Inc.),24157
2025-01-07 18:07:14.552188 UTC,2025,02:07:14,ndt-7h8vt_1732822567_00000000002C50D5,Download,48.337040202224124,20.687,0.0,Taipei City,Taipei,25.0566,121.5054,20,Taiwan Star Telecom Corporation Limited.(Former Vibo Telecom Inc.),24157
2025-01-07 18:06:48.738102 UTC,2025,02:06:48,ndt-7h8vt_1732822567_000000000029FE34,Download,45.818591111678643,62.789,0.0,Taipei City,Taipei,25.0566,121.5054,20,Taiwan Star Telecom Corporation Limited.(Former Vibo Telecom Inc.),24157
2025-01-07 18:06:47.784142 UTC,2025,02:06:47,ndt-virtual-whvch_1732499076_0000000000428168,Download,18.185354505859191,18.753,0.0,Taipei City,Taipei,25.0566,121.5054,20,Taiwan Star Telecom Corporation Limited.(Former Vibo Telecom Inc.),24157
2025-01-07 18:05:48.634801 UTC,2025,02:05:48,ndt-virtual-whvch_1732499076_0000000000426734,Download,2.2455457403802965,22.914,0.0,Taipei City,Taipei,25.0566,121.5054,20,Taiwan Star Telecom Corporation Limited.(Former Vibo Telecom Inc.),24157
2025-01-07 18:04:22.816158 UTC,2025,02:04:22,ndt-zz5jt_1732753005_00000000002C5B3F,Download,0.42060966847993431,27.497,0.01745985622781196,Taipei City,Taipei,25.0566,121.5054,20,Taiwan Star Telecom Corporation Limited.(Former Vibo Telecom Inc.),24157
2025-01-07 18:04:09.431260 UTC,2025,02:04:09,ndt-qz6rr_1732705542_00000000002B4D73,Download,2.8011726179685095,21.854,0.096015658495094067,Taipei City,Taipei,25.0566,121.5054,10,"Taiwan Mobile Co., Ltd.",24158
2025-01-07 18:04:05.152654 UTC,2025,02:04:05,ndt-qz6rr_1732705542_00000000002B4D72,Download,0.0714346665594369,35.802,0.21615327801190423,Taipei City,Taipei,25.0566,121.5054,20,Taiwan Star Telecom Corporation Limited.(Former Vibo Telecom Inc.),24157
2025-01-07 18:03:18.175244 UTC,2025,02:03:18,ndt-virtual-whvch_1732499076_0000000000427498,Download,2.6478930793946152,22.001,0.0017757664417405337,Taipei City,Taipei,25.0566,121.5054,20,Taiwan Star Telecom Corporation Limited.(Former Vibo Telecom Inc.),24157
2025-01-07 18:02:14.582658 UTC,2025,02:02:14,ndt-qz6rr_1732705542_00000000002CF489,Download,8.93012244089823,30.052,0.0,Taipei City,Taipei,25.0566,121.5054,5,"Taiwan Mobile Co., Ltd.",24158
2025-01-07 17:59:23.899917 UTC,2025,01:59:23,ndt-virtual-whvch_1732499076_0000000000425D98,Download,25.756191800143093,20.574,0.0711696175134772,Taipei City,Taipei,25.0566,121.5054,5,Mobile Business Group,17421
2025-01-07 17:52:51.139921 UTC,2025,01:52:51,ndt-virtual-whvch_1732499076_0000000000426671,Download,2.8888789189304522,17.497,0.10543380003117639,Taipei City,Taipei,25.0566,121.5054,10,"Taiwan Mobile Co., Ltd.",24158
2025-01-07 17:51:04.887165 UTC,2025,01:51:04,ndt-zz5jt_1732753005_00000000002CC635,Download,3.4603352189137992,24.12,0.20354321716534007,Taipei City,Taipei,25.0566,121.5054,5,"Taiwan Mobile Co., Ltd.",24158
2025-01-07 17:49:21.566409 UTC,2025,01:49:21,ndt-7h8vt_1732822567_000000000029FE20,Download,4.0737249262031643,20.562,0.01300335302089908,Taipei City,Taipei,25.0566,121.5054,20,Taiwan Star Telecom Corporation Limited.(Former Vibo Telecom Inc.),24157
2025-01-07 17:48:21.956985 UTC,2025,01:48:21,ndt-zz5jt_1732753005_00000000002BFE32,Download,2.6171252247768457,23.63,0.01355463414992975,Taipei City,Taipei,25.0566,121.5054,20,Taiwan Star Telecom Corporation Limited.(Former Vibo Telecom Inc.),24157
2025-01-07 17:45:02.844526 UTC,2025,01:45:02,ndt-virtual-whvch_1732499076_0000000000425CC1,Download,0.65310571270476014,55.999,0.013328532575499418,Taipei City,Taipei,25.0566,121.5054,20,Taiwan Star Telecom Corporation Limited.(Former Vibo Telecom Inc.),24157
2025-01-07 17:44:59.133549 UTC,2025,01:44:59,ndt-7h8vt_1732822567_00000000002B4760,Download,2.2173610798779193,27.0,0.002429219538518598,Taipei City,Taipei,25.0566,121.5054,20,Taiwan Star Telecom Corporation Limited.(Former Vibo Telecom Inc.),24157
2025-01-07 17:44:15.113143 UTC,2025,01:44:15,ndt-qz6rr_1732705542_00000000002A8FE7,Download,5.5898330154675593,21.978,0.00419650675732733,Taipei City,Taipei,25.0566,121.5054,20,Taiwan Star Telecom Corporation Limited.(Former Vibo Telecom Inc.),24157
2025-01-07 17:43:31.600412 UTC,2025,01:43:31,ndt-zz5jt_1732753005_00000000002BBFC0,Download,46.882198016963812,24.123,0.0,Taipei City,Taipei,25.0566,121.5054,20,Taiwan Star Telecom Corporation Limited.(Former Vibo Telecom Inc.),24157
2025-01-07 17:43:07.693184 UTC,2025,01:43:07,ndt-tr4x7_1732671885_000000000031F45C,Download,15.107245521892645,310.569,0.0036560169520670253,Taipei City,Taipei,25.0566,121.5054,20,Taiwan Star Telecom Corporation Limited.(Former Vibo Telecom Inc.),24157
2025-01-07 17:42:40.398554 UTC,2025,01:42:40,ndt-qz6rr_1732705542_00000000002B4D58,Download,52.671263345423029,21.499,0.0033197558084254895,Taipei City,Taipei,25.0566,121.5054,20,Taiwan Star Telecom Corporation Limited.(Former Vibo Telecom Inc.),24157
2025-01-07 17:41:45.611599 UTC,2025,01:41:45,ndt-virtual-whvch_1732499076_0000000000424FF0,Download,2.4396932381148768,22.376,0.008964307308694559,Taipei City,Taipei,25.0566,121.5054,20,Taiwan Star Telecom Corporation Limited.(Former Vibo Telecom Inc.),24157
2025-01-07 17:41:13.317110 UTC,2025,01:41:13,ndt-qz6rr_1732705542_00000000002D709A,Download,14.365787989985792,20.792,0.0012987518719629885,Taipei City,Taipei,25.0566,121.5054,20,Taiwan Star Telecom Corporation Limited.(Former Vibo Telecom Inc.),24157
2025-01-07 17:33:43.818659 UTC,2025,01:33:43,ndt-qz6rr_1732705542_00000000002D3525,Download,33.890366745537108,55.32,0.00019787452551857363,Taipei City,Taipei,25.0566,121.5054,100,"Far EastTone Telecommunication Co., Ltd.",9674
2025-01-07 17:32:17.015076 UTC,2025,01:32:17,ndt-zz5jt_1732753005_00000000002CD61F,Download,26.100968075181537,20.786,0.067416226138414637,Taipei City,Taipei,25.0566,121.5054,5,Mobile Business Group,17421
2025-01-07 17:27:48.602376 UTC,2025,01:27:48,ndt-zz5jt_1732753005_00000000002CF4F3,Download,34.335290371818644,52.164,0.0,Taipei City,Taipei,25.0566,121.5054,100,"Far EastTone Telecommunication Co., Ltd.",9674
2025-01-07 17:19:30.291195 UTC,2025,01:19:30,ndt-virtual-whvch_1732499076_0000000000424E89,Download,290.29792793098653,19.572,0.0,Taipei City,Taipei,25.0566,121.5054,100,"Far EastTone Telecommunication Co., Ltd.",9674
2025-01-07 17:18:18.272814 UTC,2025,01:18:18,ndt-7h8vt_1732822567_00000000002BA5D5,Download,39.291639137590849,20.419,0.0,Taipei City,Taipei,25.0566,121.5054,20,Taiwan Star Telecom Corporation Limited.(Former Vibo Telecom Inc.),24157
2025-01-07 17:15:07.297593 UTC,2025,01:15:07,ndt-7h8vt_1732822567_00000000002BA5D3,Download,1.0809561352495334,54.99,0.001091410189093694,Taipei City,Taipei,25.0566,121.5054,100,"Far EastTone Telecommunication Co., Ltd.",9674
2025-01-07 17:14:29.253467 UTC,2025,01:14:29,ndt-zz5jt_1732753005_00000000002D247E,Download,68.78783142932744,58.666,7.84597224566461e-05,Taipei City,Taipei,25.0566,121.5054,50,"Far EastTone Telecommunication Co., Ltd.",9674
2025-01-07 17:14:20.640006 UTC,2025,01:14:20,ndt-zz5jt_1732753005_00000000002C0C7C,Download,2.7623667716723928,54.898,0.011580838092265823,Taipei City,Taipei,25.0566,121.5054,100,"Far EastTone Telecommunication Co., Ltd.",9674
2025-01-07 17:13:45.745601 UTC,2025,01:13:45,ndt-virtual-whvch_1732499076_0000000000425A87,Download,1.0560718305977361,39.165,0.0078006995227457437,Taipei City,Taipei,25.0566,121.5054,100,"Far EastTone Telecommunication Co., Ltd.",9674
2025-01-07 17:00:15.557783 UTC,2025,01:00:15,ndt-qz6rr_1732705542_00000000002D34FC,Download,60.320775210759223,50.091,1.8645499272218375e-05,Taipei City,Taipei,25.0566,121.5054,50,"Far EastTone Telecommunication Co., Ltd.",9674
2025-01-07 16:56:48.487751 UTC,2025,00:56:48,ndt-7h8vt_1732822567_00000000002B568F,Download,31.425362524850726,20.224,0.0,Taipei City,Taipei,25.0566,121.5054,20,Taiwan Star Telecom Corporation Limited.(Former Vibo Telecom Inc.),24157
2025-01-07 16:56:24.350586 UTC,2025,00:56:24,ndt-7h8vt_1732822567_00000000002B1F4A,Download,29.160680027114566,20.85,1.5167389192655678e-05,Taipei City,Taipei,25.0566,121.5054,20,Taiwan Star Telecom Corporation Limited.(Former Vibo Telecom Inc.),24157
2025-01-07 16:53:28.734809 UTC,2025,00:53:28,ndt-qz6rr_1732705542_00000000002CE94D,Download,292.76010633187815,41.682,0.0,Taipei City,Taipei,25.0566,121.5054,100,"Far EastTone Telecommunication Co., Ltd.",9674
2025-01-07 16:35:06.591169 UTC,2025,00:35:06,ndt-qz6rr_1732705542_00000000002A8F9E,Download,64.863318382331983,17.798,1.723241113008145e-05,Taipei City,Taipei,25.0566,121.5054,50,"Far EastTone Telecommunication Co., Ltd.",9674
2025-01-07 16:33:34.423469 UTC,2025,00:33:34,ndt-kvfdv_1732584141_0000000000322A29,Download,1.6286300618087119,313.674,0.11662060277488034,Taipei City,Taipei,25.0566,121.5054,5,"Taiwan Mobile Co., Ltd.",24158
2025-01-07 16:30:40.655291 UTC,2025,00:30:40,ndt-virtual-whvch_1732499076_0000000000423E7A,Download,177.72760487384093,16.468,0.0,Taipei City,Taipei,25.0566,121.5054,5,Mobile Business Group,17421
2025-01-07 16:29:10.381119 UTC,2025,00:29:10,ndt-zz5jt_1732753005_00000000002C5AA9,Download,19.8168713695668,20.041,0.0,Taipei City,Taipei,25.0566,121.5054,10,"Taiwan Mobile Co., Ltd.",24158
2025-01-07 16:25:26.299279 UTC,2025,00:25:26,ndt-qz6rr_1732705542_00000000002AAE8F,Download,125.6427115211519,21.031,0.0,Taipei City,Taipei,25.0566,121.5054,10,"Taiwan Mobile Co., Ltd.",24158
2025-01-07 16:21:36.282744 UTC,2025,00:21:36,ndt-qz6rr_1732705542_00000000002B6CEB,Download,229.15913334656767,43.723,0.022841014499973361,Taipei City,Taipei,25.0566,121.5054,20,"Far EastTone Telecommunication Co., Ltd.",9674
2025-01-07 16:18:43.370511 UTC,2025,00:18:43,ndt-qz6rr_1732705542_00000000002BF89A,Download,51.280220864760331,50.275,0.0,Taipei City,Taipei,25.0566,121.5054,50,"Far EastTone Telecommunication Co., Ltd.",9674
2025-01-07 16:14:20.379514 UTC,2025,00:14:20,ndt-qz6rr_1732705542_00000000002C4EE4,Download,23.537001719931204,23.004,0.0,Taipei City,Taipei,25.0566,121.5054,5,Mobile Business Group,17421
2025-01-07 16:14:01.885920 UTC,2025,00:14:01,ndt-virtual-whvch_1732499076_0000000000422FE7,Download,35.022270236197294,19.699,0.0,Taipei City,Taipei,25.0566,121.5054,5,Mobile Business Group,17421
2025-01-07 16:12:07.515317 UTC,2025,00:12:07,ndt-qz6rr_1732705542_00000000002C7D42,Download,19.915757840294056,25.555,0.0,Taipei City,Taipei,25.0566,121.5054,5,Mobile Business Group,17421
2025-01-07 16:11:17.438980 UTC,2025,00:11:17,ndt-qz6rr_1732705542_00000000002B4CFD,Download,11.111666939870881,38.264,0.14604803254979104,Taipei City,Taipei,25.0566,121.5054,20,"Far EastTone Telecommunication Co., Ltd.",9674
2025-01-07 16:10:16.673973 UTC,2025,00:10:16,ndt-zz5jt_1732753005_00000000002C5A8D,Download,6.0153568095923635,24.419,0.00040158907198555418,Taipei City,Taipei,25.0566,121.5054,100,"Far EastTone Telecommunication Co., Ltd.",9674
2025-01-07 16:06:48.288549 UTC,2025,00:06:48,ndt-7h8vt_1732822567_00000000002B75ED,Download,95.76314145597496,50.574,1.1269429973422301e-05,Taipei City,Taipei,25.0566,121.5054,100,"Far EastTone Telecommunication Co., Ltd.",9674
2025-01-07 16:03:21.094400 UTC,2025,00:03:21,ndt-fnw9k_1732665153_00000000002FAA3F,Download,20.637889076264869,302.427,0.23302419973585603,Taipei City,Taipei,25.0566,121.5054,5,Mobile Business Group,17421
2025-01-07 15:58:17.025684 UTC,2025,23:58:17,ndt-qz6rr_1732705542_00000000002D16B8,Download,265.15235276042631,20.843,0.069107395152159093,Taipei City,Taipei,25.0566,121.5054,5,Mobile Business Group,17421
2025-01-07 15:58:01.382270 UTC,2025,23:58:01,ndt-virtual-whvch_1732499076_0000000000423C6A,Download,712.99994862560811,10.352,0.00021641319500700812,Taipei City,Taipei,25.0566,121.5054,5,Mobile Business Group,17421
2025-01-07 15:57:49.992774 UTC,2025,23:57:49,ndt-virtual-whvch_1732499076_0000000000422EE3,Download,37.4983299356743,20.868,0.0025329539020193608,Taipei City,Taipei,25.0566,121.5054,5,"Taiwan Mobile Co., Ltd.",24158
2025-01-07 15:54:52.944094 UTC,2025,23:54:52,ndt-zz5jt_1732753005_00000000002BAD49,Download,18.04550096072866,44.644,0.0010045825789039768,Taipei City,Taipei,25.0566,121.5054,50,"Far EastTone Telecommunication Co., Ltd.",9674
2025-01-07 15:54:32.168334 UTC,2025,23:54:32,ndt-7h8vt_1732822567_00000000002A4B80,Download,63.880849542068404,22.244,0.0,Taipei City,Taipei,25.0566,121.5054,5,"Taiwan Mobile Co., Ltd.",24158
2025-01-07 15:53:32.667163 UTC,2025,23:53:32,ndt-7h8vt_1732822567_00000000002B36B8,Download,0.37866769212865165,246.911,0.0,Taipei City,Taipei,25.0566,121.5054,5,"Taiwan Mobile Co., Ltd.",24158
2025-01-07 15:53:03.424042 UTC,2025,23:53:03,ndt-qz6rr_1732705542_00000000002AAE6F,Download,33.93498342762858,54.396,0.036099948120785937,Taipei City,Taipei,25.0566,121.5054,100,"Far EastTone Telecommunication Co., Ltd.",9674
2025-01-07 15:45:07.804970 UTC,2025,23:45:07,ndt-virtual-whvch_1732499076_000000000042482D,Download,187.49334197180838,19.0,0.05854295513977701,Taipei City,Taipei,25.0566,121.5054,5,Mobile Business Group,17421
2025-01-07 15:44:44.753128 UTC,2025,23:44:44,ndt-qz6rr_1732705542_00000000002B6CC0,Download,185.76982135958951,22.657,0.0,Taipei City,Taipei,25.0566,121.5054,50,"Taiwan Mobile Co., Ltd.",24158
2025-01-07 15:44:42.010441 UTC,2025,23:44:42,ndt-qz6rr_1732705542_00000000002ABE77,Download,194.49659731972437,23.976,0.021765675020517017,Taipei City,Taipei,25.0566,121.5054,5,Mobile Business Group,17421
2025-01-07 15:43:16.870908 UTC,2025,23:43:16,ndt-zz5jt_1732753005_00000000002C5A56,Download,82.573743284334256,45.135,1.3657801506943286e-05,Taipei City,Taipei,25.0566,121.5054,100,"Far EastTone Telecommunication Co., Ltd.",9674
2025-01-07 15:43:12.852286 UTC,2025,23:43:12,ndt-7h8vt_1732822567_00000000002B46ED,Download,32.658551167167055,51.029,0.094434987895058164,Taipei City,Taipei,25.0566,121.5054,100,"Far EastTone Telecommunication Co., Ltd.",9674
2025-01-07 15:42:42.397790 UTC,2025,23:42:42,ndt-7h8vt_1732822567_00000000002AA9A3,Download,73.019276655186474,51.704,0.0,Taipei City,Taipei,25.0566,121.5054,100,"Far EastTone Telecommunication Co., Ltd.",9674
2025-01-07 15:42:09.372207 UTC,2025,23:42:09,ndt-zz5jt_1732753005_00000000002C2AF2,Download,32.5341415464345,54.471,0.089998016516279672,Taipei City,Taipei,25.0566,121.5054,100,"Far EastTone Telecommunication Co., Ltd.",9674
2025-01-07 15:40:49.262345 UTC,2025,23:40:49,ndt-qz6rr_1732705542_00000000002C189D,Download,145.32767066111035,23.185,0.0,Taipei City,Taipei,25.0566,121.5054,5,Mobile Business Group,17421
2025-01-07 15:35:23.649928 UTC,2025,23:35:23,ndt-7h8vt_1732822567_00000000002A6B20,Download,27.128409838057348,63.575,0.034290882846153947,Taipei City,Taipei,25.0566,121.5054,100,"Far EastTone Telecommunication Co., Ltd.",9674
2025-01-07 15:23:58.253705 UTC,2025,23:23:58,ndt-zz5jt_1732753005_00000000002D23C2,Download,47.174413723493039,27.328,0.010012476647333868,Taipei City,Taipei,25.0566,121.5054,5,Mobile Business Group,17421
2025-01-07 15:22:51.476483 UTC,2025,23:22:51,ndt-7h8vt_1732822567_00000000002A6B11,Download,51.085425496609112,51.829,0.09414617046598113,Taipei City,Taipei,25.0566,121.5054,50,"Far EastTone Telecommunication Co., Ltd.",9674
2025-01-07 15:18:54.180670 UTC,2025,23:18:54,ndt-qz6rr_1732705542_00000000002B3CB5,Download,18.813563247396409,25.288,0.0011891110734588036,Taipei City,Taipei,25.0566,121.5054,5,Mobile Business Group,17421
2025-01-07 15:15:37.663772 UTC,2025,23:15:37,ndt-zz5jt_1732753005_00000000002C5A28,Download,46.566785419276641,51.226,0.15647559025702712,Taipei City,Taipei,25.0566,121.5054,100,"Far EastTone Telecommunication Co., Ltd.",9674
2025-01-07 15:08:31.594717 UTC,2025,23:08:31,ndt-zz5jt_1732753005_00000000002CC529,Download,21.820637325578552,21.812,0.00040986918378532,Taipei City,Taipei,25.0566,121.5054,50,"Far EastTone Telecommunication Co., Ltd.",9674
2025-01-07 15:05:41.357930 UTC,2025,23:05:41,ndt-virtual-whvch_1732499076_0000000000424579,Download,2.5039460157942246,32.274,0.025199827361297489,Taipei City,Taipei,25.0566,121.5054,10,Taiwan Star Telecom Corporation Limited.(Former Vibo Telecom Inc.),24157
2025-01-07 15:02:12.185620 UTC,2025,23:02:12,ndt-zz5jt_1732753005_00000000002B8DE4,Download,29.210898738630345,58.781,0.00033655579665649342,Taipei City,Taipei,25.0566,121.5054,50,"Far EastTone Telecommunication Co., Ltd.",9674
2025-01-07 15:02:06.750759 UTC,2025,23:02:06,ndt-qz6rr_1732705542_00000000002D52B4,Download,29.067309865199483,34.445,0.00026108156027169045,Taipei City,Taipei,25.0566,121.5054,10,"Taiwan Mobile Co., Ltd.",24158
2025-01-07 15:01:09.431740 UTC,2025,23:01:09,ndt-virtual-whvch_1732499076_000000000042388E,Download,35.659425911792063,23.935,9.1460304469008445e-05,Taipei City,Taipei,25.0566,121.5054,100,"Far EastTone Telecommunication Co., Ltd.",9674
2025-01-07 15:01:05.200697 UTC,2025,23:01:05,ndt-virtual-whvch_1732499076_0000000000422B21,Download,4.3896998163490331,24.078,0.0043231843262514875,Taipei City,Taipei,25.0566,121.5054,5,Mobile Business Group,17421
2025-01-07 14:59:57.204540 UTC,2025,22:59:57,ndt-qz6rr_1732705542_00000000002C6CB9,Download,84.08755669598132,15.619,0.0040605359151224853,Taipei City,Taipei,25.0566,121.5054,50,"Far EastTone Telecommunication Co., Ltd.",18412
2025-01-07 14:57:23.356641 UTC,2025,22:57:23,ndt-zz5jt_1732753005_00000000002C3B0C,Download,19.19478310247721,45.827,0.0,Taipei City,Taipei,25.0566,121.5054,50,"Far EastTone Telecommunication Co., Ltd.",9674
2025-01-07 14:56:54.500162 UTC,2025,22:56:54,ndt-qz6rr_1732705542_00000000002C187D,Download,15.554726028251876,48.175,0.0021748198805950783,Taipei City,Taipei,25.0566,121.5054,100,"Far EastTone Telecommunication Co., Ltd.",9674
2025-01-07 14:56:36.461901 UTC,2025,22:56:36,ndt-zz5jt_1732753005_00000000002C974A,Download,3.919031514189085,48.802,0.0027762996552761262,Taipei City,Taipei,25.0566,121.5054,20,"Far EastTone Telecommunication Co., Ltd.",9674
2025-01-07 14:56:27.407470 UTC,2025,22:56:27,ndt-zz5jt_1732753005_00000000002D312A,Download,5.3458551091738,52.241,0.00035559980797610367,Taipei City,Taipei,25.0566,121.5054,20,"Far EastTone Telecommunication Co., Ltd.",9674
2025-01-07 14:49:35.655373 UTC,2025,22:49:35,ndt-zz5jt_1732753005_00000000002C2A93,Download,22.970482359713532,47.177,0.00010263571571709202,Taipei City,Taipei,25.0566,121.5054,50,"Far EastTone Telecommunication Co., Ltd.",9674
2025-01-07 14:47:17.675388 UTC,2025,22:47:17,ndt-virtual-whvch_1732499076_00000000004237A3,Download,16.177670813498736,19.945,0.025855611307111882,Taipei City,Taipei,25.0566,121.5054,5,Mobile Business Group,17421
2025-01-07 14:45:26.369299 UTC,2025,22:45:26,ndt-qz6rr_1732705542_00000000002B4CB3,Download,31.0596215129622,20.582,7.0240976867999569e-05,Taipei City,Taipei,25.0566,121.5054,20,Taiwan Star Telecom Corporation Limited.(Former Vibo Telecom Inc.),24157
2025-01-07 14:45:07.146746 UTC,2025,22:45:07,ndt-qz6rr_1732705542_00000000002BF83B,Download,32.64037728966445,20.204,0.0,Taipei City,Taipei,25.0566,121.5054,20,Taiwan Star Telecom Corporation Limited.(Former Vibo Telecom Inc.),24157
2025-01-07 14:42:54.564792 UTC,2025,22:42:54,ndt-virtual-whvch_1732499076_0000000000422A16,Download,20.027395745058971,24.9,0.075659102905996672,Taipei City,Taipei,25.0566,121.5054,50,"Far EastTone Telecommunication Co., Ltd.",9674
2025-01-07 14:39:41.648346 UTC,2025,22:39:41,ndt-7h8vt_1732822567_0000000000297FFC,Download,20.962359877947279,25.07,0.032355962079678446,Taipei City,Taipei,25.0566,121.5054,5,"Taiwan Mobile Co., Ltd.",24158
2025-01-07 14:39:04.576823 UTC,2025,22:39:04,ndt-virtual-whvch_1732499076_00000000004243C4,Download,0.25159993436166722,95.86,0.0451918537450958,Taipei City,Taipei,25.0566,121.5054,20,"Far EastTone Telecommunication Co., Ltd.",9674
2025-01-07 14:33:27.352948 UTC,2025,22:33:27,ndt-zz5jt_1732753005_00000000002D40CE,Download,1.2050363145060305,51.603,0.18670091288092061,Taipei City,Taipei,25.0566,121.5054,20,"Far EastTone Telecommunication Co., Ltd.",9674
2025-01-07 14:32:37.558061 UTC,2025,22:32:37,ndt-zz5jt_1732753005_00000000002CB4D9,Download,13.888461139896373,30.099,0.0,Taipei City,Taipei,25.0566,121.5054,10,"Taiwan Mobile Co., Ltd.",24158
2025-01-07 14:31:36.506150 UTC,2025,22:31:36,ndt-qz6rr_1732705542_00000000002A8F0D,Download,46.994361290703509,57.959,0.00032667962282321105,Taipei City,Taipei,25.0566,121.5054,50,"Far EastTone Telecommunication Co., Ltd.",9674
2025-01-07 14:30:38.711777 UTC,2025,22:30:38,ndt-7h8vt_1732822567_00000000002BC8D2,Download,14.017739344916215,54.566,0.024704973588674486,Taipei City,Taipei,25.0566,121.5054,20,"Far EastTone Telecommunication Co., Ltd.",9674
2025-01-07 14:26:33.334957 UTC,2025,22:26:33,ndt-qz6rr_1732705542_00000000002A9FAE,Download,0.8409585118522187,53.256,0.084143538978257021,Taipei City,Taipei,25.0566,121.5054,50,"Far EastTone Telecommunication Co., Ltd.",9674
2025-01-07 14:16:28.051775 UTC,2025,22:16:28,ndt-qz6rr_1732705542_00000000002A7EE6,Download,1.6621837762429073,47.0,0.16136917570398285,Taipei City,Taipei,25.0566,121.5054,20,"Far EastTone Telecommunication Co., Ltd.",9674
2025-01-07 14:14:03.896564 UTC,2025,22:14:03,ndt-virtual-whvch_1732499076_0000000000423584,Download,5.3070726444066763,21.304,0.27710773770796104,Taipei City,Taipei,25.0566,121.5054,5,"Taiwan Mobile Co., Ltd.",24158
2025-01-07 14:13:18.361493 UTC,2025,22:13:18,ndt-zz5jt_1732753005_00000000002CE45C,Download,23.894319503914549,51.818,0.0,Taipei City,Taipei,25.0566,121.5054,50,"Far EastTone Telecommunication Co., Ltd.",9674
2025-01-07 14:11:53.221696 UTC,2025,22:11:53,ndt-zz5jt_1732753005_00000000002C59C0,Download,38.616731784814775,20.314,0.00011458229220217341,Taipei City,Taipei,25.0566,121.5054,20,Taiwan Star Telecom Corporation Limited.(Former Vibo Telecom Inc.),24157
2025-01-07 14:11:01.249202 UTC,2025,22:11:01,ndt-7h8vt_1732822567_00000000002C2242,Download,38.146763705396388,20.173,0.00092311698766955,Taipei City,Taipei,25.0566,121.5054,20,Taiwan Star Telecom Corporation Limited.(Former Vibo Telecom Inc.),24157
2025-01-07 14:10:33.726484 UTC,2025,22:10:33,ndt-virtual-whvch_1732499076_0000000000424205,Download,35.903620518780357,19.824,0.00015304953298629406,Taipei City,Taipei,25.0566,121.5054,20,Taiwan Star Telecom Corporation Limited.(Former Vibo Telecom Inc.),24157
2025-01-07 14:10:08.684471 UTC,2025,22:10:08,ndt-qz6rr_1732705542_00000000002C7C45,Download,32.534162511807573,22.772,0.00020269229239580505,Taipei City,Taipei,25.0566,121.5054,20,Taiwan Star Telecom Corporation Limited.(Former Vibo Telecom Inc.),24157
2025-01-07 14:09:38.537608 UTC,2025,22:09:38,ndt-zz5jt_1732753005_00000000002C1A9C,Download,28.782607095701451,21.598,0.00091465944447510035,Taipei City,Taipei,25.0566,121.5054,20,Taiwan Star Telecom Corporation Limited.(Former Vibo Telecom Inc.),24157
2025-01-07 14:09:07.495585 UTC,2025,22:09:07,ndt-7h8vt_1732822567_00000000002B94D2,Download,36.410912752577147,22.942,0.0043151859448377914,Taipei City,Taipei,25.0566,121.5054,20,Taiwan Star Telecom Corporation Limited.(Former Vibo Telecom Inc.),24157
2025-01-07 14:08:42.298463 UTC,2025,22:08:42,ndt-virtual-whvch_1732499076_000000000042281A,Download,19.252763875573304,20.737,0.0018748642598029241,Taipei City,Taipei,25.0566,121.5054,20,Taiwan Star Telecom Corporation Limited.(Former Vibo Telecom Inc.),24157
2025-01-07 14:07:09.423809 UTC,2025,22:07:09,ndt-7h8vt_1732822567_00000000002A4B04,Download,0.35903954891277517,231.224,0.0,Taipei City,Taipei,25.0566,121.5054,20,Taiwan Star Telecom Corporation Limited.(Former Vibo Telecom Inc.),24157
2025-01-07 14:06:25.756759 UTC,2025,22:06:25,ndt-zz5jt_1732753005_00000000002BFCD5,Download,5.5888399406472589,24.925,0.00586495110387681,Taipei City,Taipei,25.0566,121.5054,5,Taiwan Star Telecom Corporation Limited.(Former Vibo Telecom Inc.),24157
2025-01-07 14:06:19.980012 UTC,2025,22:06:19,ndt-zz5jt_1732753005_00000000002D40B2,Download,5.0862446595270505,20.959,0.0,Taipei City,Taipei,25.0566,121.5054,20,Taiwan Star Telecom Corporation Limited.(Former Vibo Telecom Inc.),24157
2025-01-07 14:05:55.497092 UTC,2025,22:05:55,ndt-qz6rr_1732705542_00000000002B0D67,Download,34.092776693437429,21.431,0.041805958156975166,Taipei City,Taipei,25.0566,121.5054,20,Taiwan Star Telecom Corporation Limited.(Former Vibo Telecom Inc.),24157
2025-01-07 14:01:07.678556 UTC,2025,22:01:07,ndt-virtual-whvch_1732499076_00000000004227B8,Download,43.439179652544865,18.73,0.00015169030693267693,Taipei City,Taipei,25.0566,121.5054,20,Taiwan Star Telecom Corporation Limited.(Former Vibo Telecom Inc.),24157
2025-01-07 14:00:32.180727 UTC,2025,22:00:32,ndt-7h8vt_1732822567_00000000002B467E,Download,11.838847551582417,24.463,0.0,Taipei City,Taipei,25.0566,121.5054,100,"Far EastTone Telecommunication Co., Ltd.",9674
2025-01-07 13:57:17.866592 UTC,2025,21:57:17,ndt-7h8vt_1732822567_00000000002B362F,Download,37.73708760096698,20.194,0.00037813480032068426,Taipei City,Taipei,25.0566,121.5054,20,Taiwan Star Telecom Corporation Limited.(Former Vibo Telecom Inc.),24157
2025-01-07 13:56:41.099403 UTC,2025,21:56:41,ndt-zz5jt_1732753005_00000000002C96D6,Download,36.248054741427154,19.327,0.0,Taipei City,Taipei,25.0566,121.5054,20,Taiwan Star Telecom Corporation Limited.(Former Vibo Telecom Inc.),24157
2025-01-07 13:56:17.628272 UTC,2025,21:56:17,ndt-virtual-whvch_1732499076_00000000004234BD,Download,0.04893277492456604,30.98,0.2420434143952995,Taipei City,Taipei,25.0566,121.5054,20,Taiwan Star Telecom Corporation Limited.(Former Vibo Telecom Inc.),24157
2025-01-07 13:53:34.066540 UTC,2025,21:53:34,ndt-zz5jt_1732753005_00000000002C96D3,Download,30.235314198873443,29.048,0.024022188229967094,Taipei City,Taipei,25.0566,121.5054,5,Mobile Business Group,17421
2025-01-07 13:52:54.541452 UTC,2025,21:52:54,ndt-virtual-whvch_1732499076_0000000000424100,Download,35.146907424217787,17.422,0.00012503409429592789,Taipei City,Taipei,25.0566,121.5054,20,Taiwan Star Telecom Corporation Limited.(Former Vibo Telecom Inc.),24157
2025-01-07 13:51:07.743125 UTC,2025,21:51:07,ndt-qz6rr_1732705542_00000000002C183D,Download,40.699201060519869,51.268,0.10637792264404369,Taipei City,Taipei,25.0566,121.5054,100,"Far EastTone Telecommunication Co., Ltd.",9674
2025-01-07 13:50:52.563115 UTC,2025,21:50:52,ndt-virtual-whvch_1732499076_0000000000421DA1,Download,12.562432741836744,18.29,0.0,Taipei City,Taipei,25.0566,121.5054,20,Taiwan Star Telecom Corporation Limited.(Former Vibo Telecom Inc.),24157
2025-01-07 13:50:16.916253 UTC,2025,21:50:16,ndt-zz5jt_1732753005_00000000002CF398,Download,7.8684777026911625,22.288,0.0011031599362963339,Taipei City,Taipei,25.0566,121.5054,20,Taiwan Star Telecom Corporation Limited.(Former Vibo Telecom Inc.),24157
2025-01-07 13:49:25.708092 UTC,2025,21:49:25,ndt-zz5jt_1732753005_00000000002C3A81,Download,4.479363181637118,22.085,0.00025932519905366941,Taipei City,Taipei,25.0566,121.5054,20,Taiwan Star Telecom Corporation Limited.(Former Vibo Telecom Inc.),24157
2025-01-07 13:46:13.240238 UTC,2025,21:46:13,ndt-7h8vt_1732822567_00000000002BA4ED,Download,0.44658100722359112,47.244,0.0090740765058896136,Taipei City,Taipei,25.0566,121.5054,20,Taiwan Star Telecom Corporation Limited.(Former Vibo Telecom Inc.),24157
2025-01-07 13:45:36.103342 UTC,2025,21:45:36,ndt-virtual-whvch_1732499076_0000000000421D44,Download,4.80620846199546,17.878,0.00022450911779938178,Taipei City,Taipei,25.0566,121.5054,20,Taiwan Star Telecom Corporation Limited.(Former Vibo Telecom Inc.),24157
2025-01-07 13:44:54.230320 UTC,2025,21:44:54,ndt-virtual-whvch_1732499076_0000000000421D3C,Download,18.796262540935285,18.39,0.00046140170154874342,Taipei City,Taipei,25.0566,121.5054,20,Taiwan Star Telecom Corporation Limited.(Former Vibo Telecom Inc.),24157
2025-01-07 13:44:24.432506 UTC,2025,21:44:24,ndt-7h8vt_1732822567_00000000002A5AA6,Download,0.55554676512529744,22.151,0.0,Taipei City,Taipei,25.0566,121.5054,20,Taiwan Star Telecom Corporation Limited.(Former Vibo Telecom Inc.),24157
2025-01-07 13:43:25.146197 UTC,2025,21:43:25,ndt-7h8vt_1732822567_00000000002A4AE4,Download,6.273031057608871,18.955,0.00022674903574234221,Taipei City,Taipei,25.0566,121.5054,20,Taiwan Star Telecom Corporation Limited.(Former Vibo Telecom Inc.),24157
2025-01-07 13:42:46.643186 UTC,2025,21:42:46,ndt-7h8vt_1732822567_00000000002C220A,Download,26.961259795845045,20.072,8.1111526059366712e-05,Taipei City,Taipei,25.0566,121.5054,20,Taiwan Star Telecom Corporation Limited.(Former Vibo Telecom Inc.),24157
2025-01-07 13:42:17.848202 UTC,2025,21:42:17,ndt-zz5jt_1732753005_00000000002CF38A,Download,0.18393348960022649,28.503,0.0154549826103488,Taipei City,Taipei,25.0566,121.5054,20,Taiwan Star Telecom Corporation Limited.(Former Vibo Telecom Inc.),24157
2025-01-07 13:41:40.407368 UTC,2025,21:41:40,ndt-virtual-whvch_1732499076_0000000000422681,Download,3.3564315730128134,20.473,0.019389493516124505,Taipei City,Taipei,25.0566,121.5054,20,Taiwan Star Telecom Corporation Limited.(Former Vibo Telecom Inc.),24157
2025-01-07 13:40:50.998331 UTC,2025,21:40:50,ndt-virtual-whvch_1732499076_0000000000423380,Download,32.530286606599304,18.734,0.0,Taipei City,Taipei,25.0566,121.5054,20,Taiwan Star Telecom Corporation Limited.(Former Vibo Telecom Inc.),24157
2025-01-07 13:39:53.349108 UTC,2025,21:39:53,ndt-virtual-whvch_1732499076_000000000042336B,Download,19.300722285936086,17.278,0.0,Taipei City,Taipei,25.0566,121.5054,20,Taiwan Star Telecom Corporation Limited.(Former Vibo Telecom Inc.),24157
2025-01-07 13:39:10.248815 UTC,2025,21:39:10,ndt-7h8vt_1732822567_00000000002A4ADB,Download,26.438493408226023,19.431,0.00012389443787485838,Taipei City,Taipei,25.0566,121.5054,20,Taiwan Star Telecom Corporation Limited.(Former Vibo Telecom Inc.),24157
2025-01-07 13:38:16.119376 UTC,2025,21:38:16,ndt-zz5jt_1732753005_00000000002C3A67,Download,5.9383640342609061,18.872,0.00019875151832066186,Taipei City,Taipei,25.0566,121.5054,20,Taiwan Star Telecom Corporation Limited.(Former Vibo Telecom Inc.),24157
2025-01-07 13:38:01.786792 UTC,2025,21:38:01,ndt-qz6rr_1732705542_00000000002CF360,Download,1.1366531531133257,18.845,0.00040948500992374386,Taipei City,Taipei,25.0566,121.5054,20,Taiwan Star Telecom Corporation Limited.(Former Vibo Telecom Inc.),24157
2025-01-07 13:37:18.711379 UTC,2025,21:37:18,ndt-qz6rr_1732705542_00000000002CF35E,Download,32.8785423286118,20.172,6.8419557240311521e-05,Taipei City,Taipei,25.0566,121.5054,20,Taiwan Star Telecom Corporation Limited.(Former Vibo Telecom Inc.),24157
2025-01-07 13:36:52.468179 UTC,2025,21:36:52,ndt-qz6rr_1732705542_00000000002A7EC0,Download,5.5857116271967708,18.991,0.0014026908929779037,Taipei City,Taipei,25.0566,121.5054,20,Taiwan Star Telecom Corporation Limited.(Former Vibo Telecom Inc.),24157
2025-01-07 13:35:51.622580 UTC,2025,21:35:51,ndt-zz5jt_1732753005_00000000002C3A62,Download,41.007810221233441,19.616,0.00026795087130468946,Taipei City,Taipei,25.0566,121.5054,20,Taiwan Star Telecom Corporation Limited.(Former Vibo Telecom Inc.),24157
2025-01-07 13:35:25.019757 UTC,2025,21:35:25,ndt-fnw9k_1732665153_000000000030B9B8,Download,16.842129091665058,295.915,0.000126386137909865,Taipei City,Taipei,25.0566,121.5054,20,Taiwan Star Telecom Corporation Limited.(Former Vibo Telecom Inc.),24157
2025-01-07 13:33:50.786577 UTC,2025,21:33:50,ndt-7h8vt_1732822567_000000000029AE20,Download,42.440025297533488,18.905,0.0,Taipei City,Taipei,25.0566,121.5054,20,Taiwan Star Telecom Corporation Limited.(Former Vibo Telecom Inc.),24157
2025-01-07 13:33:32.663263 UTC,2025,21:33:32,ndt-virtual-whvch_1732499076_0000000000420F87,Download,9.84342324032536,19.867,0.0014731476993126466,Taipei City,Taipei,25.0566,121.5054,20,Taiwan Star Telecom Corporation Limited.(Former Vibo Telecom Inc.),24157
2025-01-07 13:33:07.637779 UTC,2025,21:33:07,ndt-7h8vt_1732822567_00000000002A4AD2,Download,10.752543345909993,20.992,0.0004362331738914761,Taipei City,Taipei,25.0566,121.5054,20,Taiwan Star Telecom Corporation Limited.(Former Vibo Telecom Inc.),24157
2025-01-07 13:32:39.457599 UTC,2025,21:32:39,ndt-qz6rr_1732705542_00000000002B3C4D,Download,26.808998853454348,21.976,0.016085563857287863,Taipei City,Taipei,25.0566,121.5054,20,Taiwan Star Telecom Corporation Limited.(Former Vibo Telecom Inc.),24157
2025-01-07 13:32:13.857662 UTC,2025,21:32:13,ndt-7h8vt_1732822567_00000000002B1D9A,Download,27.705505894494106,22.955,0.0,Taipei City,Taipei,25.0566,121.5054,20,Taiwan Star Telecom Corporation Limited.(Former Vibo Telecom Inc.),24157
2025-01-07 13:32:02.016298 UTC,2025,21:32:02,ndt-virtual-whvch_1732499076_00000000004225B6,Download,15.459522987943162,141.168,0.0,Taipei City,Taipei,25.0566,121.5054,10,"Taiwan Mobile Co., Ltd.",24158
2025-01-07 13:26:44.751902 UTC,2025,21:26:44,ndt-zz5jt_1732753005_00000000002CD472,Download,12.164803103183218,51.778,0.14051501344665729,Taipei City,Taipei,25.0566,121.5054,50,"Far EastTone Telecommunication Co., Ltd.",9674
2025-01-07 13:26:38.146005 UTC,2025,21:26:38,ndt-zz5jt_1732753005_00000000002CD471,Download,41.705365170926285,21.787,0.0012798448351178623,Taipei City,Taipei,25.0566,121.5054,10,"Taiwan Mobile Co., Ltd.",24158
2025-01-07 13:26:14.578349 UTC,2025,21:26:14,ndt-virtual-whvch_1732499076_0000000000423276,Download,12.641059047046108,27.1,0.18661589872193993,Taipei City,Taipei,25.0566,121.5054,50,"Far EastTone Telecommunication Co., Ltd.",9674
2025-01-07 13:26:12.185234 UTC,2025,21:26:12,ndt-7h8vt_1732822567_00000000002BA4CA,Download,60.670691840603112,24.182,0.0,Taipei City,Taipei,25.0566,121.5054,10,"Taiwan Mobile Co., Ltd.",24158
2025-01-07 13:25:49.015230 UTC,2025,21:25:49,ndt-7h8vt_1732822567_00000000002AA8FA,Download,57.819112523556022,22.539,0.0,Taipei City,Taipei,25.0566,121.5054,10,"Taiwan Mobile Co., Ltd.",24158
2025-01-07 13:25:21.473948 UTC,2025,21:25:21,ndt-qz6rr_1732705542_00000000002B4C50,Download,12.677190456761279,49.11,0.16502139220935447,Taipei City,Taipei,25.0566,121.5054,50,"Far EastTone Telecommunication Co., Ltd.",9674
2025-01-07 13:25:13.013277 UTC,2025,21:25:13,ndt-zz5jt_1732753005_00000000002C2A03,Download,84.1270413161856,19.349,0.0,Taipei City,Taipei,25.0566,121.5054,5,"Taiwan Mobile Co., Ltd.",24158
2025-01-07 13:24:48.983043 UTC,2025,21:24:48,ndt-qz6rr_1732705542_00000000002D6119,Download,66.920807704653612,21.265,0.0,Taipei City,Taipei,25.0566,121.5054,5,"Taiwan Mobile Co., Ltd.",24158
2025-01-07 13:24:23.091309 UTC,2025,21:24:23,ndt-virtual-whvch_1732499076_0000000000421BA4,Download,84.8494862532352,15.303,0.0,Taipei City,Taipei,25.0566,121.5054,5,"Taiwan Mobile Co., Ltd.",24158
2025-01-07 13:23:46.679489 UTC,2025,21:23:46,ndt-virtual-whvch_1732499076_0000000000423235,Download,40.201613767911454,19.646,0.00016967272385035132,Taipei City,Taipei,25.0566,121.5054,100,Mobile Business Group,17421
2025-01-07 13:23:09.249878 UTC,2025,21:23:09,ndt-7h8vt_1732822567_00000000002B94A1,Download,32.747104958628469,26.683,0.02284090157175573,Taipei City,Taipei,25.0566,121.5054,5,Mobile Business Group,17421
2025-01-07 13:22:36.200695 UTC,2025,21:22:36,ndt-virtual-whvch_1732499076_0000000000420EAC,Download,42.031461919988914,19.843,0.00018604554585991559,Taipei City,Taipei,25.0566,121.5054,100,Mobile Business Group,17421
2025-01-07 13:19:04.939793 UTC,2025,21:19:04,ndt-qz6rr_1732705542_00000000002CD3AC,Download,11.471333618620005,20.119,0.069960097540933047,Taipei City,Taipei,25.0566,121.5054,5,"Taiwan Mobile Co., Ltd.",24158
2025-01-07 13:16:59.715107 UTC,2025,21:16:59,ndt-qz6rr_1732705542_00000000002CE779,Download,5.1125466249331719,21.809,0.03951774133801015,Taipei City,Taipei,25.0566,121.5054,5,Mobile Business Group,17421
2025-01-07 13:15:08.919685 UTC,2025,21:15:08,ndt-7h8vt_1732822567_00000000002B7526,Download,12.129085319126574,29.969,0.0010493002181073843,Taipei City,Taipei,25.0566,121.5054,5,"Taiwan Mobile Co., Ltd.",24158
2025-01-07 13:13:32.521967 UTC,2025,21:13:32,ndt-zz5jt_1732753005_00000000002D12B7,Download,1.4389424330268283,24.215,0.0031069692032174249,Taipei City,Taipei,25.0566,121.5054,5,"Taiwan Mobile Co., Ltd.",24158
2025-01-07 13:10:26.960924 UTC,2025,21:10:26,ndt-7h8vt_1732822567_000000000029BCC7,Download,2.5330633260697559,184.989,0.016651715508335729,Taipei City,Taipei,25.0566,121.5054,5,"Taiwan Mobile Co., Ltd.",24158
2025-01-07 13:10:05.038626 UTC,2025,21:10:05,ndt-virtual-whvch_1732499076_000000000042311B,Download,6.1497894909618163,22.227,0.034432366220362616,Taipei City,Taipei,25.0566,121.5054,5,Mobile Business Group,17421
2025-01-07 13:09:22.607296 UTC,2025,21:09:22,ndt-virtual-whvch_1732499076_000000000042310F,Download,42.329708306575789,21.818,2.5998839155577936e-05,Taipei City,Taipei,25.0566,121.5054,100,"Far EastTone Telecommunication Co., Ltd.",9674
2025-01-07 13:07:35.679693 UTC,2025,21:07:35,ndt-7h8vt_1732822567_00000000002B948B,Download,12.122357367913517,20.934,0.076877807944660037,Taipei City,Taipei,25.0566,121.5054,5,Mobile Business Group,17421
2025-01-07 13:07:19.285589 UTC,2025,21:07:19,ndt-zz5jt_1732753005_00000000002CB432,Download,34.614627703823551,53.0,0.12448172170979845,Taipei City,Taipei,25.0566,121.5054,100,"Far EastTone Telecommunication Co., Ltd.",9674
2025-01-07 13:06:06.735887 UTC,2025,21:06:06,ndt-virtual-whvch_1732499076_0000000000420D17,Download,0.64337749487940366,25.711,0.0024109769032675445,Taipei City,Taipei,25.0566,121.5054,20,"Far EastTone Telecommunication Co., Ltd.",9674
2025-01-07 12:59:14.523152 UTC,2025,20:59:14,ndt-7h8vt_1732822567_00000000002A4AA1,Download,17.275374758179971,48.105,0.00036454619742320982,Taipei City,Taipei,25.0566,121.5054,50,"Far EastTone Telecommunication Co., Ltd.",9674
2025-01-07 12:58:20.200470 UTC,2025,20:58:20,ndt-qz6rr_1732705542_00000000002A9F54,Download,116.12124227577242,43.121,1.9500416800925489e-05,Taipei City,Taipei,25.0566,121.5054,100,"Far EastTone Telecommunication Co., Ltd.",9674
2025-01-07 12:53:57.525271 UTC,2025,20:53:57,ndt-zz5jt_1732753005_00000000002CB418,Download,5.3679613146874123,52.924,0.011669780473798684,Taipei City,Taipei,25.0566,121.5054,100,"Far EastTone Telecommunication Co., Ltd.",9674
2025-01-07 12:51:35.788831 UTC,2025,20:51:35,ndt-zz5jt_1732753005_00000000002BAC3B,Download,83.641891538519772,19.942,0.0,Taipei City,Taipei,25.0566,121.5054,5,"Taiwan Mobile Co., Ltd.",24158
2025-01-07 12:50:08.651745 UTC,2025,20:50:08,ndt-qz6rr_1732705542_00000000002B6C13,Download,65.238793339484289,19.389,0.0,Taipei City,Taipei,25.0566,121.5054,5,"Taiwan Mobile Co., Ltd.",24158
2025-01-07 12:47:22.840719 UTC,2025,20:47:22,ndt-qz6rr_1732705542_00000000002BB99B,Download,23.727856066758836,45.821,0.0014743548797265936,Taipei City,Taipei,25.0566,121.5054,20,Taiwan Star Telecom Corporation Limited.(Former Vibo Telecom Inc.),24157
2025-01-07 12:46:57.773196 UTC,2025,20:46:57,ndt-qz6rr_1732705542_00000000002B8AA4,Download,26.408365242347035,22.595,0.0018153018774075256,Taipei City,Taipei,25.0566,121.5054,20,Taiwan Star Telecom Corporation Limited.(Former Vibo Telecom Inc.),24157
2025-01-07 12:46:23.331925 UTC,2025,20:46:23,ndt-7h8vt_1732822567_00000000002A5A61,Download,31.962502433592061,22.697,0.00037715768145925142,Taipei City,Taipei,25.0566,121.5054,20,Taiwan Star Telecom Corporation Limited.(Former Vibo Telecom Inc.),24157
2025-01-07 12:46:01.434630 UTC,2025,20:46:01,ndt-virtual-whvch_1732499076_0000000000420BF7,Download,24.130178508791051,21.605,0.0012704592580860697,Taipei City,Taipei,25.0566,121.5054,20,Taiwan Star Telecom Corporation Limited.(Former Vibo Telecom Inc.),24157
2025-01-07 12:45:35.649751 UTC,2025,20:45:35,ndt-zz5jt_1732753005_00000000002C1A16,Download,27.120315811819626,23.895,0.00028298240521647087,Taipei City,Taipei,25.0566,121.5054,20,Taiwan Star Telecom Corporation Limited.(Former Vibo Telecom Inc.),24157
2025-01-07 12:44:56.504673 UTC,2025,20:44:56,ndt-7h8vt_1732822567_00000000002BA49D,Download,21.424986945945104,22.137,0.0013082526109975147,Taipei City,Taipei,25.0566,121.5054,20,Taiwan Star Telecom Corporation Limited.(Former Vibo Telecom Inc.),24157
2025-01-07 12:44:21.093090 UTC,2025,20:44:21,ndt-virtual-whvch_1732499076_0000000000420BD6,Download,10.678869209166868,20.92,0.010186427983478061,Taipei City,Taipei,25.0566,121.5054,20,Taiwan Star Telecom Corporation Limited.(Former Vibo Telecom Inc.),24157
2025-01-07 12:43:54.593743 UTC,2025,20:43:54,ndt-7h8vt_1732822567_00000000002B06FF,Download,4.7767279970358816,22.109,0.00023231392570694791,Taipei City,Taipei,25.0566,121.5054,20,Taiwan Star Telecom Corporation Limited.(Former Vibo Telecom Inc.),24157
2025-01-07 12:43:54.114469 UTC,2025,20:43:54,ndt-7h8vt_1732822567_0000000000297F61,Download,109.08786172737979,20.034,0.008556404926669408,Taipei City,Taipei,25.0566,121.5054,5,Mobile Business Group,17421
2025-01-07 12:43:16.147244 UTC,2025,20:43:16,ndt-7h8vt_1732822567_00000000002AA8CF,Download,34.288388107390247,19.768,0.015853108102560409,Taipei City,Taipei,25.0566,121.5054,5,Mobile Business Group,17421
2025-01-07 12:43:02.794517 UTC,2025,20:43:02,ndt-virtual-whvch_1732499076_000000000041FF87,Download,53.838768172824757,18.245,2.0626115929305891e-05,Taipei City,Taipei,25.0566,121.5054,10,"Taiwan Mobile Co., Ltd.",24158
2025-01-07 12:39:02.072062 UTC,2025,20:39:02,ndt-zz5jt_1732753005_00000000002C1A09,Download,4.7739574613096467,19.94,0.0916805287581923,Taipei City,Taipei,25.0566,121.5054,20,Taiwan Star Telecom Corporation Limited.(Former Vibo Telecom Inc.),24157
2025-01-07 12:37:37.100315 UTC,2025,20:37:37,ndt-7h8vt_1732822567_00000000002B5584,Download,5.4217003277957723,53.498,0.01466682048655858,Taipei City,Taipei,25.0566,121.5054,100,"Far EastTone Telecommunication Co., Ltd.",9674
2025-01-07 12:37:36.305955 UTC,2025,20:37:36,ndt-7h8vt_1732822567_00000000002B74F0,Download,11.299262439425579,50.69,0.000785124156582846,Taipei City,Taipei,25.0566,121.5054,100,"Far EastTone Telecommunication Co., Ltd.",9674
2025-01-07 12:36:22.902926 UTC,2025,20:36:22,ndt-7h8vt_1732822567_0000000000297F56,Download,6.2310871673130057,60.033,0.0017206207108267891,Taipei City,Taipei,25.0566,121.5054,100,"Far EastTone Telecommunication Co., Ltd.",9674
2025-01-07 12:36:01.803607 UTC,2025,20:36:01,ndt-qz6rr_1732705542_00000000002C1808,Download,10.86052293683397,41.0,0.18122111974683902,Taipei City,Taipei,25.0566,121.5054,100,"Far EastTone Telecommunication Co., Ltd.",9674
2025-01-07 12:35:13.980168 UTC,2025,20:35:13,ndt-virtual-whvch_1732499076_000000000041FF02,Download,3.6175100994113154,21.949,0.00085825885828108659,Taipei City,Taipei,25.0566,121.5054,100,"Far EastTone Telecommunication Co., Ltd.",9674
2025-01-07 12:29:21.011608 UTC,2025,20:29:21,ndt-qz6rr_1732705542_00000000002B4C16,Download,44.802945268757888,23.26,0.016336840821691349,Taipei City,Taipei,25.0566,121.5054,5,Mobile Business Group,17421
2025-01-07 12:28:56.506742 UTC,2025,20:28:56,ndt-virtual-whvch_1732499076_0000000000420AA0,Download,34.719004889706682,23.778,0.00054744843924760776,Taipei City,Taipei,25.0566,121.5054,100,"Far EastTone Telecommunication Co., Ltd.",9674
2025-01-07 12:28:31.482711 UTC,2025,20:28:31,ndt-zz5jt_1732753005_00000000002CF316,Download,4.4162156637559367,22.599,0.0,Taipei City,Taipei,25.0566,121.5054,20,Taiwan Star Telecom Corporation Limited.(Former Vibo Telecom Inc.),24157
2025-01-07 12:26:02.906163 UTC,2025,20:26:02,ndt-qz6rr_1732705542_00000000002A8E8A,Download,7.2106420645755485,55.622,0.034383092727795127,Taipei City,Taipei,25.0566,121.5054,100,"Far EastTone Telecommunication Co., Ltd.",9674
2025-01-07 12:25:32.203798 UTC,2025,20:25:32,ndt-qz6rr_1732705542_00000000002A7E71,Download,4.0067476612674042,41.965,0.070961205351596585,Taipei City,Taipei,25.0566,121.5054,100,"Far EastTone Telecommunication Co., Ltd.",9674
2025-01-07 12:24:05.103303 UTC,2025,20:24:05,ndt-zz5jt_1732753005_00000000002BAC07,Download,8.7029855865596311,45.072,0.013851607702135121,Taipei City,Taipei,25.0566,121.5054,100,"Far EastTone Telecommunication Co., Ltd.",9674
2025-01-07 12:22:00.696277 UTC,2025,20:22:00,ndt-zz5jt_1732753005_00000000002CE3AF,Download,24.457199892762944,23.0,0.012697259815554217,Taipei City,Taipei,25.0566,121.5054,5,Mobile Business Group,17421
2025-01-07 12:21:28.076337 UTC,2025,20:21:28,ndt-7h8vt_1732822567_00000000002A4A79,Download,45.562414356876438,24.565,0.0,Taipei City,Taipei,25.0566,121.5054,10,"Taiwan Mobile Co., Ltd.",24158
2025-01-07 12:21:03.654980 UTC,2025,20:21:03,ndt-virtual-whvch_1732499076_000000000042203D,Download,5.9828744927690218,24.686,0.0,Taipei City,Taipei,25.0566,121.5054,20,"Far EastTone Telecommunication Co., Ltd.",9674
2025-01-07 12:18:25.568648 UTC,2025,20:18:25,ndt-zz5jt_1732753005_00000000002B8D15,Download,2.5295806820331217,65.187,0.088020132802063819,Taipei City,Taipei,25.0566,121.5054,100,"Far EastTone Telecommunication Co., Ltd.",9674
2025-01-07 12:18:19.366155 UTC,2025,20:18:19,ndt-tr4x7_1732671885_0000000000318521,Download,1.2345684787861464,174.065,0.10305565852883546,Taipei City,Taipei,25.0566,121.5054,100,"Far EastTone Telecommunication Co., Ltd.",9674
2025-01-07 12:18:15.292677 UTC,2025,20:18:15,ndt-qz6rr_1732705542_00000000002C4CEA,Download,3.8038853333199056,61.148,0.11089783601387279,Taipei City,Taipei,25.0566,121.5054,100,"Far EastTone Telecommunication Co., Ltd.",9674
2025-01-07 12:18:09.696871 UTC,2025,20:18:09,ndt-virtual-whvch_1732499076_0000000000421688,Download,9.0433920165179558,21.759,0.021149103985897394,Taipei City,Taipei,25.0566,121.5054,100,"Far EastTone Telecommunication Co., Ltd.",9674
2025-01-07 12:17:48.696286 UTC,2025,20:17:48,ndt-7h8vt_1732822567_000000000029FCA0,Download,4.73172958909912,45.503,0.029272373790408656,Taipei City,Taipei,25.0566,121.5054,100,"Far EastTone Telecommunication Co., Ltd.",9674
2025-01-07 12:17:42.615873 UTC,2025,20:17:42,ndt-virtual-whvch_1732499076_000000000041EFE5,Download,3.1979376232118484,25.811,0.020705896373014895,Taipei City,Taipei,25.0566,121.5054,100,"Far EastTone Telecommunication Co., Ltd.",9674
2025-01-07 12:16:12.358247 UTC,2025,20:16:12,ndt-7h8vt_1732822567_000000000029BC81,Download,16.060971464724922,53.065,0.20272360298914111,Taipei City,Taipei,25.0566,121.5054,100,"Far EastTone Telecommunication Co., Ltd.",9674
2025-01-07 12:13:17.507302 UTC,2025,20:13:17,ndt-7h8vt_1732822567_00000000002BA482,Download,3.0844403664174478,50.072,0.0015897437279220972,Taipei City,Taipei,25.0566,121.5054,50,"Far EastTone Telecommunication Co., Ltd.",9674
2025-01-07 12:11:36.583455 UTC,2025,20:11:36,ndt-7h8vt_1732822567_00000000002B9459,Download,22.912912890924748,54.785,0.00034125409036911604,Taipei City,Taipei,25.0566,121.5054,50,"Far EastTone Telecommunication Co., Ltd.",9674
2025-01-07 12:08:44.336501 UTC,2025,20:08:44,ndt-virtual-whvch_1732499076_000000000041EF2A,Download,8.5675893175767044,17.0,0.021438552068392912,Taipei City,Taipei,25.0566,121.5054,5,Mobile Business Group,17421
2025-01-07 12:07:55.834393 UTC,2025,20:07:55,ndt-qz6rr_1732705542_00000000002C8AFD,Download,106.1483716069676,23.781,0.0,Taipei City,Taipei,25.0566,121.5054,10,"Taiwan Mobile Co., Ltd.",24158
2025-01-07 12:00:32.801656 UTC,2025,20:00:32,ndt-zz5jt_1732753005_00000000002BFBFC,Download,10.555573465597337,53.943,0.00011030960094581277,Taipei City,Taipei,25.0566,121.5054,50,"Far EastTone Telecommunication Co., Ltd.",9674
2025-01-07 11:59:57.055055 UTC,2025,19:59:57,ndt-kvfdv_1732584141_0000000000318A32,Download,27.24225782804114,172.324,0.17511197404229226,Taipei City,Taipei,25.0566,121.5054,100,"Far EastTone Telecommunication Co., Ltd.",9674
2025-01-07 11:59:51.968538 UTC,2025,19:59:51,ndt-7h8vt_1732822567_00000000002A4A5A,Download,0.43742773700899734,44.86,0.30501563137148296,Taipei City,Taipei,25.0566,121.5054,50,"Far EastTone Telecommunication Co., Ltd.",9674
2025-01-07 11:59:27.702798 UTC,2025,19:59:27,ndt-qz6rr_1732705542_00000000002B3BD9,Download,0.093605617952011222,54.0,0.62234940394556393,Taipei City,Taipei,25.0566,121.5054,50,"Far EastTone Telecommunication Co., Ltd.",9674
2025-01-07 11:54:05.299708 UTC,2025,19:54:05,ndt-7h8vt_1732822567_00000000002A5A25,Download,1.6661385067243779,54.024,0.0,Taipei City,Taipei,25.0566,121.5054,50,"Far EastTone Telecommunication Co., Ltd.",9674
2025-01-07 11:53:37.890454 UTC,2025,19:53:37,ndt-virtual-whvch_1732499076_000000000041EE17,Download,0.67824730423417057,26.704,0.0,Taipei City,Taipei,25.0566,121.5054,50,"Far EastTone Telecommunication Co., Ltd.",9674
2025-01-07 11:53:05.345623 UTC,2025,19:53:05,ndt-qz6rr_1732705542_00000000002CD34B,Download,21.678136423786938,23.032,0.0019964527787580465,Taipei City,Taipei,25.0566,121.5054,50,"Far EastTone Telecommunication Co., Ltd.",9674
2025-01-07 11:52:13.667374 UTC,2025,19:52:13,ndt-qz6rr_1732705542_00000000002A7E50,Download,7.6658504499540152,57.51,0.25262646910940267,Taipei City,Taipei,25.0566,121.5054,100,"Far EastTone Telecommunication Co., Ltd.",9674
2025-01-07 11:51:54.566689 UTC,2025,19:51:54,ndt-virtual-whvch_1732499076_0000000000420771,Download,5.3027266333042258,29.12,0.076570411106622688,Taipei City,Taipei,25.0566,121.5054,100,"Far EastTone Telecommunication Co., Ltd.",9674
2025-01-07 11:48:53.005854 UTC,2025,19:48:53,ndt-qz6rr_1732705542_00000000002CF2E8,Download,16.815780135448133,24.766,0.04043174063442851,Taipei City,Taipei,25.0566,121.5054,5,"Taiwan Mobile Co., Ltd.",24158
2025-01-07 11:45:36.092957 UTC,2025,19:45:36,ndt-virtual-whvch_1732499076_000000000041ED84,Download,74.4937786352327,31.149,0.0,Taipei City,Taipei,25.0566,121.5054,5,Mobile Business Group,17421
2025-01-07 11:40:38.792392 UTC,2025,19:40:38,ndt-qz6rr_1732705542_00000000002A9F03,Download,177.22740019705759,44.765,0.0075507858633258136,Taipei City,Taipei,25.0566,121.5054,100,"Far EastTone Telecommunication Co., Ltd.",9674
2025-01-07 11:35:41.462340 UTC,2025,19:35:41,ndt-zz5jt_1732753005_00000000002CB3A0,Download,66.698509984318,25.064,1.6920689705797195e-05,Taipei City,Taipei,25.0566,121.5054,5,Mobile Business Group,17421
2025-01-07 11:35:15.449981 UTC,2025,19:35:15,ndt-zz5jt_1732753005_00000000002B5FA2,Download,23.788831050639921,42.559,9.69502526053089e-05,Taipei City,Taipei,25.0566,121.5054,20,"Far EastTone Telecommunication Co., Ltd.",9674
2025-01-07 11:35:11.682986 UTC,2025,19:35:11,ndt-zz5jt_1732753005_00000000002B4FC4,Download,232.40717706809704,16.297,0.0,Taipei City,Taipei,25.0566,121.5054,5,"Taiwan Mobile Co., Ltd.",24158
2025-01-07 11:33:59.040324 UTC,2025,19:33:59,ndt-qz6rr_1732705542_00000000002AAD6C,Download,12.920537093902634,22.912,0.0,Taipei City,Taipei,25.0566,121.5054,50,"Far EastTone Telecommunication Co., Ltd.",9674
2025-01-07 11:30:02.491221 UTC,2025,19:30:02,ndt-7h8vt_1732822567_00000000002B06B0,Download,6.1824712853967885,23.584,0.0013781447592718017,Taipei City,Taipei,25.0566,121.5054,20,"Far EastTone Telecommunication Co., Ltd.",9674
2025-01-07 11:25:12.617305 UTC,2025,19:25:12,ndt-virtual-whvch_1732499076_0000000000421208,Download,16.692975836966571,23.883,0.00025951687698736429,Taipei City,Taipei,25.0566,121.5054,50,"Far EastTone Telecommunication Co., Ltd.",9674
2025-01-07 11:24:58.580670 UTC,2025,19:24:58,ndt-qz6rr_1732705542_00000000002B6BAF,Download,78.273017744757411,22.046,0.0,Taipei City,Taipei,25.0566,121.5054,5,Mobile Business Group,17421
2025-01-07 11:23:24.886075 UTC,2025,19:23:24,ndt-zz5jt_1732753005_00000000002BFBC0,Download,2.7629655299940925,30.908,0.00012992182418236341,Taipei City,Taipei,25.0566,121.5054,5,Mobile Business Group,17421
2025-01-07 11:22:33.163675 UTC,2025,19:22:33,ndt-virtual-whvch_1732499076_00000000004204AD,Download,285.78414383877396,13.11,0.0,Taipei City,Taipei,25.0566,121.5054,5,"Taiwan Mobile Co., Ltd.",24158
2025-01-07 11:22:14.915713 UTC,2025,19:22:14,ndt-7h8vt_1732822567_00000000002BD668,Download,21.49833874552197,25.903,0.00050824513393089138,Taipei City,Taipei,25.0566,121.5054,5,Mobile Business Group,17421
2025-01-07 11:22:07.910251 UTC,2025,19:22:07,ndt-zz5jt_1732753005_00000000002BE9D8,Download,202.24923371339096,16.592,0.0,Taipei City,Taipei,25.0566,121.5054,5,"Taiwan Mobile Co., Ltd.",24158
2025-01-07 11:21:12.502868 UTC,2025,19:21:12,ndt-7h8vt_1732822567_00000000002B45DA,Download,115.5582638933469,16.816,0.0,Taipei City,Taipei,25.0566,121.5054,5,"Taiwan Mobile Co., Ltd.",24158
2025-01-07 11:20:26.597732 UTC,2025,19:20:26,ndt-virtual-whvch_1732499076_000000000041EB19,Download,8.72539012635196,16.871,0.0067245678829032313,Taipei City,Taipei,25.0566,121.5054,10,"Taiwan Mobile Co., Ltd.",24158
2025-01-07 11:18:55.790959 UTC,2025,19:18:55,ndt-7h8vt_1732822567_000000000029FC61,Download,23.274126122956329,44.174,0.00027715556870168336,Taipei City,Taipei,25.0566,121.5054,50,"Far EastTone Telecommunication Co., Ltd.",9674
2025-01-07 11:12:16.402581 UTC,2025,19:12:16,ndt-zz5jt_1732753005_00000000002C2932,Download,14.127468632139475,49.711,0.00047201746533129339,Taipei City,Taipei,25.0566,121.5054,20,"Far EastTone Telecommunication Co., Ltd.",9674
2025-01-07 11:11:51.158493 UTC,2025,19:11:51,ndt-qz6rr_1732705542_00000000002D13D9,Download,36.668205216403557,23.785,0.00023955389241057473,Taipei City,Taipei,25.0566,121.5054,20,Taiwan Star Telecom Corporation Limited.(Former Vibo Telecom Inc.),24157
2025-01-07 11:10:58.088964 UTC,2025,19:10:58,ndt-zz5jt_1732753005_00000000002D11E9,Download,36.8132834987464,22.416,0.00023823589594366325,Taipei City,Taipei,25.0566,121.5054,20,Taiwan Star Telecom Corporation Limited.(Former Vibo Telecom Inc.),24157
2025-01-07 11:10:22.232062 UTC,2025,19:10:22,ndt-zz5jt_1732753005_00000000002D026A,Download,34.778871449995513,21.494,0.0,Taipei City,Taipei,25.0566,121.5054,20,Taiwan Star Telecom Corporation Limited.(Former Vibo Telecom Inc.),24157
2025-01-07 11:10:18.572801 UTC,2025,19:10:18,ndt-qz6rr_1732705542_00000000002BB92D,Download,54.417772416164063,58.958,4.1142052082294186e-05,Taipei City,Taipei,25.0566,121.5054,50,"Far EastTone Telecommunication Co., Ltd.",9674
2025-01-07 11:09:56.187278 UTC,2025,19:09:56,ndt-zz5jt_1732753005_00000000002C4745,Download,34.033716889483351,21.713,0.0,Taipei City,Taipei,25.0566,121.5054,20,Taiwan Star Telecom Corporation Limited.(Former Vibo Telecom Inc.),24157
2025-01-07 11:09:45.516565 UTC,2025,19:09:45,ndt-zz5jt_1732753005_00000000002C395C,Download,49.818165127982063,58.032,2.2385792132776717e-05,Taipei City,Taipei,25.0566,121.5054,50,"Far EastTone Telecommunication Co., Ltd.",9674
2025-01-07 11:08:48.994287 UTC,2025,19:08:48,ndt-qz6rr_1732705542_00000000002CF2B5,Download,26.889362040406759,21.932,4.0833979969839584e-05,Taipei City,Taipei,25.0566,121.5054,20,Taiwan Star Telecom Corporation Limited.(Former Vibo Telecom Inc.),24157
2025-01-07 11:07:05.171887 UTC,2025,19:07:05,ndt-zz5jt_1732753005_00000000002C0A37,Download,19.72906603245719,21.816,0.0011092918564131657,Taipei City,Taipei,25.0566,121.5054,20,Taiwan Star Telecom Corporation Limited.(Former Vibo Telecom Inc.),24157
2025-01-07 11:06:01.436132 UTC,2025,19:06:01,ndt-qz6rr_1732705542_00000000002CC75D,Download,20.767053004363145,24.317,0.0,Taipei City,Taipei,25.0566,121.5054,20,Taiwan Star Telecom Corporation Limited.(Former Vibo Telecom Inc.),24157
2025-01-07 11:05:35.315480 UTC,2025,19:05:35,ndt-7h8vt_1732822567_00000000002A59F2,Download,16.616519637804512,23.307,0.00047507484982522557,Taipei City,Taipei,25.0566,121.5054,20,Taiwan Star Telecom Corporation Limited.(Former Vibo Telecom Inc.),24157
2025-01-07 11:03:04.008160 UTC,2025,19:03:04,ndt-qz6rr_1732705542_00000000002ABD5C,Download,24.327007489386837,51.943,0.0,Taipei City,Taipei,25.0566,121.5054,50,"Far EastTone Telecommunication Co., Ltd.",9674
2025-01-07 11:02:00.066191 UTC,2025,19:02:00,ndt-qz6rr_1732705542_00000000002CA458,Download,103.57339020141967,19.023,1.1051281218447402e-05,Taipei City,Taipei,25.0566,121.5054,5,"Taiwan Mobile Co., Ltd.",24158
2025-01-07 11:01:14.093250 UTC,2025,19:01:14,ndt-7h8vt_1732822567_00000000002B068A,Download,173.09810113134196,20.044,3.27246724532993e-05,Taipei City,Taipei,25.0566,121.5054,5,"Taiwan Mobile Co., Ltd.",24158
2025-01-07 11:00:50.382374 UTC,2025,19:00:50,ndt-virtual-whvch_1732499076_0000000000420339,Download,74.798646827712517,14.336,0.0,Taipei City,Taipei,25.0566,121.5054,5,"Taiwan Mobile Co., Ltd.",24158
2025-01-07 10:50:45.675841 UTC,2025,18:50:45,ndt-7h8vt_1732822567_00000000002B5513,Download,416.60714477742005,15.322,0.0025758998157627139,Taipei City,Taipei,25.0566,121.5054,5,Mobile Business Group,17421
2025-01-07 10:50:25.701707 UTC,2025,18:50:25,ndt-qz6rr_1732705542_00000000002B3B9F,Download,254.87926955382241,16.867,0.0022513999120352211,Taipei City,Taipei,25.0566,121.5054,5,Mobile Business Group,17421
2025-01-07 10:45:44.043759 UTC,2025,18:45:44,ndt-virtual-whvch_1732499076_000000000042026A,Download,5.7716994192977733,29.839,0.0,Taipei City,Taipei,25.0566,121.5054,20,"Far EastTone Telecommunication Co., Ltd.",9674
2025-01-07 10:41:43.391380 UTC,2025,18:41:43,ndt-qz6rr_1732705542_00000000002BF76B,Download,38.357119394685341,19.479,0.0,Taipei City,Taipei,25.0566,121.5054,20,Taiwan Star Telecom Corporation Limited.(Former Vibo Telecom Inc.),24157
2025-01-07 10:39:14.756300 UTC,2025,18:39:14,ndt-7h8vt_1732822567_00000000002BA412,Download,108.52631017736211,24.869,0.0,Taipei City,Taipei,25.0566,121.5054,5,Mobile Business Group,17421
2025-01-07 10:34:26.313389 UTC,2025,18:34:26,ndt-virtual-whvch_1732499076_000000000041DEC6,Download,4.666673672425798,17.825,0.19065855833515349,Taipei City,Taipei,25.0566,121.5054,10,"Taiwan Mobile Co., Ltd.",24158
2025-01-07 10:33:45.965687 UTC,2025,18:33:45,ndt-7h8vt_1732822567_00000000002A69AC,Download,28.63001046909595,23.152,0.00039132191828609379,Taipei City,Taipei,25.0566,121.5054,20,Taiwan Star Telecom Corporation Limited.(Former Vibo Telecom Inc.),24157
2025-01-07 10:33:13.084460 UTC,2025,18:33:13,ndt-zz5jt_1732753005_00000000002BCBBA,Download,28.236958467194814,24.119,0.014312217439773166,Taipei City,Taipei,25.0566,121.5054,20,Taiwan Star Telecom Corporation Limited.(Former Vibo Telecom Inc.),24157
2025-01-07 10:32:18.188810 UTC,2025,18:32:18,ndt-7h8vt_1732822567_000000000029BBFF,Download,40.74230002573681,20.584,0.0,Taipei City,Taipei,25.0566,121.5054,20,Taiwan Star Telecom Corporation Limited.(Former Vibo Telecom Inc.),24157
2025-01-07 10:31:47.197351 UTC,2025,18:31:47,ndt-qz6rr_1732705542_00000000002B0CB1,Download,41.337203837328246,20.053,8.0373221759431088e-05,Taipei City,Taipei,25.0566,121.5054,20,Taiwan Star Telecom Corporation Limited.(Former Vibo Telecom Inc.),24157
2025-01-07 10:31:06.391738 UTC,2025,18:31:06,ndt-7h8vt_1732822567_00000000002A2AAE,Download,28.679703425779017,19.497,0.0,Taipei City,Taipei,25.0566,121.5054,20,Taiwan Star Telecom Corporation Limited.(Former Vibo Telecom Inc.),24157
2025-01-07 10:30:08.564112 UTC,2025,18:30:08,ndt-virtual-whvch_1732499076_000000000041DE81,Download,0.87609496492648364,23.459,0.170959534054118,Taipei City,Taipei,25.0566,121.5054,10,"Taiwan Mobile Co., Ltd.",24158
2025-01-07 10:28:28.498132 UTC,2025,18:28:28,ndt-virtual-whvch_1732499076_000000000041E7F1,Download,36.869872402927108,23.289,0.00042390515292358756,Taipei City,Taipei,25.0566,121.5054,100,"Far EastTone Telecommunication Co., Ltd.",9674
2025-01-07 10:20:58.676079 UTC,2025,18:20:58,ndt-qz6rr_1732705542_00000000002C7A4E,Download,172.4163007087308,53.075,6.5383643910602156e-06,Taipei City,Taipei,25.0566,121.5054,50,"Far EastTone Telecommunication Co., Ltd.",9674
2025-01-07 10:20:55.303543 UTC,2025,18:20:55,ndt-virtual-whvch_1732499076_000000000042009B,Download,80.228401655696842,20.031,0.0,Taipei City,Taipei,25.0566,121.5054,20,"Taiwan Mobile Co., Ltd.",24158
2025-01-07 10:18:19.938396 UTC,2025,18:18:19,ndt-zz5jt_1732753005_00000000002B7C87,Download,98.191855855365773,24.014,0.0,Taipei City,Taipei,25.0566,121.5054,5,Mobile Business Group,17421
2025-01-07 10:11:41.458543 UTC,2025,18:11:41,ndt-zz5jt_1732753005_00000000002CD33C,Download,28.656897874155625,24.983,0.1284085476852373,Taipei City,Taipei,25.0566,121.5054,5,Mobile Business Group,17421
2025-01-07 09:49:42.536063 UTC,2025,17:49:42,ndt-qz6rr_1732705542_00000000002B8A11,Download,147.06371665133395,30.362,0.0,Taipei City,Taipei,25.0566,121.5054,5,"Taiwan Mobile Co., Ltd.",24158
2025-01-07 09:40:44.422496 UTC,2025,17:40:44,ndt-7h8vt_1732822567_00000000002A2A79,Download,63.9701113735671,48.735,3.4418470423574967e-05,Taipei City,Taipei,25.0566,121.5054,100,"Far EastTone Telecommunication Co., Ltd.",9674
2025-01-07 09:40:22.379943 UTC,2025,17:40:22,ndt-tr4x7_1732671885_000000000031A1F1,Download,116.63888007770008,152.046,0.0,Taipei City,Taipei,25.0566,121.5054,100,"Far EastTone Telecommunication Co., Ltd.",9674
2025-01-07 09:38:36.384227 UTC,2025,17:38:36,ndt-virtual-whvch_1732499076_000000000041CD8A,Download,5.24939011750881,22.136,0.0002137689907064914,Taipei City,Taipei,25.0566,121.5054,100,"Far EastTone Telecommunication Co., Ltd.",9674
2025-01-07 09:38:35.861222 UTC,2025,17:38:35,ndt-zz5jt_1732753005_00000000002B7C49,Download,44.506563208535241,22.872,4.9468194578883613e-05,Taipei City,Taipei,25.0566,121.5054,5,Mobile Business Group,17421
2025-01-07 09:37:34.054245 UTC,2025,17:37:34,ndt-zz5jt_1732753005_00000000002C18B8,Download,7.6866640548996328,47.825,0.0076196379617784705,Taipei City,Taipei,25.0566,121.5054,50,"Far EastTone Telecommunication Co., Ltd.",9674
2025-01-07 09:30:05.819166 UTC,2025,17:30:05,ndt-virtual-whvch_1732499076_000000000041DA36,Download,51.149949530898347,17.379,0.0,Taipei City,Taipei,25.0566,121.5054,5,"Taiwan Mobile Co., Ltd.",24158
2025-01-07 09:17:59.995775 UTC,2025,17:17:59,ndt-virtual-whvch_1732499076_000000000041F042,Download,236.2616388675184,19.386,0.00034555565497821033,Taipei City,Taipei,25.0566,121.5054,20,"Far EastTone Telecommunication Co., Ltd.",9674
2025-01-07 08:58:53.626700 UTC,2025,16:58:53,ndt-qz6rr_1732705542_00000000002A7DAE,Download,5.3003592574370568,29.664,0.0,Taipei City,Taipei,25.0566,121.5054,10,"Taiwan Mobile Co., Ltd.",24158
2025-01-07 08:51:20.596760 UTC,2025,16:51:20,ndt-7h8vt_1732822567_000000000029FBB4,Download,20.92363152212496,45.609,0.22925003732441077,Taipei City,Taipei,25.0566,121.5054,100,"Far EastTone Telecommunication Co., Ltd.",9674
2025-01-07 08:41:14.982542 UTC,2025,16:41:14,ndt-zz5jt_1732753005_00000000002C576C,Download,16.3977035789453,29.565,0.0,Taipei City,Taipei,25.0566,121.5054,10,Taiwan Star Telecom Corporation Limited.(Former Vibo Telecom Inc.),24157
2025-01-07 08:40:05.586021 UTC,2025,16:40:05,ndt-qz6rr_1732705542_00000000002BB8B4,Download,33.590752542550895,35.994,0.0,Taipei City,Taipei,25.0566,121.5054,10,Taiwan Star Telecom Corporation Limited.(Former Vibo Telecom Inc.),24157
2025-01-07 08:39:12.153826 UTC,2025,16:39:12,ndt-virtual-whvch_1732499076_000000000041D6E4,Download,33.611191687793045,28.267,3.2477788024809741e-05,Taipei City,Taipei,25.0566,121.5054,10,Taiwan Star Telecom Corporation Limited.(Former Vibo Telecom Inc.),24157
2025-01-07 08:38:33.790613 UTC,2025,16:38:33,ndt-7h8vt_1732822567_00000000002B73D7,Download,23.952729902714211,25.917,8.9942130179128342e-05,Taipei City,Taipei,25.0566,121.5054,10,Taiwan Star Telecom Corporation Limited.(Former Vibo Telecom Inc.),24157
2025-01-07 08:37:51.219957 UTC,2025,16:37:51,ndt-qz6rr_1732705542_00000000002BF6F2,Download,24.236023829407031,21.574,0.087163957617624022,Taipei City,Taipei,25.0566,121.5054,10,"Taiwan Mobile Co., Ltd.",24158
2025-01-07 08:36:59.428835 UTC,2025,16:36:59,ndt-qz6rr_1732705542_00000000002B0C4C,Download,36.054735039829147,26.413,0.0,Taipei City,Taipei,25.0566,121.5054,10,Taiwan Star Telecom Corporation Limited.(Former Vibo Telecom Inc.),24157
2025-01-07 08:28:12.020900 UTC,2025,16:28:12,ndt-7h8vt_1732822567_00000000002BA38A,Download,23.26741217211536,49.207,0.090767754040742984,Taipei City,Taipei,25.0566,121.5054,100,"Far EastTone Telecommunication Co., Ltd.",9674
2025-01-07 08:28:01.890312 UTC,2025,16:28:01,ndt-zz5jt_1732753005_00000000002CC268,Download,32.414464426982015,56.904,0.00052250186479744674,Taipei City,Taipei,25.0566,121.5054,100,"Far EastTone Telecommunication Co., Ltd.",9674
2025-01-07 08:26:29.480907 UTC,2025,16:26:29,ndt-7h8vt_1732822567_00000000002A6911,Download,556.85860540403758,17.047,0.0065414488650975648,Taipei City,Taipei,25.0566,121.5054,5,Mobile Business Group,17421
2025-01-07 08:23:06.010879 UTC,2025,16:23:06,ndt-zz5jt_1732753005_00000000002CD26D,Download,1.8118830088295053,25.551,0.013330497057363682,Taipei City,Taipei,25.0566,121.5054,5,"Far EastTone Telecommunication Co., Ltd.",9674
2025-01-07 08:22:53.852803 UTC,2025,16:22:53,ndt-zz5jt_1732753005_00000000002B4E81,Download,66.185233570588181,48.613,0.0,Taipei City,Taipei,25.0566,121.5054,20,"Far EastTone Telecommunication Co., Ltd.",9674
2025-01-07 08:22:49.851914 UTC,2025,16:22:49,ndt-7h8vt_1732822567_0000000000297E2E,Download,27.214564987277253,18.639,0.0,Taipei City,Taipei,25.0566,121.5054,5,Mobile Business Group,17421
2025-01-07 08:18:50.235678 UTC,2025,16:18:50,ndt-7h8vt_1732822567_000000000029ACBB,Download,13.086259368413689,24.256,0.0,Taipei City,Taipei,25.0566,121.5054,20,Taiwan Star Telecom Corporation Limited.(Former Vibo Telecom Inc.),24157
2025-01-07 08:06:38.676218 UTC,2025,16:06:38,ndt-qz6rr_1732705542_00000000002B3AFF,Download,11.483053036783836,49.492,0.06354465215251423,Taipei City,Taipei,25.0566,121.5054,100,"Far EastTone Telecommunication Co., Ltd.",9674
2025-01-07 08:04:48.753170 UTC,2025,16:04:48,ndt-7h8vt_1732822567_00000000002B73B3,Download,2.4050025107995872,23.792,0.088495446947122691,Taipei City,Taipei,25.0566,121.5054,5,Mobile Business Group,17421
2025-01-07 07:55:09.423457 UTC,2025,15:55:09,ndt-virtual-whvch_1732499076_000000000041BAB0,Download,272.04748183324352,17.766,1.5337772529891412e-05,Taipei City,Taipei,25.0566,121.5054,100,"Far EastTone Telecommunication Co., Ltd.",9674
2025-01-07 07:53:34.176756 UTC,2025,15:53:34,ndt-7h8vt_1732822567_00000000002B34EF,Download,39.530036296059343,24.888,5.830012155452865e-05,Taipei City,Taipei,25.0566,121.5054,5,Mobile Business Group,17421
2025-01-07 07:53:12.303835 UTC,2025,15:53:12,ndt-zz5jt_1732753005_00000000002D209A,Download,5.0398076135321883,21.809,0.0,Taipei City,Taipei,25.0566,121.5054,10,"Taiwan Mobile Co., Ltd.",24158
2025-01-07 07:52:59.842103 UTC,2025,15:52:59,ndt-7h8vt_1732822567_00000000002BA360,Download,50.085380773651707,23.766,0.0,Taipei City,Taipei,25.0566,121.5054,5,Mobile Business Group,17421
2025-01-07 07:45:52.108361 UTC,2025,15:45:52,ndt-zz5jt_1732753005_00000000002B8B9E,Download,6.7726261836044293,23.491,0.00915496146694478,Taipei City,Taipei,25.0566,121.5054,5,Taiwan Star Telecom Corporation Limited.(Former Vibo Telecom Inc.),24157
2025-01-07 07:39:11.675218 UTC,2025,15:39:11,ndt-7h8vt_1732822567_00000000002A29F3,Download,116.70340437599774,49.323,9.57169224301481e-06,Taipei City,Taipei,25.0566,121.5054,100,"Far EastTone Telecommunication Co., Ltd.",9674
2025-01-07 07:37:38.719003 UTC,2025,15:37:38,ndt-virtual-whvch_1732499076_000000000041B98B,Download,17.465437963011567,18.306,0.0,Taipei City,Taipei,25.0566,121.5054,20,Taiwan Star Telecom Corporation Limited.(Former Vibo Telecom Inc.),24157
2025-01-07 07:31:51.835516 UTC,2025,15:31:51,ndt-7h8vt_1732822567_00000000002BA34F,Download,127.74026765705577,59.184,0.0021997066412715893,Taipei City,Taipei,25.0566,121.5054,20,"Far EastTone Telecommunication Co., Ltd.",9674
2025-01-07 07:31:34.706713 UTC,2025,15:31:34,ndt-zz5jt_1732753005_00000000002C17E6,Download,121.91946064161807,45.071,0.0040949668204892011,Taipei City,Taipei,25.0566,121.5054,20,"Far EastTone Telecommunication Co., Ltd.",9674
2025-01-07 07:24:59.875397 UTC,2025,15:24:59,ndt-zz5jt_1732753005_00000000002CD215,Download,11.429719158886913,21.0,0.027693296858931744,Taipei City,Taipei,25.0566,121.5054,10,"Taiwan Mobile Co., Ltd.",24158
2025-01-07 07:24:53.633575 UTC,2025,15:24:53,ndt-zz5jt_1732753005_00000000002B5E33,Download,33.074419401355755,55.002,0.00016986501797678629,Taipei City,Taipei,25.0566,121.5054,50,"Far EastTone Telecommunication Co., Ltd.",9674
2025-01-07 07:24:49.292563 UTC,2025,15:24:49,ndt-7h8vt_1732822567_00000000002A68C9,Download,132.59091236339026,20.725,1.7034585074726002e-05,Taipei City,Taipei,25.0566,121.5054,5,Mobile Business Group,17421
2025-01-07 07:15:47.867121 UTC,2025,15:15:47,ndt-virtual-whvch_1732499076_000000000041D147,Download,259.56691751508913,19.829,0.0345337817532535,Taipei City,Taipei,25.0566,121.5054,5,Mobile Business Group,17421
2025-01-07 06:59:39.448747 UTC,2025,14:59:39,ndt-virtual-whvch_1732499076_000000000041D050,Download,165.53249774745785,18.313,0.0,Taipei City,Taipei,25.0566,121.5054,5,Mobile Business Group,17421
2025-01-07 06:55:17.594255 UTC,2025,14:55:17,ndt-zz5jt_1732753005_00000000002C37B5,Download,55.004435022227469,52.011,7.995796346428785e-05,Taipei City,Taipei,25.0566,121.5054,100,"Far EastTone Telecommunication Co., Ltd.",9674
2025-01-07 06:49:54.107274 UTC,2025,14:49:54,ndt-qz6rr_1732705542_00000000002A7D23,Download,297.59462960171822,41.852,0.0084975828339715273,Taipei City,Taipei,25.0566,121.5054,20,"Far EastTone Telecommunication Co., Ltd.",9674
2025-01-07 06:48:28.642469 UTC,2025,14:48:28,ndt-virtual-whvch_1732499076_0000000000419F68,Download,106.99925533790331,23.244,0.0,Taipei City,Taipei,25.0566,121.5054,5,"Taiwan Mobile Co., Ltd.",24158
2025-01-07 06:41:42.499728 UTC,2025,14:41:42,ndt-virtual-whvch_1732499076_000000000041B576,Download,5.9572072936255855,28.604,0.0001946137890799431,Taipei City,Taipei,25.0566,121.5054,5,"Taiwan Mobile Co., Ltd.",24158
2025-01-07 06:37:23.258902 UTC,2025,14:37:23,ndt-zz5jt_1732753005_00000000002C1794,Download,49.82972873924119,28.96,2.2210197657666495e-05,Taipei City,Taipei,25.0566,121.5054,100,"Far EastTone Telecommunication Co., Ltd.",9674
2025-01-07 06:34:03.089770 UTC,2025,14:34:03,ndt-7h8vt_1732822567_00000000002B7346,Download,9.576621803762233,30.728,0.000705372724436083,Taipei City,Taipei,25.0566,121.5054,100,"Far EastTone Telecommunication Co., Ltd.",9674
2025-01-07 06:33:15.861014 UTC,2025,14:33:15,ndt-7h8vt_1732822567_000000000029FB20,Download,0.76226990414116291,33.801,0.047345853550155387,Taipei City,Taipei,25.0566,121.5054,100,"Far EastTone Telecommunication Co., Ltd.",9674
2025-01-07 06:24:51.431710 UTC,2025,14:24:51,ndt-qz6rr_1732705542_00000000002B3AAD,Download,113.29318046194187,25.071,0.0,Taipei City,Taipei,25.0566,121.5054,5,"Taiwan Mobile Co., Ltd.",24158
2025-01-07 06:20:15.736246 UTC,2025,14:20:15,ndt-virtual-whvch_1732499076_000000000041A735,Download,32.098667838330584,21.841,6.9829429398543915e-05,Taipei City,Taipei,25.0566,121.5054,50,"Far EastTone Telecommunication Co., Ltd.",9674
2025-01-07 06:11:44.805193 UTC,2025,14:11:44,ndt-7h8vt_1732822567_00000000002AA705,Download,12.515978141905887,24.976,0.0,Taipei City,Taipei,25.0566,121.5054,5,Mobile Business Group,17421
2025-01-07 06:11:07.332820 UTC,2025,14:11:07,ndt-zz5jt_1732753005_00000000002C5681,Download,11.528448721883217,29.256,0.0,Taipei City,Taipei,25.0566,121.5054,5,Mobile Business Group,17421
2025-01-07 06:07:46.373260 UTC,2025,14:07:46,ndt-7h8vt_1732822567_00000000002B447E,Download,5.2557219059671541,37.808,0.001542033180376776,Taipei City,Taipei,25.0566,121.5054,100,"Far EastTone Telecommunication Co., Ltd.",9674
2025-01-07 06:02:55.412223 UTC,2025,14:02:55,ndt-virtual-whvch_1732499076_0000000000419CBF,Download,2.0635555514578976,16.168,0.0,Taipei City,Taipei,25.0566,121.5054,5,"Taiwan Mobile Co., Ltd.",24158
2025-01-07 06:02:17.314976 UTC,2025,14:02:17,ndt-virtual-whvch_1732499076_0000000000418F68,Download,40.63880886090304,15.132,0.0,Taipei City,Taipei,25.0566,121.5054,5,Mobile Business Group,17421
2025-01-07 05:55:12.501167 UTC,2025,13:55:12,ndt-7h8vt_1732822567_000000000029BAB3,Download,288.03978820242565,42.0,0.049911892001301063,Taipei City,Taipei,25.0566,121.5054,100,"Far EastTone Telecommunication Co., Ltd.",9674
2025-01-07 05:48:12.991057 UTC,2025,13:48:12,ndt-qz6rr_1732705542_00000000002C169F,Download,11.195176766074324,25.529,0.0043374118835258872,Taipei City,Taipei,25.0566,121.5054,10,Taiwan Star Telecom Corporation Limited.(Former Vibo Telecom Inc.),24157
2025-01-07 05:47:09.007439 UTC,2025,13:47:09,ndt-qz6rr_1732705542_00000000002B8928,Download,18.103155914441142,27.011,0.0,Taipei City,Taipei,25.0566,121.5054,10,Taiwan Star Telecom Corporation Limited.(Former Vibo Telecom Inc.),24157
2025-01-07 05:46:12.722346 UTC,2025,13:46:12,ndt-fnw9k_1732665153_00000000002F58EC,Download,5.9110007141126646,42.324,0.0,Taipei City,Taipei,25.0566,121.5054,5,Taiwan Star Telecom Corporation Limited.(Former Vibo Telecom Inc.),24157
2025-01-07 05:42:42.218089 UTC,2025,13:42:42,ndt-qz6rr_1732705542_00000000002ABBF5,Download,9.5517572583904791,22.178,0.0,Taipei City,Taipei,25.0566,121.5054,5,"Taiwan Mobile Co., Ltd.",24158
2025-01-07 05:41:43.242559 UTC,2025,13:41:43,ndt-7h8vt_1732822567_00000000002A4889,Download,443.73726447237647,14.585,0.0,Taipei City,Taipei,25.0566,121.5054,5,"Taiwan Mobile Co., Ltd.",24158
2025-01-07 05:41:26.221772 UTC,2025,13:41:26,ndt-qz6rr_1732705542_00000000002B4A6C,Download,517.12232406780618,15.418,0.0,Taipei City,Taipei,25.0566,121.5054,5,"Taiwan Mobile Co., Ltd.",24158
2025-01-07 05:35:48.419891 UTC,2025,13:35:48,ndt-zz5jt_1732753005_00000000002C173D,Download,6.9499983524423143,29.692,0.0010678984942477355,Taipei City,Taipei,25.0566,121.5054,50,"Far EastTone Telecommunication Co., Ltd.",9674
2025-01-07 05:34:16.225963 UTC,2025,13:34:16,ndt-zz5jt_1732753005_00000000002BBB31,Download,170.48545961046239,26.753,0.0,Taipei City,Taipei,25.0566,121.5054,5,Mobile Business Group,17421
2025-01-07 05:33:39.601854 UTC,2025,13:33:39,ndt-virtual-whvch_1732499076_000000000041A43D,Download,17.762599373424958,17.091,0.0,Taipei City,Taipei,25.0566,121.5054,5,Mobile Business Group,17421
2025-01-07 05:32:06.456547 UTC,2025,13:32:06,ndt-7h8vt_1732822567_00000000002B3458,Download,4.2748663094118315,29.021,0.0061991096380456263,Taipei City,Taipei,25.0566,121.5054,5,Mobile Business Group,17421
2025-01-07 05:31:15.613650 UTC,2025,13:31:15,ndt-qz6rr_1732705542_00000000002BB802,Download,4.7314143407887173,25.824,0.0094677651279524173,Taipei City,Taipei,25.0566,121.5054,50,"Far EastTone Telecommunication Co., Ltd.",9674
2025-01-07 05:30:12.268092 UTC,2025,13:30:12,ndt-7h8vt_1732822567_00000000002B443F,Download,5.5853543744334768,24.041,0.00043305224457093508,Taipei City,Taipei,25.0566,121.5054,50,"Far EastTone Telecommunication Co., Ltd.",9674
2025-01-07 05:29:32.737196 UTC,2025,13:29:32,ndt-7h8vt_1732822567_00000000002B3454,Download,2.9130265700842983,31.937,0.025123035246276414,Taipei City,Taipei,25.0566,121.5054,50,"Far EastTone Telecommunication Co., Ltd.",9674
2025-01-07 05:29:02.040390 UTC,2025,13:29:02,ndt-zz5jt_1732753005_00000000002C454B,Download,4.50593258310571,28.129,0.00033687516489014504,Taipei City,Taipei,25.0566,121.5054,50,"Far EastTone Telecommunication Co., Ltd.",9674
2025-01-07 05:25:04.880365 UTC,2025,13:25:04,ndt-7h8vt_1732822567_00000000002B0511,Download,4.8850453442489217,26.892,0.001199290430871591,Taipei City,Taipei,25.0566,121.5054,5,"Taiwan Mobile Co., Ltd.",24158
2025-01-07 05:24:13.933620 UTC,2025,13:24:13,ndt-zz5jt_1732753005_00000000002CD141,Download,10.198614044870029,20.966,0.00057689210850639361,Taipei City,Taipei,25.0566,121.5054,5,"Taiwan Mobile Co., Ltd.",24158
2025-01-07 05:18:21.127284 UTC,2025,13:18:21,ndt-virtual-whvch_1732499076_0000000000418C6F,Download,19.573813335492563,14.252,0.0,Taipei City,Taipei,25.0566,121.5054,5,"Taiwan Mobile Co., Ltd.",24158
2025-01-07 05:14:27.448858 UTC,2025,13:14:27,ndt-virtual-whvch_1732499076_000000000041998D,Download,20.947648217347922,23.853,0.28602414948663929,Taipei City,Taipei,25.0566,121.5054,100,"Far EastTone Telecommunication Co., Ltd.",9674
2025-01-07 05:13:25.996750 UTC,2025,13:13:25,ndt-qz6rr_1732705542_00000000002CF137,Download,93.768374211580237,24.413,0.0,Taipei City,Taipei,25.0566,121.5054,5,"Taiwan Mobile Co., Ltd.",24158
2025-01-07 05:08:26.119865 UTC,2025,13:08:26,ndt-virtual-whvch_1732499076_0000000000418B83,Download,267.88116376345522,17.782,0.035365660016247004,Taipei City,Taipei,25.0566,121.5054,5,Mobile Business Group,17421
2025-01-07 04:58:51.410626 UTC,2025,12:58:51,ndt-7h8vt_1732822567_00000000002B538A,Download,224.73285585449111,22.413,0.042331331945933574,Taipei City,Taipei,25.0566,121.5054,5,Mobile Business Group,17421
2025-01-07 04:54:29.156119 UTC,2025,12:54:29,ndt-virtual-whvch_1732499076_000000000041A12F,Download,126.59560154783982,15.305,0.0,Taipei City,Taipei,25.0566,121.5054,5,Mobile Business Group,17421
2025-01-07 04:52:30.709024 UTC,2025,12:52:30,ndt-qz6rr_1732705542_00000000002CF126,Download,0.731913902878244,53.777,0.03188814217124785,Taipei City,Taipei,25.0566,121.5054,50,"Far EastTone Telecommunication Co., Ltd.",9674
2025-01-07 04:52:29.883467 UTC,2025,12:52:29,ndt-zz5jt_1732753005_00000000002C5604,Download,137.27410411425282,51.084,0.00012256938072841797,Taipei City,Taipei,25.0566,121.5054,100,"Far EastTone Telecommunication Co., Ltd.",9674
2025-01-07 04:51:42.558908 UTC,2025,12:51:42,ndt-virtual-whvch_1732499076_0000000000417DC4,Download,165.09331043043039,13.225,0.0,Taipei City,Taipei,25.0566,121.5054,100,"Far EastTone Telecommunication Co., Ltd.",9674
2025-01-07 04:38:54.290396 UTC,2025,12:38:54,ndt-zz5jt_1732753005_00000000002CE0BE,Download,26.6539941201176,26.081,0.00032202573297359857,Taipei City,Taipei,25.0566,121.5054,100,Mobile Business Group,17421
2025-01-07 04:34:32.954679 UTC,2025,12:34:32,ndt-zz5jt_1732753005_00000000002CD0E9,Download,244.95182558002597,22.015,0.065107941279318821,Taipei City,Taipei,25.0566,121.5054,5,Mobile Business Group,17421
2025-01-07 04:33:13.067457 UTC,2025,12:33:13,ndt-7h8vt_1732822567_000000000029BA36,Download,5.0469508372583505,21.65,0.0,Taipei City,Taipei,25.0566,121.5054,5,"Taiwan Mobile Co., Ltd.",24158
2025-01-07 04:32:03.028787 UTC,2025,12:32:03,ndt-qz6rr_1732705542_00000000002B3A30,Download,31.619989089964186,22.846,0.0,Taipei City,Taipei,25.0566,121.5054,5,"Taiwan Mobile Co., Ltd.",24158
2025-01-07 04:25:50.048638 UTC,2025,12:25:50,ndt-virtual-whvch_1732499076_0000000000416F71,Download,78.067973582128019,24.167,0.0,Taipei City,Taipei,25.0566,121.5054,100,"Far EastTone Telecommunication Co., Ltd.",9674
2025-01-07 04:24:25.772515 UTC,2025,12:24:25,ndt-qz6rr_1732705542_00000000002CA2DB,Download,133.2609814460385,33.402,0.0002138537718764957,Taipei City,Taipei,25.0566,121.5054,5,"Far EastTone Telecommunication Co., Ltd.",9674
2025-01-07 04:18:22.167692 UTC,2025,12:18:22,ndt-qz6rr_1732705542_00000000002CF0F8,Download,133.14253373304348,48.999,0.0,Taipei City,Taipei,25.0566,121.5054,100,"Far EastTone Telecommunication Co., Ltd.",9674
2025-01-07 04:17:42.593701 UTC,2025,12:17:42,ndt-tr4x7_1732671885_000000000030F50E,Download,7.0051853224331291,313.307,0.061477542895660917,Taipei City,Taipei,25.0566,121.5054,5,"Taiwan Mobile Co., Ltd.",24158
2025-01-07 04:15:36.689604 UTC,2025,12:15:36,ndt-virtual-whvch_1732499076_00000000004195B5,Download,55.117640182951433,25.473,0.0,Taipei City,Taipei,25.0566,121.5054,50,"Far EastTone Telecommunication Co., Ltd.",9674
2025-01-07 04:14:57.205113 UTC,2025,12:14:57,ndt-qz6rr_1732705542_00000000002ABB95,Download,68.510404295636121,21.139,0.00046019142209128064,Taipei City,Taipei,25.0566,121.5054,5,"Taiwan Mobile Co., Ltd.",24158
2025-01-07 04:01:45.165171 UTC,2025,12:01:45,ndt-7h8vt_1732822567_00000000002A28F4,Download,52.208287789207908,19.364,0.0,Taipei City,Taipei,25.0566,121.5054,5,Mobile Business Group,17421