TestTime,DataYear,LocalTime,UUID,Direction,MeanThroughputMbps,MinRTT,LossRate,Subdivision1Name,City,Latitude,Longitude,AccuracyRadiusKm,ASName,ASNumber
2024-12-18 03:53:39.375627 UTC,2024,11:53:39,ndt-lnkxs_1732705542_0000000000154AE5,Download,24.277002240043224,24.877,0.062561598859620662,Taipei City,Taipei,25.0566,121.5054,5,Mobile Business Group,17421
2024-12-18 03:47:52.817229 UTC,2024,11:47:52,ndt-virtual-jwh7t_1732499076_0000000000227D05,Download,15.890950179725854,18.0,0.15762861705436107,Taipei City,Taipei,25.0566,121.5054,50,"Far EastTone Telecommunication Co., Ltd.",9674
2024-12-18 03:46:04.402363 UTC,2024,11:46:04,ndt-l4tcf_1732753005_000000000016D105,Download,10.605558897186526,52.01,0.098728211361054669,Taipei City,Taipei,25.0566,121.5054,50,"Far EastTone Telecommunication Co., Ltd.",9674
2024-12-18 03:42:34.978226 UTC,2024,11:42:34,ndt-virtual-jwh7t_1732499076_0000000000228999,Download,12.549170351071108,20.489,0.0,Taipei City,Taipei,25.0566,121.5054,5,"Taiwan Mobile Co., Ltd.",24158
2024-12-18 03:37:56.697180 UTC,2024,11:37:56,ndt-l4tcf_1732753005_000000000015F9B6,Download,23.11801413543694,26.623,0.0,Taipei City,Taipei,25.0566,121.5054,20,Taiwan Star Telecom Corporation Limited.(Former Vibo Telecom Inc.),24157
2024-12-18 03:32:55.542153 UTC,2024,11:32:55,ndt-kthf4_1732671885_0000000000185D70,Download,18.755439586624036,178.708,0.0,Taipei City,Taipei,25.0566,121.5054,10,"Taiwan Mobile Co., Ltd.",24158
2024-12-18 03:32:05.803442 UTC,2024,11:32:05,ndt-j8fzd_1732822567_0000000000142C08,Download,4.1070203432657655,30.895,0.0070394261756178524,Taipei City,Taipei,25.0566,121.5054,5,"Taiwan Mobile Co., Ltd.",24158
2024-12-18 03:28:40.692317 UTC,2024,11:28:40,ndt-lnkxs_1732705542_0000000000157AE8,Download,16.809000160785722,23.004,0.0,Taipei City,Taipei,25.0566,121.5054,10,Taiwan Star Telecom Corporation Limited.(Former Vibo Telecom Inc.),24157
2024-12-18 03:21:51.155183 UTC,2024,11:21:51,ndt-lnkxs_1732705542_0000000000164830,Download,14.010911373781742,94.877,0.0022043437969416196,Taipei City,Taipei,25.0566,121.5054,10,"Taiwan Mobile Co., Ltd.",24158
2024-12-18 02:56:33.825654 UTC,2024,10:56:33,ndt-virtual-ltptc_1732502072_0000000000223DCA,Download,8.35085711528054,39.887,0.0,Taipei City,Taipei,25.0566,121.5054,5,"Taiwan Mobile Co., Ltd.",24158
2024-12-18 02:56:19.209947 UTC,2024,10:56:19,ndt-virtual-jwh7t_1732499076_0000000000229681,Download,71.703858117812274,21.28,0.0028366933356033515,Taipei City,Taipei,25.0566,121.5054,5,"Taiwan Mobile Co., Ltd.",24158
2024-12-18 02:41:15.057484 UTC,2024,10:41:15,ndt-virtual-jwh7t_1732499076_00000000002278CA,Download,11.230654597450306,22.872,0.0,Taipei City,Taipei,25.0566,121.5054,5,"Taiwan Mobile Co., Ltd.",24158
2024-12-18 02:38:25.266946 UTC,2024,10:38:25,ndt-virtual-jwh7t_1732499076_0000000000228563,Download,236.43016990053886,23.179,0.0016071592963292516,Taipei City,Taipei,25.0566,121.5054,100,"Far EastTone Telecommunication Co., Ltd.",9674
2024-12-18 02:37:02.354868 UTC,2024,10:37:02,ndt-l4tcf_1732753005_00000000001644C6,Download,333.85917443145161,18.088,0.0,Taipei City,Taipei,25.0566,121.5054,5,"Taiwan Mobile Co., Ltd.",24158
2024-12-18 02:33:01.996063 UTC,2024,10:33:01,ndt-virtual-jwh7t_1732499076_00000000002294C9,Download,34.676843260500846,7.0,0.00027173406800487683,Taipei City,Taipei,25.0566,121.5054,50,"Far EastTone Telecommunication Co., Ltd.",9674
2024-12-18 02:32:26.169665 UTC,2024,10:32:26,ndt-lnkxs_1732705542_000000000016F123,Download,212.90311775720463,41.257,0.0051370663549392733,Taipei City,Taipei,25.0566,121.5054,20,"Far EastTone Telecommunication Co., Ltd.",9674
2024-12-18 02:20:18.599227 UTC,2024,10:20:18,ndt-j8fzd_1732822567_000000000014E769,Download,42.927777518930533,53.451,9.2521958091181292e-05,Taipei City,Taipei,25.0566,121.5054,20,"Far EastTone Telecommunication Co., Ltd.",9674
2024-12-18 02:20:04.714197 UTC,2024,10:20:04,ndt-l4tcf_1732753005_000000000016543F,Download,409.87998949741183,19.462,0.0,Taipei City,Taipei,25.0566,121.5054,5,"Taiwan Mobile Co., Ltd.",24158
2024-12-18 02:18:27.859435 UTC,2024,10:18:27,ndt-virtual-jwh7t_1732499076_0000000000227743,Download,9.6507234735947822,39.008,0.0016640962425248363,Taipei City,Taipei,25.0566,121.5054,100,"Far EastTone Telecommunication Co., Ltd.",9674
2024-12-18 02:18:06.315824 UTC,2024,10:18:06,ndt-j8fzd_1732822567_000000000015C406,Download,8.7668323771512355,31.037,0.002452974241515892,Taipei City,Taipei,25.0566,121.5054,100,"Far EastTone Telecommunication Co., Ltd.",9674
2024-12-18 02:17:10.530555 UTC,2024,10:17:10,ndt-j8fzd_1732822567_00000000001488D7,Download,15.784374102212908,56.564,0.00090977514282989465,Taipei City,Taipei,25.0566,121.5054,50,"Far EastTone Telecommunication Co., Ltd.",9674
2024-12-18 02:14:17.416074 UTC,2024,10:14:17,ndt-virtual-jwh7t_1732499076_00000000002283B0,Download,75.6832667278642,18.32,0.0,Taipei City,Taipei,25.0566,121.5054,10,Taiwan Star Telecom Corporation Limited.(Former Vibo Telecom Inc.),24157
2024-12-18 02:09:10.242859 UTC,2024,10:09:10,ndt-lnkxs_1732705542_000000000016E43B,Download,29.5706161773764,58.147,0.00046462562903819076,Taipei City,Taipei,25.0566,121.5054,50,"Far EastTone Telecommunication Co., Ltd.",9674
2024-12-18 02:08:31.629641 UTC,2024,10:08:31,ndt-l4tcf_1732753005_00000000001624F7,Download,19.7993749882113,56.301,0.0078040286860932371,Taipei City,Taipei,25.0566,121.5054,50,"Far EastTone Telecommunication Co., Ltd.",9674
2024-12-18 02:07:38.431990 UTC,2024,10:07:38,ndt-virtual-jwh7t_1732499076_0000000000228341,Download,12.771981461005071,26.015,0.013756080140294214,Taipei City,Taipei,25.0566,121.5054,50,"Far EastTone Telecommunication Co., Ltd.",9674
2024-12-18 02:07:02.594806 UTC,2024,10:07:02,ndt-l4tcf_1732753005_000000000016825E,Download,12.398834495354404,25.078,0.010571327339971806,Taipei City,Taipei,25.0566,121.5054,50,"Far EastTone Telecommunication Co., Ltd.",9674
2024-12-18 01:56:29.161383 UTC,2024,09:56:29,ndt-virtual-jwh7t_1732499076_000000000022925B,Download,1.2896237918932547,32.237,0.0,Taipei City,Taipei,25.0566,121.5054,50,"Far EastTone Telecommunication Co., Ltd.",9674
2024-12-18 01:54:49.185180 UTC,2024,09:54:49,ndt-lnkxs_1732705542_00000000001607A3,Download,62.355559460693357,24.102,1.8101449038742071e-05,Taipei City,Taipei,25.0566,121.5054,5,"Taiwan Mobile Co., Ltd.",24158
2024-12-18 01:42:26.556265 UTC,2024,09:42:26,ndt-virtual-jwh7t_1732499076_0000000000226994,Download,12.151086173148471,22.591,0.00027893293418878147,Taipei City,Taipei,25.0566,121.5054,20,Taiwan Star Telecom Corporation Limited.(Former Vibo Telecom Inc.),24157
2024-12-18 01:37:03.962046 UTC,2024,09:37:03,ndt-j8fzd_1732822567_000000000014A7EC,Download,83.667330752388821,26.0,0.042531624446773636,Taipei City,Taipei,25.0566,121.5054,5,Mobile Business Group,17421
2024-12-18 01:36:57.126845 UTC,2024,09:36:57,ndt-virtual-jwh7t_1732499076_0000000000227470,Download,69.707785306503226,23.608,0.053006578711519245,Taipei City,Taipei,25.0566,121.5054,20,"Far EastTone Telecommunication Co., Ltd.",9674
2024-12-18 01:36:39.506386 UTC,2024,09:36:39,ndt-lnkxs_1732705542_000000000016F0D6,Download,10.027866494068194,28.4,0.0,Taipei City,Taipei,25.0566,121.5054,5,"Taiwan Mobile Co., Ltd.",24158
2024-12-18 01:36:25.828426 UTC,2024,09:36:25,ndt-j8fzd_1732822567_0000000000136E92,Download,81.112891953380242,50.116,0.030895753373264504,Taipei City,Taipei,25.0566,121.5054,20,"Far EastTone Telecommunication Co., Ltd.",9674
2024-12-18 01:25:16.529914 UTC,2024,09:25:16,ndt-lnkxs_1732705542_000000000015B85C,Download,24.8462172861667,46.574,0.00058873491699770058,Taipei City,Taipei,25.0566,121.5054,50,"Far EastTone Telecommunication Co., Ltd.",9674
2024-12-18 01:19:48.512822 UTC,2024,09:19:48,ndt-virtual-jwh7t_1732499076_000000000022800D,Download,84.6108070828328,20.758,0.020865314236586809,Taipei City,Taipei,25.0566,121.5054,5,Mobile Business Group,17421
2024-12-18 01:03:45.381908 UTC,2024,09:03:45,ndt-lnkxs_1732705542_0000000000151D80,Download,29.967563304112922,22.851,4.947646954841601e-05,Taipei City,Taipei,25.0566,121.5054,5,Mobile Business Group,17421
2024-12-18 01:02:00.745827 UTC,2024,09:02:00,ndt-virtual-jwh7t_1732499076_0000000000224F0E,Download,7.0889271917428909,22.959,0.0,Taipei City,Taipei,25.0566,121.5054,10,"Taiwan Mobile Co., Ltd.",24158
2024-12-18 00:58:01.971151 UTC,2024,08:58:01,ndt-virtual-jwh7t_1732499076_0000000000225E3A,Download,441.83633470598841,12.34,0.039776304344225827,Taipei City,Taipei,25.0566,121.5054,20,"Far EastTone Telecommunication Co., Ltd.",9674
2024-12-18 00:43:18.831383 UTC,2024,08:43:18,ndt-j8fzd_1732822567_0000000000136E56,Download,9.9575525111458667,55.573,0.00059614330349889359,Taipei City,Taipei,25.0566,121.5054,50,"Far EastTone Telecommunication Co., Ltd.",9674
2024-12-18 00:40:20.358082 UTC,2024,08:40:20,ndt-l4tcf_1732753005_000000000016538C,Download,116.24075015311543,50.135,2.8855388573068098e-05,Taipei City,Taipei,25.0566,121.5054,100,"Far EastTone Telecommunication Co., Ltd.",9674
2024-12-18 00:35:45.560459 UTC,2024,08:35:45,ndt-virtual-jwh7t_1732499076_0000000000227088,Download,10.119779505110403,20.101,0.13248882543642518,Taipei City,Taipei,25.0566,121.5054,5,Mobile Business Group,17421
2024-12-18 00:23:24.461088 UTC,2024,08:23:24,ndt-j8fzd_1732822567_000000000014D748,Download,72.402772700475239,22.825,0.060976800880453728,Taipei City,Taipei,25.0566,121.5054,5,Mobile Business Group,17421
2024-12-18 00:22:30.438450 UTC,2024,08:22:30,ndt-virtual-jwh7t_1732499076_0000000000225BE2,Download,7.8412168992722755,21.988,0.042164790082413708,Taipei City,Taipei,25.0566,121.5054,5,Mobile Business Group,17421
2024-12-18 00:17:18.988172 UTC,2024,08:17:18,ndt-lnkxs_1732705542_00000000001549FB,Download,32.355144964756555,31.0,0.00020091558148171434,Taipei City,Taipei,25.0566,121.5054,100,"Far EastTone Telecommunication Co., Ltd.",9674
2024-12-18 00:17:03.182662 UTC,2024,08:17:03,ndt-lnkxs_1732705542_0000000000158D0B,Download,72.837398286996788,54.371,2.9675618782952482e-05,Taipei City,Taipei,25.0566,121.5054,50,"Far EastTone Telecommunication Co., Ltd.",9674
2024-12-18 00:15:18.183403 UTC,2024,08:15:18,ndt-l4tcf_1732753005_000000000016A037,Download,52.716320374786939,25.938,2.1934035752908355e-05,Taipei City,Taipei,25.0566,121.5054,5,Mobile Business Group,17421
2024-12-18 00:15:00.560640 UTC,2024,08:15:00,ndt-lnkxs_1732705542_0000000000162AD6,Download,21.591269348044239,28.13,0.00026003529301545938,Taipei City,Taipei,25.0566,121.5054,100,"Far EastTone Telecommunication Co., Ltd.",9674
2024-12-18 00:10:15.726335 UTC,2024,08:10:15,ndt-l4tcf_1732753005_000000000014EFB8,Download,22.370587113593235,22.541,0.052881588350918836,Taipei City,Taipei,25.0566,121.5054,50,"Taiwan Mobile Co., Ltd.",24158
2024-12-18 00:08:18.550590 UTC,2024,08:08:18,ndt-lnkxs_1732705542_0000000000159CFD,Download,142.60090347244409,19.831,0.0,Taipei City,Taipei,25.0566,121.5054,10,"Taiwan Mobile Co., Ltd.",24158
2024-12-18 00:00:41.134628 UTC,2024,08:00:41,ndt-l4tcf_1732753005_0000000000163352,Download,42.336014889169704,25.582,0.0,Taipei City,Taipei,25.0566,121.5054,5,"Taiwan Mobile Co., Ltd.",24158
2024-12-17 23:58:35.208906 UTC,2024,07:58:35,ndt-virtual-jwh7t_1732499076_0000000000226260,Download,10.675025262688482,22.597,0.13427640070145461,Taipei City,Taipei,25.0566,121.5054,50,"Far EastTone Telecommunication Co., Ltd.",9674
2024-12-17 23:51:50.250074 UTC,2024,07:51:50,ndt-lnkxs_1732705542_000000000015EB1B,Download,30.172636478215,30.234,0.037189269624057421,Taipei City,Taipei,25.0566,121.5054,5,"Taiwan Mobile Co., Ltd.",24158
2024-12-17 23:50:14.886602 UTC,2024,07:50:14,ndt-j8fzd_1732822567_0000000000133FE0,Download,11.406074242969519,33.245,0.0049112825320485644,Taipei City,Taipei,25.0566,121.5054,5,Mobile Business Group,17421
2024-12-17 23:35:07.489199 UTC,2024,07:35:07,ndt-virtual-jwh7t_1732499076_000000000022496C,Download,15.264398214317445,20.507,0.0045065019114333936,Taipei City,Taipei,25.0566,121.5054,5,Mobile Business Group,17421
2024-12-17 23:07:46.766033 UTC,2024,07:07:46,ndt-j8fzd_1732822567_0000000000136DDF,Download,254.102942659908,26.056,0.025893282048382125,Taipei City,Taipei,25.0566,121.5054,5,Mobile Business Group,17421
2024-12-17 23:04:32.368998 UTC,2024,07:04:32,ndt-l4tcf_1732753005_000000000015D912,Download,58.664619819505596,47.996,5.7214516856125869e-05,Taipei City,Taipei,25.0566,121.5054,100,"Far EastTone Telecommunication Co., Ltd.",9674
2024-12-17 23:00:59.775916 UTC,2024,07:00:59,ndt-j8fzd_1732822567_000000000014C69D,Download,83.665839878875559,20.895,0.039696199308675878,Taipei City,Taipei,25.0566,121.5054,100,Mobile Business Group,17421
2024-12-17 22:59:37.336070 UTC,2024,06:59:37,ndt-virtual-jwh7t_1732499076_0000000000222E67,Download,7.7939649071720716,21.748,0.00014054309985020211,Taipei City,Taipei,25.0566,121.5054,50,"Far EastTone Telecommunication Co., Ltd.",9674
2024-12-17 22:58:14.517337 UTC,2024,06:58:14,ndt-virtual-jwh7t_1732499076_00000000002246F5,Download,32.044177590777984,20.981,0.0,Taipei City,Taipei,25.0566,121.5054,5,Taiwan Star Telecom Corporation Limited.(Former Vibo Telecom Inc.),24157
2024-12-17 21:40:16.365654 UTC,2024,05:40:16,ndt-j8fzd_1732822567_0000000000136D87,Download,1.0455948207067727,37.164,0.079237357220266813,Taipei City,Taipei,25.0566,121.5054,20,"Taiwan Mobile Co., Ltd.",24158
2024-12-17 21:32:08.565393 UTC,2024,05:32:08,ndt-l4tcf_1732753005_000000000014BF3A,Download,3.0930515086840149,26.845,0.00066177746272136,Taipei City,Taipei,25.0566,121.5054,100,Mobile Business Group,17421
2024-12-17 20:45:54.940309 UTC,2024,04:45:54,ndt-j8fzd_1732822567_0000000000148750,Download,23.003840703432058,20.899,0.10297403365862126,Taipei City,Taipei,25.0566,121.5054,50,"Taiwan Mobile Co., Ltd.",24158
2024-12-17 20:40:30.720433 UTC,2024,04:40:30,ndt-l4tcf_1732753005_00000000001622E3,Download,20.675900127355888,25.0,0.083148338577916259,Taipei City,Taipei,25.0566,121.5054,50,"Taiwan Mobile Co., Ltd.",24158
2024-12-17 20:36:59.670809 UTC,2024,04:36:59,ndt-l4tcf_1732753005_0000000000164254,Download,21.665558316120013,20.748,0.036714328593240912,Taipei City,Taipei,25.0566,121.5054,20,"Taiwan Mobile Co., Ltd.",24158
2024-12-17 20:36:06.935640 UTC,2024,04:36:06,ndt-l4tcf_1732753005_00000000001661CD,Download,23.497266317490681,23.578,0.083254835757416559,Taipei City,Taipei,25.0566,121.5054,50,"Taiwan Mobile Co., Ltd.",24158
2024-12-17 20:35:21.000411 UTC,2024,04:35:21,ndt-lnkxs_1732705542_000000000016291F,Download,18.143828267130075,21.725,0.068585455561150949,Taipei City,Taipei,25.0566,121.5054,20,"Taiwan Mobile Co., Ltd.",24158
2024-12-17 20:34:29.587376 UTC,2024,04:34:29,ndt-kthf4_1732671885_0000000000183BB9,Download,14.226243675049043,160.906,0.05603322666901521,Taipei City,Taipei,25.0566,121.5054,50,"Taiwan Mobile Co., Ltd.",24158
2024-12-17 20:33:43.925830 UTC,2024,04:33:43,ndt-lnkxs_1732705542_0000000000164650,Download,40.5825336653555,22.529,0.028621154657272281,Taipei City,Taipei,25.0566,121.5054,20,"Taiwan Mobile Co., Ltd.",24158
2024-12-17 20:32:44.093165 UTC,2024,04:32:44,ndt-l4tcf_1732753005_000000000014BED1,Download,1.1933840699237246,25.826,0.080632416969141918,Taipei City,Taipei,25.0566,121.5054,50,"Taiwan Mobile Co., Ltd.",24158
2024-12-17 18:50:23.920037 UTC,2024,02:50:23,ndt-virtual-jwh7t_1732499076_000000000021FA3C,Download,23.424717064542794,18.274,0.10360024232194702,Taipei City,Taipei,25.0566,121.5054,5,Mobile Business Group,17421
2024-12-17 18:49:22.756489 UTC,2024,02:49:22,ndt-lnkxs_1732705542_0000000000155D07,Download,22.603148393868331,17.805,0.10552123992922285,Taipei City,Taipei,25.0566,121.5054,10,Mobile Business Group,17421
2024-12-17 18:48:57.090745 UTC,2024,02:48:57,ndt-lnkxs_1732705542_00000000001685BF,Download,23.139934079202579,18.505,0.11264118667928529,Taipei City,Taipei,25.0566,121.5054,10,Mobile Business Group,17421
2024-12-17 18:23:52.533629 UTC,2024,02:23:52,ndt-j8fzd_1732822567_0000000000144835,Download,3.1641947067111,31.287,0.0,Taipei City,Taipei,25.0566,121.5054,5,Mobile Business Group,17421
2024-12-17 18:06:59.793828 UTC,2024,02:06:59,ndt-l4tcf_1732753005_00000000001621EB,Download,137.39410027681575,24.005,0.00088811786813981146,Taipei City,Taipei,25.0566,121.5054,5,"Taiwan Mobile Co., Ltd.",24158
2024-12-17 18:03:48.507501 UTC,2024,02:03:48,ndt-l4tcf_1732753005_0000000000164150,Download,126.21311974263698,21.995,9.0096473259360431e-06,Taipei City,Taipei,25.0566,121.5054,5,Mobile Business Group,17421
2024-12-17 17:29:14.413526 UTC,2024,01:29:14,ndt-l4tcf_1732753005_000000000015F610,Download,5.034022369268607,33.983,0.0,Taipei City,Taipei,25.0566,121.5054,10,"Taiwan Mobile Co., Ltd.",24158
2024-12-17 17:28:50.475336 UTC,2024,01:28:50,ndt-j8fzd_1732822567_0000000000148673,Download,15.364252527408009,30.386,0.0175313606716058,Taipei City,Taipei,25.0566,121.5054,10,"Taiwan Mobile Co., Ltd.",24158
2024-12-17 17:28:26.575285 UTC,2024,01:28:26,ndt-j8fzd_1732822567_00000000001438DC,Download,14.021633068274641,26.849,0.0087091607059018479,Taipei City,Taipei,25.0566,121.5054,10,"Taiwan Mobile Co., Ltd.",24158
2024-12-17 17:27:50.644646 UTC,2024,01:27:50,ndt-j8fzd_1732822567_0000000000148671,Download,10.5729745891803,25.014,0.0055294177744093457,Taipei City,Taipei,25.0566,121.5054,10,"Taiwan Mobile Co., Ltd.",24158
2024-12-17 17:27:27.763546 UTC,2024,01:27:27,ndt-l4tcf_1732753005_000000000014CCBF,Download,10.938822692732217,27.366,0.010933977850272321,Taipei City,Taipei,25.0566,121.5054,10,"Taiwan Mobile Co., Ltd.",24158
2024-12-17 17:26:55.327977 UTC,2024,01:26:55,ndt-l4tcf_1732753005_000000000016121C,Download,15.083080145083377,28.381,0.020362129524256024,Taipei City,Taipei,25.0566,121.5054,10,"Taiwan Mobile Co., Ltd.",24158
2024-12-17 17:15:29.507631 UTC,2024,01:15:29,ndt-virtual-jwh7t_1732499076_000000000021E7D6,Download,1.0230744436644152,115.038,0.0032440669567940766,Taipei City,Taipei,25.0566,121.5054,50,"Far EastTone Telecommunication Co., Ltd.",9674
2024-12-17 17:13:35.182925 UTC,2024,01:13:35,ndt-j8fzd_1732822567_000000000014865B,Download,16.445126823367687,19.046,0.00042588247820072889,Taipei City,Taipei,25.0566,121.5054,5,Mobile Business Group,17421
2024-12-17 17:10:22.660322 UTC,2024,01:10:22,ndt-lnkxs_1732705542_0000000000154821,Download,30.28839201456697,50.366,7.12494469507279e-05,Taipei City,Taipei,25.0566,121.5054,50,"Far EastTone Telecommunication Co., Ltd.",9674
2024-12-17 17:06:15.577956 UTC,2024,01:06:15,ndt-virtual-jwh7t_1732499076_000000000021DE59,Download,7.5467441292594151,26.812,0.0011123019728133982,Taipei City,Taipei,25.0566,121.5054,100,"Far EastTone Telecommunication Co., Ltd.",9674
2024-12-17 16:55:47.017885 UTC,2024,00:55:47,ndt-l4tcf_1732753005_000000000015B675,Download,46.724770279701637,37.199,0.0,Taipei City,Taipei,25.0566,121.5054,50,"Far EastTone Telecommunication Co., Ltd.",9674
2024-12-17 16:49:18.620819 UTC,2024,00:49:18,ndt-lnkxs_1732705542_000000000016A48C,Download,161.06725889010102,57.096,3.3732042980693543e-05,Taipei City,Taipei,25.0566,121.5054,50,"Far EastTone Telecommunication Co., Ltd.",9674
2024-12-17 16:46:50.872849 UTC,2024,00:46:50,ndt-j8fzd_1732822567_0000000000141917,Download,102.18271327013152,48.709,1.0583088225016424e-05,Taipei City,Taipei,25.0566,121.5054,50,"Far EastTone Telecommunication Co., Ltd.",9674
2024-12-17 16:26:30.849633 UTC,2024,00:26:30,ndt-l4tcf_1732753005_000000000014AD99,Download,5.5625608506380342,49.565,0.28814740967176367,Taipei City,Taipei,25.0566,121.5054,50,"Far EastTone Telecommunication Co., Ltd.",9674
2024-12-17 16:26:05.120526 UTC,2024,00:26:05,ndt-l4tcf_1732753005_000000000016506C,Download,21.013567474084702,22.951,0.22673660048785035,Taipei City,Taipei,25.0566,121.5054,20,"Far EastTone Telecommunication Co., Ltd.",9674
2024-12-17 16:20:36.135937 UTC,2024,00:20:36,ndt-j8fzd_1732822567_0000000000148615,Download,100.12925599722564,24.971,0.0,Taipei City,Taipei,25.0566,121.5054,5,"Taiwan Mobile Co., Ltd.",24158
2024-12-17 16:17:17.570470 UTC,2024,00:17:17,ndt-virtual-jwh7t_1732499076_000000000021BFF3,Download,3.5168596843695981,30.086,0.049735884912296517,Taipei City,Taipei,25.0566,121.5054,10,Taiwan Star Telecom Corporation Limited.(Former Vibo Telecom Inc.),24157
2024-12-17 16:09:50.272781 UTC,2024,00:09:50,ndt-j8fzd_1732822567_000000000014C4D0,Download,1.0599897132973441,37.495,0.00046442352151692589,Taipei City,Taipei,25.0566,121.5054,5,"Taiwan Mobile Co., Ltd.",24158
2024-12-17 16:07:04.413990 UTC,2024,00:07:04,ndt-gtz7g_1732665153_00000000001834D7,Download,104.11273514945165,149.588,0.0056225797592350185,Taipei City,Taipei,25.0566,121.5054,100,"Far EastTone Telecommunication Co., Ltd.",9674
2024-12-17 15:46:46.729149 UTC,2024,23:46:46,ndt-l4tcf_1732753005_000000000015D651,Download,102.21614988490555,45.51,0.00039698592085021735,Taipei City,Taipei,25.0566,121.5054,20,"Far EastTone Telecommunication Co., Ltd.",9674
2024-12-17 15:46:08.675823 UTC,2024,23:46:08,ndt-lnkxs_1732705542_0000000000151AE2,Download,173.04789655643785,29.411,0.0,Taipei City,Taipei,25.0566,121.5054,100,"Far EastTone Telecommunication Co., Ltd.",9674
2024-12-17 15:45:17.547275 UTC,2024,23:45:17,ndt-kthf4_1732671885_00000000001849F7,Download,27.433032719564657,401.243,0.00029478732575711065,Taipei City,Taipei,25.0566,121.5054,100,"Far EastTone Telecommunication Co., Ltd.",9674
2024-12-17 15:45:00.901224 UTC,2024,23:45:00,ndt-lnkxs_1732705542_000000000015385B,Download,48.783689392769809,46.83,0.00022918499136824805,Taipei City,Taipei,25.0566,121.5054,50,"Far EastTone Telecommunication Co., Ltd.",9674
2024-12-17 15:42:44.667835 UTC,2024,23:42:44,ndt-j8fzd_1732822567_0000000000158048,Download,4.4245595698211524,28.448,0.042932321279927764,Taipei City,Taipei,25.0566,121.5054,10,Taiwan Star Telecom Corporation Limited.(Former Vibo Telecom Inc.),24157
2024-12-17 15:41:12.618423 UTC,2024,23:41:12,ndt-virtual-jwh7t_1732499076_000000000021BD82,Download,18.493952344222311,19.991,0.029702365205751917,Taipei City,Taipei,25.0566,121.5054,5,Mobile Business Group,17421
2024-12-17 15:40:07.114098 UTC,2024,23:40:07,ndt-xrq4c_1732584141_0000000000197775,Download,11.894732107745549,296.0,0.30345514798545242,Taipei City,Taipei,25.0566,121.5054,5,Mobile Business Group,17421
2024-12-17 15:39:49.680091 UTC,2024,23:39:49,ndt-lnkxs_1732705542_000000000015D525,Download,27.60013978930612,17.589,0.008053389588737532,Taipei City,Taipei,25.0566,121.5054,5,Mobile Business Group,17421
2024-12-17 15:39:20.403736 UTC,2024,23:39:20,ndt-l4tcf_1732753005_000000000015D640,Download,14.617865815605127,18.518,0.037473790369643586,Taipei City,Taipei,25.0566,121.5054,5,Mobile Business Group,17421
2024-12-17 15:39:20.127925 UTC,2024,23:39:20,ndt-j8fzd_1732822567_0000000000142891,Download,2.3889315251737488,29.385,0.0028402475450209821,Taipei City,Taipei,25.0566,121.5054,20,Taiwan Star Telecom Corporation Limited.(Former Vibo Telecom Inc.),24157
2024-12-17 15:38:59.845014 UTC,2024,23:38:59,ndt-l4tcf_1732753005_0000000000161163,Download,182.70107155888664,27.505,0.0,Taipei City,Taipei,25.0566,121.5054,100,"Far EastTone Telecommunication Co., Ltd.",9674
2024-12-17 15:37:35.809044 UTC,2024,23:37:35,ndt-l4tcf_1732753005_000000000014DC06,Download,49.483890717769633,20.29,0.0,Taipei City,Taipei,25.0566,121.5054,5,Mobile Business Group,17421
2024-12-17 15:34:14.942581 UTC,2024,23:34:14,ndt-j8fzd_1732822567_00000000001456DF,Download,109.41318486164775,26.965,0.0,Taipei City,Taipei,25.0566,121.5054,5,Mobile Business Group,17421
2024-12-17 15:33:20.170049 UTC,2024,23:33:20,ndt-virtual-jwh7t_1732499076_000000000021D821,Download,3.9255103653997589,34.995,0.050395480655982254,Taipei City,Taipei,25.0566,121.5054,10,Taiwan Star Telecom Corporation Limited.(Former Vibo Telecom Inc.),24157
2024-12-17 15:27:19.877034 UTC,2024,23:27:19,ndt-kthf4_1732671885_000000000017AE0D,Download,10.189483514805778,163.064,0.026824255214120889,Taipei City,Taipei,25.0566,121.5054,50,"Far EastTone Telecommunication Co., Ltd.",9674
2024-12-17 15:24:31.236054 UTC,2024,23:24:31,ndt-virtual-jwh7t_1732499076_000000000021D780,Download,38.566270563026478,19.201,0.00014510732191892097,Taipei City,Taipei,25.0566,121.5054,50,"Far EastTone Telecommunication Co., Ltd.",9674
2024-12-17 15:18:11.208216 UTC,2024,23:18:11,ndt-j8fzd_1732822567_000000000014C49B,Download,3.3457630311254052,53.139,0.1381794475465416,Taipei City,Taipei,25.0566,121.5054,10,Taiwan Star Telecom Corporation Limited.(Former Vibo Telecom Inc.),24157
2024-12-17 15:17:54.443972 UTC,2024,23:17:54,ndt-lnkxs_1732705542_000000000015774E,Download,182.24366479823956,28.472,0.0,Taipei City,Taipei,25.0566,121.5054,100,"Far EastTone Telecommunication Co., Ltd.",9674
2024-12-17 15:16:03.486467 UTC,2024,23:16:03,ndt-virtual-jwh7t_1732499076_000000000021AF60,Download,36.224465092972011,17.434,0.0,Taipei City,Taipei,25.0566,121.5054,5,Mobile Business Group,17421
2024-12-17 15:15:53.743590 UTC,2024,23:15:53,ndt-virtual-jwh7t_1732499076_000000000021AF5B,Download,44.1157084156747,18.55,0.0,Taipei City,Taipei,25.0566,121.5054,5,Mobile Business Group,17421
2024-12-17 15:15:27.629177 UTC,2024,23:15:27,ndt-virtual-jwh7t_1732499076_000000000021AF54,Download,65.005567429385849,17.031,0.0,Taipei City,Taipei,25.0566,121.5054,5,Mobile Business Group,17421
2024-12-17 15:15:01.526699 UTC,2024,23:15:01,ndt-j8fzd_1732822567_0000000000143837,Download,23.170526180419643,17.24,0.0,Taipei City,Taipei,25.0566,121.5054,5,Mobile Business Group,17421
2024-12-17 15:08:15.579278 UTC,2024,23:08:15,ndt-l4tcf_1732753005_0000000000149C63,Download,17.104474552360273,38.0,0.00057134564753197749,Taipei City,Taipei,25.0566,121.5054,100,"Far EastTone Telecommunication Co., Ltd.",9674
2024-12-17 15:07:42.135068 UTC,2024,23:07:42,ndt-j8fzd_1732822567_00000000001456C0,Download,10.286974142561036,32.0,0.00095414341509485353,Taipei City,Taipei,25.0566,121.5054,100,"Far EastTone Telecommunication Co., Ltd.",9674
2024-12-17 15:07:11.973445 UTC,2024,23:07:11,ndt-j8fzd_1732822567_000000000014E43B,Download,14.361714401598828,29.0,0.00055077838701300425,Taipei City,Taipei,25.0566,121.5054,100,"Far EastTone Telecommunication Co., Ltd.",9674
2024-12-17 15:06:37.424104 UTC,2024,23:06:37,ndt-l4tcf_1732753005_000000000015961A,Download,58.246689118361175,29.0,0.021483480418114671,Taipei City,Taipei,25.0566,121.5054,100,"Far EastTone Telecommunication Co., Ltd.",9674
2024-12-17 15:06:14.756978 UTC,2024,23:06:14,ndt-l4tcf_1732753005_0000000000147E5E,Download,52.317120573542994,32.0,0.0001041763371236989,Taipei City,Taipei,25.0566,121.5054,100,"Far EastTone Telecommunication Co., Ltd.",9674
2024-12-17 15:05:47.763099 UTC,2024,23:05:47,ndt-l4tcf_1732753005_0000000000149C60,Download,26.803497350028788,37.0,0.00064633540023076709,Taipei City,Taipei,25.0566,121.5054,100,"Far EastTone Telecommunication Co., Ltd.",9674
2024-12-17 15:05:27.784649 UTC,2024,23:05:27,ndt-l4tcf_1732753005_000000000015182D,Download,20.087651261086936,31.0,0.00099237466226358454,Taipei City,Taipei,25.0566,121.5054,100,"Far EastTone Telecommunication Co., Ltd.",9674
2024-12-17 15:04:59.249246 UTC,2024,23:04:59,ndt-virtual-jwh7t_1732499076_000000000021AEC8,Download,48.478117657223478,5.0,0.00031717776370144809,Taipei City,Taipei,25.0566,121.5054,100,"Far EastTone Telecommunication Co., Ltd.",9674
2024-12-17 15:04:35.797892 UTC,2024,23:04:35,ndt-virtual-jwh7t_1732499076_000000000021D66C,Download,19.455221042017904,5.0,0.00011460473508841032,Taipei City,Taipei,25.0566,121.5054,100,"Far EastTone Telecommunication Co., Ltd.",9674
2024-12-17 15:04:09.779718 UTC,2024,23:04:09,ndt-l4tcf_1732753005_0000000000164003,Download,21.007105185954508,36.0,0.0006448304067953333,Taipei City,Taipei,25.0566,121.5054,100,"Far EastTone Telecommunication Co., Ltd.",9674
2024-12-17 15:03:46.186082 UTC,2024,23:03:46,ndt-j8fzd_1732822567_000000000014E432,Download,15.678387192125713,35.0,6.949973405508151e-05,Taipei City,Taipei,25.0566,121.5054,100,"Far EastTone Telecommunication Co., Ltd.",9674
2024-12-17 15:03:22.531661 UTC,2024,23:03:22,ndt-lnkxs_1732705542_000000000015B573,Download,15.057283379214246,32.0,0.00029475604819411121,Taipei City,Taipei,25.0566,121.5054,100,"Far EastTone Telecommunication Co., Ltd.",9674
2024-12-17 15:02:51.469301 UTC,2024,23:02:51,ndt-lnkxs_1732705542_000000000014FB05,Download,7.36917342377541,33.0,0.00079648980354330454,Taipei City,Taipei,25.0566,121.5054,100,"Far EastTone Telecommunication Co., Ltd.",9674
2024-12-17 15:02:28.224428 UTC,2024,23:02:28,ndt-lnkxs_1732705542_0000000000151AB0,Download,6.7752375199159278,32.0,0.0012847468345494875,Taipei City,Taipei,25.0566,121.5054,100,"Far EastTone Telecommunication Co., Ltd.",9674
2024-12-17 15:01:59.686982 UTC,2024,23:01:59,ndt-l4tcf_1732753005_0000000000146FFA,Download,1.9713462498298471,47.451,0.0,Taipei City,Taipei,25.0566,121.5054,5,Taiwan Star Telecom Corporation Limited.(Former Vibo Telecom Inc.),24157
2024-12-17 14:59:16.331659 UTC,2024,22:59:16,ndt-virtual-jwh7t_1732499076_000000000021BACE,Download,0.0919434174361107,493.712,0.073264370267676224,Taipei City,Taipei,25.0566,121.5054,5,Taiwan Star Telecom Corporation Limited.(Former Vibo Telecom Inc.),24157
2024-12-17 14:59:12.103398 UTC,2024,22:59:12,ndt-lnkxs_1732705542_0000000000165611,Download,0.074785293527251509,256.142,0.20429169574319608,Taipei City,Taipei,25.0566,121.5054,5,Taiwan Star Telecom Corporation Limited.(Former Vibo Telecom Inc.),24157
2024-12-17 14:57:20.224253 UTC,2024,22:57:20,ndt-l4tcf_1732753005_0000000000161116,Download,0.54800670454924982,185.117,0.034384837269338671,Taipei City,Taipei,25.0566,121.5054,5,Taiwan Star Telecom Corporation Limited.(Former Vibo Telecom Inc.),24157
2024-12-17 14:54:56.313218 UTC,2024,22:54:56,ndt-virtual-jwh7t_1732499076_000000000021AE26,Download,56.209530422428628,23.984,0.0,Taipei City,Taipei,25.0566,121.5054,100,"Far EastTone Telecommunication Co., Ltd.",9674
2024-12-17 14:54:42.672574 UTC,2024,22:54:42,ndt-virtual-jwh7t_1732499076_000000000021BA95,Download,1.8456226577554578,32.354,0.0,Taipei City,Taipei,25.0566,121.5054,5,Taiwan Star Telecom Corporation Limited.(Former Vibo Telecom Inc.),24157
2024-12-17 14:52:44.293543 UTC,2024,22:52:44,ndt-virtual-jwh7t_1732499076_000000000021D5D0,Download,0.92364439147449229,28.749,0.0,Taipei City,Taipei,25.0566,121.5054,5,Taiwan Star Telecom Corporation Limited.(Former Vibo Telecom Inc.),24157
2024-12-17 14:52:21.761516 UTC,2024,22:52:21,ndt-lnkxs_1732705542_000000000015D4EC,Download,0.56674559958096449,89.973,0.0,Taipei City,Taipei,25.0566,121.5054,5,Taiwan Star Telecom Corporation Limited.(Former Vibo Telecom Inc.),24157
2024-12-17 14:51:47.482003 UTC,2024,22:51:47,ndt-lnkxs_1732705542_000000000016A3AC,Download,0.2447368524018014,433.32,0.12696781651641284,Taipei City,Taipei,25.0566,121.5054,5,Taiwan Star Telecom Corporation Limited.(Former Vibo Telecom Inc.),24157
2024-12-17 14:50:27.618984 UTC,2024,22:50:27,ndt-virtual-jwh7t_1732499076_000000000021ADD9,Download,0.82101921151480228,32.44,0.020300878454898839,Taipei City,Taipei,25.0566,121.5054,100,"Far EastTone Telecommunication Co., Ltd.",9674
2024-12-17 14:45:20.977334 UTC,2024,22:45:20,ndt-virtual-jwh7t_1732499076_000000000021BA0A,Download,22.102000858373561,19.512,0.026254632718456312,Taipei City,Taipei,25.0566,121.5054,5,Mobile Business Group,17421
2024-12-17 14:43:05.262228 UTC,2024,22:43:05,ndt-j8fzd_1732822567_00000000001476B1,Download,18.288586812453861,25.555,0.017027007313981019,Taipei City,Taipei,25.0566,121.5054,5,Mobile Business Group,17421
2024-12-17 14:42:59.489247 UTC,2024,22:42:59,ndt-virtual-jwh7t_1732499076_000000000021AD57,Download,64.593104105810468,17.411,0.039541400869946994,Taipei City,Taipei,25.0566,121.5054,5,"Taiwan Mobile Co., Ltd.",24158
2024-12-17 14:41:37.919595 UTC,2024,22:41:37,ndt-l4tcf_1732753005_000000000014ACDF,Download,1.2541626511533024,78.188,0.0069354934241143071,Taipei City,Taipei,25.0566,121.5054,10,"Taiwan Mobile Co., Ltd.",24158
2024-12-17 14:40:22.931108 UTC,2024,22:40:22,ndt-virtual-jwh7t_1732499076_000000000021B9B7,Download,35.7002540406421,19.693,0.043138424129535377,Taipei City,Taipei,25.0566,121.5054,5,Mobile Business Group,17421
2024-12-17 14:37:06.845740 UTC,2024,22:37:06,ndt-l4tcf_1732753005_0000000000145F91,Download,2.2325378688014554,26.021,0.022591333534145188,Taipei City,Taipei,25.0566,121.5054,50,"Far EastTone Telecommunication Co., Ltd.",9674
2024-12-17 14:24:29.097468 UTC,2024,22:24:29,ndt-j8fzd_1732822567_0000000000142822,Download,66.1890217459451,21.964,0.0,Taipei City,Taipei,25.0566,121.5054,50,"Taiwan Mobile Co., Ltd.",24158
2024-12-17 14:23:08.122926 UTC,2024,22:23:08,ndt-lnkxs_1732705542_0000000000151A7A,Download,93.684761589162335,21.422,0.0,Taipei City,Taipei,25.0566,121.5054,5,"Taiwan Mobile Co., Ltd.",24158
2024-12-17 14:17:35.556829 UTC,2024,22:17:35,ndt-j8fzd_1732822567_000000000014E3F5,Download,3.8817466443203004,28.397,0.0,Taipei City,Taipei,25.0566,121.5054,5,"Taiwan Mobile Co., Ltd.",24158
2024-12-17 14:15:50.528405 UTC,2024,22:15:50,ndt-j8fzd_1732822567_0000000000136B9A,Download,1.664432178808289,34.551,0.0,Taipei City,Taipei,25.0566,121.5054,10,"Taiwan Mobile Co., Ltd.",24158
2024-12-17 14:15:45.095587 UTC,2024,22:15:45,ndt-j8fzd_1732822567_000000000014E3EE,Download,16.279605352754213,21.279,0.0,Taipei City,Taipei,25.0566,121.5054,5,Mobile Business Group,17421
2024-12-17 14:15:01.616841 UTC,2024,22:15:01,ndt-virtual-jwh7t_1732499076_000000000021B808,Download,5.8759041902285682,23.94,7.4449118349560639e-05,Taipei City,Taipei,25.0566,121.5054,10,"Taiwan Mobile Co., Ltd.",24158
2024-12-17 14:14:48.075982 UTC,2024,22:14:48,ndt-lnkxs_1732705542_000000000015C557,Download,1.0198100677514426,92.486,0.1613246225648812,Taipei City,Taipei,25.0566,121.5054,100,"Far EastTone Telecommunication Co., Ltd.",9674
2024-12-17 14:13:53.276259 UTC,2024,22:13:53,ndt-virtual-jwh7t_1732499076_000000000021D349,Download,2.6019496194151142,27.237,0.00333297914426721,Taipei City,Taipei,25.0566,121.5054,10,"Taiwan Mobile Co., Ltd.",24158
2024-12-17 14:13:49.229618 UTC,2024,22:13:49,ndt-j8fzd_1732822567_000000000013CF19,Download,176.62226792471168,33.0,0.0078445625001414311,Taipei City,Taipei,25.0566,121.5054,100,"Far EastTone Telecommunication Co., Ltd.",9674
2024-12-17 14:13:00.532386 UTC,2024,22:13:00,ndt-j8fzd_1732822567_0000000000141836,Download,187.67438726725581,32.0,0.0029468610022757693,Taipei City,Taipei,25.0566,121.5054,100,"Far EastTone Telecommunication Co., Ltd.",9674
2024-12-17 14:08:30.328122 UTC,2024,22:08:30,ndt-virtual-jwh7t_1732499076_000000000021AB28,Download,3.0695083110622603,29.863,0.018791942133012978,Taipei City,Taipei,25.0566,121.5054,10,Taiwan Star Telecom Corporation Limited.(Former Vibo Telecom Inc.),24157
2024-12-17 14:01:11.704908 UTC,2024,22:01:11,ndt-l4tcf_1732753005_000000000014BBCF,Download,22.667697045932726,23.133,0.14465706669655207,Taipei City,Taipei,25.0566,121.5054,5,Mobile Business Group,17421
2024-12-17 14:00:24.438273 UTC,2024,22:00:24,ndt-virtual-jwh7t_1732499076_000000000021B714,Download,24.535687235804911,17.126,0.070189223729334185,Taipei City,Taipei,25.0566,121.5054,5,Mobile Business Group,17421
2024-12-17 14:00:01.071650 UTC,2024,22:00:01,ndt-virtual-jwh7t_1732499076_000000000021C2DB,Download,24.897880579119775,17.036,0.095950616079731654,Taipei City,Taipei,25.0566,121.5054,5,Mobile Business Group,17421
2024-12-17 13:59:25.336660 UTC,2024,21:59:25,ndt-virtual-jwh7t_1732499076_000000000021AA8F,Download,20.874530875280797,18.384,0.098373967493373127,Taipei City,Taipei,25.0566,121.5054,5,Mobile Business Group,17421
2024-12-17 13:59:01.690446 UTC,2024,21:59:01,ndt-virtual-jwh7t_1732499076_000000000021C2D1,Download,24.6818458930374,18.68,0.069188937031502681,Taipei City,Taipei,25.0566,121.5054,5,Mobile Business Group,17421
2024-12-17 13:58:39.223871 UTC,2024,21:58:39,ndt-virtual-jwh7t_1732499076_000000000021C2CC,Download,24.817384074486295,17.379,0.0686546024571117,Taipei City,Taipei,25.0566,121.5054,5,Mobile Business Group,17421
2024-12-17 13:58:21.426570 UTC,2024,21:58:21,ndt-l4tcf_1732753005_0000000000152839,Download,5.819590910659012,26.622,0.0093061669227897451,Taipei City,Taipei,25.0566,121.5054,50,"Far EastTone Telecommunication Co., Ltd.",9674
2024-12-17 13:58:02.912541 UTC,2024,21:58:02,ndt-lnkxs_1732705542_000000000015B51D,Download,17.514676124410954,21.973,0.060034300374246,Taipei City,Taipei,25.0566,121.5054,5,Mobile Business Group,17421
2024-12-17 13:57:40.140813 UTC,2024,21:57:40,ndt-lnkxs_1732705542_00000000001597FE,Download,17.411404010390836,21.91,0.047705161414623047,Taipei City,Taipei,25.0566,121.5054,5,Mobile Business Group,17421
2024-12-17 13:57:18.761891 UTC,2024,21:57:18,ndt-virtual-jwh7t_1732499076_000000000021D255,Download,13.487017467057125,21.629,0.018759002538593826,Taipei City,Taipei,25.0566,121.5054,5,"Taiwan Mobile Co., Ltd.",24158
2024-12-17 13:57:07.876685 UTC,2024,21:57:07,ndt-virtual-jwh7t_1732499076_000000000021B6D8,Download,33.717163837023676,19.437,0.10512599889613229,Taipei City,Taipei,25.0566,121.5054,5,Mobile Business Group,17421
2024-12-17 13:56:44.476562 UTC,2024,21:56:44,ndt-lnkxs_1732705542_00000000001672D6,Download,22.537749204838683,22.289,0.10826134726928084,Taipei City,Taipei,25.0566,121.5054,5,Mobile Business Group,17421
2024-12-17 13:55:48.926946 UTC,2024,21:55:48,ndt-j8fzd_1732822567_000000000014E3D5,Download,16.373731078934728,68.59,0.016233951867751836,Taipei City,Taipei,25.0566,121.5054,5,"Taiwan Mobile Co., Ltd.",24158
2024-12-17 13:55:32.161342 UTC,2024,21:55:32,ndt-l4tcf_1732753005_0000000000148DAD,Download,16.818311482224107,65.175,0.011623984964219992,Taipei City,Taipei,25.0566,121.5054,5,"Taiwan Mobile Co., Ltd.",24158
2024-12-17 13:55:18.125744 UTC,2024,21:55:18,ndt-lnkxs_1732705542_0000000000152942,Download,33.45862156748629,22.166,0.0,Taipei City,Taipei,25.0566,121.5054,5,"Taiwan Mobile Co., Ltd.",24158
2024-12-17 13:55:06.430436 UTC,2024,21:55:06,ndt-l4tcf_1732753005_0000000000143F60,Download,46.731453598112587,65.205,0.032383490494114764,Taipei City,Taipei,25.0566,121.5054,5,"Taiwan Mobile Co., Ltd.",24158
2024-12-17 13:55:01.059998 UTC,2024,21:55:01,ndt-virtual-jwh7t_1732499076_000000000021D227,Download,26.345919081693182,20.789,0.0,Taipei City,Taipei,25.0566,121.5054,5,"Taiwan Mobile Co., Ltd.",24158
2024-12-17 13:54:19.103439 UTC,2024,21:54:19,ndt-virtual-jwh7t_1732499076_000000000021AA23,Download,43.260960469310689,23.212,0.0,Taipei City,Taipei,25.0566,121.5054,5,"Taiwan Mobile Co., Ltd.",24158
2024-12-17 13:53:38.842421 UTC,2024,21:53:38,ndt-l4tcf_1732753005_000000000014AC85,Download,16.402076138491338,71.067,0.0070236829075358154,Taipei City,Taipei,25.0566,121.5054,5,"Taiwan Mobile Co., Ltd.",24158
2024-12-17 13:53:36.824448 UTC,2024,21:53:36,ndt-j8fzd_1732822567_0000000000148552,Download,68.602206184975387,18.588,0.0,Taipei City,Taipei,25.0566,121.5054,10,Mobile Business Group,17421
2024-12-17 13:53:10.832815 UTC,2024,21:53:10,ndt-j8fzd_1732822567_0000000000136B75,Download,41.974275196161976,55.446,0.012362107054650661,Taipei City,Taipei,25.0566,121.5054,5,"Taiwan Mobile Co., Ltd.",24158
2024-12-17 13:52:44.612918 UTC,2024,21:52:44,ndt-l4tcf_1732753005_00000000001610A4,Download,28.388974322620321,71.175,0.017115863401860276,Taipei City,Taipei,25.0566,121.5054,5,"Taiwan Mobile Co., Ltd.",24158
2024-12-17 13:52:20.613960 UTC,2024,21:52:20,ndt-virtual-jwh7t_1732499076_000000000021B67F,Download,33.278862647275339,20.245,0.0,Taipei City,Taipei,25.0566,121.5054,5,"Taiwan Mobile Co., Ltd.",24158
2024-12-17 13:52:05.571003 UTC,2024,21:52:05,ndt-lnkxs_1732705542_000000000016444E,Download,72.073591041174112,19.19,0.020154808443463988,Taipei City,Taipei,25.0566,121.5054,5,Mobile Business Group,17421
2024-12-17 13:46:05.834658 UTC,2024,21:46:05,ndt-l4tcf_1732753005_0000000000145F3F,Download,5.1151114745502291,23.169,0.0025123471393787384,Taipei City,Taipei,25.0566,121.5054,50,"Far EastTone Telecommunication Co., Ltd.",9674
2024-12-17 13:45:42.004002 UTC,2024,21:45:42,ndt-l4tcf_1732753005_000000000015F480,Download,15.475171268479434,24.879,0.0,Taipei City,Taipei,25.0566,121.5054,5,"Taiwan Mobile Co., Ltd.",24158
2024-12-17 13:45:13.719782 UTC,2024,21:45:13,ndt-virtual-jwh7t_1732499076_000000000021C1D6,Download,17.533028776637007,23.394,0.10577728718607297,Taipei City,Taipei,25.0566,121.5054,50,"Far EastTone Telecommunication Co., Ltd.",9674
2024-12-17 13:40:45.213797 UTC,2024,21:40:45,ndt-lnkxs_1732705542_000000000015C52A,Download,26.355130086869991,24.197,0.0,Taipei City,Taipei,25.0566,121.5054,5,"Taiwan Mobile Co., Ltd.",24158
2024-12-17 13:39:56.964436 UTC,2024,21:39:56,ndt-lnkxs_1732705542_000000000014BD55,Download,23.801574650658509,44.926,0.0,Taipei City,Taipei,25.0566,121.5054,5,"Taiwan Mobile Co., Ltd.",24158
2024-12-17 13:39:32.063646 UTC,2024,21:39:32,ndt-j8fzd_1732822567_000000000015511E,Download,23.016152003848635,58.486,0.0022055556763563456,Taipei City,Taipei,25.0566,121.5054,5,"Taiwan Mobile Co., Ltd.",24158
2024-12-17 13:39:08.719389 UTC,2024,21:39:08,ndt-virtual-jwh7t_1732499076_000000000021D11C,Download,25.884452002888146,18.8,0.0,Taipei City,Taipei,25.0566,121.5054,5,"Taiwan Mobile Co., Ltd.",24158
2024-12-17 13:38:45.179995 UTC,2024,21:38:45,ndt-j8fzd_1732822567_000000000014565A,Download,28.152465823327585,61.139,0.0073775037718744477,Taipei City,Taipei,25.0566,121.5054,5,"Taiwan Mobile Co., Ltd.",24158
2024-12-17 13:37:31.813643 UTC,2024,21:37:31,ndt-virtual-jwh7t_1732499076_000000000021D10E,Download,12.705453375603959,20.363,0.0,Taipei City,Taipei,25.0566,121.5054,5,"Taiwan Mobile Co., Ltd.",24158
2024-12-17 13:37:07.110461 UTC,2024,21:37:07,ndt-l4tcf_1732753005_0000000000143F39,Download,16.334152262930132,69.609,0.0035571248365323079,Taipei City,Taipei,25.0566,121.5054,5,"Taiwan Mobile Co., Ltd.",24158
2024-12-17 13:36:42.565427 UTC,2024,21:36:42,ndt-lnkxs_1732705542_0000000000150E98,Download,6.4449084753310828,66.949,0.0110109003877296,Taipei City,Taipei,25.0566,121.5054,5,"Taiwan Mobile Co., Ltd.",24158
2024-12-17 13:36:21.201261 UTC,2024,21:36:21,ndt-lnkxs_1732705542_00000000001576C2,Download,27.635636329523223,22.453,0.0,Taipei City,Taipei,25.0566,121.5054,10,Mobile Business Group,17421
2024-12-17 13:36:19.750132 UTC,2024,21:36:19,ndt-virtual-jwh7t_1732499076_000000000021C14D,Download,4.5598968656088967,24.175,0.0,Taipei City,Taipei,25.0566,121.5054,5,"Taiwan Mobile Co., Ltd.",24158
2024-12-17 13:35:45.215106 UTC,2024,21:35:45,ndt-virtual-jwh7t_1732499076_000000000021C13F,Download,11.381163794763848,18.728,0.0043120991239930535,Taipei City,Taipei,25.0566,121.5054,5,"Taiwan Mobile Co., Ltd.",24158
2024-12-17 13:35:16.746213 UTC,2024,21:35:16,ndt-lnkxs_1732705542_0000000000152926,Download,12.443090432453598,61.455,0.0010667401905176616,Taipei City,Taipei,25.0566,121.5054,5,"Taiwan Mobile Co., Ltd.",24158
2024-12-17 13:34:52.054319 UTC,2024,21:34:52,ndt-lnkxs_1732705542_0000000000152921,Download,22.338861158160412,57.708,0.00430351055277289,Taipei City,Taipei,25.0566,121.5054,5,"Taiwan Mobile Co., Ltd.",24158
2024-12-17 13:33:51.259272 UTC,2024,21:33:51,ndt-j8fzd_1732822567_0000000000147654,Download,57.961386299888879,41.644,0.0001754546099661222,Taipei City,Taipei,25.0566,121.5054,20,"Far EastTone Telecommunication Co., Ltd.",9674
2024-12-17 13:33:08.856501 UTC,2024,21:33:08,ndt-l4tcf_1732753005_0000000000151798,Download,14.86588683331833,22.394,0.088237217089353254,Taipei City,Taipei,25.0566,121.5054,5,Mobile Business Group,17421
2024-12-17 13:33:08.828799 UTC,2024,21:33:08,ndt-virtual-ltptc_1732502072_0000000000219058,Download,1.6428782861678952,41.273,0.011561584987536781,Taipei City,Taipei,25.0566,121.5054,50,"Far EastTone Telecommunication Co., Ltd.",9674
2024-12-17 13:32:44.901282 UTC,2024,21:32:44,ndt-lnkxs_1732705542_000000000015C51F,Download,7.0242856642884641,23.218,0.057275033273841175,Taipei City,Taipei,25.0566,121.5054,5,Mobile Business Group,17421
2024-12-17 13:32:37.038489 UTC,2024,21:32:37,ndt-l4tcf_1732753005_0000000000145F2A,Download,6.453579198441183,23.0,0.054785607424118511,Taipei City,Taipei,25.0566,121.5054,5,Mobile Business Group,17421
2024-12-17 13:32:12.873978 UTC,2024,21:32:12,ndt-lnkxs_1732705542_0000000000150E92,Download,11.40211575320294,22.821,0.083393191519071624,Taipei City,Taipei,25.0566,121.5054,5,Mobile Business Group,17421
2024-12-17 13:31:56.167145 UTC,2024,21:31:56,ndt-lnkxs_1732705542_000000000016043D,Download,2.5402557621478863,27.411,0.0013294141923998969,Taipei City,Taipei,25.0566,121.5054,100,"Far EastTone Telecommunication Co., Ltd.",9674
2024-12-17 13:31:47.733536 UTC,2024,21:31:47,ndt-virtual-jwh7t_1732499076_000000000021A8AA,Download,20.846174391363942,19.828,0.0,Taipei City,Taipei,25.0566,121.5054,5,Mobile Business Group,17421
2024-12-17 13:31:24.106756 UTC,2024,21:31:24,ndt-virtual-jwh7t_1732499076_000000000021B525,Download,2.2065729695021692,25.544,0.00634957443647708,Taipei City,Taipei,25.0566,121.5054,50,"Far EastTone Telecommunication Co., Ltd.",9674
2024-12-17 13:31:23.384096 UTC,2024,21:31:23,ndt-l4tcf_1732753005_000000000014AC55,Download,11.889369365554536,22.595,0.075829288829455069,Taipei City,Taipei,25.0566,121.5054,5,Mobile Business Group,17421
2024-12-17 13:31:15.525148 UTC,2024,21:31:15,ndt-lnkxs_1732705542_0000000000154700,Download,16.856661265974257,31.719,0.000305705910913701,Taipei City,Taipei,25.0566,121.5054,20,Taiwan Star Telecom Corporation Limited.(Former Vibo Telecom Inc.),24157
2024-12-17 13:31:09.351732 UTC,2024,21:31:09,ndt-j8fzd_1732822567_0000000000156019,Download,3.9822921920800676,29.71,0.0019354204191161532,Taipei City,Taipei,25.0566,121.5054,50,"Far EastTone Telecommunication Co., Ltd.",9674
2024-12-17 13:30:48.936208 UTC,2024,21:30:48,ndt-lnkxs_1732705542_000000000014BD48,Download,9.14040181320359,32.165,0.0,Taipei City,Taipei,25.0566,121.5054,20,Taiwan Star Telecom Corporation Limited.(Former Vibo Telecom Inc.),24157
2024-12-17 13:30:48.622851 UTC,2024,21:30:48,ndt-virtual-jwh7t_1732499076_000000000021A88E,Download,7.77871619915542,19.272,0.00028497235584689685,Taipei City,Taipei,25.0566,121.5054,5,Mobile Business Group,17421
2024-12-17 13:30:23.904525 UTC,2024,21:30:23,ndt-j8fzd_1732822567_00000000001437A6,Download,18.10636387641933,24.652,0.02781160981121384,Taipei City,Taipei,25.0566,121.5054,5,Mobile Business Group,17421
2024-12-17 13:29:26.185303 UTC,2024,21:29:26,ndt-j8fzd_1732822567_000000000014D41B,Download,40.737223420520806,23.162,0.069180089686639343,Taipei City,Taipei,25.0566,121.5054,5,Mobile Business Group,17421
2024-12-17 13:28:18.085197 UTC,2024,21:28:18,ndt-lnkxs_1732705542_00000000001546FA,Download,22.798264276957646,29.364,0.0,Taipei City,Taipei,25.0566,121.5054,5,"Taiwan Mobile Co., Ltd.",24158
2024-12-17 13:27:06.641771 UTC,2024,21:27:06,ndt-lnkxs_1732705542_0000000000152917,Download,14.09300141277342,51.078,0.0,Taipei City,Taipei,25.0566,121.5054,10,"Taiwan Mobile Co., Ltd.",24158
2024-12-17 13:25:29.162990 UTC,2024,21:25:29,ndt-lnkxs_1732705542_000000000014FA81,Download,26.959164174364396,59.512,0.00032630120775793957,Taipei City,Taipei,25.0566,121.5054,10,"Taiwan Mobile Co., Ltd.",24158
2024-12-17 13:25:19.983885 UTC,2024,21:25:19,ndt-lnkxs_1732705542_00000000001537A6,Download,2.3610056102611061,26.923,0.0,Taipei City,Taipei,25.0566,121.5054,5,Mobile Business Group,17421
2024-12-17 13:16:57.408593 UTC,2024,21:16:57,ndt-virtual-jwh7t_1732499076_0000000000219F97,Download,0.39831582192075782,97.013,0.00085699255010436646,Taipei City,Taipei,25.0566,121.5054,100,"Far EastTone Telecommunication Co., Ltd.",9674
2024-12-17 13:12:45.031882 UTC,2024,21:12:45,ndt-lnkxs_1732705542_000000000016141F,Download,23.357517086633013,54.861,0.069174254152513048,Taipei City,Taipei,25.0566,121.5054,20,"Far EastTone Telecommunication Co., Ltd.",9674
2024-12-17 13:09:25.541972 UTC,2024,21:09:25,ndt-virtual-jwh7t_1732499076_000000000021A733,Download,0.42308227562366429,86.447,0.024343120393663539,Taipei City,Taipei,25.0566,121.5054,20,"Far EastTone Telecommunication Co., Ltd.",9674
2024-12-17 13:08:59.781070 UTC,2024,21:08:59,ndt-lnkxs_1732705542_000000000015C506,Download,82.628699220991379,23.74,0.0,Taipei City,Taipei,25.0566,121.5054,5,"Taiwan Mobile Co., Ltd.",24158
2024-12-17 13:07:38.462026 UTC,2024,21:07:38,ndt-l4tcf_1732753005_0000000000144F1B,Download,208.16296496719451,23.308,2.7447278685955918e-05,Taipei City,Taipei,25.0566,121.5054,50,"Far EastTone Telecommunication Co., Ltd.",9674
2024-12-17 13:06:55.239809 UTC,2024,21:06:55,ndt-j8fzd_1732822567_000000000014A427,Download,176.63702331586904,23.959,0.0,Taipei City,Taipei,25.0566,121.5054,20,"Taiwan Mobile Co., Ltd.",24158
2024-12-17 13:04:44.897701 UTC,2024,21:04:44,ndt-virtual-jwh7t_1732499076_0000000000219EA9,Download,173.86408834464578,19.066,0.0,Taipei City,Taipei,25.0566,121.5054,100,"Taiwan Mobile Co., Ltd.",24158
2024-12-17 13:02:17.231911 UTC,2024,21:02:17,ndt-virtual-jwh7t_1732499076_0000000000219E8D,Download,288.1010634447336,12.837,5.4616715703467064e-06,Taipei City,Taipei,25.0566,121.5054,100,"Far EastTone Telecommunication Co., Ltd.",9674
2024-12-17 12:56:26.852674 UTC,2024,20:56:26,ndt-virtual-jwh7t_1732499076_000000000021A651,Download,19.794123870132708,18.098,0.0,Taipei City,Taipei,25.0566,121.5054,5,"Taiwan Mobile Co., Ltd.",24158
2024-12-17 12:54:01.320616 UTC,2024,20:54:01,ndt-lnkxs_1732705542_0000000000153776,Download,45.76260760285755,43.438,0.0002888474412018285,Taipei City,Taipei,25.0566,121.5054,10,"Taiwan Mobile Co., Ltd.",24158
2024-12-17 12:51:32.806006 UTC,2024,20:51:32,ndt-lnkxs_1732705542_000000000015A506,Download,12.45624796652103,55.295,0.28552358299778446,Taipei City,Taipei,25.0566,121.5054,100,"Far EastTone Telecommunication Co., Ltd.",9674
2024-12-17 12:50:43.104894 UTC,2024,20:50:43,ndt-j8fzd_1732822567_0000000000133CBE,Download,24.083817221913563,17.909,0.0,Taipei City,Taipei,25.0566,121.5054,5,"Taiwan Mobile Co., Ltd.",24158
2024-12-17 12:49:43.917806 UTC,2024,20:49:43,ndt-lnkxs_1732705542_00000000001546BE,Download,2.4950319714746718,54.714,0.0016275643446394094,Taipei City,Taipei,25.0566,121.5054,50,"Far EastTone Telecommunication Co., Ltd.",9674
2024-12-17 12:43:47.529978 UTC,2024,20:43:47,ndt-l4tcf_1732753005_0000000000148D25,Download,2.2142744065626818,20.151,0.165050513037813,Taipei City,Taipei,25.0566,121.5054,100,Mobile Business Group,17421
2024-12-17 12:42:05.214856 UTC,2024,20:42:05,ndt-l4tcf_1732753005_0000000000143EDE,Download,22.397420241970963,54.424,0.00060032312021644741,Taipei City,Taipei,25.0566,121.5054,20,"Far EastTone Telecommunication Co., Ltd.",9674
2024-12-17 12:40:39.681938 UTC,2024,20:40:39,ndt-lnkxs_1732705542_00000000001613DC,Download,24.12438849224452,22.419,0.00018384840476001667,Taipei City,Taipei,25.0566,121.5054,50,"Far EastTone Telecommunication Co., Ltd.",9674
2024-12-17 12:40:00.246128 UTC,2024,20:40:00,ndt-virtual-jwh7t_1732499076_0000000000218D57,Download,75.320427554584242,14.015,0.0,Taipei City,Taipei,25.0566,121.5054,5,"Taiwan Mobile Co., Ltd.",24158
2024-12-17 12:38:19.127475 UTC,2024,20:38:19,ndt-l4tcf_1732753005_0000000000161020,Download,170.54041389019991,44.319,0.032457706902873973,Taipei City,Taipei,25.0566,121.5054,20,"Far EastTone Telecommunication Co., Ltd.",9674
2024-12-17 12:34:51.737474 UTC,2024,20:34:51,ndt-lnkxs_1732705542_000000000015D42C,Download,10.882951561525608,37.925,0.085652076738454971,Taipei City,Taipei,25.0566,121.5054,20,"Far EastTone Telecommunication Co., Ltd.",9674
2024-12-17 12:33:22.287981 UTC,2024,20:33:22,ndt-l4tcf_1732753005_0000000000148D11,Download,6.5470070446858477,26.761,0.00075908498491443987,Taipei City,Taipei,25.0566,121.5054,5,Taiwan Star Telecom Corporation Limited.(Former Vibo Telecom Inc.),24157
2024-12-17 12:33:05.746990 UTC,2024,20:33:05,ndt-l4tcf_1732753005_000000000014BB49,Download,39.322354110892924,29.218,0.0021757958037782895,Taipei City,Taipei,25.0566,121.5054,5,"Taiwan Mobile Co., Ltd.",24158
2024-12-17 12:33:04.055854 UTC,2024,20:33:04,ndt-l4tcf_1732753005_000000000015D4DE,Download,0.29362954510206951,32.817,0.081018461824825735,Taipei City,Taipei,25.0566,121.5054,5,Taiwan Star Telecom Corporation Limited.(Former Vibo Telecom Inc.),24157
2024-12-17 12:32:58.630445 UTC,2024,20:32:58,ndt-l4tcf_1732753005_000000000015D4DD,Download,7.089101945501624,30.436,0.040603756441216436,Taipei City,Taipei,25.0566,121.5054,5,Taiwan Star Telecom Corporation Limited.(Former Vibo Telecom Inc.),24157
2024-12-17 12:31:33.534589 UTC,2024,20:31:33,ndt-lnkxs_1732705542_000000000015B4AF,Download,0.62161000344278072,25.93,0.035698434876539585,Taipei City,Taipei,25.0566,121.5054,20,Taiwan Star Telecom Corporation Limited.(Former Vibo Telecom Inc.),24157
2024-12-17 12:30:52.672649 UTC,2024,20:30:52,ndt-virtual-jwh7t_1732499076_000000000021A4BA,Download,7.9745546956751721,23.778,0.00053638455543290214,Taipei City,Taipei,25.0566,121.5054,5,Taiwan Star Telecom Corporation Limited.(Former Vibo Telecom Inc.),24157
2024-12-17 12:30:05.172453 UTC,2024,20:30:05,ndt-virtual-jwh7t_1732499076_000000000021A4A7,Download,74.948334308158962,22.186,0.0,Taipei City,Taipei,25.0566,121.5054,10,Taiwan Star Telecom Corporation Limited.(Former Vibo Telecom Inc.),24157
2024-12-17 12:29:00.729194 UTC,2024,20:29:00,ndt-l4tcf_1732753005_000000000015460A,Download,234.84478856020164,47.932,0.0014549516906084566,Taipei City,Taipei,25.0566,121.5054,100,"Far EastTone Telecommunication Co., Ltd.",9674
2024-12-17 12:26:56.986011 UTC,2024,20:26:56,ndt-l4tcf_1732753005_00000000001575ED,Download,111.66803481185346,14.946,0.010711599800939234,Taipei City,Taipei,25.0566,121.5054,5,Mobile Business Group,17421
2024-12-17 12:21:29.235140 UTC,2024,20:21:29,ndt-j8fzd_1732822567_000000000014D3BD,Download,4.3110855968818926,48.103,0.0,Taipei City,Taipei,25.0566,121.5054,20,"Far EastTone Telecommunication Co., Ltd.",9674
2024-12-17 12:15:38.982741 UTC,2024,20:15:38,ndt-j8fzd_1732822567_00000000001455FD,Download,41.65265878090954,173.827,0.0021586828695097076,Taipei City,Taipei,25.0566,121.5054,5,"Taiwan Mobile Co., Ltd.",24158
2024-12-17 12:12:42.446884 UTC,2024,20:12:42,ndt-virtual-jwh7t_1732499076_0000000000218B62,Download,15.508975930076669,25.071,0.0,Taipei City,Taipei,25.0566,121.5054,100,"Far EastTone Telecommunication Co., Ltd.",9674
2024-12-17 12:12:36.990978 UTC,2024,20:12:36,ndt-j8fzd_1732822567_000000000015133A,Download,58.498362933723563,46.438,0.018866352993271541,Taipei City,Taipei,25.0566,121.5054,20,"Far EastTone Telecommunication Co., Ltd.",9674
2024-12-17 12:12:33.497216 UTC,2024,20:12:33,ndt-l4tcf_1732753005_0000000000150A09,Download,9.74156321064112,34.946,0.0,Taipei City,Taipei,25.0566,121.5054,5,"Taiwan Mobile Co., Ltd.",24158
2024-12-17 12:12:08.765715 UTC,2024,20:12:08,ndt-virtual-jwh7t_1732499076_0000000000218B56,Download,17.439099504810446,24.398,0.0,Taipei City,Taipei,25.0566,121.5054,100,"Far EastTone Telecommunication Co., Ltd.",9674
2024-12-17 12:08:37.783275 UTC,2024,20:08:37,ndt-virtual-jwh7t_1732499076_000000000021A31D,Download,367.57549101287987,19.887,0.026036431609269786,Taipei City,Taipei,25.0566,121.5054,100,"Far EastTone Telecommunication Co., Ltd.",9674
2024-12-17 12:08:25.559732 UTC,2024,20:08:25,ndt-virtual-ltptc_1732502072_0000000000216653,Download,9.0302595507123353,36.465,0.0035188175049680856,Taipei City,Taipei,25.0566,121.5054,50,"Far EastTone Telecommunication Co., Ltd.",9674
2024-12-17 12:00:38.888195 UTC,2024,20:00:38,ndt-virtual-jwh7t_1732499076_0000000000217F1A,Download,54.8988931807978,14.061,0.074210005664131912,Taipei City,Taipei,25.0566,121.5054,20,"Far EastTone Telecommunication Co., Ltd.",9674
2024-12-17 11:56:21.474385 UTC,2024,19:56:21,ndt-j8fzd_1732822567_000000000014849B,Download,7.0725790489296356,37.327,0.03377243924176028,Taipei City,Taipei,25.0566,121.5054,5,"Taiwan Mobile Co., Ltd.",24158
2024-12-17 11:48:41.606213 UTC,2024,19:48:41,ndt-virtual-jwh7t_1732499076_00000000002189DA,Download,13.42069943152155,12.399,0.18557625508666087,Taipei City,Taipei,25.0566,121.5054,5,Mobile Business Group,17421
2024-12-17 11:45:39.505897 UTC,2024,19:45:39,ndt-j8fzd_1732822567_0000000000154099,Download,38.074076352722685,24.375,2.8891601400070953e-05,Taipei City,Taipei,25.0566,121.5054,5,Mobile Business Group,17421
2024-12-17 11:40:31.886291 UTC,2024,19:40:31,ndt-l4tcf_1732753005_000000000014AB8D,Download,62.079805454183862,26.888,1.8674399576860075e-05,Taipei City,Taipei,25.0566,121.5054,5,Mobile Business Group,17421
2024-12-17 11:40:27.359729 UTC,2024,19:40:27,ndt-virtual-jwh7t_1732499076_0000000000217DB6,Download,3.2104160380269131,24.846,0.11894146444602728,Taipei City,Taipei,25.0566,121.5054,10,Taiwan Star Telecom Corporation Limited.(Former Vibo Telecom Inc.),24157
2024-12-17 11:35:44.290243 UTC,2024,19:35:44,ndt-l4tcf_1732753005_0000000000143E5A,Download,28.763524080362536,186.925,0.00053288512661147671,Taipei City,Taipei,25.0566,121.5054,5,"Taiwan Mobile Co., Ltd.",24158
2024-12-17 11:29:47.373080 UTC,2024,19:29:47,ndt-j8fzd_1732822567_00000000001455C6,Download,11.508124885310428,18.43,0.12111022824802919,Taipei City,Taipei,25.0566,121.5054,5,"Taiwan Mobile Co., Ltd.",24158
2024-12-17 11:27:40.026829 UTC,2024,19:27:40,ndt-j8fzd_1732822567_0000000000144607,Download,9.8333345574654416,188.122,0.0036109431527490466,Taipei City,Taipei,25.0566,121.5054,5,"Taiwan Mobile Co., Ltd.",24158
2024-12-17 11:27:37.599744 UTC,2024,19:27:37,ndt-l4tcf_1732753005_000000000015A50E,Download,110.63430947682556,52.448,2.0406210046993231e-05,Taipei City,Taipei,25.0566,121.5054,20,"Far EastTone Telecommunication Co., Ltd.",9674
2024-12-17 11:25:43.529354 UTC,2024,19:25:43,ndt-l4tcf_1732753005_000000000014AB6B,Download,15.282543157635327,24.132,8.0184455692978432e-05,Taipei City,Taipei,25.0566,121.5054,5,Mobile Business Group,17421
2024-12-17 11:19:36.912443 UTC,2024,19:19:36,ndt-virtual-jwh7t_1732499076_0000000000217C31,Download,21.225199957095718,40.299,0.10343021320247794,Taipei City,Taipei,25.0566,121.5054,20,"Far EastTone Telecommunication Co., Ltd.",9674
2024-12-17 11:19:34.039546 UTC,2024,19:19:34,ndt-kthf4_1732671885_00000000001911C2,Download,4.3584280363628638,176.499,0.099552189034731356,Taipei City,Taipei,25.0566,121.5054,20,"Taiwan Mobile Co., Ltd.",24158
2024-12-17 11:18:30.095864 UTC,2024,19:18:30,ndt-virtual-ltptc_1732502072_0000000000217035,Download,94.080191742843567,30.521,0.00086795688760458794,Taipei City,Taipei,25.0566,121.5054,100,"Far EastTone Telecommunication Co., Ltd.",9674
2024-12-17 11:14:44.193000 UTC,2024,19:14:44,ndt-l4tcf_1732753005_0000000000142EE3,Download,43.840450034777135,20.718,0.0,Taipei City,Taipei,25.0566,121.5054,20,Taiwan Star Telecom Corporation Limited.(Former Vibo Telecom Inc.),24157
2024-12-17 11:03:53.877219 UTC,2024,19:03:53,ndt-virtual-jwh7t_1732499076_0000000000216E8C,Download,101.57304280456663,18.485,0.0,Taipei City,Taipei,25.0566,121.5054,5,Mobile Business Group,17421
2024-12-17 10:59:51.309636 UTC,2024,18:59:51,ndt-j8fzd_1732822567_0000000000136AA8,Download,24.718578251117197,31.458,0.020284991867081884,Taipei City,Taipei,25.0566,121.5054,10,"Taiwan Mobile Co., Ltd.",24158
2024-12-17 10:58:49.822381 UTC,2024,18:58:49,ndt-l4tcf_1732753005_0000000000141F4C,Download,56.482458215645096,21.972,0.0,Taipei City,Taipei,25.0566,121.5054,5,Taiwan Star Telecom Corporation Limited.(Former Vibo Telecom Inc.),24157
2024-12-17 10:56:24.499534 UTC,2024,18:56:24,ndt-virtual-jwh7t_1732499076_0000000000217A64,Download,31.184893275877815,25.168,0.0019836325741834503,Taipei City,Taipei,25.0566,121.5054,5,"Taiwan Mobile Co., Ltd.",24158
2024-12-17 10:55:58.585166 UTC,2024,18:55:58,ndt-j8fzd_1732822567_000000000014658F,Download,24.103754173433188,31.436,4.5609569245090135e-05,Taipei City,Taipei,25.0566,121.5054,5,"Taiwan Mobile Co., Ltd.",24158
2024-12-17 10:45:07.619587 UTC,2024,18:45:07,ndt-virtual-jwh7t_1732499076_00000000002184F9,Download,3.2867471436076281,38.227,0.0021125313016223581,Taipei City,Taipei,25.0566,121.5054,5,Mobile Business Group,17421
2024-12-17 10:40:48.786031 UTC,2024,18:40:48,ndt-l4tcf_1732753005_000000000014AB15,Download,117.81179914341695,48.453,3.2690442411188122e-05,Taipei City,Taipei,25.0566,121.5054,50,"Far EastTone Telecommunication Co., Ltd.",9674
2024-12-17 10:35:29.826498 UTC,2024,18:35:29,ndt-l4tcf_1732753005_000000000015D3F3,Download,62.121811875453957,22.514,0.0,Taipei City,Taipei,25.0566,121.5054,5,Taiwan Star Telecom Corporation Limited.(Former Vibo Telecom Inc.),24157
2024-12-17 10:34:36.753889 UTC,2024,18:34:36,ndt-j8fzd_1732822567_000000000014A367,Download,30.278087758317902,27.199,0.037476109568703495,Taipei City,Taipei,25.0566,121.5054,5,Taiwan Star Telecom Corporation Limited.(Former Vibo Telecom Inc.),24157
2024-12-17 10:33:56.092642 UTC,2024,18:33:56,ndt-lnkxs_1732705542_0000000000156579,Download,21.012528953040359,22.068,0.0,Taipei City,Taipei,25.0566,121.5054,20,Taiwan Star Telecom Corporation Limited.(Former Vibo Telecom Inc.),24157
2024-12-17 10:32:09.127469 UTC,2024,18:32:09,ndt-virtual-jwh7t_1732499076_0000000000216BFF,Download,26.822409978528356,20.314,0.00092068723753085469,Taipei City,Taipei,25.0566,121.5054,5,Taiwan Star Telecom Corporation Limited.(Former Vibo Telecom Inc.),24157
2024-12-17 10:31:32.203093 UTC,2024,18:31:32,ndt-j8fzd_1732822567_00000000001426E0,Download,53.122382015847549,24.167,0.0,Taipei City,Taipei,25.0566,121.5054,5,Taiwan Star Telecom Corporation Limited.(Former Vibo Telecom Inc.),24157
2024-12-17 10:30:54.417436 UTC,2024,18:30:54,ndt-virtual-jwh7t_1732499076_00000000002183D2,Download,25.417917156727682,19.951,0.0,Taipei City,Taipei,25.0566,121.5054,20,Taiwan Star Telecom Corporation Limited.(Former Vibo Telecom Inc.),24157
2024-12-17 10:25:12.444430 UTC,2024,18:25:12,ndt-l4tcf_1732753005_0000000000144DFE,Download,11.671385604431091,45.158,9.5606459943946027e-05,Taipei City,Taipei,25.0566,121.5054,100,"Far EastTone Telecommunication Co., Ltd.",9674
2024-12-17 10:25:03.312281 UTC,2024,18:25:03,ndt-l4tcf_1732753005_0000000000146DD8,Download,20.935810516383302,49.702,0.2116817701718299,Taipei City,Taipei,25.0566,121.5054,100,"Far EastTone Telecommunication Co., Ltd.",9674
2024-12-17 10:23:56.965845 UTC,2024,18:23:56,ndt-virtual-jwh7t_1732499076_0000000000216B87,Download,1.8170462532707738,24.102,0.00021386318297683698,Taipei City,Taipei,25.0566,121.5054,5,Mobile Business Group,17421
2024-12-17 10:19:39.078507 UTC,2024,18:19:39,ndt-lnkxs_1732705542_00000000001586BA,Download,22.355349123399236,52.07,0.00079517012141909016,Taipei City,Taipei,25.0566,121.5054,20,"Far EastTone Telecommunication Co., Ltd.",9674
2024-12-17 10:15:38.383807 UTC,2024,18:15:38,ndt-virtual-jwh7t_1732499076_0000000000216AE1,Download,17.685846297096624,19.838,0.0,Taipei City,Taipei,25.0566,121.5054,50,"Far EastTone Telecommunication Co., Ltd.",9674
2024-12-17 10:14:48.199984 UTC,2024,18:14:48,ndt-j8fzd_1732822567_000000000015218D,Download,31.168683370815504,25.069,0.0,Taipei City,Taipei,25.0566,121.5054,10,Taiwan Star Telecom Corporation Limited.(Former Vibo Telecom Inc.),24157
2024-12-17 10:10:09.082647 UTC,2024,18:10:09,ndt-l4tcf_1732753005_0000000000141EF4,Download,7.8503214755452237,27.4,0.00031740362060176216,Taipei City,Taipei,25.0566,121.5054,10,"Taiwan Mobile Co., Ltd.",24158
2024-12-17 10:09:36.204597 UTC,2024,18:09:36,ndt-virtual-jwh7t_1732499076_0000000000218284,Download,60.554285400011,19.778,0.0,Taipei City,Taipei,25.0566,121.5054,5,Mobile Business Group,17421
2024-12-17 09:56:56.980235 UTC,2024,17:56:56,ndt-lnkxs_1732705542_00000000001681FF,Download,22.330095371200969,26.395,0.0,Taipei City,Taipei,25.0566,121.5054,5,Mobile Business Group,17421
2024-12-17 09:53:31.793246 UTC,2024,17:53:31,ndt-virtual-jwh7t_1732499076_0000000000216973,Download,19.69396249241813,20.561,0.017613871838328167,Taipei City,Taipei,25.0566,121.5054,10,"Taiwan Mobile Co., Ltd.",24158
2024-12-17 09:47:20.758326 UTC,2024,17:47:20,ndt-l4tcf_1732753005_000000000014AA99,Download,93.407688765752411,19.564,0.0,Taipei City,Taipei,25.0566,121.5054,5,Mobile Business Group,17421
2024-12-17 09:46:16.968246 UTC,2024,17:46:16,ndt-virtual-jwh7t_1732499076_00000000002180FE,Download,118.44444515553565,16.995,0.0,Taipei City,Taipei,25.0566,121.5054,5,Mobile Business Group,17421
2024-12-17 09:46:03.857649 UTC,2024,17:46:03,ndt-j8fzd_1732822567_0000000000143659,Download,74.279341233590941,21.398,5.1362165757884232e-05,Taipei City,Taipei,25.0566,121.5054,5,Mobile Business Group,17421
2024-12-17 09:45:54.678917 UTC,2024,17:45:54,ndt-j8fzd_1732822567_000000000014D2D8,Download,58.041484812982169,19.12,2.3367011179300641e-05,Taipei City,Taipei,25.0566,121.5054,5,Mobile Business Group,17421
2024-12-17 09:45:31.953536 UTC,2024,17:45:31,ndt-l4tcf_1732753005_00000000001508FD,Download,66.559859022428469,19.96,0.0,Taipei City,Taipei,25.0566,121.5054,5,Mobile Business Group,17421
2024-12-17 09:42:49.096703 UTC,2024,17:42:49,ndt-virtual-jwh7t_1732499076_0000000000215FCB,Download,74.053354556838826,24.039,0.0,Taipei City,Taipei,25.0566,121.5054,5,Mobile Business Group,17421
2024-12-17 09:40:27.142687 UTC,2024,17:40:27,ndt-l4tcf_1732753005_0000000000144D91,Download,72.719095434533571,29.873,0.002311267629499133,Taipei City,Taipei,25.0566,121.5054,5,Mobile Business Group,17421
2024-12-17 09:38:42.581166 UTC,2024,17:38:42,ndt-virtual-jwh7t_1732499076_00000000002174DD,Download,5.9725624543092009,20.75,0.0,Taipei City,Taipei,25.0566,121.5054,5,Mobile Business Group,17421
2024-12-17 09:38:08.920131 UTC,2024,17:38:08,ndt-j8fzd_1732822567_0000000000133BA2,Download,68.095354036754074,23.356,2.054256107135892e-05,Taipei City,Taipei,25.0566,121.5054,200,"Far EastTone Telecommunication Co., Ltd.",9674
2024-12-17 09:29:41.052633 UTC,2024,17:29:41,ndt-j8fzd_1732822567_000000000014455B,Download,3.5580396118628883,47.293,0.0014518340334094665,Taipei City,Taipei,25.0566,121.5054,20,"Far EastTone Telecommunication Co., Ltd.",9674
2024-12-17 09:27:21.361381 UTC,2024,17:27:21,ndt-virtual-jwh7t_1732499076_0000000000216765,Download,165.17938563944119,24.335,1.3451370164936025e-05,Taipei City,Taipei,25.0566,121.5054,100,"Far EastTone Telecommunication Co., Ltd.",9674
2024-12-17 09:22:04.583289 UTC,2024,17:22:04,ndt-l4tcf_1732753005_0000000000147BD3,Download,11.612092738357447,19.777,0.081850580958030453,Taipei City,Taipei,25.0566,121.5054,5,Mobile Business Group,17421
2024-12-17 09:21:48.189924 UTC,2024,17:21:48,ndt-virtual-ltptc_1732502072_0000000000212B15,Download,12.724024826068266,34.805,0.015100218277423758,Taipei City,Taipei,25.0566,121.5054,5,Mobile Business Group,17421
2024-12-17 09:19:23.321581 UTC,2024,17:19:23,ndt-lnkxs_1732705542_000000000015A3F4,Download,0.092991374878619984,233.983,0.0,Taipei City,Taipei,25.0566,121.5054,10,"Taiwan Mobile Co., Ltd.",24158
2024-12-17 09:16:41.937503 UTC,2024,17:16:41,ndt-l4tcf_1732753005_0000000000141E86,Download,49.2178471223705,46.074,0.00015439149694992764,Taipei City,Taipei,25.0566,121.5054,20,"Far EastTone Telecommunication Co., Ltd.",9674
2024-12-17 09:06:59.915295 UTC,2024,17:06:59,ndt-l4tcf_1732753005_0000000000141E71,Download,18.544646362399867,20.003,0.0090755095253409919,Taipei City,Taipei,25.0566,121.5054,5,Mobile Business Group,17421
2024-12-17 09:06:06.802616 UTC,2024,17:06:06,ndt-virtual-jwh7t_1732499076_0000000000215D3C,Download,17.169251802410141,19.906,0.0089665256404380771,Taipei City,Taipei,25.0566,121.5054,5,Mobile Business Group,17421
2024-12-17 09:03:53.173448 UTC,2024,17:03:53,ndt-l4tcf_1732753005_000000000015D34E,Download,20.918975557025245,43.897,0.00060746175578103813,Taipei City,Taipei,25.0566,121.5054,100,"Far EastTone Telecommunication Co., Ltd.",9674
2024-12-17 09:03:36.380800 UTC,2024,17:03:36,ndt-j8fzd_1732822567_0000000000136A21,Download,270.843240025019,25.969,0.0039369043227384616,Taipei City,Taipei,25.0566,121.5054,5,"Taiwan Mobile Co., Ltd.",24158
2024-12-17 09:01:17.799533 UTC,2024,17:01:17,ndt-lnkxs_1732705542_000000000015279C,Download,174.02083990779948,39.0,0.005094468019555016,Taipei City,Taipei,25.0566,121.5054,100,"Far EastTone Telecommunication Co., Ltd.",9674
2024-12-17 08:58:56.962507 UTC,2024,16:58:56,ndt-l4tcf_1732753005_0000000000148B58,Download,10.8229903918227,52.892,0.1553954838002333,Taipei City,Taipei,25.0566,121.5054,100,"Far EastTone Telecommunication Co., Ltd.",9674
2024-12-17 08:58:29.626094 UTC,2024,16:58:29,ndt-virtual-jwh7t_1732499076_0000000000216530,Download,10.757807338855613,20.531,0.14426651823481304,Taipei City,Taipei,25.0566,121.5054,100,"Far EastTone Telecommunication Co., Ltd.",9674
2024-12-17 08:56:14.495974 UTC,2024,16:56:14,ndt-virtual-jwh7t_1732499076_0000000000214D5A,Download,11.929439623661994,24.743,0.0,Taipei City,Taipei,25.0566,121.5054,5,Mobile Business Group,17421
2024-12-17 08:48:53.356800 UTC,2024,16:48:53,ndt-l4tcf_1732753005_0000000000149A0D,Download,57.070988943125329,56.024,0.00019460790024126474,Taipei City,Taipei,25.0566,121.5054,100,"Far EastTone Telecommunication Co., Ltd.",9674
2024-12-17 08:46:41.089738 UTC,2024,16:46:41,ndt-lnkxs_1732705542_0000000000154563,Download,16.950719394856531,20.0,0.021144397005411823,Taipei City,Taipei,25.0566,121.5054,5,Mobile Business Group,17421
2024-12-17 08:46:19.995916 UTC,2024,16:46:19,ndt-lnkxs_1732705542_0000000000161280,Download,341.37953105835754,19.989,0.0,Taipei City,Taipei,25.0566,121.5054,5,"Taiwan Mobile Co., Ltd.",24158
2024-12-17 08:45:58.217988 UTC,2024,16:45:58,ndt-virtual-jwh7t_1732499076_0000000000217120,Download,45.956462979881763,33.909,0.00012087196548231067,Taipei City,Taipei,25.0566,121.5054,100,"Far EastTone Telecommunication Co., Ltd.",9674
2024-12-17 08:45:30.109680 UTC,2024,16:45:30,ndt-l4tcf_1732753005_000000000014AA37,Download,49.403183471611229,36.156,4.505313534144245e-05,Taipei City,Taipei,25.0566,121.5054,100,"Far EastTone Telecommunication Co., Ltd.",9674
2024-12-17 08:45:04.014879 UTC,2024,16:45:04,ndt-lnkxs_1732705542_000000000015E43B,Download,52.048552119575675,62.071,0.00010748735540730196,Taipei City,Taipei,25.0566,121.5054,100,"Far EastTone Telecommunication Co., Ltd.",9674
2024-12-17 08:44:13.093852 UTC,2024,16:44:13,ndt-j8fzd_1732822567_000000000014E23C,Download,6.2263552402837545,21.766,0.026338067017033808,Taipei City,Taipei,25.0566,121.5054,5,Mobile Business Group,17421
2024-12-17 08:31:07.617642 UTC,2024,16:31:07,ndt-lnkxs_1732705542_000000000014DFE9,Download,17.259004648392683,22.791,0.0,Taipei City,Taipei,25.0566,121.5054,5,"Taiwan Mobile Co., Ltd.",24158
2024-12-17 08:30:36.806446 UTC,2024,16:30:36,ndt-virtual-jwh7t_1732499076_0000000000216389,Download,56.990297805551727,21.138,0.0,Taipei City,Taipei,25.0566,121.5054,5,"Taiwan Mobile Co., Ltd.",24158
2024-12-17 08:29:56.562325 UTC,2024,16:29:56,ndt-virtual-jwh7t_1732499076_0000000000215A8C,Download,1.2370913854930787,20.976,0.020171594655530267,Taipei City,Taipei,25.0566,121.5054,5,Mobile Business Group,17421
2024-12-17 08:28:37.351985 UTC,2024,16:28:37,ndt-virtual-jwh7t_1732499076_000000000021636C,Download,43.650579893002828,25.317,0.05252556143134126,Taipei City,Taipei,25.0566,121.5054,100,"Far EastTone Telecommunication Co., Ltd.",9674
2024-12-17 08:23:29.102477 UTC,2024,16:23:29,ndt-gtz7g_1732665153_000000000018410A,Download,6.38762093291318,168.446,0.0069294080430289283,Taipei City,Taipei,25.0566,121.5054,100,"Far EastTone Telecommunication Co., Ltd.",9674
2024-12-17 08:22:23.303737 UTC,2024,16:22:23,ndt-lnkxs_1732705542_000000000015360E,Download,5.2298387823373265,24.502,0.093116730666869443,Taipei City,Taipei,25.0566,121.5054,10,"Taiwan Mobile Co., Ltd.",24158
2024-12-17 08:22:10.573669 UTC,2024,16:22:10,ndt-j8fzd_1732822567_0000000000152105,Download,25.973419109794563,23.598,0.068771563898469071,Taipei City,Taipei,25.0566,121.5054,5,Mobile Business Group,17421
2024-12-17 08:21:42.776071 UTC,2024,16:21:42,ndt-j8fzd_1732822567_0000000000141648,Download,0.38759183411021086,27.53,0.034278139006375857,Taipei City,Taipei,25.0566,121.5054,10,"Taiwan Mobile Co., Ltd.",24158
2024-12-17 08:21:36.128740 UTC,2024,16:21:36,ndt-l4tcf_1732753005_000000000015550E,Download,56.4264577246733,22.037,2.0377750007620545e-05,Taipei City,Taipei,25.0566,121.5054,5,Mobile Business Group,17421
2024-12-17 08:20:51.819478 UTC,2024,16:20:51,ndt-l4tcf_1732753005_000000000015F216,Download,62.638453608876254,20.83,5.5117596513461823e-05,Taipei City,Taipei,25.0566,121.5054,5,Mobile Business Group,17421
2024-12-17 08:20:21.978217 UTC,2024,16:20:21,ndt-j8fzd_1732822567_00000000001464C3,Download,72.344173015217521,21.953,0.0001433466497296455,Taipei City,Taipei,25.0566,121.5054,5,Mobile Business Group,17421
2024-12-17 08:19:40.069227 UTC,2024,16:19:40,ndt-l4tcf_1732753005_000000000015F213,Download,8.7873965419486968,24.177,0.11375843216620751,Taipei City,Taipei,25.0566,121.5054,5,Mobile Business Group,17421
2024-12-17 08:18:51.689979 UTC,2024,16:18:51,ndt-virtual-jwh7t_1732499076_00000000002159CD,Download,22.676915338457668,22.328,0.048898851717673164,Taipei City,Taipei,25.0566,121.5054,5,Mobile Business Group,17421
2024-12-17 08:15:50.500107 UTC,2024,16:15:50,ndt-virtual-jwh7t_1732499076_0000000000216285,Download,52.09613210965729,18.146,0.0,Taipei City,Taipei,25.0566,121.5054,5,Mobile Business Group,17421
2024-12-17 08:14:40.341010 UTC,2024,16:14:40,ndt-l4tcf_1732753005_000000000015B3A0,Download,52.164563880384357,28.422,0.0089273677328223881,Taipei City,Taipei,25.0566,121.5054,5,Mobile Business Group,17421
2024-12-17 08:10:06.236385 UTC,2024,16:10:06,ndt-j8fzd_1732822567_000000000014A2C0,Download,26.028527562904245,24.889,0.0774644045379482,Taipei City,Taipei,25.0566,121.5054,5,Mobile Business Group,17421
2024-12-17 08:09:23.345358 UTC,2024,16:09:23,ndt-lnkxs_1732705542_000000000015275E,Download,124.50726578175876,44.0,0.036905350252961183,Taipei City,Taipei,25.0566,121.5054,20,"Far EastTone Telecommunication Co., Ltd.",9674
2024-12-17 08:06:03.843663 UTC,2024,16:06:03,ndt-l4tcf_1732753005_0000000000145CD2,Download,125.41716829535245,21.368,0.0,Taipei City,Taipei,25.0566,121.5054,5,Mobile Business Group,17421
2024-12-17 08:00:19.194842 UTC,2024,16:00:19,ndt-virtual-jwh7t_1732499076_000000000021588C,Download,52.44409380512537,23.415,4.1727270379115868e-05,Taipei City,Taipei,25.0566,121.5054,100,"Far EastTone Telecommunication Co., Ltd.",9674
2024-12-17 07:58:20.645033 UTC,2024,15:58:20,ndt-lnkxs_1732705542_000000000016425F,Download,143.54439226240075,24.405,0.0,Taipei City,Taipei,25.0566,121.5054,5,Mobile Business Group,17421
2024-12-17 07:56:48.818933 UTC,2024,15:56:48,ndt-l4tcf_1732753005_0000000000143CA0,Download,30.863557338642469,22.25,0.0,Taipei City,Taipei,25.0566,121.5054,10,"Taiwan Mobile Co., Ltd.",24158
2024-12-17 07:39:42.160996 UTC,2024,15:39:42,ndt-l4tcf_1732753005_0000000000150810,Download,47.496817058146974,48.145,9.6534098016788758e-05,Taipei City,Taipei,25.0566,121.5054,100,"Far EastTone Telecommunication Co., Ltd.",9674
2024-12-17 07:31:29.061564 UTC,2024,15:31:29,ndt-virtual-jwh7t_1732499076_0000000000215684,Download,161.17894004281584,18.877,0.0,Taipei City,Taipei,25.0566,121.5054,5,Mobile Business Group,17421
2024-12-17 07:31:16.537791 UTC,2024,15:31:16,ndt-lnkxs_1732705542_000000000015D294,Download,14.812810363788262,23.812,0.0,Taipei City,Taipei,25.0566,121.5054,5,"Taiwan Mobile Co., Ltd.",24158
2024-12-17 07:30:37.826474 UTC,2024,15:30:37,ndt-j8fzd_1732822567_000000000014548D,Download,8.6142783932511939,28.919,0.0001288958499868938,Taipei City,Taipei,25.0566,121.5054,5,Mobile Business Group,17421
2024-12-17 07:20:50.164736 UTC,2024,15:20:50,ndt-j8fzd_1732822567_0000000000145483,Download,112.5762941245255,44.91,0.00026540639742115814,Taipei City,Taipei,25.0566,121.5054,100,"Far EastTone Telecommunication Co., Ltd.",9674
2024-12-17 07:20:31.826953 UTC,2024,15:20:31,ndt-virtual-jwh7t_1732499076_0000000000214739,Download,126.91869096174055,27.076,1.7326727822109831e-05,Taipei City,Taipei,25.0566,121.5054,100,"Far EastTone Telecommunication Co., Ltd.",9674
2024-12-17 07:12:53.289304 UTC,2024,15:12:53,ndt-l4tcf_1732753005_0000000000140F8E,Download,400.40471080737336,37.924,9.7472015186734135e-06,Taipei City,Taipei,25.0566,121.5054,100,"Far EastTone Telecommunication Co., Ltd.",9674
2024-12-17 07:06:34.270077 UTC,2024,15:06:34,ndt-lnkxs_1732705542_0000000000152705,Download,44.853146095166295,46.718,0.126120234216423,Taipei City,Taipei,25.0566,121.5054,100,"Far EastTone Telecommunication Co., Ltd.",9674
2024-12-17 06:44:23.699806 UTC,2024,14:44:23,ndt-j8fzd_1732822567_0000000000144481,Download,10.64214777088732,50.073,0.19271757596253883,Taipei City,Taipei,25.0566,121.5054,20,"Far EastTone Telecommunication Co., Ltd.",9674
2024-12-17 06:31:50.526446 UTC,2024,14:31:50,ndt-j8fzd_1732822567_000000000014F1CB,Download,6.3179838134373085,34.599,0.0,Taipei City,Taipei,25.0566,121.5054,5,Mobile Business Group,17421
2024-12-17 06:31:20.899211 UTC,2024,14:31:20,ndt-virtual-jwh7t_1732499076_0000000000215221,Download,6.0717190819957505,27.358,0.0,Taipei City,Taipei,25.0566,121.5054,5,Mobile Business Group,17421
2024-12-17 06:30:34.391640 UTC,2024,14:30:34,ndt-lnkxs_1732705542_000000000014F859,Download,3.6875085642617633,302.774,0.0,Taipei City,Taipei,25.0566,121.5054,5,Mobile Business Group,17421
2024-12-17 06:25:24.587318 UTC,2024,14:25:24,ndt-virtual-jwh7t_1732499076_000000000021432B,Download,38.282766244736536,20.452,0.0045059155908575045,Taipei City,Taipei,25.0566,121.5054,5,Mobile Business Group,17421
2024-12-17 06:25:12.155440 UTC,2024,14:25:12,ndt-virtual-jwh7t_1732499076_0000000000212B11,Download,62.342244824821286,21.295,0.0,Taipei City,Taipei,25.0566,121.5054,5,Mobile Business Group,17421
2024-12-17 06:24:11.232264 UTC,2024,14:24:11,ndt-lnkxs_1732705542_000000000015356C,Download,28.614725685130978,24.207,0.0043313957865015644,Taipei City,Taipei,25.0566,121.5054,5,Mobile Business Group,17421
2024-12-17 06:17:11.256948 UTC,2024,14:17:11,ndt-lnkxs_1732705542_00000000001517B4,Download,43.768990815429262,28.043,0.0,Taipei City,Taipei,25.0566,121.5054,20,Taiwan Star Telecom Corporation Limited.(Former Vibo Telecom Inc.),24157
2024-12-17 06:16:42.801605 UTC,2024,14:16:42,ndt-lnkxs_1732705542_00000000001611E2,Download,40.8925064718334,28.361,0.0,Taipei City,Taipei,25.0566,121.5054,20,Taiwan Star Telecom Corporation Limited.(Former Vibo Telecom Inc.),24157
2024-12-17 06:12:25.463186 UTC,2024,14:12:25,ndt-l4tcf_1732753005_0000000000151545,Download,100.88912363970248,22.964,1.124213286878447e-05,Taipei City,Taipei,25.0566,121.5054,5,Mobile Business Group,17421
2024-12-17 06:11:55.970243 UTC,2024,14:11:55,ndt-l4tcf_1732753005_0000000000144C18,Download,112.23840102783754,25.003,2.015293338576295e-05,Taipei City,Taipei,25.0566,121.5054,5,Mobile Business Group,17421
2024-12-17 06:11:30.808872 UTC,2024,14:11:30,ndt-lnkxs_1732705542_000000000015E355,Download,89.52540637399207,24.958,1.268277585250635e-05,Taipei City,Taipei,25.0566,121.5054,5,Mobile Business Group,17421
2024-12-17 06:09:06.195120 UTC,2024,14:09:06,ndt-virtual-jwh7t_1732499076_00000000002150AB,Download,1.3567401517471485,21.71,0.012202512475046976,Taipei City,Taipei,25.0566,121.5054,5,"Taiwan Mobile Co., Ltd.",24158
2024-12-17 06:07:02.160704 UTC,2024,14:07:02,ndt-j8fzd_1732822567_000000000014257B,Download,241.45618076690033,53.013,0.015203967982144453,Taipei City,Taipei,25.0566,121.5054,50,"Far EastTone Telecommunication Co., Ltd.",9674
2024-12-17 06:06:04.497675 UTC,2024,14:06:04,ndt-j8fzd_1732822567_000000000014B1E5,Download,225.11613951861702,50.303,0.026781350620639861,Taipei City,Taipei,25.0566,121.5054,50,"Far EastTone Telecommunication Co., Ltd.",9674
2024-12-17 06:01:17.691083 UTC,2024,14:01:17,ndt-virtual-jwh7t_1732499076_00000000002128EA,Download,75.539835942094086,19.904,0.0,Taipei City,Taipei,25.0566,121.5054,5,Mobile Business Group,17421
2024-12-17 05:59:04.010049 UTC,2024,13:59:04,ndt-l4tcf_1732753005_0000000000140F26,Download,195.61380339015864,21.339,0.0,Taipei City,Taipei,25.0566,121.5054,5,Taiwan Star Telecom Corporation Limited.(Former Vibo Telecom Inc.),24157
2024-12-17 05:53:52.586048 UTC,2024,13:53:52,ndt-wvrjv_1732747327_0000000000233AE3,Download,6.10211314957226,163.942,0.12376511185055319,Taipei City,Taipei,25.0566,121.5054,5,"Taiwan Mobile Co., Ltd.",24158
2024-12-17 05:53:16.139368 UTC,2024,13:53:16,ndt-lnkxs_1732705542_000000000014BAFB,Download,69.014145864630379,27.4,0.0,Taipei City,Taipei,25.0566,121.5054,10,"Taiwan Mobile Co., Ltd.",24158
2024-12-17 05:52:52.379211 UTC,2024,13:52:52,ndt-lnkxs_1732705542_00000000001584C1,Download,91.35845158477683,42.017,9.79843628484466e-05,Taipei City,Taipei,25.0566,121.5054,100,"Far EastTone Telecommunication Co., Ltd.",9674
2024-12-17 05:52:25.363226 UTC,2024,13:52:25,ndt-l4tcf_1732753005_0000000000145BE0,Download,52.355026326516047,48.11,2.1322354490832776e-05,Taipei City,Taipei,25.0566,121.5054,100,"Far EastTone Telecommunication Co., Ltd.",9674
2024-12-17 05:52:11.023168 UTC,2024,13:52:11,ndt-j8fzd_1732822567_00000000001463EF,Download,15.812068513654625,45.023,0.0,Taipei City,Taipei,25.0566,121.5054,100,"Far EastTone Telecommunication Co., Ltd.",9674
2024-12-17 05:47:27.613741 UTC,2024,13:47:27,ndt-l4tcf_1732753005_0000000000146BBF,Download,103.21060019242026,54.078,0.00018410507075691164,Taipei City,Taipei,25.0566,121.5054,100,"Far EastTone Telecommunication Co., Ltd.",9674
2024-12-17 05:42:05.311877 UTC,2024,13:42:05,ndt-lnkxs_1732705542_0000000000154493,Download,36.868921628713963,23.411,0.0,Taipei City,Taipei,25.0566,121.5054,5,Mobile Business Group,17421
2024-12-17 05:41:05.762979 UTC,2024,13:41:05,ndt-lnkxs_1732705542_0000000000169021,Download,22.523269411195091,27.953,0.0,Taipei City,Taipei,25.0566,121.5054,5,Mobile Business Group,17421
2024-12-17 05:38:00.392270 UTC,2024,13:38:00,ndt-lnkxs_1732705542_000000000015E30F,Download,25.147832892780738,23.241,0.034623107845625091,Taipei City,Taipei,25.0566,121.5054,5,Mobile Business Group,17421
2024-12-17 05:35:13.480338 UTC,2024,13:35:13,ndt-virtual-jwh7t_1732499076_0000000000211DB9,Download,25.027755858931002,17.828,0.075687935113514709,Taipei City,Taipei,25.0566,121.5054,5,Mobile Business Group,17421
2024-12-17 05:33:13.511565 UTC,2024,13:33:13,ndt-virtual-jwh7t_1732499076_0000000000210F29,Download,9.7996512313375472,16.896,0.0,Taipei City,Taipei,25.0566,121.5054,5,Mobile Business Group,17421
2024-12-17 05:20:50.847767 UTC,2024,13:20:50,ndt-virtual-jwh7t_1732499076_00000000002132D7,Download,21.201471371458066,22.043,0.00012199357898926034,Taipei City,Taipei,25.0566,121.5054,100,"Far EastTone Telecommunication Co., Ltd.",9674
2024-12-17 05:20:14.883802 UTC,2024,13:20:14,ndt-virtual-jwh7t_1732499076_000000000021266D,Download,22.861527896152342,22.916,0.00058390594514831867,Taipei City,Taipei,25.0566,121.5054,100,"Far EastTone Telecommunication Co., Ltd.",9674
2024-12-17 05:20:10.902341 UTC,2024,13:20:10,ndt-lnkxs_1732705542_000000000015F2C6,Download,21.854758879800091,25.004,0.0,Taipei City,Taipei,25.0566,121.5054,10,"Taiwan Mobile Co., Ltd.",24158
2024-12-17 05:16:58.705860 UTC,2024,13:16:58,ndt-virtual-jwh7t_1732499076_000000000021262A,Download,67.856777323877338,20.756,1.6444627392229312e-05,Taipei City,Taipei,25.0566,121.5054,100,"Far EastTone Telecommunication Co., Ltd.",9674
2024-12-17 05:15:38.364048 UTC,2024,13:15:38,ndt-lnkxs_1732705542_000000000015B23C,Download,3.1687137562081258,106.286,0.0,Taipei City,Taipei,25.0566,121.5054,20,Taiwan Star Telecom Corporation Limited.(Former Vibo Telecom Inc.),24157
2024-12-17 05:15:27.688553 UTC,2024,13:15:27,ndt-lnkxs_1732705542_000000000014BAC3,Download,9.5087170627516784,22.495,0.0,Taipei City,Taipei,25.0566,121.5054,5,Mobile Business Group,17421
2024-12-17 05:12:01.818635 UTC,2024,13:12:01,ndt-lnkxs_1732705542_000000000015D1DA,Download,24.465583078782043,48.356,0.00018219710958575612,Taipei City,Taipei,25.0566,121.5054,20,"Far EastTone Telecommunication Co., Ltd.",9674
2024-12-17 05:06:24.204752 UTC,2024,13:06:24,ndt-j8fzd_1732822567_00000000001443FB,Download,9.42149554537176,20.677,0.0,Taipei City,Taipei,25.0566,121.5054,20,Taiwan Star Telecom Corporation Limited.(Former Vibo Telecom Inc.),24157
2024-12-17 05:04:32.137864 UTC,2024,13:04:32,ndt-l4tcf_1732753005_0000000000157385,Download,1.5902510446402134,27.025,0.0,Taipei City,Taipei,25.0566,121.5054,20,Taiwan Star Telecom Corporation Limited.(Former Vibo Telecom Inc.),24157
2024-12-17 05:04:31.191135 UTC,2024,13:04:31,ndt-l4tcf_1732753005_0000000000157384,Download,1.8517001291886723,24.649,0.0017569345094821916,Taipei City,Taipei,25.0566,121.5054,20,Taiwan Star Telecom Corporation Limited.(Former Vibo Telecom Inc.),24157
2024-12-17 05:03:40.060548 UTC,2024,13:03:40,ndt-l4tcf_1732753005_0000000000141CD4,Download,0.70795947502645884,48.155,0.051888786143537875,Taipei City,Taipei,25.0566,121.5054,20,Taiwan Star Telecom Corporation Limited.(Former Vibo Telecom Inc.),24157
2024-12-17 05:01:56.919712 UTC,2024,13:01:56,ndt-j8fzd_1732822567_00000000001434CD,Download,5.6812536505229811,32.786,0.0,Taipei City,Taipei,25.0566,121.5054,5,"Taiwan Mobile Co., Ltd.",24158
2024-12-17 05:00:27.321900 UTC,2024,13:00:27,ndt-lnkxs_1732705542_0000000000152664,Download,42.664611282009851,22.133,0.0,Taipei City,Taipei,25.0566,121.5054,5,Mobile Business Group,17421
2024-12-17 05:00:19.579429 UTC,2024,13:00:19,ndt-lnkxs_1732705542_000000000016518E,Download,6.7895122005096775,19.44,0.00040484256572890256,Taipei City,Taipei,25.0566,121.5054,5,Mobile Business Group,17421
2024-12-17 04:59:59.627677 UTC,2024,12:59:59,ndt-lnkxs_1732705542_0000000000161186,Download,229.83250147925753,26.805,5.6503052673554359e-06,Taipei City,Taipei,25.0566,121.5054,5,Mobile Business Group,17421
2024-12-17 04:51:13.944085 UTC,2024,12:51:13,ndt-j8fzd_1732822567_0000000000133A32,Download,8.0846419402386864,24.034,0.0,Taipei City,Taipei,25.0566,121.5054,5,Mobile Business Group,17421
2024-12-17 04:45:33.564384 UTC,2024,12:45:33,ndt-l4tcf_1732753005_0000000000144BA0,Download,127.3223866986109,45.754,0.0,Taipei City,Taipei,25.0566,121.5054,10,"Taiwan Mobile Co., Ltd.",24158
2024-12-17 04:39:58.425717 UTC,2024,12:39:58,ndt-l4tcf_1732753005_0000000000153498,Download,166.4454178828814,21.762,1.2402365886017995e-05,Taipei City,Taipei,25.0566,121.5054,5,Mobile Business Group,17421
2024-12-17 04:34:55.074423 UTC,2024,12:34:55,ndt-virtual-jwh7t_1732499076_0000000000210B1D,Download,62.61527055834,20.045,0.0,Taipei City,Taipei,25.0566,121.5054,100,"Far EastTone Telecommunication Co., Ltd.",9674
2024-12-17 04:28:41.570601 UTC,2024,12:28:41,ndt-j8fzd_1732822567_000000000014D126,Download,10.373683631611105,45.974,0.0,Taipei City,Taipei,25.0566,121.5054,100,"Far EastTone Telecommunication Co., Ltd.",9674
2024-12-17 04:23:23.951740 UTC,2024,12:23:23,ndt-virtual-jwh7t_1732499076_000000000021189C,Download,3.1207090551456682,19.747,0.00015428300009360992,Taipei City,Taipei,25.0566,121.5054,50,"Far EastTone Telecommunication Co., Ltd.",9674
2024-12-17 04:21:54.318730 UTC,2024,12:21:54,ndt-l4tcf_1732753005_0000000000153481,Download,18.336463851123835,47.812,0.00035172989594359455,Taipei City,Taipei,25.0566,121.5054,100,"Far EastTone Telecommunication Co., Ltd.",9674
2024-12-17 04:21:21.697775 UTC,2024,12:21:21,ndt-lnkxs_1732705542_0000000000149F90,Download,28.6813405901359,53.523,0.0038415279648530429,Taipei City,Taipei,25.0566,121.5054,100,"Far EastTone Telecommunication Co., Ltd.",9674
2024-12-17 04:20:14.065863 UTC,2024,12:20:14,ndt-l4tcf_1732753005_0000000000149815,Download,31.880261195742357,52.039,0.0005498870621560431,Taipei City,Taipei,25.0566,121.5054,100,"Far EastTone Telecommunication Co., Ltd.",9674
2024-12-17 04:05:43.948320 UTC,2024,12:05:43,ndt-lnkxs_1732705542_0000000000150A9E,Download,14.65121457465928,22.843,0.0,Taipei City,Taipei,25.0566,121.5054,5,Mobile Business Group,17421
2024-12-17 04:04:59.107351 UTC,2024,12:04:59,ndt-j8fzd_1732822567_000000000012EFA3,Download,153.08665216841675,20.023,0.0,Taipei City,Taipei,25.0566,121.5054,5,Mobile Business Group,17421
2024-12-17 04:04:06.567423 UTC,2024,12:04:06,ndt-lnkxs_1732705542_0000000000152614,Download,7.7171711827408771,24.519,0.0,Taipei City,Taipei,25.0566,121.5054,20,Taiwan Star Telecom Corporation Limited.(Former Vibo Telecom Inc.),24157
2024-12-11 03:48:30.919564 UTC,2024,11:48:30,ndt-virtual-jwh7t_1732499076_000000000017F836,Download,304.0410304099828,13.003,0.0045857747294514809,Taipei City,Taipei,25.0566,121.5054,5,Mobile Business Group,17421
2024-12-11 03:42:55.353144 UTC,2024,11:42:55,ndt-lnkxs_1732705542_00000000000E8896,Download,59.914481036502877,20.732,0.0,Taipei City,Taipei,25.0566,121.5054,10,"Taiwan Mobile Co., Ltd.",24158
2024-12-11 03:41:36.597637 UTC,2024,11:41:36,ndt-j8fzd_1732822567_00000000000CBD20,Download,51.29340507479305,56.939,8.8368316171438983e-05,Taipei City,Taipei,25.0566,121.5054,100,"Far EastTone Telecommunication Co., Ltd.",9674
2024-12-11 03:41:03.429696 UTC,2024,11:41:03,ndt-j8fzd_1732822567_00000000000DA784,Download,37.601132169245254,54.02,8.9572974018861255e-05,Taipei City,Taipei,25.0566,121.5054,100,"Far EastTone Telecommunication Co., Ltd.",9674
2024-12-11 03:34:55.925381 UTC,2024,11:34:55,ndt-lnkxs_1732705542_00000000000EC887,Download,52.08400794818958,43.404,0.00015236189749031788,Taipei City,Taipei,25.0566,121.5054,50,"Far EastTone Telecommunication Co., Ltd.",9674
2024-12-11 03:13:45.431275 UTC,2024,11:13:45,ndt-j8fzd_1732822567_00000000000CC968,Download,44.375685550102432,22.35,0.0,Taipei City,Taipei,25.0566,121.5054,5,Mobile Business Group,17421
2024-12-11 03:03:42.902899 UTC,2024,11:03:42,ndt-l4tcf_1732753005_00000000000EA7B8,Download,24.015572328825513,22.725,0.0,Taipei City,Taipei,25.0566,121.5054,5,Mobile Business Group,17421
2024-12-11 03:01:14.616717 UTC,2024,11:01:14,ndt-virtual-jwh7t_1732499076_000000000018047C,Download,154.26259860404204,26.781,0.0,Taipei City,Taipei,25.0566,121.5054,10,Mobile Business Group,17421
2024-12-11 03:00:42.400157 UTC,2024,11:00:42,ndt-lnkxs_1732705542_00000000000EB818,Download,24.511201860280192,24.194,0.012858350227980422,Taipei City,Taipei,25.0566,121.5054,10,Taiwan Star Telecom Corporation Limited.(Former Vibo Telecom Inc.),24157
2024-12-11 03:00:10.482810 UTC,2024,11:00:10,ndt-l4tcf_1732753005_00000000000EA7B2,Download,8.6878500630832853,25.72,0.09000858382783769,Taipei City,Taipei,25.0566,121.5054,10,Taiwan Star Telecom Corporation Limited.(Former Vibo Telecom Inc.),24157
2024-12-11 02:50:16.872293 UTC,2024,10:50:16,ndt-lnkxs_1732705542_00000000000E59CD,Download,11.608017856559927,22.01,0.008064805549005169,Taipei City,Taipei,25.0566,121.5054,5,Mobile Business Group,17421
2024-12-11 02:36:49.105400 UTC,2024,10:36:49,ndt-l4tcf_1732753005_00000000000EE646,Download,30.022265787298764,23.256,0.0,Taipei City,Taipei,25.0566,121.5054,10,"Taiwan Mobile Co., Ltd.",24158
2024-12-11 02:24:35.346572 UTC,2024,10:24:35,ndt-j8fzd_1732822567_00000000000D9789,Download,34.923985482190808,52.938,0.0,Taipei City,Taipei,25.0566,121.5054,50,"Far EastTone Telecommunication Co., Ltd.",9674
2024-12-11 02:13:33.558271 UTC,2024,10:13:33,ndt-lnkxs_1732705542_00000000000E7900,Download,41.8094860654797,49.266,0.022909569036725967,Taipei City,Taipei,25.0566,121.5054,50,"Far EastTone Telecommunication Co., Ltd.",9674
2024-12-11 02:09:20.463432 UTC,2024,10:09:20,ndt-virtual-jwh7t_1732499076_000000000017F163,Download,1.011932969947746,44.858,0.0,Taipei City,Taipei,25.0566,121.5054,100,"Far EastTone Telecommunication Co., Ltd.",9674
2024-12-11 02:05:23.764854 UTC,2024,10:05:23,ndt-l4tcf_1732753005_00000000000DA9BE,Download,296.47361642614783,36.0,0.062626829065904846,Taipei City,Taipei,25.0566,121.5054,100,"Far EastTone Telecommunication Co., Ltd.",9674
2024-12-11 02:03:08.789899 UTC,2024,10:03:08,ndt-l4tcf_1732753005_00000000000EC6A0,Download,295.29249158052522,52.0,0.025080874267291414,Taipei City,Taipei,25.0566,121.5054,50,"Far EastTone Telecommunication Co., Ltd.",9674
2024-12-11 01:59:39.353421 UTC,2024,09:59:39,ndt-l4tcf_1732753005_00000000000DC993,Download,3.820003264828606,24.032,0.0,Taipei City,Taipei,25.0566,121.5054,10,"Taiwan Mobile Co., Ltd.",24158
2024-12-11 01:59:08.496191 UTC,2024,09:59:08,ndt-virtual-jwh7t_1732499076_000000000017F0C0,Download,46.00409046376388,38.106,0.00144545568448949,Taipei City,Taipei,25.0566,121.5054,10,"Taiwan Mobile Co., Ltd.",24158
2024-12-11 01:44:43.240699 UTC,2024,09:44:43,ndt-lnkxs_1732705542_00000000000E980E,Download,9.9967380532823071,23.941,0.044701508409275524,Taipei City,Taipei,25.0566,121.5054,10,"Taiwan Mobile Co., Ltd.",24158
2024-12-11 01:20:12.732219 UTC,2024,09:20:12,ndt-virtual-jwh7t_1732499076_000000000017BE47,Download,11.165292121424622,17.213,0.0289897635585439,Taipei City,Taipei,25.0566,121.5054,10,"Taiwan Mobile Co., Ltd.",24158
2024-12-11 01:11:13.922953 UTC,2024,09:11:13,ndt-virtual-jwh7t_1732499076_000000000017BDBA,Download,14.476683963730666,19.777,0.0,Taipei City,Taipei,25.0566,121.5054,10,"Taiwan Mobile Co., Ltd.",24158
2024-12-11 01:10:50.094350 UTC,2024,09:10:50,ndt-virtual-jwh7t_1732499076_000000000017D631,Download,11.463671156920757,17.062,0.079650335513319459,Taipei City,Taipei,25.0566,121.5054,10,"Taiwan Mobile Co., Ltd.",24158
2024-12-11 00:50:47.841258 UTC,2024,08:50:47,ndt-lnkxs_1732705542_00000000000FC069,Download,150.21490078274761,21.478,0.050280324463567484,Taipei City,Taipei,25.0566,121.5054,10,"Taiwan Mobile Co., Ltd.",24158
2024-12-11 00:42:16.658912 UTC,2024,08:42:16,ndt-xrq4c_1732584141_000000000011E461,Download,20.283378720596669,168.661,0.19749060149691364,Taipei City,Taipei,25.0566,121.5054,10,"Taiwan Mobile Co., Ltd.",24158
2024-12-11 00:40:59.476948 UTC,2024,08:40:59,ndt-virtual-jwh7t_1732499076_000000000017BB8C,Download,306.30422471043295,17.275,0.0,Taipei City,Taipei,25.0566,121.5054,10,"Taiwan Mobile Co., Ltd.",24158
2024-12-11 00:38:39.224123 UTC,2024,08:38:39,ndt-j8fzd_1732822567_00000000000D57EB,Download,311.6301151235225,15.711,0.0,Taipei City,Taipei,25.0566,121.5054,10,"Taiwan Mobile Co., Ltd.",24158
2024-12-11 00:32:14.832340 UTC,2024,08:32:14,ndt-j8fzd_1732822567_00000000000E0095,Download,20.153516122573581,24.815,0.0,Taipei City,Taipei,25.0566,121.5054,10,"Taiwan Mobile Co., Ltd.",24158
2024-12-10 23:52:12.829573 UTC,2024,07:52:12,ndt-j8fzd_1732822567_00000000000E005A,Download,0.93206213744818467,19.961,0.13429607082633269,Taipei City,Taipei,25.0566,121.5054,10,"Taiwan Mobile Co., Ltd.",24158
2024-12-10 23:41:12.468818 UTC,2024,07:41:12,ndt-l4tcf_1732753005_00000000000D895D,Download,2.5644022002520113,26.099,0.0,Taipei City,Taipei,25.0566,121.5054,5,"Taiwan Mobile Co., Ltd.",24158
2024-12-10 23:33:00.915488 UTC,2024,07:33:00,ndt-j8fzd_1732822567_00000000000DE564,Download,49.37574053323646,25.363,0.015680109038955475,Taipei City,Taipei,25.0566,121.5054,10,"Taiwan Mobile Co., Ltd.",24158
2024-12-10 23:30:41.164237 UTC,2024,07:30:41,ndt-virtual-jwh7t_1732499076_000000000017C5FC,Download,50.088952736080323,23.165,0.0010305174339729775,Taipei City,Taipei,25.0566,121.5054,10,"Taiwan Mobile Co., Ltd.",24158
2024-12-10 23:18:56.888264 UTC,2024,07:18:56,ndt-j8fzd_1732822567_00000000000C789D,Download,7.8133739560836055,19.65,0.17920265805071398,Taipei City,Taipei,25.0566,121.5054,10,"Taiwan Mobile Co., Ltd.",24158
2024-12-10 23:18:25.330517 UTC,2024,07:18:25,ndt-lnkxs_1732705542_00000000000DFB21,Download,8.1005148090829788,19.502,0.19401631027646571,Taipei City,Taipei,25.0566,121.5054,10,"Taiwan Mobile Co., Ltd.",24158
2024-12-10 23:16:22.596426 UTC,2024,07:16:22,ndt-j8fzd_1732822567_00000000000C5DC6,Download,20.456800206540528,59.472,0.13747014143116315,Taipei City,Taipei,25.0566,121.5054,50,"Far EastTone Telecommunication Co., Ltd.",9674
2024-12-10 23:16:04.816553 UTC,2024,07:16:04,ndt-gtz7g_1732665153_00000000000FB871,Download,19.099525025231191,320.012,0.01921282258196973,Taipei City,Taipei,25.0566,121.5054,10,"Taiwan Mobile Co., Ltd.",24158
2024-12-10 23:12:06.228657 UTC,2024,07:12:06,ndt-j8fzd_1732822567_00000000000D0AB7,Download,15.580663727509069,42.175,0.11464593383630327,Taipei City,Taipei,25.0566,121.5054,100,"Far EastTone Telecommunication Co., Ltd.",9674
2024-12-10 23:11:11.148298 UTC,2024,07:11:11,ndt-j8fzd_1732822567_00000000000E002B,Download,174.66086999997,46.884,0.041004037181258647,Taipei City,Taipei,25.0566,121.5054,50,"Far EastTone Telecommunication Co., Ltd.",9674
2024-12-10 23:08:47.930546 UTC,2024,07:08:47,ndt-l4tcf_1732753005_00000000000E56F2,Download,301.18194213570666,36.857,0.055596524554359053,Taipei City,Taipei,25.0566,121.5054,50,"Far EastTone Telecommunication Co., Ltd.",9674
2024-12-10 23:08:26.549756 UTC,2024,07:08:26,ndt-lnkxs_1732705542_00000000000E8759,Download,310.23773364921112,37.54,0.018659471191255033,Taipei City,Taipei,25.0566,121.5054,50,"Far EastTone Telecommunication Co., Ltd.",9674
2024-12-10 22:48:21.570180 UTC,2024,06:48:21,ndt-l4tcf_1732753005_00000000000D88FC,Download,60.705113731257768,54.343,2.8593286016117083e-05,Taipei City,Taipei,25.0566,121.5054,50,"Far EastTone Telecommunication Co., Ltd.",9674
2024-12-10 22:31:50.321069 UTC,2024,06:31:50,ndt-lnkxs_1732705542_00000000000EB6B3,Download,125.88728936281439,54.08,0.0,Taipei City,Taipei,25.0566,121.5054,100,"Far EastTone Telecommunication Co., Ltd.",9674
2024-12-10 21:39:06.503580 UTC,2024,05:39:06,ndt-j8fzd_1732822567_00000000000C7815,Download,29.907106433189394,53.308,0.0,Taipei City,Taipei,25.0566,121.5054,100,"Far EastTone Telecommunication Co., Ltd.",9674
2024-12-10 21:22:49.751302 UTC,2024,05:22:49,ndt-l4tcf_1732753005_00000000000ED4A5,Download,55.080081503117967,41.069,0.074410463361042525,Taipei City,Taipei,25.0566,121.5054,50,"Far EastTone Telecommunication Co., Ltd.",9674
2024-12-10 21:22:45.342191 UTC,2024,05:22:45,ndt-l4tcf_1732753005_00000000000D392F,Download,105.99544422025102,40.699,0.099382177676433939,Taipei City,Taipei,25.0566,121.5054,50,"Far EastTone Telecommunication Co., Ltd.",9674
2024-12-10 19:37:13.839147 UTC,2024,03:37:13,ndt-j8fzd_1732822567_00000000000D5677,Download,21.416394242546957,23.096,0.21853996406308557,Taipei City,Taipei,25.0566,121.5054,50,"Far EastTone Telecommunication Co., Ltd.",9674
2024-12-10 18:24:35.018853 UTC,2024,02:24:35,ndt-l4tcf_1732753005_00000000000E74A3,Download,1.903047574474098,25.13,0.0,Taipei City,Taipei,25.0566,121.5054,10,"Taiwan Mobile Co., Ltd.",24158
2024-12-10 18:23:45.438037 UTC,2024,02:23:45,ndt-j8fzd_1732822567_00000000000D950C,Download,87.826413429593444,26.147,1.2723235170260652e-05,Taipei City,Taipei,25.0566,121.5054,100,"Far EastTone Telecommunication Co., Ltd.",9674
2024-12-10 18:21:42.551046 UTC,2024,02:21:42,ndt-virtual-jwh7t_1732499076_0000000000175A3F,Download,111.96647533322528,27.91,0.0,Taipei City,Taipei,25.0566,121.5054,100,"Far EastTone Telecommunication Co., Ltd.",9674
2024-12-10 18:17:23.629503 UTC,2024,02:17:23,ndt-l4tcf_1732753005_00000000000E4574,Download,47.8494430166752,21.097,6.9376317492495735e-05,Taipei City,Taipei,25.0566,121.5054,100,Mobile Business Group,17421
2024-12-10 18:13:31.682958 UTC,2024,02:13:31,ndt-l4tcf_1732753005_00000000000DB68A,Download,69.751205503650382,18.598,0.0,Taipei City,Taipei,25.0566,121.5054,10,"Taiwan Mobile Co., Ltd.",24158
2024-12-10 17:59:40.508719 UTC,2024,01:59:40,ndt-j8fzd_1732822567_00000000000D55FD,Download,21.075603937326314,28.871,0.0,Taipei City,Taipei,25.0566,121.5054,5,Mobile Business Group,17421
2024-12-10 17:15:13.979114 UTC,2024,01:15:13,ndt-lnkxs_1732705542_00000000000ED4EC,Download,59.273399902923515,28.561,0.0,Taipei City,Taipei,25.0566,121.5054,10,"Taiwan Mobile Co., Ltd.",24158
2024-12-10 17:05:20.095958 UTC,2024,01:05:20,ndt-virtual-jwh7t_1732499076_0000000000173DFD,Download,36.50893018287924,19.68,0.0,Taipei City,Taipei,25.0566,121.5054,5,"Taiwan Mobile Co., Ltd.",24158
2024-12-10 16:51:16.587067 UTC,2024,00:51:16,ndt-virtual-jwh7t_1732499076_0000000000172E7E,Download,2.1959252197351251,181.718,0.00018323326596234371,Taipei City,Taipei,25.0566,121.5054,100,"Far EastTone Telecommunication Co., Ltd.",9674
2024-12-10 16:30:21.377090 UTC,2024,00:30:21,ndt-virtual-jwh7t_1732499076_0000000000172D3E,Download,20.988898526029757,22.184,0.22070074310298143,Taipei City,Taipei,25.0566,121.5054,100,"Far EastTone Telecommunication Co., Ltd.",9674
2024-12-10 16:26:09.097449 UTC,2024,00:26:09,ndt-lnkxs_1732705542_00000000000DCCE1,Download,35.835850453825614,26.912,0.0,Taipei City,Taipei,25.0566,121.5054,5,Mobile Business Group,17421
2024-12-10 16:17:54.848639 UTC,2024,00:17:54,ndt-j8fzd_1732822567_00000000000DE350,Download,1.9038536051023434,21.496,0.0019621869359440374,Taipei City,Taipei,25.0566,121.5054,100,"Far EastTone Telecommunication Co., Ltd.",9674
2024-12-10 16:15:50.604150 UTC,2024,00:15:50,ndt-l4tcf_1732753005_00000000000D2928,Download,2.875499034703767,21.093,0.083433865117337191,Taipei City,Taipei,25.0566,121.5054,10,"Taiwan Mobile Co., Ltd.",24158
2024-12-10 16:15:11.188411 UTC,2024,00:15:11,ndt-l4tcf_1732753005_00000000000DC5D3,Download,25.028405343945995,24.578,0.0032024251245554906,Taipei City,Taipei,25.0566,121.5054,100,Mobile Business Group,17421
2024-12-10 16:05:37.666793 UTC,2024,00:05:37,ndt-j8fzd_1732822567_00000000000CE7DB,Download,71.4568535030102,25.079,0.0,Taipei City,Taipei,25.0566,121.5054,10,Mobile Business Group,17421
2024-12-10 16:04:57.520847 UTC,2024,00:04:57,ndt-j8fzd_1732822567_00000000000C1CE8,Download,21.536271501126958,22.53,0.00010204918163295427,Taipei City,Taipei,25.0566,121.5054,10,"Taiwan Mobile Co., Ltd.",24158
2024-12-10 16:04:26.110288 UTC,2024,00:04:26,ndt-l4tcf_1732753005_00000000000CFE4D,Download,20.684058787233777,24.175,0.0,Taipei City,Taipei,25.0566,121.5054,10,"Taiwan Mobile Co., Ltd.",24158
2024-12-10 16:00:19.827526 UTC,2024,00:00:19,ndt-lnkxs_1732705542_00000000000D8E24,Download,37.95340209063081,19.737,0.0,Taipei City,Taipei,25.0566,121.5054,5,Mobile Business Group,17421
2024-12-10 15:58:19.060319 UTC,2024,23:58:19,ndt-j8fzd_1732822567_00000000000CF55F,Download,78.790711497707591,50.056,0.091716338103717029,Taipei City,Taipei,25.0566,121.5054,10,Taiwan Star Telecom Corporation Limited.(Former Vibo Telecom Inc.),24157
2024-12-10 15:56:04.125575 UTC,2024,23:56:04,ndt-j8fzd_1732822567_00000000000C3B59,Download,28.585060362403969,17.923,0.0,Taipei City,Taipei,25.0566,121.5054,5,Mobile Business Group,17421
2024-12-10 15:51:58.792297 UTC,2024,23:51:58,ndt-virtual-jwh7t_1732499076_0000000000171FCB,Download,15.62244140832709,19.033,0.17022296792863795,Taipei City,Taipei,25.0566,121.5054,100,"Far EastTone Telecommunication Co., Ltd.",9674
2024-12-10 15:50:12.541006 UTC,2024,23:50:12,ndt-lnkxs_1732705542_00000000000DF8D1,Download,34.152314561416127,23.809,0.0031751080946759271,Taipei City,Taipei,25.0566,121.5054,10,"Taiwan Mobile Co., Ltd.",24158
2024-12-10 15:43:15.131623 UTC,2024,23:43:15,ndt-lnkxs_1732705542_00000000000E5699,Download,0.62591181874191926,45.952,0.0,Taipei City,Taipei,25.0566,121.5054,10,"Taiwan Mobile Co., Ltd.",24158
2024-12-10 15:43:01.319577 UTC,2024,23:43:01,ndt-virtual-jwh7t_1732499076_00000000001738A6,Download,1.4299092841246026,35.626,0.0,Taipei City,Taipei,25.0566,121.5054,10,"Taiwan Mobile Co., Ltd.",24158
2024-12-10 15:42:37.062424 UTC,2024,23:42:37,ndt-lnkxs_1732705542_00000000000E9531,Download,0.92978945349401343,69.949,0.00047148775663742419,Taipei City,Taipei,25.0566,121.5054,10,"Taiwan Mobile Co., Ltd.",24158
2024-12-10 15:42:23.519585 UTC,2024,23:42:23,ndt-lnkxs_1732705542_00000000000DBC6B,Download,3.3990827834590118,30.53,0.0,Taipei City,Taipei,25.0566,121.5054,10,"Taiwan Mobile Co., Ltd.",24158
2024-12-10 15:42:19.628553 UTC,2024,23:42:19,ndt-j8fzd_1732822567_00000000000C09CD,Download,7.9069348013607978,29.668,0.0,Taipei City,Taipei,25.0566,121.5054,10,"Taiwan Mobile Co., Ltd.",24158
2024-12-10 15:42:14.291659 UTC,2024,23:42:14,ndt-l4tcf_1732753005_00000000000ED260,Download,8.4227563353194572,27.991,0.0,Taipei City,Taipei,25.0566,121.5054,10,"Taiwan Mobile Co., Ltd.",24158
2024-12-10 15:42:09.251800 UTC,2024,23:42:09,ndt-lnkxs_1732705542_00000000000D8DF9,Download,5.9659175959035906,25.197,0.0,Taipei City,Taipei,25.0566,121.5054,10,"Taiwan Mobile Co., Ltd.",24158
2024-12-10 15:39:09.041650 UTC,2024,23:39:09,ndt-virtual-jwh7t_1732499076_0000000000171EEF,Download,18.907117915194373,26.238,0.0,Taipei City,Taipei,25.0566,121.5054,10,"Taiwan Mobile Co., Ltd.",24158
2024-12-10 15:38:23.830628 UTC,2024,23:38:23,ndt-virtual-jwh7t_1732499076_00000000001729DD,Download,8.8102300567672547,23.186,0.0,Taipei City,Taipei,25.0566,121.5054,10,"Taiwan Mobile Co., Ltd.",24158
2024-12-10 15:37:20.980520 UTC,2024,23:37:20,ndt-l4tcf_1732753005_00000000000E92FD,Download,5.795393519261423,28.203,0.0,Taipei City,Taipei,25.0566,121.5054,10,"Taiwan Mobile Co., Ltd.",24158
2024-12-10 15:37:09.827171 UTC,2024,23:37:09,ndt-virtual-jwh7t_1732499076_000000000017468A,Download,7.4041403497392508,25.906,0.0,Taipei City,Taipei,25.0566,121.5054,10,"Taiwan Mobile Co., Ltd.",24158
2024-12-10 15:35:10.921626 UTC,2024,23:35:10,ndt-virtual-jwh7t_1732499076_0000000000174667,Download,17.545446764722097,22.77,0.0002648799434208275,Taipei City,Taipei,25.0566,121.5054,10,"Taiwan Mobile Co., Ltd.",24158
2024-12-10 15:24:13.167327 UTC,2024,23:24:13,ndt-j8fzd_1732822567_00000000000CC5CF,Download,20.740597761242022,30.015,0.0,Taipei City,Taipei,25.0566,121.5054,20,Taiwan Star Telecom Corporation Limited.(Former Vibo Telecom Inc.),24157
2024-12-10 15:19:39.653762 UTC,2024,23:19:39,ndt-virtual-jwh7t_1732499076_0000000000171D7E,Download,23.153323485078388,17.097,0.0023497029075203314,Taipei City,Taipei,25.0566,121.5054,5,Mobile Business Group,17421
2024-12-10 15:14:38.483211 UTC,2024,23:14:38,ndt-l4tcf_1732753005_00000000000E04AA,Download,54.420209054355531,25.813,0.0017516431115562829,Taipei City,Taipei,25.0566,121.5054,5,Mobile Business Group,17421
2024-12-10 15:11:16.316235 UTC,2024,23:11:16,ndt-l4tcf_1732753005_00000000000D47CD,Download,25.139105345624579,22.752,0.057243087808185877,Taipei City,Taipei,25.0566,121.5054,10,"Taiwan Mobile Co., Ltd.",24158
2024-12-10 15:02:14.910311 UTC,2024,23:02:14,ndt-virtual-jwh7t_1732499076_0000000000171C53,Download,2.2049486652890518,22.45,0.0,Taipei City,Taipei,25.0566,121.5054,10,"Taiwan Mobile Co., Ltd.",24158
2024-12-10 14:52:51.794409 UTC,2024,22:52:51,ndt-virtual-jwh7t_1732499076_0000000000171BC3,Download,25.190812602228572,18.423,0.016898692882194852,Taipei City,Taipei,25.0566,121.5054,5,Mobile Business Group,17421
2024-12-10 14:52:36.489568 UTC,2024,22:52:36,ndt-j8fzd_1732822567_00000000000CF51E,Download,19.562383729552437,22.575,0.00842547520972225,Taipei City,Taipei,25.0566,121.5054,5,Mobile Business Group,17421
2024-12-10 14:52:19.028316 UTC,2024,22:52:19,ndt-j8fzd_1732822567_00000000000CF51D,Download,29.786415250028224,22.01,0.014486691559143903,Taipei City,Taipei,25.0566,121.5054,5,Mobile Business Group,17421
2024-12-10 14:52:06.572265 UTC,2024,22:52:06,ndt-l4tcf_1732753005_00000000000E441A,Download,29.383981160364673,23.247,0.0051257679678268324,Taipei City,Taipei,25.0566,121.5054,5,Mobile Business Group,17421
2024-12-10 14:51:50.668085 UTC,2024,22:51:50,ndt-virtual-jwh7t_1732499076_0000000000173573,Download,27.989227456153106,18.531,0.011534271970734349,Taipei City,Taipei,25.0566,121.5054,5,Mobile Business Group,17421
2024-12-10 14:51:13.986518 UTC,2024,22:51:13,ndt-virtual-jwh7t_1732499076_00000000001726A9,Download,43.755081605061804,16.956,0.017293673387975342,Taipei City,Taipei,25.0566,121.5054,5,Mobile Business Group,17421
2024-12-10 14:50:50.729869 UTC,2024,22:50:50,ndt-virtual-jwh7t_1732499076_00000000001726A2,Download,50.671799523429755,16.964,0.040349114431697579,Taipei City,Taipei,25.0566,121.5054,5,Mobile Business Group,17421
2024-12-10 14:50:30.222670 UTC,2024,22:50:30,ndt-lnkxs_1732705542_00000000000CFDF9,Download,37.191621212300092,20.909,0.031449505021759749,Taipei City,Taipei,25.0566,121.5054,5,Mobile Business Group,17421
2024-12-10 14:48:20.467749 UTC,2024,22:48:20,ndt-lnkxs_1732705542_00000000000ED421,Download,1.6548537710575939,30.323,0.0,Taipei City,Taipei,25.0566,121.5054,10,"Taiwan Mobile Co., Ltd.",24158
2024-12-10 14:41:30.185647 UTC,2024,22:41:30,ndt-lnkxs_1732705542_00000000000EB48C,Download,46.765851499136893,18.044,0.0,Taipei City,Taipei,25.0566,121.5054,20,Taiwan Star Telecom Corporation Limited.(Former Vibo Telecom Inc.),24157
2024-12-10 14:40:44.399738 UTC,2024,22:40:44,ndt-j8fzd_1732822567_00000000000C8617,Download,47.133801835993673,20.253,0.0,Taipei City,Taipei,25.0566,121.5054,20,Taiwan Star Telecom Corporation Limited.(Former Vibo Telecom Inc.),24157
2024-12-10 14:40:41.984911 UTC,2024,22:40:41,ndt-lnkxs_1732705542_00000000000E75B9,Download,58.345802098425828,44.178,0.00026974304708017317,Taipei City,Taipei,25.0566,121.5054,100,"Far EastTone Telecommunication Co., Ltd.",9674
2024-12-10 14:39:01.780994 UTC,2024,22:39:01,ndt-virtual-jwh7t_1732499076_00000000001725F9,Download,28.207162888345422,26.206,0.0087184806365820586,Taipei City,Taipei,25.0566,121.5054,50,"Far EastTone Telecommunication Co., Ltd.",9674
2024-12-10 14:13:46.942752 UTC,2024,22:13:46,ndt-lnkxs_1732705542_00000000000ED3F8,Download,5.5443520511614075,24.131,0.0,Taipei City,Taipei,25.0566,121.5054,10,"Taiwan Mobile Co., Ltd.",24158
2024-12-10 14:10:10.796561 UTC,2024,22:10:10,ndt-lnkxs_1732705542_00000000000E94BC,Download,3.0770031656816013,20.998,0.043722340540032462,Taipei City,Taipei,25.0566,121.5054,100,Mobile Business Group,17421
2024-12-10 13:53:39.939065 UTC,2024,21:53:39,ndt-j8fzd_1732822567_00000000000CC558,Download,73.156516652153073,15.0,0.076448260249599762,Taipei City,Taipei,25.0566,121.5054,5,Mobile Business Group,17421
2024-12-10 13:50:01.174832 UTC,2024,21:50:01,ndt-lnkxs_1732705542_00000000000E173C,Download,34.837057365007105,19.965,0.10199388417886518,Taipei City,Taipei,25.0566,121.5054,10,"Taiwan Mobile Co., Ltd.",24158
2024-12-10 13:47:45.880162 UTC,2024,21:47:45,ndt-j8fzd_1732822567_00000000000D14B3,Download,37.901337947852184,26.723,0.0,Taipei City,Taipei,25.0566,121.5054,100,"Taiwan Mobile Co., Ltd.",24158
2024-12-10 13:30:47.086995 UTC,2024,21:30:47,ndt-l4tcf_1732753005_00000000000E72E4,Download,97.346756932823837,20.093,0.0,Taipei City,Taipei,25.0566,121.5054,100,"Far EastTone Telecommunication Co., Ltd.",9674
2024-12-10 13:30:00.134136 UTC,2024,21:30:00,ndt-virtual-jwh7t_1732499076_00000000001721D4,Download,221.91372685898108,16.399,0.0,Taipei City,Taipei,25.0566,121.5054,10,"Taiwan Mobile Co., Ltd.",24158
2024-12-10 13:24:33.279396 UTC,2024,21:24:33,ndt-j8fzd_1732822567_00000000000C2BA5,Download,5.8058606260132786,23.487,0.00079520788398092712,Taipei City,Taipei,25.0566,121.5054,5,"Taiwan Mobile Co., Ltd.",24158
2024-12-10 13:21:25.575108 UTC,2024,21:21:25,ndt-l4tcf_1732753005_00000000000DA508,Download,67.403926708866,54.987,0.00020167349456667879,Taipei City,Taipei,25.0566,121.5054,100,"Far EastTone Telecommunication Co., Ltd.",9674
2024-12-10 13:20:29.937197 UTC,2024,21:20:29,ndt-j8fzd_1732822567_00000000000DD292,Download,64.72229173895262,17.936,0.0016868407304684396,Taipei City,Taipei,25.0566,121.5054,5,Mobile Business Group,17421
2024-12-10 13:20:19.065149 UTC,2024,21:20:19,ndt-j8fzd_1732822567_00000000000DD291,Download,37.504528566768229,20.591,0.0037313351096727745,Taipei City,Taipei,25.0566,121.5054,5,Mobile Business Group,17421
2024-12-10 13:19:34.385275 UTC,2024,21:19:34,ndt-l4tcf_1732753005_00000000000DA505,Download,103.11714458708725,51.544,0.0063924947124410925,Taipei City,Taipei,25.0566,121.5054,100,"Far EastTone Telecommunication Co., Ltd.",9674
2024-12-10 13:12:21.586364 UTC,2024,21:12:21,ndt-j8fzd_1732822567_00000000000D3634,Download,281.7702115189806,14.898,0.13423013760508762,Taipei City,Taipei,25.0566,121.5054,5,Mobile Business Group,17421
2024-12-10 13:11:59.556540 UTC,2024,21:11:59,ndt-lnkxs_1732705542_00000000000CFD70,Download,229.23943656359359,14.914,0.15322967441546281,Taipei City,Taipei,25.0566,121.5054,5,Mobile Business Group,17421
2024-12-10 13:11:34.005362 UTC,2024,21:11:34,ndt-l4tcf_1732753005_00000000000EA239,Download,33.742723942765323,26.699,0.011519376598442908,Taipei City,Taipei,25.0566,121.5054,5,Mobile Business Group,17421
2024-12-10 13:02:43.192342 UTC,2024,21:02:43,ndt-lnkxs_1732705542_00000000000EC424,Download,10.108029792094714,22.94,0.12993850572817192,Taipei City,Taipei,25.0566,121.5054,100,"Far EastTone Telecommunication Co., Ltd.",9674
2024-12-10 13:00:23.466732 UTC,2024,21:00:23,ndt-j8fzd_1732822567_00000000000C08FA,Download,6.1115979710053274,55.649,0.0031955178176103238,Taipei City,Taipei,25.0566,121.5054,100,"Far EastTone Telecommunication Co., Ltd.",9674
2024-12-10 12:58:35.013842 UTC,2024,20:58:35,ndt-l4tcf_1732753005_00000000000E5325,Download,41.643504161955278,32.68,0.0,Taipei City,Taipei,25.0566,121.5054,10,"Taiwan Mobile Co., Ltd.",24158
2024-12-10 12:57:29.164180 UTC,2024,20:57:29,ndt-j8fzd_1732822567_00000000000D361E,Download,82.388141085159234,23.937,0.0,Taipei City,Taipei,25.0566,121.5054,10,"Taiwan Mobile Co., Ltd.",24158
2024-12-10 12:54:58.712273 UTC,2024,20:54:58,ndt-j8fzd_1732822567_00000000000C08F5,Download,44.532591068522329,26.038,0.0,Taipei City,Taipei,25.0566,121.5054,10,"Taiwan Mobile Co., Ltd.",24158
2024-12-10 12:50:07.325937 UTC,2024,20:50:07,ndt-l4tcf_1732753005_00000000000E3391,Download,72.322144030434174,22.707,0.041270464534504607,Taipei City,Taipei,25.0566,121.5054,5,Mobile Business Group,17421
2024-12-10 12:49:43.949074 UTC,2024,20:49:43,ndt-virtual-jwh7t_1732499076_0000000000170C03,Download,63.351068778345336,16.428,0.032836160289098741,Taipei City,Taipei,25.0566,121.5054,5,Mobile Business Group,17421
2024-12-10 12:49:05.775345 UTC,2024,20:49:05,ndt-lnkxs_1732705542_00000000000D6D92,Download,13.509099095826652,28.078,0.024752519953912172,Taipei City,Taipei,25.0566,121.5054,5,Mobile Business Group,17421
2024-12-10 12:45:06.083534 UTC,2024,20:45:06,ndt-j8fzd_1732822567_00000000000DB327,Download,14.033756690367628,22.568,0.0,Taipei City,Taipei,25.0566,121.5054,10,"Taiwan Mobile Co., Ltd.",24158
2024-12-10 12:35:56.691350 UTC,2024,20:35:56,ndt-j8fzd_1732822567_00000000000CC4ED,Download,7.1253044257467888,27.165,2.1387144584397193e-05,Taipei City,Taipei,25.0566,121.5054,10,"Taiwan Mobile Co., Ltd.",24158
2024-12-10 12:30:34.699435 UTC,2024,20:30:34,ndt-lnkxs_1732705542_00000000000E16DA,Download,11.497244639682879,23.013,0.092255293292766744,Taipei City,Taipei,25.0566,121.5054,10,"Taiwan Mobile Co., Ltd.",24158
2024-12-10 12:28:40.277714 UTC,2024,20:28:40,ndt-lnkxs_1732705542_00000000000E16D6,Download,221.69133351599314,36.446,2.2130663747113465e-05,Taipei City,Taipei,25.0566,121.5054,50,"Far EastTone Telecommunication Co., Ltd.",9674
2024-12-10 12:18:12.862372 UTC,2024,20:18:12,ndt-j8fzd_1732822567_00000000000C75AE,Download,35.186405996272327,25.23,0.014699941659719601,Taipei City,Taipei,25.0566,121.5054,5,Mobile Business Group,17421
2024-12-10 12:15:12.513469 UTC,2024,20:15:12,ndt-j8fzd_1732822567_00000000000D142F,Download,7.0016757105170582,25.727,0.0,Taipei City,Taipei,25.0566,121.5054,10,"Taiwan Mobile Co., Ltd.",24158
2024-12-10 11:56:34.889520 UTC,2024,19:56:34,ndt-virtual-jwh7t_1732499076_000000000017087C,Download,12.24865010302593,22.497,0.00036777260443721115,Taipei City,Taipei,25.0566,121.5054,50,"Far EastTone Telecommunication Co., Ltd.",9674
2024-12-10 11:50:13.801448 UTC,2024,19:50:13,ndt-j8fzd_1732822567_00000000000D35A7,Download,212.86335746391586,39.499,0.0048613102187063523,Taipei City,Taipei,25.0566,121.5054,50,"Far EastTone Telecommunication Co., Ltd.",9674
2024-12-10 11:50:12.897802 UTC,2024,19:50:12,ndt-lnkxs_1732705542_00000000000DBAF9,Download,15.740566132904709,20.248,0.0,Taipei City,Taipei,25.0566,121.5054,100,"Far EastTone Telecommunication Co., Ltd.",9674
2024-12-10 11:49:00.229993 UTC,2024,19:49:00,ndt-lnkxs_1732705542_00000000000DF779,Download,24.248908365499641,29.062,0.0,Taipei City,Taipei,25.0566,121.5054,10,"Taiwan Mobile Co., Ltd.",24158
2024-12-10 11:45:53.639073 UTC,2024,19:45:53,ndt-l4tcf_1732753005_00000000000E9198,Download,18.982644878125097,56.021,0.00042839000899992072,Taipei City,Taipei,25.0566,121.5054,50,"Far EastTone Telecommunication Co., Ltd.",9674
2024-12-10 11:39:47.410399 UTC,2024,19:39:47,ndt-virtual-jwh7t_1732499076_000000000016EAEC,Download,17.903702389575624,22.385,0.0,Taipei City,Taipei,25.0566,121.5054,10,"Taiwan Mobile Co., Ltd.",24158
2024-12-10 11:38:25.474486 UTC,2024,19:38:25,ndt-l4tcf_1732753005_00000000000E528B,Download,13.824996241770506,11.888,0.13954728657713314,Taipei City,Taipei,25.0566,121.5054,5,Mobile Business Group,17421
2024-12-10 11:37:52.836422 UTC,2024,19:37:52,ndt-virtual-jwh7t_1732499076_000000000017077C,Download,10.773273741568786,17.0,0.090736569388138635,Taipei City,Taipei,25.0566,121.5054,10,"Taiwan Mobile Co., Ltd.",24158
2024-12-10 11:33:01.169892 UTC,2024,19:33:01,ndt-j8fzd_1732822567_00000000000D054E,Download,0.797241363915143,42.352,0.0005756876799024,Taipei City,Taipei,25.0566,121.5054,5,Mobile Business Group,17421
2024-12-10 11:32:05.340909 UTC,2024,19:32:05,ndt-j8fzd_1732822567_00000000000C68B8,Download,9.1779368889297945,48.474,0.0,Taipei City,Taipei,25.0566,121.5054,5,Mobile Business Group,17421
2024-12-10 11:25:45.262419 UTC,2024,19:25:45,ndt-j8fzd_1732822567_00000000000CB666,Download,6.0781775736353225,26.984,0.0,Taipei City,Taipei,25.0566,121.5054,5,Mobile Business Group,17421
2024-12-10 11:25:36.200972 UTC,2024,19:25:36,ndt-l4tcf_1732753005_00000000000DB3C7,Download,16.39876099589959,51.27,0.0020237406504205239,Taipei City,Taipei,25.0566,121.5054,50,"Far EastTone Telecommunication Co., Ltd.",9674
2024-12-10 11:09:56.221813 UTC,2024,19:09:56,ndt-j8fzd_1732822567_00000000000BFD18,Download,3.1450954563749667,39.828,0.0019184014060884295,Taipei City,Taipei,25.0566,121.5054,10,"Taiwan Mobile Co., Ltd.",24158
2024-12-10 11:04:09.669920 UTC,2024,19:04:09,ndt-lnkxs_1732705542_00000000000E54F8,Download,1.107523078504864,27.23,0.010016704298664244,Taipei City,Taipei,25.0566,121.5054,10,"Taiwan Mobile Co., Ltd.",24158
2024-12-10 11:03:48.536667 UTC,2024,19:03:48,ndt-l4tcf_1732753005_00000000000E429D,Download,3.4332059210721253,45.721,0.0,Taipei City,Taipei,25.0566,121.5054,10,"Taiwan Mobile Co., Ltd.",24158
2024-12-10 10:50:52.162898 UTC,2024,18:50:52,ndt-lnkxs_1732705542_00000000000E165C,Download,23.170065461748234,24.158,0.15662280161124986,Taipei City,Taipei,25.0566,121.5054,10,"Taiwan Mobile Co., Ltd.",24158
2024-12-10 10:50:19.885840 UTC,2024,18:50:19,ndt-j8fzd_1732822567_00000000000CF3D8,Download,23.612735999732124,26.199,0.056034052100423455,Taipei City,Taipei,25.0566,121.5054,10,"Taiwan Mobile Co., Ltd.",24158
2024-12-10 10:49:52.790703 UTC,2024,18:49:52,ndt-lnkxs_1732705542_00000000000EB35A,Download,37.962646336656093,22.116,1.1539727030881559e-05,Taipei City,Taipei,25.0566,121.5054,10,"Taiwan Mobile Co., Ltd.",24158
2024-12-10 10:42:15.906154 UTC,2024,18:42:15,ndt-l4tcf_1732753005_00000000000DF385,Download,48.847425290083237,50.77,2.2372481748016687e-05,Taipei City,Taipei,25.0566,121.5054,50,"Far EastTone Telecommunication Co., Ltd.",9674
2024-12-10 10:34:49.145680 UTC,2024,18:34:49,ndt-l4tcf_1732753005_00000000000ED0A0,Download,14.598075737964944,26.891,0.0,Taipei City,Taipei,25.0566,121.5054,10,"Taiwan Mobile Co., Ltd.",24158
2024-12-10 10:34:08.912691 UTC,2024,18:34:08,ndt-lnkxs_1732705542_00000000000E64DA,Download,18.94284361814098,30.13,0.0,Taipei City,Taipei,25.0566,121.5054,10,"Taiwan Mobile Co., Ltd.",24158
2024-12-10 10:32:48.232368 UTC,2024,18:32:48,ndt-lnkxs_1732705542_00000000000E64D8,Download,1.246245972979988,55.765,0.011130951000626116,Taipei City,Taipei,25.0566,121.5054,100,"Far EastTone Telecommunication Co., Ltd.",9674
2024-12-10 10:31:31.727048 UTC,2024,18:31:31,ndt-lnkxs_1732705542_00000000000DA9BA,Download,1.0579967261312075,48.339,0.02116066232873089,Taipei City,Taipei,25.0566,121.5054,100,"Far EastTone Telecommunication Co., Ltd.",9674
2024-12-10 10:26:53.801346 UTC,2024,18:26:53,ndt-lnkxs_1732705542_00000000000E0827,Download,25.302190021680349,26.026,4.5002534701586868e-05,Taipei City,Taipei,25.0566,121.5054,10,"Taiwan Mobile Co., Ltd.",24158
2024-12-10 10:24:46.885162 UTC,2024,18:24:46,ndt-j8fzd_1732822567_00000000000CB5E6,Download,5.4272658603516115,24.88,0.010401216153021838,Taipei City,Taipei,25.0566,121.5054,10,"Taiwan Mobile Co., Ltd.",24158
2024-12-10 10:24:34.315530 UTC,2024,18:24:34,ndt-lnkxs_1732705542_00000000000ED2D1,Download,57.86729914594698,18.219,0.0075936785145884009,Taipei City,Taipei,25.0566,121.5054,5,Mobile Business Group,17421
2024-12-10 10:22:07.745749 UTC,2024,18:22:07,ndt-l4tcf_1732753005_00000000000E4253,Download,12.892044083740457,25.063,0.0,Taipei City,Taipei,25.0566,121.5054,10,"Taiwan Mobile Co., Ltd.",24158
2024-12-10 10:21:39.019709 UTC,2024,18:21:39,ndt-l4tcf_1732753005_00000000000E328B,Download,45.021200915580209,18.029,0.00068004824029668461,Taipei City,Taipei,25.0566,121.5054,5,Mobile Business Group,17421
2024-12-10 10:21:14.237237 UTC,2024,18:21:14,ndt-lnkxs_1732705542_00000000000DF6F6,Download,73.970274311820646,17.897,9.4064431300622454e-05,Taipei City,Taipei,25.0566,121.5054,5,Mobile Business Group,17421
2024-12-10 10:20:10.059310 UTC,2024,18:20:10,ndt-j8fzd_1732822567_00000000000C57BA,Download,20.10896188943066,19.207,0.0042066130261764929,Taipei City,Taipei,25.0566,121.5054,5,Mobile Business Group,17421
2024-12-10 10:18:32.980069 UTC,2024,18:18:32,ndt-virtual-jwh7t_1732499076_000000000016F3E8,Download,53.578394268895742,17.519,0.0048245999946396577,Taipei City,Taipei,25.0566,121.5054,5,Mobile Business Group,17421
2024-12-10 10:18:05.240371 UTC,2024,18:18:05,ndt-virtual-jwh7t_1732499076_000000000016F3DA,Download,3.8275468450571477,22.252,0.0013641378191976846,Taipei City,Taipei,25.0566,121.5054,100,"Far EastTone Telecommunication Co., Ltd.",9674
2024-12-10 10:15:14.605819 UTC,2024,18:15:14,ndt-lnkxs_1732705542_00000000000E7467,Download,77.111238593919069,18.833,2.9923525102752978e-05,Taipei City,Taipei,25.0566,121.5054,5,Mobile Business Group,17421
2024-12-10 10:12:25.349577 UTC,2024,18:12:25,ndt-l4tcf_1732753005_00000000000E4241,Download,67.2904702783141,19.086,1.7286370007456582e-05,Taipei City,Taipei,25.0566,121.5054,5,Mobile Business Group,17421
2024-12-10 10:12:10.192720 UTC,2024,18:12:10,ndt-l4tcf_1732753005_00000000000E520F,Download,7.50683606205904,32.101,0.010810144306628073,Taipei City,Taipei,25.0566,121.5054,100,"Far EastTone Telecommunication Co., Ltd.",9674
2024-12-10 10:09:35.602815 UTC,2024,18:09:35,ndt-j8fzd_1732822567_00000000000DE19B,Download,18.030046966132065,56.313,0.00030054591176861893,Taipei City,Taipei,25.0566,121.5054,50,"Far EastTone Telecommunication Co., Ltd.",9674
2024-12-10 10:00:05.274253 UTC,2024,18:00:05,ndt-j8fzd_1732822567_00000000000DC290,Download,40.464350542012362,27.124,0.00011780262709127577,Taipei City,Taipei,25.0566,121.5054,100,"Far EastTone Telecommunication Co., Ltd.",9674
2024-12-10 09:45:23.287751 UTC,2024,17:45:23,ndt-lnkxs_1732705542_00000000000E4485,Download,9.3707891751466548,23.96,0.0035931862318900141,Taipei City,Taipei,25.0566,121.5054,5,Mobile Business Group,17421
2024-12-10 09:37:19.352588 UTC,2024,17:37:19,ndt-l4tcf_1732753005_00000000000E90E0,Download,59.788214935976349,19.89,0.0,Taipei City,Taipei,25.0566,121.5054,10,"Taiwan Mobile Co., Ltd.",24158
2024-12-10 09:36:40.270043 UTC,2024,17:36:40,ndt-virtual-jwh7t_1732499076_000000000016E278,Download,288.44604188220183,15.992,0.0,Taipei City,Taipei,25.0566,121.5054,5,"Taiwan Mobile Co., Ltd.",24158
2024-12-10 09:35:04.176712 UTC,2024,17:35:04,ndt-virtual-ltptc_1732502072_000000000016BF7A,Download,302.558998356489,28.271,0.0,Taipei City,Taipei,25.0566,121.5054,5,"Taiwan Mobile Co., Ltd.",24158
2024-12-10 09:29:02.364200 UTC,2024,17:29:02,ndt-l4tcf_1732753005_00000000000D83C8,Download,0.22590012837181217,394.906,0.043386487943918035,Taipei City,Taipei,25.0566,121.5054,100,"Far EastTone Telecommunication Co., Ltd.",9674
2024-12-10 09:21:23.736222 UTC,2024,17:21:23,ndt-lnkxs_1732705542_00000000000EA2BE,Download,282.37418863048237,46.435,6.7869582587168134e-05,Taipei City,Taipei,25.0566,121.5054,100,"Far EastTone Telecommunication Co., Ltd.",9674
2024-12-10 09:15:29.536372 UTC,2024,17:15:29,ndt-virtual-jwh7t_1732499076_000000000016D5E0,Download,198.56799337238772,49.218,3.3135004308027324e-05,Taipei City,Taipei,25.0566,121.5054,10,"Taiwan Mobile Co., Ltd.",24158
2024-12-10 09:15:05.784546 UTC,2024,17:15:05,ndt-l4tcf_1732753005_00000000000E7181,Download,67.289927247841277,27.389,0.0,Taipei City,Taipei,25.0566,121.5054,10,"Taiwan Mobile Co., Ltd.",24158
2024-12-10 09:10:52.975369 UTC,2024,17:10:52,ndt-j8fzd_1732822567_00000000000CC3DC,Download,270.853720683443,19.682,0.0,Taipei City,Taipei,25.0566,121.5054,10,"Taiwan Mobile Co., Ltd.",24158
2024-12-10 09:10:17.586066 UTC,2024,17:10:17,ndt-j8fzd_1732822567_00000000000D2322,Download,17.857392775160083,18.148,2.3180955436756318e-05,Taipei City,Taipei,25.0566,121.5054,10,"Taiwan Mobile Co., Ltd.",24158
2024-12-10 09:07:55.095250 UTC,2024,17:07:55,ndt-lnkxs_1732705542_00000000000EA2B1,Download,13.672854522497582,24.137,0.017493592337115914,Taipei City,Taipei,25.0566,121.5054,10,"Taiwan Mobile Co., Ltd.",24158
2024-12-10 09:07:23.076493 UTC,2024,17:07:23,ndt-l4tcf_1732753005_00000000000EC06A,Download,13.873112952225739,26.336,0.0,Taipei City,Taipei,25.0566,121.5054,10,"Taiwan Mobile Co., Ltd.",24158
2024-12-10 09:05:41.772418 UTC,2024,17:05:41,ndt-virtual-jwh7t_1732499076_000000000016E04F,Download,207.87183074357034,19.0,0.063378892846850221,Taipei City,Taipei,25.0566,121.5054,10,"Taiwan Mobile Co., Ltd.",24158
2024-12-10 09:04:54.665487 UTC,2024,17:04:54,ndt-virtual-jwh7t_1732499076_000000000016E040,Download,105.4330657528096,24.829,0.00044939346489559682,Taipei City,Taipei,25.0566,121.5054,100,"Far EastTone Telecommunication Co., Ltd.",9674
2024-12-10 09:02:24.000178 UTC,2024,17:02:24,ndt-lnkxs_1732705542_00000000000E8329,Download,5.39420855798778,52.896,0.0036008561600657397,Taipei City,Taipei,25.0566,121.5054,50,"Far EastTone Telecommunication Co., Ltd.",9674
2024-12-10 09:01:05.464596 UTC,2024,17:01:05,ndt-l4tcf_1732753005_00000000000E029E,Download,4.1267204461851055,23.272,0.0,Taipei City,Taipei,25.0566,121.5054,10,"Taiwan Mobile Co., Ltd.",24158
2024-12-10 08:59:32.930103 UTC,2024,16:59:32,ndt-l4tcf_1732753005_00000000000E7168,Download,7.7609942229353654,16.803,0.0,Taipei City,Taipei,25.0566,121.5054,5,Mobile Business Group,17421
2024-12-10 08:56:53.657601 UTC,2024,16:56:53,ndt-virtual-jwh7t_1732499076_000000000016CCD0,Download,18.540404238383047,22.824,0.097279351767167635,Taipei City,Taipei,25.0566,121.5054,100,"Far EastTone Telecommunication Co., Ltd.",9674
2024-12-10 08:55:10.039064 UTC,2024,16:55:10,ndt-virtual-jwh7t_1732499076_000000000016D4B8,Download,1.6830120489274387,33.834,0.0075274497043204529,Taipei City,Taipei,25.0566,121.5054,100,"Far EastTone Telecommunication Co., Ltd.",9674
2024-12-10 08:54:28.231520 UTC,2024,16:54:28,ndt-virtual-jwh7t_1732499076_000000000016BE6D,Download,0.9049035355949554,42.474,0.10794215194332744,Taipei City,Taipei,25.0566,121.5054,100,"Far EastTone Telecommunication Co., Ltd.",9674
2024-12-10 08:52:12.906752 UTC,2024,16:52:12,ndt-l4tcf_1732753005_00000000000E61B0,Download,169.07067863682286,57.825,3.3246588142229966e-05,Taipei City,Taipei,25.0566,121.5054,50,"Far EastTone Telecommunication Co., Ltd.",9674
2024-12-10 08:43:10.711140 UTC,2024,16:43:10,ndt-lnkxs_1732705542_00000000000EC2D0,Download,77.528763979950455,24.868,0.0,Taipei City,Taipei,25.0566,121.5054,100,"Far EastTone Telecommunication Co., Ltd.",18412
2024-12-10 08:41:16.719474 UTC,2024,16:41:16,ndt-lnkxs_1732705542_00000000000E5444,Download,40.493144892231406,22.24,0.0,Taipei City,Taipei,25.0566,121.5054,5,Mobile Business Group,17421
2024-12-10 08:30:54.331722 UTC,2024,16:30:54,ndt-virtual-jwh7t_1732499076_000000000016CB3E,Download,2.9471402921798004,36.829,0.00080668632239614313,Taipei City,Taipei,25.0566,121.5054,5,Mobile Business Group,17421
2024-12-10 08:30:43.200956 UTC,2024,16:30:43,ndt-l4tcf_1732753005_00000000000DA323,Download,1.1785700345389436,27.922,0.00094355355434429613,Taipei City,Taipei,25.0566,121.5054,5,Mobile Business Group,17421
2024-12-10 08:21:47.625616 UTC,2024,16:21:47,ndt-virtual-jwh7t_1732499076_000000000016D27C,Download,10.430186821751358,26.374,0.10166524827407004,Taipei City,Taipei,25.0566,121.5054,20,"Taiwan Mobile Co., Ltd.",24158
2024-12-10 07:47:33.634199 UTC,2024,15:47:33,ndt-virtual-jwh7t_1732499076_000000000016BA70,Download,20.108084476183762,21.575,0.15681570965314195,Taipei City,Taipei,25.0566,121.5054,100,"Far EastTone Telecommunication Co., Ltd.",9674
2024-12-10 07:44:37.304633 UTC,2024,15:44:37,ndt-lnkxs_1732705542_00000000000E340D,Download,10.093329132469922,27.385,0.10123580808393556,Taipei City,Taipei,25.0566,121.5054,10,"Taiwan Mobile Co., Ltd.",24158
2024-12-10 07:37:08.490905 UTC,2024,15:37:08,ndt-virtual-jwh7t_1732499076_000000000016B9D0,Download,32.718656960894755,21.943,0.0,Taipei City,Taipei,25.0566,121.5054,100,Mobile Business Group,17421
2024-12-10 07:36:42.730720 UTC,2024,15:36:42,ndt-l4tcf_1732753005_00000000000CFB5C,Download,16.219313557074127,21.586,0.0,Taipei City,Taipei,25.0566,121.5054,100,Mobile Business Group,17421
2024-12-10 07:32:26.318138 UTC,2024,15:32:26,ndt-j8fzd_1732822567_00000000000CC34D,Download,33.525453979570436,25.529,0.00011258379157406154,Taipei City,Taipei,25.0566,121.5054,100,"Far EastTone Telecommunication Co., Ltd.",9674
2024-12-10 07:29:18.591558 UTC,2024,15:29:18,ndt-j8fzd_1732822567_00000000000DE0C1,Download,49.271753381548415,19.696,0.0,Taipei City,Taipei,25.0566,121.5054,10,"Taiwan Mobile Co., Ltd.",24158
2024-12-10 07:29:02.348819 UTC,2024,15:29:02,ndt-virtual-jwh7t_1732499076_0000000000169F81,Download,7.0860741166608223,23.265,0.00062098233050657942,Taipei City,Taipei,25.0566,121.5054,50,"Far EastTone Telecommunication Co., Ltd.",9674
2024-12-10 07:27:07.793928 UTC,2024,15:27:07,ndt-virtual-jwh7t_1732499076_000000000016C75E,Download,35.55822279782933,22.812,0.0,Taipei City,Taipei,25.0566,121.5054,10,"Taiwan Mobile Co., Ltd.",24158
2024-12-10 07:15:54.243038 UTC,2024,15:15:54,ndt-lnkxs_1732705542_00000000000D1C3A,Download,178.32748562806898,79.125,0.0,Taipei City,Taipei,25.0566,121.5054,10,"Taiwan Mobile Co., Ltd.",24158
2024-12-10 07:11:43.584988 UTC,2024,15:11:43,ndt-virtual-jwh7t_1732499076_0000000000169E45,Download,26.496026528618213,22.188,0.077783115215539766,Taipei City,Taipei,25.0566,121.5054,5,Mobile Business Group,17421
2024-12-10 07:11:03.780996 UTC,2024,15:11:03,ndt-virtual-jwh7t_1732499076_000000000016A8EC,Download,71.395936027165021,21.688,0.0,Taipei City,Taipei,25.0566,121.5054,5,Mobile Business Group,17421
2024-12-10 07:10:51.455781 UTC,2024,15:10:51,ndt-l4tcf_1732753005_00000000000D8310,Download,83.825289874478912,44.66,5.3310829252725633e-05,Taipei City,Taipei,25.0566,121.5054,50,"Far EastTone Telecommunication Co., Ltd.",9674
2024-12-10 07:06:26.876731 UTC,2024,15:06:26,ndt-l4tcf_1732753005_00000000000DA2B1,Download,11.124082110796595,34.699,0.0,Taipei City,Taipei,25.0566,121.5054,20,Taiwan Star Telecom Corporation Limited.(Former Vibo Telecom Inc.),24157
2024-12-10 06:54:35.296399 UTC,2024,14:54:35,ndt-j8fzd_1732822567_00000000000C288D,Download,20.839176099343671,46.21,0.20861837356561402,Taipei City,Taipei,25.0566,121.5054,100,"Far EastTone Telecommunication Co., Ltd.",9674
2024-12-10 06:45:05.352671 UTC,2024,14:45:05,ndt-virtual-jwh7t_1732499076_000000000016B66C,Download,3.2632395735649911,31.299,0.0,Taipei City,Taipei,25.0566,121.5054,100,"Far EastTone Telecommunication Co., Ltd.",9674
2024-12-10 06:36:04.179299 UTC,2024,14:36:04,ndt-j8fzd_1732822567_00000000000D2262,Download,71.899490619847739,48.961,4.66425575029855e-05,Taipei City,Taipei,25.0566,121.5054,50,"Far EastTone Telecommunication Co., Ltd.",9674
2024-12-10 06:26:18.961792 UTC,2024,14:26:18,ndt-virtual-jwh7t_1732499076_000000000016B560,Download,54.098839631797119,20.5,0.0,Taipei City,Taipei,25.0566,121.5054,10,"Taiwan Mobile Co., Ltd.",24158
2024-12-10 06:18:37.006348 UTC,2024,14:18:37,ndt-virtual-jwh7t_1732499076_000000000016C305,Download,7.6728665113016845,35.274,0.0,Taipei City,Taipei,25.0566,121.5054,5,Mobile Business Group,17421
2024-12-10 06:11:53.727418 UTC,2024,14:11:53,ndt-virtual-jwh7t_1732499076_000000000016A51F,Download,50.5565727510799,23.336,4.3237395637215947e-05,Taipei City,Taipei,25.0566,121.5054,100,"Far EastTone Telecommunication Co., Ltd.",9674
2024-12-10 06:09:04.984253 UTC,2024,14:09:04,ndt-l4tcf_1732753005_00000000000CBFD8,Download,18.701918919377416,45.344,0.00012370802860774152,Taipei City,Taipei,25.0566,121.5054,50,"Far EastTone Telecommunication Co., Ltd.",9674
2024-12-10 06:06:27.321794 UTC,2024,14:06:27,ndt-virtual-jwh7t_1732499076_000000000016C237,Download,42.124006616208789,13.744,0.0036108265652171389,Taipei City,Taipei,25.0566,121.5054,10,"Taiwan Mobile Co., Ltd.",24158
2024-12-10 05:50:20.023580 UTC,2024,13:50:20,ndt-virtual-jwh7t_1732499076_000000000016B2F0,Download,20.235858195893055,19.889,0.00013211339745972968,Taipei City,Taipei,25.0566,121.5054,50,"Far EastTone Telecommunication Co., Ltd.",9674
2024-12-10 05:50:12.896070 UTC,2024,13:50:12,ndt-lnkxs_1732705542_00000000000EB1B1,Download,26.215833380435477,50.723,0.000495493656374224,Taipei City,Taipei,25.0566,121.5054,50,"Far EastTone Telecommunication Co., Ltd.",9674
2024-12-10 05:45:01.967835 UTC,2024,13:45:01,ndt-l4tcf_1732753005_00000000000DA24C,Download,16.193989135062509,20.03,0.0068492474238132459,Taipei City,Taipei,25.0566,121.5054,10,"Taiwan Mobile Co., Ltd.",24158
2024-12-10 05:39:37.995181 UTC,2024,13:39:37,ndt-l4tcf_1732753005_00000000000E706C,Download,1.859971731506932,25.799,0.00067647325445044349,Taipei City,Taipei,25.0566,121.5054,5,Mobile Business Group,17421
2024-12-10 05:30:28.486780 UTC,2024,13:30:28,ndt-j8fzd_1732822567_00000000000C06A9,Download,24.617448950347423,53.771,0.0004553475886889873,Taipei City,Taipei,25.0566,121.5054,100,"Far EastTone Telecommunication Co., Ltd.",9674
2024-12-10 05:24:23.414720 UTC,2024,13:24:23,ndt-j8fzd_1732822567_00000000000BFB87,Download,2.28828972671217,31.826,0.0014718915842224078,Taipei City,Taipei,25.0566,121.5054,10,"Taiwan Mobile Co., Ltd.",24158
2024-12-10 05:24:18.155334 UTC,2024,13:24:18,ndt-l4tcf_1732753005_00000000000D92B4,Download,19.670986119658174,28.012,0.0,Taipei City,Taipei,25.0566,121.5054,5,Mobile Business Group,17421
2024-12-10 05:21:03.761808 UTC,2024,13:21:03,ndt-lnkxs_1732705542_00000000000EE0D4,Download,88.498588400958724,51.017,0.00013949292085415171,Taipei City,Taipei,25.0566,121.5054,100,"Far EastTone Telecommunication Co., Ltd.",9674
2024-12-10 05:20:12.091217 UTC,2024,13:20:12,ndt-lnkxs_1732705542_00000000000EB17A,Download,74.633400730420888,51.043,0.00010934132494886493,Taipei City,Taipei,25.0566,121.5054,100,"Far EastTone Telecommunication Co., Ltd.",9674
2024-12-10 05:14:36.474181 UTC,2024,13:14:36,ndt-xrq4c_1732584141_00000000000FFE49,Download,0.53575656803515981,162.093,0.0,Taipei City,Taipei,25.0566,121.5054,100,"Far EastTone Telecommunication Co., Ltd.",9674
2024-12-10 05:12:00.546419 UTC,2024,13:12:00,ndt-lnkxs_1732705542_00000000000E4323,Download,152.18384057955259,23.933,8.7430586727717987e-05,Taipei City,Taipei,25.0566,121.5054,100,"Far EastTone Telecommunication Co., Ltd.",9674
2024-12-10 05:02:46.676666 UTC,2024,13:02:46,ndt-l4tcf_1732753005_00000000000CEE8B,Download,17.754627603447208,49.855,0.0,Taipei City,Taipei,25.0566,121.5054,50,"Far EastTone Telecommunication Co., Ltd.",9674
2024-12-10 04:46:21.749388 UTC,2024,12:46:21,ndt-virtual-jwh7t_1732499076_00000000001694E6,Download,104.72631525687375,20.305,1.0405923129980854e-05,Taipei City,Taipei,25.0566,121.5054,50,"Far EastTone Telecommunication Co., Ltd.",9674
2024-12-10 04:42:31.722699 UTC,2024,12:42:31,ndt-lnkxs_1732705542_00000000000D9A36,Download,4.9154390890761643,51.399,0.00046143853787318197,Taipei City,Taipei,25.0566,121.5054,50,"Far EastTone Telecommunication Co., Ltd.",9674
2024-12-10 04:31:44.920456 UTC,2024,12:31:44,ndt-virtual-jwh7t_1732499076_0000000000168C31,Download,87.095587490494424,22.212,0.0,Taipei City,Taipei,25.0566,121.5054,10,"Taiwan Mobile Co., Ltd.",24158
2024-12-10 04:13:22.120488 UTC,2024,12:13:22,ndt-lnkxs_1732705542_00000000000E52BB,Download,100.70234732130938,21.533,0.0,Taipei City,Taipei,25.0566,121.5054,10,"Taiwan Mobile Co., Ltd.",24158
2024-12-04 03:52:48.496271 UTC,2024,11:52:48,ndt-virtual-jwh7t_1732499076_00000000000DBE14,Download,10.61915749630157,19.848,0.00010791867607783584,Taipei City,Taipei,25.0504,121.5324,10,Taiwan Star Telecom Corporation Limited.(Former Vibo Telecom Inc.),24157
2024-12-04 03:38:10.951493 UTC,2024,11:38:10,ndt-virtual-jwh7t_1732499076_00000000000DBD27,Download,21.620785381212368,23.024,0.0,Taipei City,Taipei,25.0504,121.5324,5,Mobile Business Group,17421
2024-12-04 03:34:08.998236 UTC,2024,11:34:08,ndt-l4tcf_1732753005_0000000000066849,Download,73.899235938967109,19.825,0.0,Taipei City,Taipei,25.0504,121.5324,5,"Taiwan Mobile Co., Ltd.",24158
2024-12-04 03:33:16.597504 UTC,2024,11:33:16,ndt-virtual-jwh7t_1732499076_00000000000DD5BF,Download,24.361642994947324,18.603,0.0,Taipei City,Taipei,25.0504,121.5324,20,Taiwan Star Telecom Corporation Limited.(Former Vibo Telecom Inc.),24157
2024-12-04 03:32:15.434865 UTC,2024,11:32:15,ndt-lnkxs_1732705542_0000000000076593,Download,23.527054876587588,25.079,0.022852493931356532,Taipei City,Taipei,25.0504,121.5324,20,Taiwan Star Telecom Corporation Limited.(Former Vibo Telecom Inc.),24157
2024-12-04 03:31:44.186523 UTC,2024,11:31:44,ndt-j8fzd_1732822567_00000000000509E2,Download,0.88666854524804573,20.727,0.105557590128116,Taipei City,Taipei,25.0504,121.5324,100,Mobile Business Group,17421
2024-12-04 03:26:07.411404 UTC,2024,11:26:07,ndt-virtual-jwh7t_1732499076_00000000000DBC7C,Download,9.3277732392366186,20.05,0.04161727003434957,Taipei City,Taipei,25.0504,121.5324,50,"Far EastTone Telecommunication Co., Ltd.",9674
2024-12-04 03:10:33.289364 UTC,2024,11:10:33,ndt-j8fzd_1732822567_000000000006D47B,Download,45.067240216391077,49.194,2.4334130426206467e-05,Taipei City,Taipei,25.0504,121.5324,100,"Far EastTone Telecommunication Co., Ltd.",9674
2024-12-04 03:08:45.081028 UTC,2024,11:08:45,ndt-j8fzd_1732822567_000000000005A710,Download,46.882863274632832,44.637,0.00011600813417382939,Taipei City,Taipei,25.0504,121.5324,100,"Far EastTone Telecommunication Co., Ltd.",9674
2024-12-04 02:47:36.601960 UTC,2024,10:47:36,ndt-l4tcf_1732753005_0000000000063857,Download,22.197913326715884,57.671,0.088892322434714136,Taipei City,Taipei,25.0504,121.5324,50,"Far EastTone Telecommunication Co., Ltd.",9674
2024-12-04 02:35:19.206942 UTC,2024,10:35:19,ndt-lnkxs_1732705542_0000000000081126,Download,54.984302610165173,29.0,0.00020307833766785178,Taipei City,Taipei,25.0504,121.5324,100,"Far EastTone Telecommunication Co., Ltd.",9674
2024-12-04 02:34:37.153148 UTC,2024,10:34:37,ndt-virtual-jwh7t_1732499076_00000000000DC656,Download,24.557617508153573,29.194,0.18232705027138929,Taipei City,Taipei,25.0504,121.5324,50,"Far EastTone Telecommunication Co., Ltd.",9674
2024-12-04 02:19:59.797082 UTC,2024,10:19:59,ndt-l4tcf_1732753005_000000000006097B,Download,11.609529150621064,18.001,0.013612843196652347,Taipei City,Taipei,25.0504,121.5324,5,Mobile Business Group,17421
2024-12-04 02:17:47.013292 UTC,2024,10:17:47,ndt-virtual-jwh7t_1732499076_00000000000DC528,Download,36.59967904384704,4.0,9.0666612551211715e-05,Taipei City,Taipei,25.0504,121.5324,100,"Far EastTone Telecommunication Co., Ltd.",9674
2024-12-04 02:11:30.335684 UTC,2024,10:11:30,ndt-virtual-jwh7t_1732499076_00000000000DB7A6,Download,0.35205952519279426,28.687,0.023228311317386646,Taipei City,Taipei,25.0504,121.5324,50,"Far EastTone Telecommunication Co., Ltd.",9674
2024-12-04 02:11:09.225450 UTC,2024,10:11:09,ndt-l4tcf_1732753005_0000000000068817,Download,8.2305234080917185,63.038,0.0015493090385474164,Taipei City,Taipei,25.0504,121.5324,50,"Far EastTone Telecommunication Co., Ltd.",9674
2024-12-04 02:10:57.571402 UTC,2024,10:10:57,ndt-virtual-jwh7t_1732499076_00000000000DD03A,Download,0.33782780726129474,33.026,0.032387517750894289,Taipei City,Taipei,25.0504,121.5324,50,"Far EastTone Telecommunication Co., Ltd.",9674
2024-12-04 01:49:30.743411 UTC,2024,09:49:30,ndt-l4tcf_1732753005_000000000006D709,Download,11.292002172723123,30.051,0.0,Taipei City,Taipei,25.0504,121.5324,10,"Taiwan Mobile Co., Ltd.",24158
2024-12-04 01:40:31.263709 UTC,2024,09:40:31,ndt-lnkxs_1732705542_0000000000070773,Download,41.3946378737776,25.203,5.2668349073086312e-05,Taipei City,Taipei,25.0504,121.5324,5,"Taiwan Mobile Co., Ltd.",24158
2024-12-04 01:37:30.390736 UTC,2024,09:37:30,ndt-virtual-jwh7t_1732499076_00000000000D9DE3,Download,62.800726744057037,29.359,0.0,Taipei City,Taipei,25.0504,121.5324,50,"Far EastTone Telecommunication Co., Ltd.",9674
2024-12-04 00:59:57.161975 UTC,2024,08:59:57,ndt-l4tcf_1732753005_00000000000608F0,Download,2.5295811302084088,51.104,0.012418727167431216,Taipei City,Taipei,25.0504,121.5324,100,"Far EastTone Telecommunication Co., Ltd.",9674
2024-12-04 00:59:16.392344 UTC,2024,08:59:16,ndt-virtual-jwh7t_1732499076_00000000000DA53B,Download,0.63343425719392288,28.736,0.0053835313586823022,Taipei City,Taipei,25.0504,121.5324,100,"Far EastTone Telecommunication Co., Ltd.",9674
2024-12-04 00:55:52.582237 UTC,2024,08:55:52,ndt-lnkxs_1732705542_000000000007073D,Download,2.360039524676564,56.654,0.0,Taipei City,Taipei,25.0504,121.5324,100,"Far EastTone Telecommunication Co., Ltd.",9674
2024-12-04 00:45:51.267336 UTC,2024,08:45:51,ndt-l4tcf_1732753005_00000000000647E5,Download,23.310071727196654,45.198,4.7618619839484051e-05,Taipei City,Taipei,25.0504,121.5324,10,"Taiwan Mobile Co., Ltd.",24158
2024-12-04 00:40:00.007832 UTC,2024,08:40:00,ndt-virtual-jwh7t_1732499076_00000000000DB229,Download,65.543905479838045,23.909,0.0,Taipei City,Taipei,25.0504,121.5324,100,"Far EastTone Telecommunication Co., Ltd.",9674
2024-12-04 00:39:46.616572 UTC,2024,08:39:46,ndt-virtual-jwh7t_1732499076_00000000000DA3EB,Download,1.5755822301660269,23.763,0.0414177043895304,Taipei City,Taipei,25.0504,121.5324,100,Mobile Business Group,17421
2024-12-04 00:34:11.668356 UTC,2024,08:34:11,ndt-lnkxs_1732705542_0000000000070721,Download,7.5669221333979033,234.005,0.10396328105392563,Taipei City,Taipei,25.0504,121.5324,10,"Taiwan Mobile Co., Ltd.",24158
2024-12-04 00:32:05.264378 UTC,2024,08:32:05,ndt-virtual-jwh7t_1732499076_00000000000D8EA6,Download,194.45339616700346,17.582,0.0,Taipei City,Taipei,25.0504,121.5324,5,Mobile Business Group,17421
2024-12-04 00:31:44.044946 UTC,2024,08:31:44,ndt-l4tcf_1732753005_0000000000067746,Download,13.560331557074583,39.851,0.18569979890639784,Taipei City,Taipei,25.0504,121.5324,50,"Far EastTone Telecommunication Co., Ltd.",9674
2024-12-04 00:30:58.169134 UTC,2024,08:30:58,ndt-virtual-jwh7t_1732499076_00000000000DB16F,Download,13.077313465932781,23.855,0.12998876969048542,Taipei City,Taipei,25.0504,121.5324,50,"Far EastTone Telecommunication Co., Ltd.",9674
2024-12-04 00:07:54.825565 UTC,2024,08:07:54,ndt-lnkxs_1732705542_0000000000067EAB,Download,17.773480956319137,17.561,0.0,Taipei City,Taipei,25.0504,121.5324,10,"Taiwan Mobile Co., Ltd.",24158
2024-12-03 23:44:27.713578 UTC,2024,07:44:27,ndt-lnkxs_1732705542_000000000007939E,Download,40.639234195656329,34.095,0.0045028105081127666,Taipei City,Taipei,25.0504,121.5324,100,"Far EastTone Telecommunication Co., Ltd.",9674
2024-12-03 23:37:03.437952 UTC,2024,07:37:03,ndt-l4tcf_1732753005_000000000006C683,Download,12.921926979498318,28.929,0.0,Taipei City,Taipei,25.0504,121.5324,10,"Taiwan Mobile Co., Ltd.",24158
2024-12-03 23:36:00.166375 UTC,2024,07:36:00,ndt-l4tcf_1732753005_000000000006B6D2,Download,11.31633320096527,26.375,0.094905860675535345,Taipei City,Taipei,25.0504,121.5324,5,Mobile Business Group,17421
2024-12-03 23:27:41.448695 UTC,2024,07:27:41,ndt-l4tcf_1732753005_000000000006371D,Download,82.6631358553712,49.708,0.032715759065973078,Taipei City,Taipei,25.0504,121.5324,10,Taiwan Star Telecom Corporation Limited.(Former Vibo Telecom Inc.),24157
2024-12-03 23:19:59.686487 UTC,2024,07:19:59,ndt-lnkxs_1732705542_000000000007A352,Download,17.072981838412456,39.264,0.00020385704871942156,Taipei City,Taipei,25.0504,121.5324,100,"Far EastTone Telecommunication Co., Ltd.",9674
2024-12-03 23:19:01.548108 UTC,2024,07:19:01,ndt-l4tcf_1732753005_00000000000676BF,Download,11.785822863974829,23.198,0.12049268441281216,Taipei City,Taipei,25.0504,121.5324,100,"Far EastTone Telecommunication Co., Ltd.",9674
2024-12-03 23:12:27.101415 UTC,2024,07:12:27,ndt-j8fzd_1732822567_0000000000061562,Download,317.579809587692,43.134,0.030472247609545054,Taipei City,Taipei,25.0504,121.5324,100,"Far EastTone Telecommunication Co., Ltd.",9674
2024-12-03 23:09:27.602419 UTC,2024,07:09:27,ndt-l4tcf_1732753005_000000000006B6A1,Download,69.380088352619325,36.769,0.0,Taipei City,Taipei,25.0504,121.5324,100,"Far EastTone Telecommunication Co., Ltd.",9674
2024-12-03 23:07:39.352077 UTC,2024,07:07:39,ndt-lnkxs_1732705542_000000000007641F,Download,1.7030250677957273,29.49,0.22725644660577457,Taipei City,Taipei,25.0504,121.5324,50,"Far EastTone Telecommunication Co., Ltd.",9674
2024-12-03 22:44:17.684030 UTC,2024,06:44:17,ndt-j8fzd_1732822567_000000000005085E,Download,14.423532367630484,34.595,0.00039703455791047931,Taipei City,Taipei,25.0504,121.5324,100,"Far EastTone Telecommunication Co., Ltd.",9674
2024-12-03 22:09:29.058020 UTC,2024,06:09:29,ndt-j8fzd_1732822567_000000000005E46F,Download,44.251933453327638,40.759,0.12767736072988134,Taipei City,Taipei,25.0504,121.5324,100,"Far EastTone Telecommunication Co., Ltd.",9674
2024-12-03 22:08:46.594901 UTC,2024,06:08:46,ndt-j8fzd_1732822567_000000000005F340,Download,53.089072108582883,23.823,0.00084458619624871816,Taipei City,Taipei,25.0504,121.5324,5,Mobile Business Group,17421
2024-12-03 21:44:57.537344 UTC,2024,05:44:57,ndt-lnkxs_1732705542_0000000000073415,Download,2.5111419422402683,21.098,0.0,Taipei City,Taipei,25.0504,121.5324,100,Mobile Business Group,17421
2024-12-03 21:24:22.267676 UTC,2024,05:24:22,ndt-lnkxs_1732705542_000000000007A2B5,Download,51.932383744697866,21.915,0.0,Taipei City,Taipei,25.0504,121.5324,5,Mobile Business Group,17421
2024-12-03 21:17:51.423004 UTC,2024,05:17:51,ndt-j8fzd_1732822567_0000000000058572,Download,178.37472634825394,50.911,6.9386981479188737e-05,Taipei City,Taipei,25.0504,121.5324,100,"Far EastTone Telecommunication Co., Ltd.",9674
2024-12-03 20:13:43.098399 UTC,2024,04:13:43,ndt-l4tcf_1732753005_000000000006959F,Download,190.73217740934291,21.93,0.0,Taipei City,Taipei,25.0504,121.5324,5,Mobile Business Group,17421
2024-12-03 20:00:18.018382 UTC,2024,04:00:18,ndt-j8fzd_1732822567_000000000006C1E9,Download,25.32942644939024,16.922,0.0,Taipei City,Taipei,25.0504,121.5324,10,"Taiwan Mobile Co., Ltd.",24158
2024-12-03 19:31:08.365919 UTC,2024,03:31:08,ndt-virtual-jwh7t_1732499076_00000000000D4B8C,Download,35.3554225882503,29.335,9.6357507028652922e-05,Taipei City,Taipei,25.0504,121.5324,100,"Far EastTone Telecommunication Co., Ltd.",9674
2024-12-03 17:45:44.158524 UTC,2024,01:45:44,ndt-l4tcf_1732753005_000000000006F255,Download,54.140963446750909,21.875,0.0,Taipei City,Taipei,25.0504,121.5324,10,Mobile Business Group,17421
2024-12-03 17:24:31.678792 UTC,2024,01:24:31,ndt-lnkxs_1732705542_000000000005FE69,Download,66.376276888933063,22.88,0.0,Taipei City,Taipei,25.0504,121.5324,10,"Taiwan Mobile Co., Ltd.",24158
2024-12-03 17:07:17.019279 UTC,2024,01:07:17,ndt-j8fzd_1732822567_000000000005749D,Download,234.1958989228163,19.295,0.0,Taipei City,Taipei,25.0504,121.5324,10,"Taiwan Mobile Co., Ltd.",24158
2024-12-03 16:53:54.247470 UTC,2024,00:53:54,ndt-j8fzd_1732822567_000000000006A0E4,Download,12.257705788108034,60.66,0.19899943172781714,Taipei City,Taipei,25.0504,121.5324,50,"Far EastTone Telecommunication Co., Ltd.",9674
2024-12-03 16:53:26.347513 UTC,2024,00:53:26,ndt-l4tcf_1732753005_000000000006F206,Download,1.0203418686672585,63.182,0.004306914206043227,Taipei City,Taipei,25.0504,121.5324,50,"Far EastTone Telecommunication Co., Ltd.",9674
2024-12-03 16:50:49.163380 UTC,2024,00:50:49,ndt-l4tcf_1732753005_00000000000684BA,Download,12.614356528362197,54.953,0.17488562047267847,Taipei City,Taipei,25.0504,121.5324,50,"Far EastTone Telecommunication Co., Ltd.",9674
2024-12-03 16:50:27.420848 UTC,2024,00:50:27,ndt-virtual-jwh7t_1732499076_00000000000D3624,Download,24.701005641804329,25.336,9.0900353488914545e-05,Taipei City,Taipei,25.0504,121.5324,50,"Far EastTone Telecommunication Co., Ltd.",9674
2024-12-03 16:50:20.917203 UTC,2024,00:50:20,ndt-l4tcf_1732753005_000000000006D3C4,Download,16.889194730654935,57.235,0.17163247176958651,Taipei City,Taipei,25.0504,121.5324,50,"Far EastTone Telecommunication Co., Ltd.",9674
2024-12-03 16:50:10.805438 UTC,2024,00:50:10,ndt-l4tcf_1732753005_000000000006C42B,Download,0.7427259611392194,57.297,0.02002283516615588,Taipei City,Taipei,25.0504,121.5324,50,"Far EastTone Telecommunication Co., Ltd.",9674
2024-12-03 16:50:04.181663 UTC,2024,00:50:04,ndt-l4tcf_1732753005_000000000006B456,Download,0.35297446030729773,69.095,0.022786333670706021,Taipei City,Taipei,25.0504,121.5324,50,"Far EastTone Telecommunication Co., Ltd.",9674
2024-12-03 16:49:55.420920 UTC,2024,00:49:55,ndt-lnkxs_1732705542_0000000000060DD2,Download,0.96670661313529,37.173,0.10493935903516498,Taipei City,Taipei,25.0504,121.5324,100,"Far EastTone Telecommunication Co., Ltd.",9674
2024-12-03 16:49:42.201431 UTC,2024,00:49:42,ndt-l4tcf_1732753005_00000000000684B5,Download,0.90269570834591628,64.0,0.17922853979419043,Taipei City,Taipei,25.0504,121.5324,50,"Far EastTone Telecommunication Co., Ltd.",9674
2024-12-03 16:49:37.370969 UTC,2024,00:49:37,ndt-j8fzd_1732822567_00000000000641DB,Download,11.139411662997338,60.143,0.20853160491835732,Taipei City,Taipei,25.0504,121.5324,50,"Far EastTone Telecommunication Co., Ltd.",9674
2024-12-03 16:45:01.713419 UTC,2024,00:45:01,ndt-l4tcf_1732753005_0000000000069479,Download,0.15638664995869125,65.0,0.22817323664060285,Taipei City,Taipei,25.0504,121.5324,100,"Far EastTone Telecommunication Co., Ltd.",9674
2024-12-03 16:24:04.889075 UTC,2024,00:24:04,ndt-virtual-jwh7t_1732499076_00000000000D40FA,Download,10.951567428134403,23.401,0.15500428593505072,Taipei City,Taipei,25.0504,121.5324,100,"Far EastTone Telecommunication Co., Ltd.",9674
2024-12-03 16:22:48.478366 UTC,2024,00:22:48,ndt-lnkxs_1732705542_000000000007322F,Download,0.29783384657135642,80.593,0.0052256919959322735,Taipei City,Taipei,25.0504,121.5324,100,"Far EastTone Telecommunication Co., Ltd.",9674
2024-12-03 16:21:09.221782 UTC,2024,00:21:09,ndt-lnkxs_1732705542_000000000007B111,Download,46.802442520545839,35.975,0.038535220893551679,Taipei City,Taipei,25.0504,121.5324,10,Taiwan Star Telecom Corporation Limited.(Former Vibo Telecom Inc.),24157
2024-12-03 16:20:12.824129 UTC,2024,00:20:12,ndt-virtual-jwh7t_1732499076_00000000000D25B5,Download,10.22022812852336,23.0,0.14087856504275764,Taipei City,Taipei,25.0504,121.5324,100,"Far EastTone Telecommunication Co., Ltd.",9674
2024-12-03 16:17:38.329194 UTC,2024,00:17:38,ndt-virtual-jwh7t_1732499076_00000000000D3442,Download,11.198819945968852,23.0,0.14913810160139274,Taipei City,Taipei,25.0504,121.5324,100,"Far EastTone Telecommunication Co., Ltd.",9674
2024-12-03 16:08:51.189634 UTC,2024,00:08:51,ndt-lnkxs_1732705542_0000000000070441,Download,11.879730704651713,24.328,0.063022700619815353,Taipei City,Taipei,25.0504,121.5324,5,Mobile Business Group,17421
2024-12-03 16:03:59.643156 UTC,2024,00:03:59,ndt-l4tcf_1732753005_0000000000061525,Download,6.4609780809545745,19.354,0.16729628610899613,Taipei City,Taipei,25.0504,121.5324,10,"Taiwan Mobile Co., Ltd.",24158
2024-12-03 16:01:23.872845 UTC,2024,00:01:23,ndt-j8fzd_1732822567_000000000005D34E,Download,10.019553926489436,22.977,0.10820415653852278,Taipei City,Taipei,25.0504,121.5324,5,Mobile Business Group,17421
2024-12-03 15:35:06.336082 UTC,2024,23:35:06,ndt-lnkxs_1732705542_000000000007A0DC,Download,0.499496044260089,56.643,0.013976158318163134,Taipei City,Taipei,25.0504,121.5324,100,"Far EastTone Telecommunication Co., Ltd.",9674
2024-12-03 15:34:51.104708 UTC,2024,23:34:51,ndt-l4tcf_1732753005_0000000000056CD1,Download,1.4698313950130089,48.525,0.01394142259414226,Taipei City,Taipei,25.0504,121.5324,100,"Far EastTone Telecommunication Co., Ltd.",9674
2024-12-03 15:34:34.001211 UTC,2024,23:34:34,ndt-virtual-ltptc_1732502072_00000000000CD848,Download,0.41111975095718434,34.835,0.0316770057470072,Taipei City,Taipei,25.0504,121.5324,100,"Far EastTone Telecommunication Co., Ltd.",9674
2024-12-03 15:34:12.879047 UTC,2024,23:34:12,ndt-virtual-jwh7t_1732499076_00000000000D0DEC,Download,0.26895114856332225,24.11,0.043830287107327365,Taipei City,Taipei,25.0504,121.5324,100,"Far EastTone Telecommunication Co., Ltd.",9674
2024-12-03 15:13:31.050415 UTC,2024,23:13:31,ndt-virtual-jwh7t_1732499076_00000000000D21D8,Download,43.737547974065421,29.873,0.0,Taipei City,Taipei,25.0504,121.5324,10,"Taiwan Mobile Co., Ltd.",24158
2024-12-03 15:13:06.591340 UTC,2024,23:13:06,ndt-j8fzd_1732822567_0000000000055427,Download,51.395467397395279,32.162,0.0,Taipei City,Taipei,25.0504,121.5324,10,"Taiwan Mobile Co., Ltd.",24158
2024-12-03 15:06:14.538803 UTC,2024,23:06:14,ndt-j8fzd_1732822567_00000000000670A0,Download,41.452624958440929,26.71,0.0065218916788092182,Taipei City,Taipei,25.0504,121.5324,10,"Taiwan Mobile Co., Ltd.",24158
2024-12-03 14:56:55.922740 UTC,2024,22:56:55,ndt-l4tcf_1732753005_00000000000663E0,Download,12.11003164920877,33.966,0.0017311501548859113,Taipei City,Taipei,25.0504,121.5324,100,"Far EastTone Telecommunication Co., Ltd.",9674
2024-12-03 14:50:51.325239 UTC,2024,22:50:51,ndt-lnkxs_1732705542_0000000000073198,Download,15.190283442912888,31.104,0.0018238374098690122,Taipei City,Taipei,25.0504,121.5324,100,"Far EastTone Telecommunication Co., Ltd.",9674
2024-12-03 14:48:07.641259 UTC,2024,22:48:07,ndt-lnkxs_1732705542_0000000000060D0B,Download,4.5622334217140619,26.003,0.042854075915704622,Taipei City,Taipei,25.0504,121.5324,5,Mobile Business Group,17421
2024-12-03 14:45:52.526557 UTC,2024,22:45:52,ndt-lnkxs_1732705542_000000000007121D,Download,6.7168422589641956,27.906,0.039806557428922515,Taipei City,Taipei,25.0504,121.5324,5,Mobile Business Group,17421
2024-12-03 14:44:55.922375 UTC,2024,22:44:55,ndt-virtual-jwh7t_1732499076_00000000000CEFE8,Download,7.0488147044656531,24.064,0.054604316171185545,Taipei City,Taipei,25.0504,121.5324,5,Mobile Business Group,17421
2024-12-03 14:41:25.305269 UTC,2024,22:41:25,ndt-virtual-jwh7t_1732499076_00000000000D0B19,Download,3.016511123385075,39.432,0.093642145920546288,Taipei City,Taipei,25.0504,121.5324,10,Taiwan Star Telecom Corporation Limited.(Former Vibo Telecom Inc.),24157
2024-12-03 14:37:34.367593 UTC,2024,22:37:34,ndt-virtual-jwh7t_1732499076_00000000000CFE71,Download,5.3970690650604256,18.091,0.0,Taipei City,Taipei,25.0504,121.5324,10,"Taiwan Mobile Co., Ltd.",24158
2024-12-03 14:34:46.998573 UTC,2024,22:34:46,ndt-l4tcf_1732753005_00000000000683DA,Download,25.41893814132483,35.657,0.00021862516200466106,Taipei City,Taipei,25.0504,121.5324,100,"Far EastTone Telecommunication Co., Ltd.",9674
2024-12-03 14:30:24.778242 UTC,2024,22:30:24,ndt-j8fzd_1732822567_000000000005B319,Download,27.663593776545063,61.409,0.00057063256487959227,Taipei City,Taipei,25.0504,121.5324,50,"Far EastTone Telecommunication Co., Ltd.",9674
2024-12-03 14:27:21.722462 UTC,2024,22:27:21,ndt-l4tcf_1732753005_0000000000067398,Download,27.696894289267803,19.847,0.045568107806897754,Taipei City,Taipei,25.0504,121.5324,5,Mobile Business Group,17421
2024-12-03 14:23:35.631780 UTC,2024,22:23:35,ndt-j8fzd_1732822567_0000000000053474,Download,21.343638578832888,31.144,5.23500058930937e-05,Taipei City,Taipei,25.0504,121.5324,100,"Far EastTone Telecommunication Co., Ltd.",9674
2024-12-03 14:23:12.715760 UTC,2024,22:23:12,ndt-j8fzd_1732822567_0000000000068039,Download,3.3129753790004881,22.02,0.0,Taipei City,Taipei,25.0504,121.5324,10,"Taiwan Mobile Co., Ltd.",24158
2024-12-03 14:18:09.516578 UTC,2024,22:18:09,ndt-j8fzd_1732822567_000000000005F12B,Download,31.174932869828297,23.491,0.12249882330168166,Taipei City,Taipei,25.0504,121.5324,5,Mobile Business Group,17421
2024-12-03 14:18:00.122098 UTC,2024,22:18:00,ndt-virtual-jwh7t_1732499076_00000000000D09C7,Download,41.351421584420933,30.838,0.0,Taipei City,Taipei,25.0504,121.5324,50,"Far EastTone Telecommunication Co., Ltd.",9674
2024-12-03 14:16:09.743248 UTC,2024,22:16:09,ndt-l4tcf_1732753005_000000000006D2E5,Download,69.95588761287604,59.311,0.00019191173765949776,Taipei City,Taipei,25.0504,121.5324,50,"Far EastTone Telecommunication Co., Ltd.",9674
2024-12-03 14:14:57.654341 UTC,2024,22:14:57,ndt-lnkxs_1732705542_000000000007C052,Download,42.463237272485607,58.429,0.00026931600803504308,Taipei City,Taipei,25.0504,121.5324,50,"Far EastTone Telecommunication Co., Ltd.",9674
2024-12-03 14:14:32.550205 UTC,2024,22:14:32,ndt-j8fzd_1732822567_00000000000650EC,Download,1.3945308762925925,69.623,0.0,Taipei City,Taipei,25.0504,121.5324,10,"Taiwan Mobile Co., Ltd.",24158
2024-12-03 14:11:58.580009 UTC,2024,22:11:58,ndt-virtual-jwh7t_1732499076_00000000000D126F,Download,34.810147455068311,31.472,0.0,Taipei City,Taipei,25.0504,121.5324,50,"Far EastTone Telecommunication Co., Ltd.",9674
2024-12-03 14:05:45.020721 UTC,2024,22:05:45,ndt-l4tcf_1732753005_0000000000057CF9,Download,2.8374551592288011,24.322,0.0,Taipei City,Taipei,25.0504,121.5324,10,"Taiwan Mobile Co., Ltd.",24158
2024-12-03 13:57:33.280139 UTC,2024,21:57:33,ndt-j8fzd_1732822567_000000000005E248,Download,3.550663064557714,24.648,0.0,Taipei City,Taipei,25.0504,121.5324,10,"Taiwan Mobile Co., Ltd.",24158
2024-12-03 13:57:29.639043 UTC,2024,21:57:29,ndt-virtual-jwh7t_1732499076_00000000000D0848,Download,2.9750885553085782,23.221,0.0,Taipei City,Taipei,25.0504,121.5324,10,"Taiwan Mobile Co., Ltd.",24158
2024-12-03 13:56:14.831209 UTC,2024,21:56:14,ndt-j8fzd_1732822567_00000000000505D6,Download,12.375266591122402,27.97,0.0,Taipei City,Taipei,25.0504,121.5324,10,"Taiwan Mobile Co., Ltd.",24158
2024-12-03 13:54:59.045958 UTC,2024,21:54:59,ndt-l4tcf_1732753005_000000000006C327,Download,26.657256928003328,22.006,0.0,Taipei City,Taipei,25.0504,121.5324,10,"Taiwan Mobile Co., Ltd.",24158
2024-12-03 13:51:50.053330 UTC,2024,21:51:50,ndt-j8fzd_1732822567_000000000006609C,Download,6.5213350637770793,28.813,0.0,Taipei City,Taipei,25.0504,121.5324,10,"Taiwan Mobile Co., Ltd.",24158
2024-12-03 13:46:08.219905 UTC,2024,21:46:08,ndt-l4tcf_1732753005_0000000000067363,Download,2.5449482897913946,22.093,0.00059774252572783459,Taipei City,Taipei,25.0504,121.5324,10,"Taiwan Mobile Co., Ltd.",24158
2024-12-03 13:44:22.942828 UTC,2024,21:44:22,ndt-virtual-jwh7t_1732499076_00000000000CEC21,Download,43.568071308285838,33.632,0.0,Taipei City,Taipei,25.0504,121.5324,50,"Far EastTone Telecommunication Co., Ltd.",9674
2024-12-03 13:44:13.055898 UTC,2024,21:44:13,ndt-l4tcf_1732753005_0000000000060523,Download,27.998570787043363,62.459,0.00034577092148190691,Taipei City,Taipei,25.0504,121.5324,50,"Far EastTone Telecommunication Co., Ltd.",9674
2024-12-03 13:43:57.239805 UTC,2024,21:43:57,ndt-j8fzd_1732822567_0000000000058375,Download,40.537866320437885,62.939,0.00025022171458792211,Taipei City,Taipei,25.0504,121.5324,50,"Far EastTone Telecommunication Co., Ltd.",9674
2024-12-03 13:43:33.416019 UTC,2024,21:43:33,ndt-j8fzd_1732822567_00000000000505C0,Download,63.830702744808391,49.98,0.00010300166375263383,Taipei City,Taipei,25.0504,121.5324,10,Taiwan Star Telecom Corporation Limited.(Former Vibo Telecom Inc.),24157
2024-12-03 13:43:06.899166 UTC,2024,21:43:06,ndt-lnkxs_1732705542_0000000000061CB1,Download,4.6223405695540256,21.71,0.0,Taipei City,Taipei,25.0504,121.5324,10,"Taiwan Mobile Co., Ltd.",24158
2024-12-03 13:41:39.480709 UTC,2024,21:41:39,ndt-l4tcf_1732753005_00000000000633A9,Download,54.532705590131656,59.152,0.00021209539066785289,Taipei City,Taipei,25.0504,121.5324,50,"Far EastTone Telecommunication Co., Ltd.",9674
2024-12-03 13:40:31.394393 UTC,2024,21:40:31,ndt-j8fzd_1732822567_000000000005C2E0,Download,25.854123667632841,58.209,0.00044192690688544829,Taipei City,Taipei,25.0504,121.5324,50,"Far EastTone Telecommunication Co., Ltd.",9674
2024-12-03 13:40:26.515412 UTC,2024,21:40:26,ndt-lnkxs_1732705542_000000000005FD5C,Download,47.872771415606891,58.264,0.00012248622540323486,Taipei City,Taipei,25.0504,121.5324,50,"Far EastTone Telecommunication Co., Ltd.",9674
2024-12-03 13:39:27.350447 UTC,2024,21:39:27,ndt-j8fzd_1732822567_000000000005F0F1,Download,1.8646660191305056,30.014,0.0013840950181229941,Taipei City,Taipei,25.0504,121.5324,10,"Taiwan Mobile Co., Ltd.",24158
2024-12-03 13:38:38.986914 UTC,2024,21:38:38,ndt-virtual-jwh7t_1732499076_00000000000CE000,Download,7.4013150956956819,35.098,0.060784776379850448,Taipei City,Taipei,25.0504,121.5324,10,Taiwan Star Telecom Corporation Limited.(Former Vibo Telecom Inc.),24157
2024-12-03 13:38:27.519416 UTC,2024,21:38:27,ndt-lnkxs_1732705542_0000000000074107,Download,0.95851918675554215,20.874,0.0,Taipei City,Taipei,25.0504,121.5324,10,"Taiwan Mobile Co., Ltd.",24158
2024-12-03 13:37:57.029079 UTC,2024,21:37:57,ndt-l4tcf_1732753005_0000000000066364,Download,4.5901645770101753,20.774,0.000488252033785126,Taipei City,Taipei,25.0504,121.5324,10,"Taiwan Mobile Co., Ltd.",24158
2024-12-03 13:37:31.708136 UTC,2024,21:37:31,ndt-virtual-jwh7t_1732499076_00000000000D06D7,Download,1.5577039586792196,45.753,0.0,Taipei City,Taipei,25.0504,121.5324,10,"Taiwan Mobile Co., Ltd.",24158
2024-12-03 13:37:28.047869 UTC,2024,21:37:28,ndt-l4tcf_1732753005_0000000000065381,Download,4.2785189524067082,29.691,0.0,Taipei City,Taipei,25.0504,121.5324,10,"Taiwan Mobile Co., Ltd.",24158
2024-12-03 13:37:23.324055 UTC,2024,21:37:23,ndt-virtual-jwh7t_1732499076_00000000000CFA74,Download,2.5942632330063384,18.918,0.0,Taipei City,Taipei,25.0504,121.5324,10,"Taiwan Mobile Co., Ltd.",24158
2024-12-03 13:36:49.318568 UTC,2024,21:36:49,ndt-j8fzd_1732822567_000000000005F0ED,Download,1.1574489997248369,68.271,0.099285503426885316,Taipei City,Taipei,25.0504,121.5324,10,Taiwan Star Telecom Corporation Limited.(Former Vibo Telecom Inc.),24157
2024-12-03 13:36:38.495837 UTC,2024,21:36:38,ndt-j8fzd_1732822567_000000000005F0EC,Download,0.17039379319337594,184.081,0.099001289160182041,Taipei City,Taipei,25.0504,121.5324,10,"Taiwan Mobile Co., Ltd.",24158
2024-12-03 13:36:34.411043 UTC,2024,21:36:34,ndt-lnkxs_1732705542_0000000000070367,Download,0.99628792951281042,113.603,0.14304639010867698,Taipei City,Taipei,25.0504,121.5324,10,"Taiwan Mobile Co., Ltd.",24158
2024-12-03 13:36:31.130481 UTC,2024,21:36:31,ndt-lnkxs_1732705542_0000000000069B38,Download,0.90665312874129156,46.51,0.05924133341399964,Taipei City,Taipei,25.0504,121.5324,10,"Taiwan Mobile Co., Ltd.",24158
2024-12-03 13:36:30.667495 UTC,2024,21:36:30,ndt-gtz7g_1732665153_000000000007D279,Download,86.77939781454522,173.138,0.00017884901587013951,Taipei City,Taipei,25.0504,121.5324,100,"Far EastTone Telecommunication Co., Ltd.",9674
2024-12-03 13:36:27.023504 UTC,2024,21:36:27,ndt-virtual-jwh7t_1732499076_00000000000D06B7,Download,5.3935587010208774,24.503,0.0,Taipei City,Taipei,25.0504,121.5324,10,"Taiwan Mobile Co., Ltd.",24158
2024-12-03 13:36:16.276125 UTC,2024,21:36:16,ndt-xrq4c_1732584141_00000000000913F7,Download,2.3395297318082426,245.576,0.021835599698511735,Taipei City,Taipei,25.0504,121.5324,10,"Taiwan Mobile Co., Ltd.",24158
2024-12-03 13:36:02.194959 UTC,2024,21:36:02,ndt-j8fzd_1732822567_000000000005E230,Download,0.524798161402026,250.101,0.01035773348420228,Taipei City,Taipei,25.0504,121.5324,10,"Taiwan Mobile Co., Ltd.",24158
2024-12-03 13:35:59.290827 UTC,2024,21:35:59,ndt-l4tcf_1732753005_000000000006D2B0,Download,70.13979021094751,56.053,0.00011485924478132236,Taipei City,Taipei,25.0504,121.5324,50,"Far EastTone Telecommunication Co., Ltd.",9674
2024-12-03 13:35:51.974677 UTC,2024,21:35:51,ndt-j8fzd_1732822567_000000000005E22F,Download,2.0671626981818125,90.357,0.047610227382178391,Taipei City,Taipei,25.0504,121.5324,10,"Taiwan Mobile Co., Ltd.",24158
2024-12-03 13:35:36.716033 UTC,2024,21:35:36,ndt-j8fzd_1732822567_000000000005F0E6,Download,30.780154262764256,59.704,0.00046192369405510624,Taipei City,Taipei,25.0504,121.5324,50,"Far EastTone Telecommunication Co., Ltd.",9674
2024-12-03 13:35:21.561641 UTC,2024,21:35:21,ndt-lnkxs_1732705542_00000000000750BF,Download,0.56284651142155606,91.013,0.0,Taipei City,Taipei,25.0504,121.5324,10,"Taiwan Mobile Co., Ltd.",24158
2024-12-03 13:34:46.617014 UTC,2024,21:34:46,ndt-l4tcf_1732753005_000000000006537E,Download,194.88179899545571,49.923,0.035170005655773516,Taipei City,Taipei,25.0504,121.5324,100,"Far EastTone Telecommunication Co., Ltd.",9674
2024-12-03 13:34:26.950938 UTC,2024,21:34:26,ndt-l4tcf_1732753005_0000000000068383,Download,1.7045872262745079,80.22,0.00075643680443271963,Taipei City,Taipei,25.0504,121.5324,10,"Taiwan Mobile Co., Ltd.",24158
2024-12-03 13:12:54.154812 UTC,2024,21:12:54,ndt-virtual-jwh7t_1732499076_00000000000D0490,Download,4.1952441371393263,23.045,0.070788486117136035,Taipei City,Taipei,25.0504,121.5324,100,"Far EastTone Telecommunication Co., Ltd.",9674
2024-12-03 13:09:19.677222 UTC,2024,21:09:19,ndt-lnkxs_1732705542_00000000000750A0,Download,16.558429276027734,53.158,0.19287152292010584,Taipei City,Taipei,25.0504,121.5324,100,"Far EastTone Telecommunication Co., Ltd.",9674
2024-12-03 13:09:07.476980 UTC,2024,21:09:07,ndt-j8fzd_1732822567_000000000005F0C3,Download,9.9712964588726969,39.0,0.20050430242469533,Taipei City,Taipei,25.0504,121.5324,50,"Far EastTone Telecommunication Co., Ltd.",9674
2024-12-03 13:08:55.649769 UTC,2024,21:08:55,ndt-virtual-jwh7t_1732499076_00000000000CDD67,Download,0.22643825714535992,25.52,0.1709554985733634,Taipei City,Taipei,25.0504,121.5324,100,"Far EastTone Telecommunication Co., Ltd.",9674
2024-12-03 13:08:02.354145 UTC,2024,21:08:02,ndt-virtual-jwh7t_1732499076_00000000000D0424,Download,0.15608869066542572,44.0,0.032099907493061977,Taipei City,Taipei,25.0504,121.5324,100,"Far EastTone Telecommunication Co., Ltd.",9674
2024-12-03 13:07:50.610910 UTC,2024,21:07:50,ndt-virtual-jwh7t_1732499076_00000000000CE910,Download,0.77509361908826813,23.472,0.010694417456513448,Taipei City,Taipei,25.0504,121.5324,100,"Far EastTone Telecommunication Co., Ltd.",9674
2024-12-03 13:05:35.430073 UTC,2024,21:05:35,ndt-j8fzd_1732822567_000000000005E200,Download,13.403024647544754,18.527,0.0,Taipei City,Taipei,25.0504,121.5324,10,"Taiwan Mobile Co., Ltd.",24158
2024-12-03 13:05:08.075579 UTC,2024,21:05:08,ndt-virtual-jwh7t_1732499076_00000000000CF7C2,Download,0.59052514412499635,24.0,0.12606760016912477,Taipei City,Taipei,25.0504,121.5324,100,"Far EastTone Telecommunication Co., Ltd.",9674
2024-12-03 12:59:57.898419 UTC,2024,20:59:57,ndt-lnkxs_1732705542_000000000005DFF1,Download,3.0444368959639285,55.374,0.01115472072377174,Taipei City,Taipei,25.0504,121.5324,100,"Far EastTone Telecommunication Co., Ltd.",9674
2024-12-03 12:59:18.879787 UTC,2024,20:59:18,ndt-virtual-jwh7t_1732499076_00000000000CF783,Download,1.1665126652231905,24.09,0.0870711359593106,Taipei City,Taipei,25.0504,121.5324,100,"Far EastTone Telecommunication Co., Ltd.",9674
2024-12-03 12:59:01.731073 UTC,2024,20:59:01,ndt-lnkxs_1732705542_0000000000071170,Download,0.2726629441885598,59.984,0.055250717541786259,Taipei City,Taipei,25.0504,121.5324,100,"Far EastTone Telecommunication Co., Ltd.",9674
2024-12-03 12:58:27.742142 UTC,2024,20:58:27,ndt-virtual-jwh7t_1732499076_00000000000D0386,Download,0.7158176452832794,23.0,0.12629040879847445,Taipei City,Taipei,25.0504,121.5324,100,"Far EastTone Telecommunication Co., Ltd.",9674
2024-12-03 12:57:51.811859 UTC,2024,20:57:51,ndt-j8fzd_1732822567_000000000005F0B4,Download,0.27041683384145954,50.798,0.059459459459459463,Taipei City,Taipei,25.0504,121.5324,100,"Far EastTone Telecommunication Co., Ltd.",9674
2024-12-03 12:54:40.892551 UTC,2024,20:54:40,ndt-lnkxs_1732705542_00000000000740BE,Download,8.6312755846982938,21.566,0.0,Taipei City,Taipei,25.0504,121.5324,10,"Taiwan Mobile Co., Ltd.",24158
2024-12-03 12:31:24.120373 UTC,2024,20:31:24,ndt-l4tcf_1732753005_000000000006F08C,Download,11.317973695849977,23.21,0.087191410222784274,Taipei City,Taipei,25.0504,121.5324,10,"Taiwan Mobile Co., Ltd.",24158
2024-12-03 12:30:48.847878 UTC,2024,20:30:48,ndt-lnkxs_1732705542_000000000005BFB7,Download,3.0811614979845854,24.226,0.0040939568260720954,Taipei City,Taipei,25.0504,121.5324,100,"Far EastTone Telecommunication Co., Ltd.",9674
2024-12-03 11:54:39.422510 UTC,2024,19:54:39,ndt-l4tcf_1732753005_0000000000064321,Download,51.299930234248734,27.817,2.1996810708910073e-05,Taipei City,Taipei,25.0504,121.5324,5,Mobile Business Group,17421
2024-12-03 11:46:51.335208 UTC,2024,19:46:51,ndt-j8fzd_1732822567_000000000005338A,Download,7.2015805070793544,55.685,0.058878999450791537,Taipei City,Taipei,25.0504,121.5324,10,"Taiwan Mobile Co., Ltd.",24158
2024-12-03 11:46:50.962391 UTC,2024,19:46:50,ndt-lnkxs_1732705542_000000000005AFBF,Download,9.365983251331226,25.936,0.070301362105353274,Taipei City,Taipei,25.0504,121.5324,5,Mobile Business Group,17421
2024-12-03 11:45:45.534541 UTC,2024,19:45:45,ndt-l4tcf_1732753005_00000000000652C8,Download,6.164087167271469,54.0,0.031272196732640957,Taipei City,Taipei,25.0504,121.5324,10,"Taiwan Mobile Co., Ltd.",24158
2024-12-03 11:44:56.165376 UTC,2024,19:44:56,ndt-j8fzd_1732822567_00000000000562EA,Download,11.865242749708379,25.0,0.048008146027559616,Taipei City,Taipei,25.0504,121.5324,5,Mobile Business Group,17421
2024-12-03 11:44:45.206338 UTC,2024,19:44:45,ndt-lnkxs_1732705542_0000000000078006,Download,7.9826736333982335,22.97,0.074300075894236234,Taipei City,Taipei,25.0504,121.5324,5,Mobile Business Group,17421
2024-12-03 11:44:28.859513 UTC,2024,19:44:28,ndt-j8fzd_1732822567_00000000000582D6,Download,11.06223606548382,23.663,0.12266114645043508,Taipei City,Taipei,25.0504,121.5324,5,Mobile Business Group,17421
2024-12-03 11:43:40.857333 UTC,2024,19:43:40,ndt-l4tcf_1732753005_000000000006C245,Download,8.8164562702950953,52.0,0.087082016697334536,Taipei City,Taipei,25.0504,121.5324,10,"Taiwan Mobile Co., Ltd.",24158
2024-12-03 11:43:35.604913 UTC,2024,19:43:35,ndt-virtual-jwh7t_1732499076_00000000000CE393,Download,6.4106690140845073,23.0,0.0724213373258313,Taipei City,Taipei,25.0504,121.5324,10,"Taiwan Mobile Co., Ltd.",24158
2024-12-03 11:43:28.313794 UTC,2024,19:43:28,ndt-l4tcf_1732753005_000000000006E173,Download,26.178511606030114,61.072,0.0065519694935232556,Taipei City,Taipei,25.0504,121.5324,10,"Taiwan Mobile Co., Ltd.",24158
2024-12-03 11:42:52.230012 UTC,2024,19:42:52,ndt-j8fzd_1732822567_000000000005C232,Download,7.0505547710308658,51.305,0.011301924343681925,Taipei City,Taipei,25.0504,121.5324,10,"Taiwan Mobile Co., Ltd.",24158
2024-12-03 11:42:25.377600 UTC,2024,19:42:25,ndt-j8fzd_1732822567_0000000000051434,Download,3.2412281438567607,50.688,4.87044613286577e-05,Taipei City,Taipei,25.0504,121.5324,10,"Taiwan Mobile Co., Ltd.",24158
2024-12-03 11:41:21.181394 UTC,2024,19:41:21,ndt-virtual-jwh7t_1732499076_00000000000CE36F,Download,3.4198858127975864,19.645,0.00097523089006903724,Taipei City,Taipei,25.0504,121.5324,10,"Taiwan Mobile Co., Ltd.",24158
2024-12-03 11:40:35.320863 UTC,2024,19:40:35,ndt-lnkxs_1732705542_0000000000078002,Download,9.78190665392647,51.485,0.086992962606234389,Taipei City,Taipei,25.0504,121.5324,10,"Taiwan Mobile Co., Ltd.",24158
2024-12-03 11:37:22.198903 UTC,2024,19:37:22,ndt-lnkxs_1732705542_0000000000077026,Download,28.627840736406203,52.564,0.041804487963727627,Taipei City,Taipei,25.0504,121.5324,10,"Taiwan Mobile Co., Ltd.",24158
2024-12-03 11:36:32.170204 UTC,2024,19:36:32,ndt-l4tcf_1732753005_00000000000632D6,Download,13.836667197847307,51.025,0.19298663876977912,Taipei City,Taipei,25.0504,121.5324,10,"Taiwan Mobile Co., Ltd.",24158
2024-12-03 11:36:13.551852 UTC,2024,19:36:13,ndt-lnkxs_1732705542_00000000000702B5,Download,15.0591885029979,54.16,0.19164952352758685,Taipei City,Taipei,25.0504,121.5324,10,"Taiwan Mobile Co., Ltd.",24158
2024-12-03 11:34:10.584643 UTC,2024,19:34:10,ndt-j8fzd_1732822567_0000000000052372,Download,32.059115682411793,52.215,0.01724680380315239,Taipei City,Taipei,25.0504,121.5324,10,"Taiwan Mobile Co., Ltd.",24158
2024-12-03 11:32:15.268427 UTC,2024,19:32:15,ndt-virtual-jwh7t_1732499076_00000000000CCDC9,Download,10.778530155738968,22.579,0.00029164927931788962,Taipei City,Taipei,25.0504,121.5324,10,Mobile Business Group,17421
2024-12-03 11:17:56.594288 UTC,2024,19:17:56,ndt-kthf4_1732671885_0000000000061A70,Download,37.502262238400235,177.534,0.0,Taipei City,Taipei,25.0504,121.5324,50,"Far EastTone Telecommunication Co., Ltd.",9674
2024-12-03 10:54:37.797173 UTC,2024,18:54:37,ndt-j8fzd_1732822567_000000000004CECC,Download,104.30131899204757,25.166,0.0,Taipei City,Taipei,25.0504,121.5324,10,"Taiwan Mobile Co., Ltd.",24158
2024-12-03 10:53:03.676678 UTC,2024,18:53:03,ndt-lnkxs_1732705542_00000000000710BA,Download,195.4838700774871,44.709,0.0,Taipei City,Taipei,25.0504,121.5324,100,"Far EastTone Telecommunication Co., Ltd.",9674
2024-12-03 10:48:31.497538 UTC,2024,18:48:31,ndt-lnkxs_1732705542_000000000005CECD,Download,1.2753116877311776,21.879,0.086442680689767334,Taipei City,Taipei,25.0504,121.5324,10,Taiwan Star Telecom Corporation Limited.(Former Vibo Telecom Inc.),24157
2024-12-03 10:43:16.816071 UTC,2024,18:43:16,ndt-l4tcf_1732753005_0000000000063278,Download,26.151010708604332,29.855,0.038722118311327068,Taipei City,Taipei,25.0504,121.5324,10,"Taiwan Mobile Co., Ltd.",24158
2024-12-03 10:42:46.171993 UTC,2024,18:42:46,ndt-j8fzd_1732822567_0000000000058282,Download,149.75854504596981,26.007,0.0,Taipei City,Taipei,25.0504,121.5324,10,"Taiwan Mobile Co., Ltd.",24158
2024-12-03 10:40:37.382419 UTC,2024,18:40:37,ndt-j8fzd_1732822567_00000000000513DC,Download,44.267915502786316,55.493,0.0036840971202780357,Taipei City,Taipei,25.0504,121.5324,10,"Taiwan Mobile Co., Ltd.",24158
2024-12-03 10:40:22.761194 UTC,2024,18:40:22,ndt-lnkxs_1732705542_0000000000059FD8,Download,48.08596860570551,45.039,0.023482289687707165,Taipei City,Taipei,25.0504,121.5324,10,"Taiwan Mobile Co., Ltd.",24158
2024-12-03 10:38:32.697742 UTC,2024,18:38:32,ndt-lnkxs_1732705542_0000000000072061,Download,37.1780295529774,28.4,0.0,Taipei City,Taipei,25.0504,121.5324,20,Taiwan Star Telecom Corporation Limited.(Former Vibo Telecom Inc.),24157
2024-12-03 10:27:37.063896 UTC,2024,18:27:37,ndt-virtual-jwh7t_1732499076_00000000000CD228,Download,23.667108504948906,25.256,0.023974089094764114,Taipei City,Taipei,25.0504,121.5324,50,"Far EastTone Telecommunication Co., Ltd.",9674
2024-12-03 10:20:09.737872 UTC,2024,18:20:09,ndt-virtual-jwh7t_1732499076_00000000000CC8AF,Download,47.806678531167435,16.0,0.078204336127251237,Taipei City,Taipei,25.0504,121.5324,20,"Far EastTone Telecommunication Co., Ltd.",18412
2024-12-03 10:08:10.900915 UTC,2024,18:08:10,ndt-virtual-jwh7t_1732499076_00000000000CBC5C,Download,22.49147091635643,16.902,0.060654313082208165,Taipei City,Taipei,25.0504,121.5324,10,"Taiwan Mobile Co., Ltd.",24158
2024-12-03 09:59:12.339515 UTC,2024,17:59:12,ndt-lnkxs_1732705542_000000000005DEEF,Download,13.91408782933058,28.547,0.0,Taipei City,Taipei,25.0504,121.5324,5,Mobile Business Group,17421
2024-12-03 09:55:02.883918 UTC,2024,17:55:02,ndt-j8fzd_1732822567_000000000005D17B,Download,3.4081542880150457,63.016,0.0052516906609379049,Taipei City,Taipei,25.0504,121.5324,50,"Far EastTone Telecommunication Co., Ltd.",9674
2024-12-03 09:53:36.051575 UTC,2024,17:53:36,ndt-l4tcf_1732753005_00000000000612C7,Download,134.79590663095613,32.947,0.00015888785910856665,Taipei City,Taipei,25.0504,121.5324,100,"Far EastTone Telecommunication Co., Ltd.",9674
2024-12-03 09:50:35.652901 UTC,2024,17:50:35,ndt-l4tcf_1732753005_000000000006B1A2,Download,58.248193240224026,51.981,0.0,Taipei City,Taipei,25.0504,121.5324,10,"Taiwan Mobile Co., Ltd.",24158
2024-12-03 09:49:44.287276 UTC,2024,17:49:44,ndt-j8fzd_1732822567_000000000003FFC5,Download,95.362168347639255,50.976,0.00018023579023539418,Taipei City,Taipei,25.0504,121.5324,100,"Far EastTone Telecommunication Co., Ltd.",9674
2024-12-03 09:48:34.807886 UTC,2024,17:48:34,ndt-l4tcf_1732753005_00000000000691DD,Download,46.4585621976104,50.284,0.0,Taipei City,Taipei,25.0504,121.5324,10,"Taiwan Mobile Co., Ltd.",24158
2024-12-03 09:35:16.522540 UTC,2024,17:35:16,ndt-l4tcf_1732753005_000000000006C169,Download,270.97371968497259,18.105,0.0,Taipei City,Taipei,25.0504,121.5324,10,"Taiwan Mobile Co., Ltd.",24158
2024-12-03 09:32:49.804392 UTC,2024,17:32:49,ndt-l4tcf_1732753005_000000000006D12C,Download,123.88966402740856,30.973,2.7045944028495667e-05,Taipei City,Taipei,25.0504,121.5324,100,"Far EastTone Telecommunication Co., Ltd.",9674
2024-12-03 09:29:00.735261 UTC,2024,17:29:00,ndt-j8fzd_1732822567_0000000000050460,Download,10.092032504553547,51.996,0.0,Taipei City,Taipei,25.0504,121.5324,50,"Far EastTone Telecommunication Co., Ltd.",9674
2024-12-03 09:25:07.342839 UTC,2024,17:25:07,ndt-j8fzd_1732822567_0000000000057253,Download,26.814033621823135,53.408,0.00044665569687286092,Taipei City,Taipei,25.0504,121.5324,50,"Far EastTone Telecommunication Co., Ltd.",9674
2024-12-03 09:05:10.705780 UTC,2024,17:05:10,ndt-lnkxs_1732705542_000000000005DEA1,Download,65.158458948509065,25.186,0.0,Taipei City,Taipei,25.0504,121.5324,10,"Taiwan Mobile Co., Ltd.",24158
2024-12-03 08:32:53.346181 UTC,2024,16:32:53,ndt-virtual-jwh7t_1732499076_00000000000C9AD2,Download,36.826990389875391,24.737,0.0,Taipei City,Taipei,25.0504,121.5324,5,Mobile Business Group,17421
2024-12-03 08:16:10.224208 UTC,2024,16:16:10,ndt-l4tcf_1732753005_000000000004FF0F,Download,174.42813938424698,31.547,0.0,Taipei City,Taipei,25.0504,121.5324,100,"Far EastTone Telecommunication Co., Ltd.",9674
2024-12-03 08:16:03.669497 UTC,2024,16:16:03,ndt-virtual-jwh7t_1732499076_00000000000CA5B2,Download,20.298889965998555,17.848,0.0,Taipei City,Taipei,25.0504,121.5324,10,"Taiwan Mobile Co., Ltd.",24158
2024-12-03 07:54:39.234807 UTC,2024,15:54:39,ndt-j8fzd_1732822567_000000000005D0DB,Download,48.800757149837111,37.491,0.014829654306426918,Taipei City,Taipei,25.0504,121.5324,100,"Far EastTone Telecommunication Co., Ltd.",9674
2024-12-03 07:53:11.998615 UTC,2024,15:53:11,ndt-lnkxs_1732705542_0000000000059ECD,Download,0.74297482502107071,20.0,0.23261340727814564,Taipei City,Taipei,25.0504,121.5324,5,Mobile Business Group,17421
2024-12-03 07:45:06.895731 UTC,2024,15:45:06,ndt-l4tcf_1732753005_00000000000611F6,Download,47.978469411468716,17.362,0.0905975560169621,Taipei City,Taipei,25.0504,121.5324,20,"Far EastTone Telecommunication Co., Ltd.",18412
2024-12-03 07:19:10.325036 UTC,2024,15:19:10,ndt-virtual-jwh7t_1732499076_00000000000CB1CA,Download,1.2882328918406178,16.94,0.10791882317595905,Taipei City,Taipei,25.0504,121.5324,20,Taiwan Star Telecom Corporation Limited.(Former Vibo Telecom Inc.),24157
2024-12-03 07:17:35.951294 UTC,2024,15:17:35,ndt-gtz7g_1732665153_000000000007A384,Download,20.322905330545993,395.956,0.0,Taipei City,Taipei,25.0504,121.5324,100,"Far EastTone Telecommunication Co., Ltd.",9674
2024-12-03 07:07:50.675081 UTC,2024,15:07:50,ndt-lnkxs_1732705542_000000000007011E,Download,58.424097868893625,25.959,0.0,Taipei City,Taipei,25.0504,121.5324,10,"Taiwan Mobile Co., Ltd.",24158
2024-12-03 07:03:09.067163 UTC,2024,15:03:09,ndt-virtual-jwh7t_1732499076_00000000000C94D6,Download,120.5633770368303,24.788,0.0025334434272387381,Taipei City,Taipei,25.0504,121.5324,5,"Taiwan Mobile Co., Ltd.",24158
2024-12-03 07:00:30.255992 UTC,2024,15:00:30,ndt-j8fzd_1732822567_00000000000503A2,Download,10.747724714932195,55.582,0.17348839315582576,Taipei City,Taipei,25.0504,121.5324,50,"Far EastTone Telecommunication Co., Ltd.",9674
2024-12-03 06:58:17.136838 UTC,2024,14:58:17,ndt-j8fzd_1732822567_00000000000551A3,Download,10.782942874525068,58.0,0.20267791854285405,Taipei City,Taipei,25.0504,121.5324,50,"Far EastTone Telecommunication Co., Ltd.",9674
2024-12-03 06:57:43.473914 UTC,2024,14:57:43,ndt-j8fzd_1732822567_000000000005C0C9,Download,10.851416893850693,50.078,0.20258988790340599,Taipei City,Taipei,25.0504,121.5324,50,"Far EastTone Telecommunication Co., Ltd.",9674
2024-12-03 06:50:28.243964 UTC,2024,14:50:28,ndt-j8fzd_1732822567_000000000005617C,Download,100.73323755446361,51.533,0.0,Taipei City,Taipei,25.0504,121.5324,100,"Far EastTone Telecommunication Co., Ltd.",9674
2024-12-03 06:29:40.886400 UTC,2024,14:29:40,ndt-virtual-jwh7t_1732499076_00000000000C92B1,Download,11.475892223787525,25.005,0.0,Taipei City,Taipei,25.0504,121.5324,5,Mobile Business Group,17421
2024-12-03 06:26:24.389035 UTC,2024,14:26:24,ndt-j8fzd_1732822567_000000000003EFFE,Download,110.1298705252822,47.821,2.3316468487682857e-05,Taipei City,Taipei,25.0504,121.5324,50,"Far EastTone Telecommunication Co., Ltd.",9674
2024-12-03 06:23:09.680200 UTC,2024,14:23:09,ndt-virtual-jwh7t_1732499076_00000000000C892E,Download,81.379182761792137,13.314,0.0,Taipei City,Taipei,25.0504,121.5324,50,"Far EastTone Telecommunication Co., Ltd.",9674
2024-12-03 06:01:11.075381 UTC,2024,14:01:11,ndt-j8fzd_1732822567_000000000005A0E8,Download,89.5759188982763,25.605,0.0,Taipei City,Taipei,25.0504,121.5324,10,"Taiwan Mobile Co., Ltd.",24158
2024-12-03 05:59:53.766185 UTC,2024,13:59:53,ndt-virtual-jwh7t_1732499076_00000000000C7CFF,Download,33.283604441322787,22.98,0.00029927918565012364,Taipei City,Taipei,25.0504,121.5324,100,"Far EastTone Telecommunication Co., Ltd.",9674
2024-12-03 05:48:29.820452 UTC,2024,13:48:29,ndt-l4tcf_1732753005_00000000000650A7,Download,1.7117189394424257,37.56,0.0,Taipei City,Taipei,25.0504,121.5324,5,Mobile Business Group,17421
2024-12-03 05:48:19.244810 UTC,2024,13:48:19,ndt-virtual-jwh7t_1732499076_00000000000C901B,Download,0.5208837618150276,21.919,0.0,Taipei City,Taipei,25.0504,121.5324,5,Mobile Business Group,17421
2024-12-03 05:36:47.549927 UTC,2024,13:36:47,ndt-lnkxs_1732705542_000000000005BD88,Download,19.207641818040511,24.947,0.0005625658343919698,Taipei City,Taipei,25.0504,121.5324,5,Mobile Business Group,17421
2024-12-03 05:35:37.030159 UTC,2024,13:35:37,ndt-lnkxs_1732705542_000000000005ECD6,Download,201.44260272718105,24.725,0.0,Taipei City,Taipei,25.0504,121.5324,10,"Taiwan Mobile Co., Ltd.",24158
2024-12-03 05:28:02.271008 UTC,2024,13:28:02,ndt-l4tcf_1732753005_0000000000067068,Download,51.554983107070022,59.68,0.00017581802243692829,Taipei City,Taipei,25.0504,121.5324,50,"Far EastTone Telecommunication Co., Ltd.",9674
2024-12-03 05:23:41.186675 UTC,2024,13:23:41,ndt-l4tcf_1732753005_00000000000620B4,Download,22.030659116864996,50.038,0.00074342332515225885,Taipei City,Taipei,25.0504,121.5324,50,"Far EastTone Telecommunication Co., Ltd.",9674
2024-12-03 05:23:11.477309 UTC,2024,13:23:11,ndt-l4tcf_1732753005_00000000000601F4,Download,18.915377687602724,22.65,0.0,Taipei City,Taipei,25.0504,121.5324,5,Mobile Business Group,17421
2024-12-03 05:21:09.743573 UTC,2024,13:21:09,ndt-virtual-jwh7t_1732499076_00000000000C7A3E,Download,103.3969398704555,29.531,0.0,Taipei City,Taipei,25.0504,121.5324,10,"Taiwan Mobile Co., Ltd.",24158
2024-12-03 05:06:45.421283 UTC,2024,13:06:45,ndt-lnkxs_1732705542_00000000000697E4,Download,14.83252098044453,35.634,0.0,Taipei City,Taipei,25.0504,121.5324,100,"Far EastTone Telecommunication Co., Ltd.",9674
2024-12-03 05:06:24.638992 UTC,2024,13:06:24,ndt-j8fzd_1732822567_000000000005909E,Download,7.356202906582836,33.493,0.0056321747980167449,Taipei City,Taipei,25.0504,121.5324,10,"Taiwan Mobile Co., Ltd.",24158
2024-12-03 05:04:31.828438 UTC,2024,13:04:31,ndt-virtual-jwh7t_1732499076_00000000000C5CFE,Download,52.9216208605722,12.025,0.13093960519890324,Taipei City,Taipei,25.0504,121.5324,5,Mobile Business Group,17421
2024-12-03 05:00:09.291262 UTC,2024,13:00:09,ndt-virtual-jwh7t_1732499076_00000000000C78EE,Download,88.198153580643677,18.669,0.0,Taipei City,Taipei,25.0504,121.5324,5,Mobile Business Group,17421
2024-12-03 04:54:16.931549 UTC,2024,12:54:16,ndt-lnkxs_1732705542_0000000000053DB8,Download,13.911229291048263,50.0,0.33348789485716779,Taipei City,Taipei,25.0504,121.5324,50,"Far EastTone Telecommunication Co., Ltd.",9674
2024-12-03 04:45:31.402539 UTC,2024,12:45:31,ndt-j8fzd_1732822567_000000000005C022,Download,10.915302062559954,47.596,0.18989246404087906,Taipei City,Taipei,25.0504,121.5324,50,"Far EastTone Telecommunication Co., Ltd.",9674
2024-12-03 04:35:40.718101 UTC,2024,12:35:40,ndt-virtual-jwh7t_1732499076_00000000000C5AE0,Download,84.522953987342049,19.866,0.0,Taipei City,Taipei,25.0504,121.5324,10,"Taiwan Mobile Co., Ltd.",24158
2024-12-03 04:33:44.477172 UTC,2024,12:33:44,ndt-l4tcf_1732753005_00000000000601AD,Download,10.793077651767993,50.0,0.17643323959741364,Taipei City,Taipei,25.0504,121.5324,50,"Far EastTone Telecommunication Co., Ltd.",9674
2024-12-03 04:30:31.186572 UTC,2024,12:30:31,ndt-lnkxs_1732705542_000000000005DCF8,Download,26.579586151407423,20.099,0.0,Taipei City,Taipei,25.0504,121.5324,10,"Taiwan Mobile Co., Ltd.",24158
2024-12-03 04:28:57.168390 UTC,2024,12:28:57,ndt-xrq4c_1732584141_00000000000883DD,Download,6.7914719845708733,304.614,0.089578101422072953,Taipei City,Taipei,25.0504,121.5324,5,"Taiwan Mobile Co., Ltd.",24158
2024-12-03 04:27:18.788127 UTC,2024,12:27:18,ndt-lnkxs_1732705542_0000000000053D9B,Download,9.4856804736896354,32.289,0.0,Taipei City,Taipei,25.0504,121.5324,10,"Taiwan Mobile Co., Ltd.",24158
2024-12-03 04:26:49.322350 UTC,2024,12:26:49,ndt-j8fzd_1732822567_00000000000570CE,Download,6.6447101389123446,31.446,0.0,Taipei City,Taipei,25.0504,121.5324,10,"Taiwan Mobile Co., Ltd.",24158
2024-12-03 04:26:14.906509 UTC,2024,12:26:14,ndt-j8fzd_1732822567_0000000000059065,Download,68.525897288256417,31.042,0.0,Taipei City,Taipei,25.0504,121.5324,10,"Taiwan Mobile Co., Ltd.",24158
2024-12-03 04:23:49.293516 UTC,2024,12:23:49,ndt-l4tcf_1732753005_000000000004EFB9,Download,8.5415934733871524,29.855,0.0,Taipei City,Taipei,25.0504,121.5324,10,"Taiwan Mobile Co., Ltd.",24158
2024-12-03 04:23:04.228809 UTC,2024,12:23:04,ndt-j8fzd_1732822567_0000000000046CC8,Download,62.543479835981223,35.017,0.0,Taipei City,Taipei,25.0504,121.5324,10,"Taiwan Mobile Co., Ltd.",24158
2024-12-03 04:23:00.517702 UTC,2024,12:23:00,ndt-l4tcf_1732753005_000000000004AF8F,Download,78.193690473930275,32.435,0.0,Taipei City,Taipei,25.0504,121.5324,10,"Taiwan Mobile Co., Ltd.",24158
2024-12-03 04:22:56.646181 UTC,2024,12:22:56,ndt-l4tcf_1732753005_0000000000048FE7,Download,23.701247997064272,42.697,0.19039914689660709,Taipei City,Taipei,25.0504,121.5324,50,"Far EastTone Telecommunication Co., Ltd.",9674
2024-12-03 04:22:07.948681 UTC,2024,12:22:07,ndt-l4tcf_1732753005_000000000004FDCD,Download,8.1660224560347,34.816,0.0,Taipei City,Taipei,25.0504,121.5324,5,Mobile Business Group,17421
2024-12-03 04:21:43.724822 UTC,2024,12:21:43,ndt-xrq4c_1732584141_000000000008B226,Download,0.599282166893839,175.464,0.0,Taipei City,Taipei,25.0504,121.5324,10,"Taiwan Mobile Co., Ltd.",24158
2024-12-03 04:20:04.113641 UTC,2024,12:20:04,ndt-virtual-jwh7t_1732499076_00000000000C7616,Download,4.2470462813298067,23.144,0.0,Taipei City,Taipei,25.0504,121.5324,5,Mobile Business Group,17421
2024-12-03 04:12:32.807158 UTC,2024,12:12:32,ndt-j8fzd_1732822567_00000000000550D6,Download,9.23993863672423,35.536,0.000514379331741607,Taipei City,Taipei,25.0504,121.5324,100,"Far EastTone Telecommunication Co., Ltd.",9674
2024-12-03 04:09:50.081686 UTC,2024,12:09:50,ndt-l4tcf_1732753005_0000000000060186,Download,2.6166522220578812,28.873,0.0,Taipei City,Taipei,25.0504,121.5324,5,Mobile Business Group,17421
2024-12-03 04:03:37.181692 UTC,2024,12:03:37,ndt-lnkxs_1732705542_0000000000051E66,Download,187.61691856869703,24.859,1.8569055573932447e-05,Taipei City,Taipei,25.0504,121.5324,5,Mobile Business Group,17421
2024-11-27 03:56:51.579521 UTC,2024,11:56:51,ndt-784nm_1727314615_000000000043F7E8,Download,167.98193166254944,21.973,0.0,Taipei City,Taipei,25.0504,121.5324,5,Mobile Business Group,17421
2024-11-27 03:54:08.725918 UTC,2024,11:54:08,ndt-l4tcf_1727264798_000000000044396D,Download,231.95192714203668,14.278,0.0,Taipei City,Taipei,25.0504,121.5324,10,"Taiwan Mobile Co., Ltd.",24158
2024-11-27 03:48:24.334876 UTC,2024,11:48:24,ndt-qq7zn_1727470042_000000000043755A,Download,4.2196204844390381,24.574,0.0,Taipei City,Taipei,25.0504,121.5324,10,"Taiwan Mobile Co., Ltd.",24158
2024-11-27 03:45:53.821817 UTC,2024,11:45:53,ndt-l4tcf_1727264798_0000000000444925,Download,34.792794749256593,56.282,0.00098376472453697863,Taipei City,Taipei,25.0504,121.5324,100,"Far EastTone Telecommunication Co., Ltd.",9674
2024-11-27 03:45:32.504883 UTC,2024,11:45:32,ndt-784nm_1727314615_00000000004406A7,Download,55.715009756802914,57.063,0.0028020732337873519,Taipei City,Taipei,25.0504,121.5324,100,"Far EastTone Telecommunication Co., Ltd.",9674
2024-11-27 03:40:03.071660 UTC,2024,11:40:03,ndt-qq7zn_1727470042_0000000000432917,Download,371.16509193864567,19.558,0.0,Taipei City,Taipei,25.0504,121.5324,10,"Taiwan Mobile Co., Ltd.",24158
2024-11-27 03:34:56.722918 UTC,2024,11:34:56,ndt-virtual-jwh7t_1732499076_000000000003775F,Download,285.99086605416494,18.458,0.0,Taipei City,Taipei,25.0504,121.5324,10,"Taiwan Mobile Co., Ltd.",24158
2024-11-27 03:25:44.527008 UTC,2024,11:25:44,ndt-virtual-jwh7t_1732499076_0000000000035CB1,Download,1.770913270529572,24.95,0.027541700791874926,Taipei City,Taipei,25.0504,121.5324,10,"Taiwan Mobile Co., Ltd.",24158
2024-11-27 03:21:26.547130 UTC,2024,11:21:26,ndt-l4tcf_1727264798_00000000004448E2,Download,52.912763288476327,62.654,0.0013207983720414885,Taipei City,Taipei,25.0504,121.5324,50,"Far EastTone Telecommunication Co., Ltd.",9674
2024-11-27 03:13:43.857338 UTC,2024,11:13:43,ndt-784nm_1727314615_000000000043D83B,Download,17.41484897112127,23.672,0.0005654776724939,Taipei City,Taipei,25.0504,121.5324,5,Mobile Business Group,17421
2024-11-27 03:03:36.727098 UTC,2024,11:03:36,ndt-qq7zn_1727470042_0000000000433750,Download,255.4621542705365,40.35,0.0091793175789481509,Taipei City,Taipei,25.0504,121.5324,100,"Far EastTone Telecommunication Co., Ltd.",9674
2024-11-27 02:52:50.004116 UTC,2024,10:52:50,ndt-qq7zn_1727470042_000000000043F1B7,Download,137.53414268451752,42.0,0.0095774279128518162,Taipei City,Taipei,25.0504,121.5324,100,"Far EastTone Telecommunication Co., Ltd.",9674
2024-11-27 02:40:38.766800 UTC,2024,10:40:38,ndt-virtual-jwh7t_1732499076_000000000003674B,Download,176.18609206604268,18.008,0.0,Taipei City,Taipei,25.0504,121.5324,5,Mobile Business Group,17421
2024-11-27 02:31:20.144683 UTC,2024,10:31:20,ndt-qq7zn_1727470042_0000000000428E9E,Download,35.101667444880128,21.757,0.0,Taipei City,Taipei,25.0504,121.5324,10,"Taiwan Mobile Co., Ltd.",24158
2024-11-27 02:30:42.520859 UTC,2024,10:30:42,ndt-virtual-jwh7t_1732499076_0000000000034B4E,Download,11.409071605512564,14.113,0.0899352471617884,Taipei City,Taipei,25.0504,121.5324,10,"Taiwan Mobile Co., Ltd.",24158
2024-11-27 02:26:56.852645 UTC,2024,10:26:56,ndt-2zr2h_1727264798_000000000043B978,Download,14.389963942407139,24.098,0.0,Taipei City,Taipei,25.0504,121.5324,5,Mobile Business Group,17421
2024-11-27 02:22:22.163417 UTC,2024,10:22:22,ndt-784nm_1727314615_000000000044065B,Download,270.57419990754272,35.446,0.027638065813163235,Taipei City,Taipei,25.0504,121.5324,100,"Far EastTone Telecommunication Co., Ltd.",9674
2024-11-27 02:21:31.205008 UTC,2024,10:21:31,ndt-qq7zn_1727470042_0000000000427F47,Download,55.052209226944804,29.461,0.0,Taipei City,Taipei,25.0504,121.5324,100,"Far EastTone Telecommunication Co., Ltd.",9674
2024-11-27 02:16:41.261462 UTC,2024,10:16:41,ndt-qq7zn_1727470042_0000000000428E81,Download,12.780770258373373,28.701,0.0,Taipei City,Taipei,25.0504,121.5324,10,"Taiwan Mobile Co., Ltd.",24158
2024-11-27 02:03:25.683914 UTC,2024,10:03:25,ndt-virtual-jwh7t_1732499076_0000000000037162,Download,61.895051779332704,23.644,0.0,Taipei City,Taipei,25.0504,121.5324,5,Mobile Business Group,17421
2024-11-27 01:42:51.362750 UTC,2024,09:42:51,ndt-784nm_1727314615_000000000043D7D6,Download,21.293475541585906,29.322,0.084643158757940345,Taipei City,Taipei,25.0504,121.5324,10,"Taiwan Mobile Co., Ltd.",24158
2024-11-27 01:38:28.200732 UTC,2024,09:38:28,ndt-qq7zn_1727470042_00000000004400C3,Download,200.45438221002141,39.915,4.5006583749337594e-05,Taipei City,Taipei,25.0504,121.5324,50,"Far EastTone Telecommunication Co., Ltd.",9674
2024-11-27 01:26:45.981091 UTC,2024,09:26:45,ndt-virtual-jwh7t_1732499076_0000000000036236,Download,349.04407300033841,14.899,0.039825909622162238,Taipei City,Taipei,25.0504,121.5324,100,"Far EastTone Telecommunication Co., Ltd.",9674
2024-11-27 01:25:56.984227 UTC,2024,09:25:56,ndt-784nm_1727314615_0000000000431C06,Download,289.71535910475177,44.379,0.023563025621203132,Taipei City,Taipei,25.0504,121.5324,100,"Far EastTone Telecommunication Co., Ltd.",9674
2024-11-27 01:23:37.615053 UTC,2024,09:23:37,ndt-2zr2h_1727264798_00000000004424EC,Download,36.476309468425995,19.814,0.0,Taipei City,Taipei,25.0504,121.5324,5,Mobile Business Group,17421
2024-11-27 01:22:15.495883 UTC,2024,09:22:15,ndt-784nm_1727314615_000000000042BE6A,Download,14.052971798703599,19.671,0.0,Taipei City,Taipei,25.0504,121.5324,5,Mobile Business Group,17421
2024-11-27 01:17:02.938931 UTC,2024,09:17:02,ndt-qq7zn_1727470042_0000000000425918,Download,1.8213618271024463,17.682,0.2284788114858648,Taipei City,Taipei,25.0504,121.5324,5,Mobile Business Group,17421
2024-11-27 01:08:01.803845 UTC,2024,09:08:01,ndt-2zr2h_1727264798_000000000044D4C4,Download,4.3841292636912144,37.504,0.0,Taipei City,Taipei,25.0504,121.5324,100,"Far EastTone Telecommunication Co., Ltd.",9674
2024-11-27 01:07:11.249423 UTC,2024,09:07:11,ndt-virtual-jwh7t_1732499076_0000000000035331,Download,113.27128821519375,17.442,0.0,Taipei City,Taipei,25.0504,121.5324,10,"Taiwan Mobile Co., Ltd.",24158
2024-11-27 01:02:47.246703 UTC,2024,09:02:47,ndt-2zr2h_1727264798_000000000043A984,Download,73.80485869058792,26.713,0.0,Taipei City,Taipei,25.0504,121.5324,10,"Taiwan Mobile Co., Ltd.",24158
2024-11-27 01:01:14.942240 UTC,2024,09:01:14,ndt-784nm_1727314615_000000000044D18F,Download,10.444721259753553,57.906,0.00023187746867096701,Taipei City,Taipei,25.0504,121.5324,100,"Far EastTone Telecommunication Co., Ltd.",9674
2024-11-27 00:58:36.726155 UTC,2024,08:58:36,ndt-virtual-ltptc_1732502072_000000000002F5CF,Download,10.7699687095314,27.937,0.0,Taipei City,Taipei,25.0504,121.5324,20,Taiwan Star Telecom Corporation Limited.(Former Vibo Telecom Inc.),24157
2024-11-27 00:56:11.818660 UTC,2024,08:56:11,ndt-2zr2h_1727264798_000000000044D4A6,Download,81.119298668543166,19.787,0.003395543260114698,Taipei City,Taipei,25.0504,121.5324,5,Mobile Business Group,17421
2024-11-27 00:54:50.767339 UTC,2024,08:54:50,ndt-qq7zn_1727470042_000000000043F0E2,Download,52.645972928537986,20.922,0.0,Taipei City,Taipei,25.0504,121.5324,5,Mobile Business Group,17421
2024-11-27 00:54:10.992092 UTC,2024,08:54:10,ndt-784nm_1727314615_000000000044D18B,Download,0.90947736081526609,20.027,0.16455156349559821,Taipei City,Taipei,25.0504,121.5324,10,"Taiwan Mobile Co., Ltd.",24158
2024-11-27 00:47:30.721513 UTC,2024,08:47:30,ndt-2zr2h_1727264798_000000000044C1F7,Download,136.18824350029163,43.8,0.00020623986339677203,Taipei City,Taipei,25.0504,121.5324,50,"Far EastTone Telecommunication Co., Ltd.",9674
2024-11-27 00:44:52.017903 UTC,2024,08:44:52,ndt-qq7zn_1727470042_0000000000440058,Download,224.30187226842989,21.914,0.025106597489783507,Taipei City,Taipei,25.0504,121.5324,5,Mobile Business Group,17421
2024-11-27 00:43:37.503362 UTC,2024,08:43:37,ndt-784nm_1727314615_000000000044C44A,Download,63.768976123456888,21.94,0.013377985453961305,Taipei City,Taipei,25.0504,121.5324,5,Mobile Business Group,17421
2024-11-27 00:32:18.360478 UTC,2024,08:32:18,ndt-virtual-jwh7t_1732499076_0000000000033B2E,Download,9.6597311095036726,18.0,0.13223075874038795,Taipei City,Taipei,25.0504,121.5324,10,Mobile Business Group,17421
2024-11-27 00:31:45.155666 UTC,2024,08:31:45,ndt-lgd9r_1732584141_0000000000019808,Download,50.451866148653792,295.429,0.0,Taipei City,Taipei,25.0504,121.5324,5,Mobile Business Group,17421
2024-11-27 00:25:30.926629 UTC,2024,08:25:30,ndt-qq7zn_1727470042_0000000000421A03,Download,10.239445805774086,25.155,0.17540588879654287,Taipei City,Taipei,25.0504,121.5324,10,"Taiwan Mobile Co., Ltd.",24158
2024-11-26 23:45:58.366168 UTC,2024,07:45:58,ndt-2zr2h_1727264798_0000000000436B96,Download,11.047665982873319,18.763,0.0,Taipei City,Taipei,25.0504,121.5324,10,"Taiwan Mobile Co., Ltd.",24158
2024-11-26 23:45:26.728792 UTC,2024,07:45:26,ndt-gtz7g_1727258399_00000000004895E8,Download,5.6684052813973596,313.422,0.017978357487013524,Taipei City,Taipei,25.0504,121.5324,10,"Taiwan Mobile Co., Ltd.",24158
2024-11-26 23:44:35.663593 UTC,2024,07:44:35,ndt-virtual-jwh7t_1732499076_0000000000034014,Download,58.684197020622726,15.378,0.0,Taipei City,Taipei,25.0504,121.5324,10,"Taiwan Mobile Co., Ltd.",24158
2024-11-26 23:44:12.259620 UTC,2024,07:44:12,ndt-virtual-jwh7t_1732499076_0000000000031D8E,Download,62.59865990067005,15.356,0.0,Taipei City,Taipei,25.0504,121.5324,10,"Taiwan Mobile Co., Ltd.",24158
2024-11-26 23:43:46.095303 UTC,2024,07:43:46,ndt-2zr2h_1727264798_000000000044C1C4,Download,59.390767593986915,17.938,0.0,Taipei City,Taipei,25.0504,121.5324,10,"Taiwan Mobile Co., Ltd.",24158
2024-11-26 23:43:19.841930 UTC,2024,07:43:19,ndt-2zr2h_1727264798_000000000043A93E,Download,51.352873716655544,16.62,0.0,Taipei City,Taipei,25.0504,121.5324,10,"Taiwan Mobile Co., Ltd.",24158
2024-11-26 23:42:40.265475 UTC,2024,07:42:40,ndt-virtual-jwh7t_1732499076_0000000000030FEE,Download,25.641018564842682,15.023,0.0,Taipei City,Taipei,25.0504,121.5324,10,"Taiwan Mobile Co., Ltd.",24158
2024-11-26 23:38:25.215018 UTC,2024,07:38:25,ndt-qq7zn_1727470042_000000000042ACA0,Download,11.581439027787857,22.944,0.1288458092021372,Taipei City,Taipei,25.0504,121.5324,10,"Taiwan Mobile Co., Ltd.",24158
2024-11-26 23:33:46.507235 UTC,2024,07:33:46,ndt-virtual-jwh7t_1732499076_0000000000031CF4,Download,11.446957137439641,18.209,0.092891430993882834,Taipei City,Taipei,25.0504,121.5324,10,"Taiwan Mobile Co., Ltd.",24158
2024-11-26 23:18:45.691381 UTC,2024,07:18:45,ndt-784nm_1727314615_000000000044D11D,Download,11.504449849092074,20.764,0.1063547835620698,Taipei City,Taipei,25.0504,121.5324,10,"Taiwan Mobile Co., Ltd.",24158
2024-11-26 23:16:06.656442 UTC,2024,07:16:06,ndt-qq7zn_1727470042_000000000043C097,Download,15.652424094071417,28.127,0.013087895757204369,Taipei City,Taipei,25.0504,121.5324,10,"Taiwan Mobile Co., Ltd.",24158
2024-11-26 23:12:36.063923 UTC,2024,07:12:36,ndt-784nm_1727314615_000000000042AE4C,Download,374.4106366514809,42.061,0.010714320139232323,Taipei City,Taipei,25.0504,121.5324,100,"Far EastTone Telecommunication Co., Ltd.",9674
2024-11-26 23:06:56.518994 UTC,2024,07:06:56,ndt-virtual-656vp_1732502072_000000000002E0B1,Download,11.502625777732383,30.72,0.099843360686443811,Taipei City,Taipei,25.0504,121.5324,10,"Taiwan Mobile Co., Ltd.",24158
2024-11-26 23:00:49.827459 UTC,2024,07:00:49,ndt-qq7zn_1727470042_00000000004345E9,Download,16.393834470518062,23.117,0.0,Taipei City,Taipei,25.0504,121.5324,10,"Taiwan Mobile Co., Ltd.",24158
2024-11-26 22:57:20.858274 UTC,2024,06:57:20,ndt-2zr2h_1727264798_000000000043A911,Download,13.593224087998379,33.665,0.0015419212135436384,Taipei City,Taipei,25.0504,121.5324,100,"Far EastTone Telecommunication Co., Ltd.",9674
2024-11-26 22:56:07.287244 UTC,2024,06:56:07,ndt-virtual-dtpj2_1732499076_0000000000031A1E,Download,16.254236700052047,29.802,6.7889651158092331e-05,Taipei City,Taipei,25.0504,121.5324,100,"Far EastTone Telecommunication Co., Ltd.",9674
2024-11-26 22:55:59.965974 UTC,2024,06:55:59,ndt-qq7zn_1727470042_0000000000428D05,Download,6.7328688166971045,32.398,0.01985704712452423,Taipei City,Taipei,25.0504,121.5324,100,"Far EastTone Telecommunication Co., Ltd.",9674
2024-11-26 22:55:33.003707 UTC,2024,06:55:33,ndt-2zr2h_1727264798_0000000000427FEE,Download,5.0482386713090017,37.403,0.0,Taipei City,Taipei,25.0504,121.5324,100,"Far EastTone Telecommunication Co., Ltd.",9674
2024-11-26 22:55:32.893405 UTC,2024,06:55:32,ndt-virtual-dtpj2_1732499076_0000000000030C69,Download,19.09396492222934,30.168,0.00012021980073055728,Taipei City,Taipei,25.0504,121.5324,100,"Far EastTone Telecommunication Co., Ltd.",9674
2024-11-26 22:55:00.011408 UTC,2024,06:55:00,ndt-virtual-dtpj2_1732499076_00000000000334F0,Download,5.0103461745385367,28.974,0.0,Taipei City,Taipei,25.0504,121.5324,100,"Far EastTone Telecommunication Co., Ltd.",9674
2024-11-26 22:54:59.847775 UTC,2024,06:54:59,ndt-virtual-dtpj2_1732499076_00000000000334EF,Download,16.497278567986704,30.532,0.00020171871604891106,Taipei City,Taipei,25.0504,121.5324,100,"Far EastTone Telecommunication Co., Ltd.",9674
2024-11-26 22:54:49.616316 UTC,2024,06:54:49,ndt-virtual-dtpj2_1732499076_00000000000327FD,Download,40.244695172011042,19.873,0.0,Taipei City,Taipei,25.0504,121.5324,5,Mobile Business Group,17421
2024-11-26 22:54:09.974593 UTC,2024,06:54:09,ndt-784nm_1727314615_000000000044D104,Download,13.294328360625709,31.41,0.0019338518059455194,Taipei City,Taipei,25.0504,121.5324,100,"Far EastTone Telecommunication Co., Ltd.",9674
2024-11-26 22:53:30.805468 UTC,2024,06:53:30,ndt-2zr2h_1727264798_000000000044C194,Download,15.174864861189221,30.278,0.0010959206636463813,Taipei City,Taipei,25.0504,121.5324,100,"Far EastTone Telecommunication Co., Ltd.",9674
2024-11-26 22:53:01.842339 UTC,2024,06:53:01,ndt-2zr2h_1727264798_000000000044245F,Download,9.7028794743155835,31.338,0.0020232547584997404,Taipei City,Taipei,25.0504,121.5324,100,"Far EastTone Telecommunication Co., Ltd.",9674
2024-11-26 22:00:54.220456 UTC,2024,06:00:54,ndt-virtual-dtpj2_1732499076_000000000003313A,Download,84.748291065607276,21.025,4.6094827325083979e-05,Taipei City,Taipei,25.0504,121.5324,5,Mobile Business Group,17421
2024-11-26 22:00:19.635237 UTC,2024,06:00:19,ndt-2zr2h_1727264798_000000000043B890,Download,113.00446580130578,20.684,0.0,Taipei City,Taipei,25.0504,121.5324,5,Mobile Business Group,17421
2024-11-26 21:36:02.704154 UTC,2024,05:36:02,ndt-qq7zn_1727470042_0000000000439271,Download,5.3980301977757872,28.031,0.00062063815230312927,Taipei City,Taipei,25.0504,121.5324,100,"Taiwan Mobile Co., Ltd.",24158
2024-11-26 21:35:26.977957 UTC,2024,05:35:26,ndt-virtual-dtpj2_1732499076_000000000003073F,Download,6.4554415230919586,28.386,0.0011847576582981125,Taipei City,Taipei,25.0504,121.5324,100,"Taiwan Mobile Co., Ltd.",24158
2024-11-26 21:09:52.863011 UTC,2024,05:09:52,ndt-784nm_1727314615_0000000000440539,Download,32.930471751924991,69.44,0.00012898563396187914,Taipei City,Taipei,25.0504,121.5324,10,"Taiwan Mobile Co., Ltd.",24158
2024-11-26 21:09:33.365594 UTC,2024,05:09:33,ndt-virtual-dtpj2_1732499076_000000000003135F,Download,31.10978574746996,15.987,0.0,Taipei City,Taipei,25.0504,121.5324,10,"Taiwan Mobile Co., Ltd.",24158
2024-11-26 21:09:08.592117 UTC,2024,05:09:08,ndt-qq7zn_1727470042_0000000000433497,Download,25.299482799558746,17.295,0.0,Taipei City,Taipei,25.0504,121.5324,10,"Taiwan Mobile Co., Ltd.",24158
2024-11-26 21:07:51.511278 UTC,2024,05:07:51,ndt-lgd9r_1732584141_000000000000F6C7,Download,21.22716874566251,304.311,0.010670764667370275,Taipei City,Taipei,25.0504,121.5324,5,"Taiwan Mobile Co., Ltd.",24158
2024-11-26 21:07:36.338380 UTC,2024,05:07:36,ndt-784nm_1727314615_000000000042BD42,Download,20.42214577426855,16.897,0.0,Taipei City,Taipei,25.0504,121.5324,5,"Taiwan Mobile Co., Ltd.",24158
2024-11-26 21:05:46.323932 UTC,2024,05:05:46,ndt-784nm_1727314615_000000000042CD2E,Download,28.187608758301931,17.035,0.0,Taipei City,Taipei,25.0504,121.5324,5,"Taiwan Mobile Co., Ltd.",24158
2024-11-26 21:04:44.058633 UTC,2024,05:04:44,ndt-qq7zn_1727470042_0000000000422F1E,Download,21.195512549825352,17.024,0.0,Taipei City,Taipei,25.0504,121.5324,5,"Taiwan Mobile Co., Ltd.",24158
2024-11-26 20:16:25.286654 UTC,2024,04:16:25,ndt-qq7zn_1727470042_0000000000424E11,Download,11.459638822066388,20.535,0.0,Taipei City,Taipei,25.0504,121.5324,20,Taiwan Star Telecom Corporation Limited.(Former Vibo Telecom Inc.),24157
2024-11-26 20:07:21.054972 UTC,2024,04:07:21,ndt-qq7zn_1727470042_0000000000428B96,Download,17.136898031564233,21.602,0.091265226190142865,Taipei City,Taipei,25.0504,121.5324,10,"Taiwan Mobile Co., Ltd.",24158
2024-11-26 19:46:40.824671 UTC,2024,03:46:40,ndt-2zr2h_1727264798_0000000000426FE6,Download,50.401325078766192,27.127,0.0,Taipei City,Taipei,25.0504,121.5324,10,"Taiwan Mobile Co., Ltd.",24158
2024-11-26 18:59:52.286873 UTC,2024,02:59:52,ndt-qq7zn_1727470042_000000000042C8EA,Download,21.015391039729018,48.002,0.300075169487063,Taipei City,Taipei,25.0504,121.5324,50,"Far EastTone Telecommunication Co., Ltd.",9674
2024-11-26 17:40:12.984329 UTC,2024,01:40:12,ndt-virtual-dtpj2_1732499076_000000000002E582,Download,239.98198531443541,12.733,0.0088090508270467875,Taipei City,Taipei,25.0504,121.5324,5,Mobile Business Group,17421
2024-11-26 17:22:39.918007 UTC,2024,01:22:39,ndt-qq7zn_1727470042_0000000000420E17,Download,1.2282705236341929,24.898,0.0,Taipei City,Taipei,25.0504,121.5324,10,"Taiwan Mobile Co., Ltd.",24158
2024-11-26 16:41:49.560713 UTC,2024,00:41:49,ndt-2zr2h_1727264798_0000000000436A2F,Download,19.082758991747848,29.927,0.0,Taipei City,Taipei,25.0504,121.5324,100,"Far EastTone Telecommunication Co., Ltd.",9674
2024-11-26 16:34:39.791026 UTC,2024,00:34:39,ndt-qq7zn_1727470042_0000000000432428,Download,15.338578429713705,30.321,0.00073462635223684857,Taipei City,Taipei,25.0504,121.5324,100,"Far EastTone Telecommunication Co., Ltd.",9674
2024-11-26 16:34:09.006426 UTC,2024,00:34:09,ndt-2zr2h_1727264798_000000000043E89F,Download,13.834965525958182,33.589,0.0,Taipei City,Taipei,25.0504,121.5324,100,"Far EastTone Telecommunication Co., Ltd.",9674
2024-11-26 16:32:23.737301 UTC,2024,00:32:23,ndt-lgd9r_1732584141_000000000000B5BF,Download,9.608569505261519,403.932,0.0010145003417694096,Taipei City,Taipei,25.0504,121.5324,100,"Far EastTone Telecommunication Co., Ltd.",9674
2024-11-26 16:31:48.705757 UTC,2024,00:31:48,ndt-virtual-dtpj2_1732499076_000000000002E0ED,Download,15.138989352014772,32.007,0.0,Taipei City,Taipei,25.0504,121.5324,100,"Far EastTone Telecommunication Co., Ltd.",9674
2024-11-26 16:14:05.640802 UTC,2024,00:14:05,ndt-784nm_1727314615_0000000000442769,Download,392.79215789077466,19.242,5.37649347441565e-06,Taipei City,Taipei,25.0504,121.5324,100,"Far EastTone Telecommunication Co., Ltd.",9674
2024-11-26 16:13:32.898204 UTC,2024,00:13:32,ndt-2zr2h_1727264798_0000000000427EA3,Download,17.014822539089618,34.345,0.00013021516113247608,Taipei City,Taipei,25.0504,121.5324,100,"Far EastTone Telecommunication Co., Ltd.",9674
2024-11-26 16:12:47.039113 UTC,2024,00:12:47,ndt-2zr2h_1727264798_0000000000426F42,Download,32.00195831547336,32.265,0.0,Taipei City,Taipei,25.0504,121.5324,100,"Far EastTone Telecommunication Co., Ltd.",9674
2024-11-26 15:56:49.153200 UTC,2024,23:56:49,ndt-qq7zn_1727470042_000000000042A956,Download,7.3806439305502565,22.56,0.0,Taipei City,Taipei,25.0504,121.5324,5,Mobile Business Group,17421
2024-11-26 15:55:57.672843 UTC,2024,23:55:57,ndt-qq7zn_1727470042_00000000004342CA,Download,16.193239443991111,29.595,0.0,Taipei City,Taipei,25.0504,121.5324,100,"Far EastTone Telecommunication Co., Ltd.",9674
2024-11-26 15:51:06.411445 UTC,2024,23:51:06,ndt-virtual-dtpj2_1732499076_000000000002C1E2,Download,18.6340644206148,18.088,0.045622138611556666,Taipei City,Taipei,25.0504,121.5324,10,"Taiwan Mobile Co., Ltd.",24158
2024-11-26 15:48:54.492855 UTC,2024,23:48:54,ndt-qq7zn_1727470042_00000000004323EC,Download,36.837306838526068,26.199,0.0,Taipei City,Taipei,25.0504,121.5324,10,"Taiwan Mobile Co., Ltd.",24158
2024-11-26 15:41:34.613552 UTC,2024,23:41:34,ndt-qq7zn_1727470042_000000000041FF2C,Download,6.9046184378404059,23.886,0.0,Taipei City,Taipei,25.0504,121.5324,10,"Taiwan Mobile Co., Ltd.",24158
2024-11-26 15:40:18.449326 UTC,2024,23:40:18,ndt-virtual-dtpj2_1732499076_000000000002C114,Download,21.493898069265917,28.067,0.0,Taipei City,Taipei,25.0504,121.5324,10,"Taiwan Mobile Co., Ltd.",24158
2024-11-26 15:39:45.615888 UTC,2024,23:39:45,ndt-virtual-dtpj2_1732499076_000000000002C100,Download,23.178305151622265,23.875,0.0,Taipei City,Taipei,25.0504,121.5324,10,"Taiwan Mobile Co., Ltd.",24158
2024-11-26 15:38:18.239909 UTC,2024,23:38:18,ndt-784nm_1727314615_00000000004403F2,Download,16.314126064064418,27.777,0.0,Taipei City,Taipei,25.0504,121.5324,10,"Taiwan Mobile Co., Ltd.",24158
2024-11-26 15:37:38.705928 UTC,2024,23:37:38,ndt-784nm_1727314615_00000000004357BA,Download,129.03460821567137,27.861,0.051650695904596172,Taipei City,Taipei,25.0504,121.5324,100,"Far EastTone Telecommunication Co., Ltd.",9674
2024-11-26 15:37:37.106328 UTC,2024,23:37:37,ndt-2zr2h_1727264798_0000000000425F19,Download,2.58806622887446,25.111,0.0,Taipei City,Taipei,25.0504,121.5324,10,"Taiwan Mobile Co., Ltd.",24158
2024-11-26 15:35:44.582816 UTC,2024,23:35:44,ndt-784nm_1727314615_0000000000425D74,Download,14.6485790042561,34.468,0.00022875975925201625,Taipei City,Taipei,25.0504,121.5324,100,"Far EastTone Telecommunication Co., Ltd.",9674
2024-11-26 15:27:38.965942 UTC,2024,23:27:38,ndt-784nm_1727314615_000000000043F4E4,Download,27.488155818941056,24.854,0.0,Taipei City,Taipei,25.0504,121.5324,10,"Taiwan Mobile Co., Ltd.",24158
2024-11-26 15:27:33.099982 UTC,2024,23:27:33,ndt-784nm_1727314615_000000000042AC5D,Download,16.070791318235209,31.173,7.0011527039913628e-05,Taipei City,Taipei,25.0504,121.5324,100,"Far EastTone Telecommunication Co., Ltd.",9674
2024-11-26 15:26:37.926194 UTC,2024,23:26:37,ndt-2zr2h_1727264798_0000000000426F1B,Download,23.078010278926818,19.996,0.0,Taipei City,Taipei,25.0504,121.5324,10,"Taiwan Mobile Co., Ltd.",24158
2024-11-26 15:26:11.811745 UTC,2024,23:26:11,ndt-virtual-dtpj2_1732499076_000000000002B981,Download,30.4216670921555,18.92,0.0,Taipei City,Taipei,25.0504,121.5324,10,"Taiwan Mobile Co., Ltd.",24158
2024-11-26 15:25:10.375246 UTC,2024,23:25:10,ndt-784nm_1727314615_0000000000422E89,Download,5.0180904893497429,23.925,0.0080112867802132268,Taipei City,Taipei,25.0504,121.5324,5,Mobile Business Group,17421
2024-11-26 15:18:03.531934 UTC,2024,23:18:03,ndt-784nm_1727314615_0000000000421F42,Download,14.889453952779387,29.047,0.000799992181894586,Taipei City,Taipei,25.0504,121.5324,100,"Far EastTone Telecommunication Co., Ltd.",9674
2024-11-26 15:17:31.043756 UTC,2024,23:17:31,ndt-784nm_1727314615_00000000004490B0,Download,16.175919027345874,31.554,0.00092025891399852939,Taipei City,Taipei,25.0504,121.5324,100,"Far EastTone Telecommunication Co., Ltd.",9674
2024-11-26 15:11:40.275314 UTC,2024,23:11:40,ndt-2zr2h_1727264798_0000000000429DC0,Download,67.418555755548724,29.599,0.000804368581342559,Taipei City,Taipei,25.0504,121.5324,10,"Taiwan Mobile Co., Ltd.",24158
2024-11-26 15:10:14.286644 UTC,2024,23:10:14,ndt-2zr2h_1727264798_0000000000437A0D,Download,183.72366058590205,27.134,0.0,Taipei City,Taipei,25.0504,121.5324,10,"Taiwan Mobile Co., Ltd.",24158
2024-11-26 15:07:56.102882 UTC,2024,23:07:56,ndt-virtual-dtpj2_1732499076_0000000000028ED7,Download,33.636679788255343,22.435,0.0,Taipei City,Taipei,25.0504,121.5324,10,"Taiwan Mobile Co., Ltd.",24158
2024-11-26 14:57:46.408769 UTC,2024,22:57:46,ndt-2zr2h_1727264798_0000000000426EFE,Download,7.4825014229614339,53.0,0.19746052564650957,Taipei City,Taipei,25.0504,121.5324,10,"Taiwan Mobile Co., Ltd.",24158
2024-11-26 14:52:22.121152 UTC,2024,22:52:22,ndt-784nm_1727314615_0000000000436770,Download,0.20165310170557521,35.752,0.0,Taipei City,Taipei,25.0504,121.5324,50,"Far EastTone Telecommunication Co., Ltd.",9674
2024-11-26 14:47:30.707901 UTC,2024,22:47:30,ndt-784nm_1727314615_0000000000433FEC,Download,26.152027453536366,24.39,4.5839923345601061e-05,Taipei City,Taipei,25.0504,121.5324,5,Mobile Business Group,17421
2024-11-26 14:35:25.418722 UTC,2024,22:35:25,ndt-qq7zn_1727470042_0000000000424B6D,Download,6.3281657782962686,25.169,0.03447565958640389,Taipei City,Taipei,25.0504,121.5324,5,Mobile Business Group,17421
2024-11-26 14:30:46.914200 UTC,2024,22:30:46,ndt-2zr2h_1727264798_0000000000428DF2,Download,10.582820719414155,28.081,0.0,Taipei City,Taipei,25.0504,121.5324,10,"Taiwan Mobile Co., Ltd.",24158
2024-11-26 14:30:12.642924 UTC,2024,22:30:12,ndt-virtual-dtpj2_1732499076_0000000000028C18,Download,20.901799657673305,23.532,0.0,Taipei City,Taipei,25.0504,121.5324,10,"Taiwan Mobile Co., Ltd.",24158
2024-11-26 14:29:23.707192 UTC,2024,22:29:23,ndt-virtual-dtpj2_1732499076_00000000000299A0,Download,11.497745088088042,23.043,0.0,Taipei City,Taipei,25.0504,121.5324,10,"Taiwan Mobile Co., Ltd.",24158
2024-11-26 14:28:49.275515 UTC,2024,22:28:49,ndt-qq7zn_1727470042_000000000042C76D,Download,10.194527944130668,22.156,0.0,Taipei City,Taipei,25.0504,121.5324,10,"Taiwan Mobile Co., Ltd.",24158
2024-11-26 14:27:48.175128 UTC,2024,22:27:48,ndt-virtual-dtpj2_1732499076_0000000000028BF1,Download,11.343834461339116,18.25,0.0,Taipei City,Taipei,25.0504,121.5324,10,"Taiwan Mobile Co., Ltd.",24158
2024-11-26 14:26:10.019839 UTC,2024,22:26:10,ndt-virtual-dtpj2_1732499076_000000000002A856,Download,47.128805492969974,24.809,0.0,Taipei City,Taipei,25.0504,121.5324,100,"Far EastTone Telecommunication Co., Ltd.",9674
2024-11-26 14:18:33.124776 UTC,2024,22:18:33,ndt-784nm_1727314615_000000000043B517,Download,137.54304876809815,23.754,0.0544172887009282,Taipei City,Taipei,25.0504,121.5324,5,Mobile Business Group,17421
2024-11-26 14:09:02.316764 UTC,2024,22:09:02,ndt-qq7zn_1727470042_000000000042C741,Download,1.2129388307095437,33.317,0.0016687662582006773,Taipei City,Taipei,25.0504,121.5324,10,"Taiwan Mobile Co., Ltd.",24158
2024-11-26 14:08:27.866647 UTC,2024,22:08:27,ndt-2zr2h_1727264798_000000000042EBF9,Download,3.8348575288675391,25.577,0.0,Taipei City,Taipei,25.0504,121.5324,10,"Taiwan Mobile Co., Ltd.",24158
2024-11-26 14:08:09.197884 UTC,2024,22:08:09,ndt-2zr2h_1727264798_0000000000428DD4,Download,1.0139384780047684,32.139,0.0025248194347445565,Taipei City,Taipei,25.0504,121.5324,10,"Taiwan Mobile Co., Ltd.",24158
2024-11-26 13:56:16.666877 UTC,2024,21:56:16,ndt-2zr2h_1727264798_000000000043B6FE,Download,114.91699665849833,22.432,0.0011705477418537857,Taipei City,Taipei,25.0504,121.5324,5,Mobile Business Group,17421
2024-11-26 13:48:24.532718 UTC,2024,21:48:24,ndt-784nm_1727314615_000000000042CB5C,Download,5.3394868827603412,26.703,0.069435491484508477,Taipei City,Taipei,25.0504,121.5324,5,Mobile Business Group,17421
2024-11-26 13:44:07.494782 UTC,2024,21:44:07,ndt-784nm_1727314615_000000000042CB52,Download,305.31713059048315,19.727,0.0040626445581174895,Taipei City,Taipei,25.0504,121.5324,20,Taiwan Star Telecom Corporation Limited.(Former Vibo Telecom Inc.),24157
2024-11-26 13:35:34.444568 UTC,2024,21:35:34,ndt-virtual-dtpj2_1732499076_000000000002A536,Download,130.47929786971937,19.163,0.061472937252377867,Taipei City,Taipei,25.0504,121.5324,5,Mobile Business Group,17421
2024-11-26 13:35:08.832856 UTC,2024,21:35:08,ndt-qq7zn_1727470042_000000000042F570,Download,107.73802402514345,22.753,0.052970076472849348,Taipei City,Taipei,25.0504,121.5324,5,Mobile Business Group,17421
2024-11-26 13:34:40.685245 UTC,2024,21:34:40,ndt-784nm_1727314615_0000000000436711,Download,2.7582896175490283,24.069,0.025878076971648848,Taipei City,Taipei,25.0504,121.5324,10,"Taiwan Mobile Co., Ltd.",24158
2024-11-26 13:34:37.239802 UTC,2024,21:34:37,ndt-qq7zn_1727470042_000000000042A86F,Download,122.81930995366179,22.187,0.058437840047800962,Taipei City,Taipei,25.0504,121.5324,5,Mobile Business Group,17421
2024-11-26 13:34:00.315501 UTC,2024,21:34:00,ndt-virtual-dtpj2_1732499076_0000000000028857,Download,8.5901610818308658,19.587,0.030502218387136664,Taipei City,Taipei,25.0504,121.5324,20,"Taiwan Mobile Co., Ltd.",24158
2024-11-26 13:31:44.185613 UTC,2024,21:31:44,ndt-2zr2h_1727264798_000000000042EBDF,Download,24.162015936786723,54.558,0.13887818443934707,Taipei City,Taipei,25.0504,121.5324,100,"Far EastTone Telecommunication Co., Ltd.",9674
2024-11-26 13:28:51.940606 UTC,2024,21:28:51,ndt-2zr2h_1727264798_0000000000425EB2,Download,37.316898237937124,52.618,0.10459867446769697,Taipei City,Taipei,25.0504,121.5324,100,"Far EastTone Telecommunication Co., Ltd.",9674
2024-11-26 13:16:33.747112 UTC,2024,21:16:33,ndt-784nm_1727314615_0000000000440346,Download,27.385996748648445,28.548,0.00020312640388765472,Taipei City,Taipei,25.0504,121.5324,100,"Far EastTone Telecommunication Co., Ltd.",9674
2024-11-26 13:15:12.276493 UTC,2024,21:15:12,ndt-qq7zn_1727470042_000000000042C6E6,Download,22.099707370421292,26.666,0.00661971813799468,Taipei City,Taipei,25.0504,121.5324,50,"Far EastTone Telecommunication Co., Ltd.",9674
2024-11-26 13:14:06.752732 UTC,2024,21:14:06,ndt-virtual-dtpj2_1732499076_000000000002949F,Download,14.006725761518002,24.876,0.0,Taipei City,Taipei,25.0504,121.5324,5,Mobile Business Group,17421
2024-11-26 12:58:12.533667 UTC,2024,20:58:12,ndt-virtual-dtpj2_1732499076_000000000002861D,Download,16.103594314189785,22.794,0.00044298344345664606,Taipei City,Taipei,25.0504,121.5324,100,"Far EastTone Telecommunication Co., Ltd.",9674
2024-11-26 12:53:39.975636 UTC,2024,20:53:39,ndt-virtual-dtpj2_1732499076_00000000000285D9,Download,112.4588326617292,17.209,0.0,Taipei City,Taipei,25.0504,121.5324,10,"Taiwan Mobile Co., Ltd.",24158
2024-11-26 12:42:41.564889 UTC,2024,20:42:41,ndt-qq7zn_1727470042_000000000043142A,Download,0.38655563791792213,370.702,0.08503668945543659,Taipei City,Taipei,25.0504,121.5324,100,"Far EastTone Telecommunication Co., Ltd.",9674
2024-11-26 12:36:25.351890 UTC,2024,20:36:25,ndt-qq7zn_1727470042_000000000041DECF,Download,2.1443319719370098,26.994,0.0,Taipei City,Taipei,25.0504,121.5324,20,Taiwan Star Telecom Corporation Limited.(Former Vibo Telecom Inc.),24157
2024-11-26 12:28:47.488466 UTC,2024,20:28:47,ndt-virtual-dtpj2_1732499076_0000000000027DA0,Download,9.6563417711143273,34.983,0.000703049061647306,Taipei City,Taipei,25.0504,121.5324,100,"Far EastTone Telecommunication Co., Ltd.",9674
2024-11-26 12:19:11.173271 UTC,2024,20:19:11,ndt-784nm_1727314615_000000000042CAF9,Download,2.5725283070794389,59.0,0.19250781124870661,Taipei City,Taipei,25.0504,121.5324,10,Taiwan Star Telecom Corporation Limited.(Former Vibo Telecom Inc.),24157
2024-11-26 12:16:27.346157 UTC,2024,20:16:27,ndt-virtual-dtpj2_1732499076_00000000000290B9,Download,76.543516128434618,20.336,0.0,Taipei City,Taipei,25.0504,121.5324,10,"Taiwan Mobile Co., Ltd.",24158
2024-11-26 12:00:11.734719 UTC,2024,20:00:11,ndt-qq7zn_1727470042_0000000000432248,Download,7.3431079014764649,18.733,0.00015465234409377571,Taipei City,Taipei,25.0504,121.5324,10,Mobile Business Group,17421
2024-11-26 12:00:01.192712 UTC,2024,20:00:01,ndt-qq7zn_1727470042_0000000000428802,Download,228.70031298184705,22.345,0.0,Taipei City,Taipei,25.0504,121.5324,5,Mobile Business Group,17421
2024-11-26 11:59:46.006879 UTC,2024,19:59:46,ndt-virtual-dtpj2_1732499076_0000000000026EE5,Download,17.935159663703192,18.742,0.0,Taipei City,Taipei,25.0504,121.5324,5,Mobile Business Group,17421
2024-11-26 11:59:37.199682 UTC,2024,19:59:37,ndt-virtual-dtpj2_1732499076_0000000000025FB7,Download,7.9525959940881661,18.969,0.00091211440816860645,Taipei City,Taipei,25.0504,121.5324,10,Mobile Business Group,17421
2024-11-26 11:59:12.427907 UTC,2024,19:59:12,ndt-virtual-dtpj2_1732499076_0000000000025FAD,Download,5.0769897209117341,17.283,0.030743262186536519,Taipei City,Taipei,25.0504,121.5324,5,Mobile Business Group,17421
2024-11-26 11:57:34.962149 UTC,2024,19:57:34,ndt-virtual-dtpj2_1732499076_0000000000025F8A,Download,35.988093030518932,18.505,0.015951894505745134,Taipei City,Taipei,25.0504,121.5324,10,"Taiwan Mobile Co., Ltd.",24158
2024-11-26 11:55:35.981217 UTC,2024,19:55:35,ndt-784nm_1727314615_0000000000420FBC,Download,3.0543783093006129,19.708,0.084437549846348478,Taipei City,Taipei,25.0504,121.5324,10,Mobile Business Group,17421
2024-11-26 11:54:54.568804 UTC,2024,19:54:54,ndt-virtual-dtpj2_1732499076_00000000000281AD,Download,0.89262191192212681,18.657,0.11310510584053902,Taipei City,Taipei,25.0504,121.5324,10,"Taiwan Mobile Co., Ltd.",24158
2024-11-26 11:46:03.226718 UTC,2024,19:46:03,ndt-qq7zn_1727470042_000000000042F4A6,Download,77.083681287056123,25.493,0.0,Taipei City,Taipei,25.0504,121.5324,10,"Taiwan Mobile Co., Ltd.",24158
2024-11-26 11:39:50.961714 UTC,2024,19:39:50,ndt-lgd9r_1732584141_000000000001F40C,Download,121.466999045323,22.14,8.3069313670045125e-05,Taipei City,Taipei,25.0504,121.5324,50,"Far EastTone Telecommunication Co., Ltd.",9674
2024-11-26 11:33:29.354601 UTC,2024,19:33:29,ndt-virtual-dtpj2_1732499076_0000000000026D26,Download,6.0656289387163076,21.436,0.00018445479753141118,Taipei City,Taipei,25.0504,121.5324,50,"Far EastTone Telecommunication Co., Ltd.",9674
2024-11-26 11:30:28.256735 UTC,2024,19:30:28,ndt-qq7zn_1727470042_0000000000422AD8,Download,9.7470161747461734,24.964,0.0024496002852567645,Taipei City,Taipei,25.0504,121.5324,5,Mobile Business Group,17421
2024-11-26 11:26:56.908072 UTC,2024,19:26:56,ndt-qq7zn_1727470042_000000000041EE47,Download,227.113490341816,22.015,0.0,Taipei City,Taipei,25.0504,121.5324,10,"Taiwan Mobile Co., Ltd.",24158
2024-11-26 11:18:04.610813 UTC,2024,19:18:04,ndt-784nm_1727314615_000000000043184F,Download,130.95933500499854,24.994,0.0,Taipei City,Taipei,25.0504,121.5324,10,"Taiwan Mobile Co., Ltd.",24158
2024-11-26 11:15:01.620732 UTC,2024,19:15:01,ndt-qq7zn_1727470042_00000000004249F0,Download,147.2481586034005,26.885,0.0,Taipei City,Taipei,25.0504,121.5324,10,"Taiwan Mobile Co., Ltd.",24158
2024-11-26 10:55:27.924717 UTC,2024,18:55:27,ndt-virtual-dtpj2_1732499076_0000000000025B6F,Download,41.070212020966927,19.626,0.0,Taipei City,Taipei,25.0504,121.5324,20,"Far EastTone Telecommunication Co., Ltd.",18412
2024-11-26 10:52:05.076362 UTC,2024,18:52:05,ndt-2zr2h_1727264798_000000000042EB5B,Download,8.4732327696494618,119.387,0.0015413445637710262,Taipei City,Taipei,25.0504,121.5324,50,"Far EastTone Telecommunication Co., Ltd.",9674
2024-11-26 10:50:28.545199 UTC,2024,18:50:28,ndt-784nm_1727314615_000000000043F37F,Download,2.1386105108974394,146.823,0.004366524400146502,Taipei City,Taipei,25.0504,121.5324,50,"Far EastTone Telecommunication Co., Ltd.",9674
2024-11-26 10:43:50.009055 UTC,2024,18:43:50,ndt-2zr2h_1727264798_0000000000427D8F,Download,41.601376437035753,168.515,0.00025852622070813132,Taipei City,Taipei,25.0504,121.5324,100,"Far EastTone Telecommunication Co., Ltd.",9674
2024-11-26 10:32:02.911803 UTC,2024,18:32:02,ndt-2zr2h_1727264798_000000000044126F,Download,389.57045138604872,17.78,0.0,Taipei City,Taipei,25.0504,121.5324,10,"Taiwan Mobile Co., Ltd.",24158
2024-11-26 10:22:11.717299 UTC,2024,18:22:11,ndt-2zr2h_1727264798_00000000004358ED,Download,1.8135468516933948,92.754,0.0014014627714751941,Taipei City,Taipei,25.0504,121.5324,50,"Far EastTone Telecommunication Co., Ltd.",9674
2024-11-26 10:14:14.678308 UTC,2024,18:14:14,ndt-qq7zn_1727470042_000000000041FCE6,Download,11.439038879507887,19.817,0.098526627122639154,Taipei City,Taipei,25.0504,121.5324,10,"Taiwan Mobile Co., Ltd.",24158
2024-11-26 10:10:17.619080 UTC,2024,18:10:17,ndt-2zr2h_1727264798_0000000000429CAB,Download,3.8026977559079982,31.943,0.040351391401263467,Taipei City,Taipei,25.0504,121.5324,10,"Taiwan Mobile Co., Ltd.",24158
2024-11-26 09:58:09.859550 UTC,2024,17:58:09,ndt-qq7zn_1727470042_000000000042655A,Download,20.197500314630627,59.583,0.0,Taipei City,Taipei,25.0504,121.5324,50,"Far EastTone Telecommunication Co., Ltd.",9674
2024-11-26 09:55:14.475307 UTC,2024,17:55:14,ndt-784nm_1727314615_0000000000425C06,Download,5.4222476079677753,29.606,0.0,Taipei City,Taipei,25.0504,121.5324,20,"Far EastTone Telecommunication Co., Ltd.",9674
2024-11-26 09:54:00.880930 UTC,2024,17:54:00,ndt-virtual-dtpj2_1732499076_0000000000026690,Download,9.2113197685875523,34.547,0.00013155826844651549,Taipei City,Taipei,25.0504,121.5324,20,"Far EastTone Telecommunication Co., Ltd.",9674
2024-11-26 09:47:12.626030 UTC,2024,17:47:12,ndt-784nm_1727314615_0000000000425C03,Download,133.9111114888596,49.101,0.00017752356131049303,Taipei City,Taipei,25.0504,121.5324,50,"Far EastTone Telecommunication Co., Ltd.",9674
2024-11-26 09:35:33.615811 UTC,2024,17:35:33,ndt-qq7zn_1727470042_000000000042C54D,Download,110.81672267594332,23.907,0.0,Taipei City,Taipei,25.0504,121.5324,10,"Taiwan Mobile Co., Ltd.",24158
2024-11-26 09:25:24.322990 UTC,2024,17:25:24,ndt-784nm_1727314615_0000000000428B5E,Download,1.4591562703926912,20.093,0.0016513106406038679,Taipei City,Taipei,25.0504,121.5324,100,"Far EastTone Telecommunication Co., Ltd.",9674
2024-11-26 08:48:37.068262 UTC,2024,16:48:37,ndt-2zr2h_1727264798_0000000000428C94,Download,66.301976093598427,22.091,0.0,Taipei City,Taipei,25.0504,121.5324,5,Mobile Business Group,17421
2024-11-26 08:48:16.442197 UTC,2024,16:48:16,ndt-2zr2h_1727264798_0000000000441204,Download,351.27855292382861,15.403,0.0,Taipei City,Taipei,25.0504,121.5324,5,Mobile Business Group,17421
2024-11-26 08:47:15.298242 UTC,2024,16:47:15,ndt-2zr2h_1727264798_000000000041FF54,Download,55.001967914986075,21.775,0.0,Taipei City,Taipei,25.0504,121.5324,5,Mobile Business Group,17421
2024-11-26 08:43:06.594614 UTC,2024,16:43:06,ndt-2zr2h_1727264798_0000000000427CEE,Download,57.410395651357874,22.122,0.0,Taipei City,Taipei,25.0504,121.5324,100,"Far EastTone Telecommunication Co., Ltd.",9674
2024-11-26 08:39:02.771109 UTC,2024,16:39:02,ndt-2zr2h_1727264798_000000000042EAC0,Download,6.7614193273733507,23.87,0.0001746991791463009,Taipei City,Taipei,25.0504,121.5324,5,Mobile Business Group,17421
2024-11-26 08:37:38.827910 UTC,2024,16:37:38,ndt-virtual-dtpj2_1732499076_0000000000023E4E,Download,116.2608333670816,27.95,1.8920732775988707e-05,Taipei City,Taipei,25.0504,121.5324,50,"Far EastTone Telecommunication Co., Ltd.",9674
2024-11-26 08:37:15.702127 UTC,2024,16:37:15,ndt-qq7zn_1727470042_00000000004286A9,Download,36.062000078594522,34.62,0.0,Taipei City,Taipei,25.0504,121.5324,10,"Taiwan Mobile Co., Ltd.",24158
2024-11-26 08:28:42.990988 UTC,2024,16:28:42,ndt-virtual-dtpj2_1732499076_000000000002513F,Download,37.018258215156763,22.0,0.0,Taipei City,Taipei,25.0504,121.5324,10,"Taiwan Mobile Co., Ltd.",24158
2024-11-26 08:26:10.255434 UTC,2024,16:26:10,ndt-2zr2h_1727264798_0000000000426D8C,Download,176.37835973108352,18.72,0.0,Taipei City,Taipei,25.0504,121.5324,5,Mobile Business Group,17421
2024-11-26 08:25:47.792946 UTC,2024,16:25:47,ndt-virtual-lfttb_1732492933_000000000002DDB0,Download,0.19645938920496969,104.0,0.35050550797224034,Taipei City,Taipei,25.0504,121.5324,5,"Taiwan Mobile Co., Ltd.",24158
2024-11-26 08:19:20.688206 UTC,2024,16:19:20,ndt-2zr2h_1727264798_0000000000427CCE,Download,0.3541288654539389,146.104,0.39388706023169323,Taipei City,Taipei,25.0504,121.5324,100,"Far EastTone Telecommunication Co., Ltd.",9674
2024-11-26 08:12:43.438004 UTC,2024,16:12:43,ndt-2zr2h_1727264798_0000000000427CC1,Download,83.815273269663123,22.951,0.0,Taipei City,Taipei,25.0504,121.5324,500,Taiwan Star Telecom Corporation Limited.(Former Vibo Telecom Inc.),24157
2024-11-26 08:10:29.203721 UTC,2024,16:10:29,ndt-virtual-dtpj2_1732499076_0000000000023C2E,Download,31.365533673094241,15.107,0.0,Taipei City,Taipei,25.0504,121.5324,10,"Taiwan Mobile Co., Ltd.",24158
2024-11-26 08:10:22.536477 UTC,2024,16:10:22,ndt-sbjxz_1727258399_000000000048151E,Download,9.7401440477479611,299.688,0.011825544790917701,Taipei City,Taipei,25.0504,121.5324,10,"Taiwan Mobile Co., Ltd.",24158
2024-11-26 08:10:13.595944 UTC,2024,16:10:13,ndt-virtual-dtpj2_1732499076_0000000000023C24,Download,29.340583539613068,14.892,0.0,Taipei City,Taipei,25.0504,121.5324,10,"Taiwan Mobile Co., Ltd.",24158
2024-11-26 08:10:03.328548 UTC,2024,16:10:03,ndt-2zr2h_1727264798_000000000041FF24,Download,26.511120121419353,17.145,0.0,Taipei City,Taipei,25.0504,121.5324,10,"Taiwan Mobile Co., Ltd.",24158
2024-11-26 08:09:54.059527 UTC,2024,16:09:54,ndt-qq7zn_1727470042_000000000042867C,Download,29.169751346434875,17.811,0.0,Taipei City,Taipei,25.0504,121.5324,10,"Taiwan Mobile Co., Ltd.",24158
2024-11-26 08:09:40.177389 UTC,2024,16:09:40,ndt-virtual-dtpj2_1732499076_0000000000021FEF,Download,39.745062926025959,15.262,0.0,Taipei City,Taipei,25.0504,121.5324,10,"Taiwan Mobile Co., Ltd.",24158
2024-11-26 08:09:21.790295 UTC,2024,16:09:21,ndt-2zr2h_1727264798_000000000043966A,Download,21.805715427430023,17.105,0.00092098493853870066,Taipei City,Taipei,25.0504,121.5324,10,"Taiwan Mobile Co., Ltd.",24158
2024-11-26 08:09:15.885613 UTC,2024,16:09:15,ndt-qq7zn_1727470042_000000000042F329,Download,17.6703620933679,17.277,0.0,Taipei City,Taipei,25.0504,121.5324,10,"Taiwan Mobile Co., Ltd.",24158
2024-11-26 08:09:07.890904 UTC,2024,16:09:07,ndt-784nm_1727314615_000000000043658E,Download,24.94983758439621,16.962,0.0,Taipei City,Taipei,25.0504,121.5324,10,"Taiwan Mobile Co., Ltd.",24158
2024-11-26 08:08:58.874040 UTC,2024,16:08:58,ndt-2zr2h_1727264798_0000000000427CC0,Download,29.380878142768619,17.214,0.0,Taipei City,Taipei,25.0504,121.5324,10,"Taiwan Mobile Co., Ltd.",24158
2024-11-26 08:08:46.547609 UTC,2024,16:08:46,ndt-784nm_1727314615_000000000043C662,Download,25.264905677993248,16.443,0.0,Taipei City,Taipei,25.0504,121.5324,10,"Taiwan Mobile Co., Ltd.",24158
2024-11-26 08:08:39.483837 UTC,2024,16:08:39,ndt-virtual-dtpj2_1732499076_00000000000241DE,Download,25.295366330076007,15.312,0.0,Taipei City,Taipei,25.0504,121.5324,10,"Taiwan Mobile Co., Ltd.",24158
2024-11-26 08:08:25.008728 UTC,2024,16:08:25,ndt-784nm_1727314615_00000000004423A0,Download,25.513804641079332,16.428,0.0,Taipei City,Taipei,25.0504,121.5324,10,"Taiwan Mobile Co., Ltd.",24158
2024-11-26 08:08:11.024321 UTC,2024,16:08:11,ndt-784nm_1727314615_000000000043F2D3,Download,21.063774878727738,17.359,0.0,Taipei City,Taipei,25.0504,121.5324,10,"Taiwan Mobile Co., Ltd.",24158
2024-11-26 08:07:54.973059 UTC,2024,16:07:54,ndt-784nm_1727314615_000000000043B39A,Download,29.042449591549321,17.286,0.0,Taipei City,Taipei,25.0504,121.5324,10,"Taiwan Mobile Co., Ltd.",24158
2024-11-26 08:07:38.835507 UTC,2024,16:07:38,ndt-784nm_1727314615_0000000000422C7D,Download,24.450285888944187,17.654,0.0,Taipei City,Taipei,25.0504,121.5324,10,"Taiwan Mobile Co., Ltd.",24158
2024-11-26 08:07:24.167354 UTC,2024,16:07:24,ndt-784nm_1727314615_0000000000422C7B,Download,27.760192235963046,17.323,0.0,Taipei City,Taipei,25.0504,121.5324,10,"Taiwan Mobile Co., Ltd.",24158
2024-11-26 08:07:10.219460 UTC,2024,16:07:10,ndt-qq7zn_1727470042_0000000000420A73,Download,24.557078211848452,17.167,0.0,Taipei City,Taipei,25.0504,121.5324,10,"Taiwan Mobile Co., Ltd.",24158
2024-11-26 08:06:54.294973 UTC,2024,16:06:54,ndt-784nm_1727314615_000000000041BFF3,Download,22.033270855073265,17.019,0.0,Taipei City,Taipei,25.0504,121.5324,10,"Taiwan Mobile Co., Ltd.",24158
2024-11-26 08:06:45.150271 UTC,2024,16:06:45,ndt-qq7zn_1727470042_000000000041BFCF,Download,23.636994432789834,47.082,0.0,Taipei City,Taipei,25.0504,121.5324,10,"Taiwan Mobile Co., Ltd.",24158
2024-11-26 08:06:35.419466 UTC,2024,16:06:35,ndt-virtual-dtpj2_1732499076_0000000000022F56,Download,23.684917290114154,14.769,0.0,Taipei City,Taipei,25.0504,121.5324,10,"Taiwan Mobile Co., Ltd.",24158
2024-11-26 08:06:26.506524 UTC,2024,16:06:26,ndt-virtual-dtpj2_1732499076_0000000000021FB5,Download,22.608914599717348,15.15,0.0,Taipei City,Taipei,25.0504,121.5324,10,"Taiwan Mobile Co., Ltd.",24158
2024-11-26 08:06:12.398106 UTC,2024,16:06:12,ndt-784nm_1727314615_0000000000428B03,Download,33.116156715814952,17.53,0.0,Taipei City,Taipei,25.0504,121.5324,10,"Taiwan Mobile Co., Ltd.",24158
2024-11-26 08:05:55.279186 UTC,2024,16:05:55,ndt-qq7zn_1727470042_0000000000420A6F,Download,30.524793764463787,17.997,0.0,Taipei City,Taipei,25.0504,121.5324,10,"Taiwan Mobile Co., Ltd.",24158
2024-11-26 08:05:12.402866 UTC,2024,16:05:12,ndt-784nm_1727314615_0000000000422C73,Download,23.021573425089862,16.906,0.0,Taipei City,Taipei,25.0504,121.5324,10,"Taiwan Mobile Co., Ltd.",24158
2024-11-26 08:04:46.588500 UTC,2024,16:04:46,ndt-qq7zn_1727470042_000000000041ED18,Download,28.04830959899553,17.713,0.0,Taipei City,Taipei,25.0504,121.5324,10,"Taiwan Mobile Co., Ltd.",24158
2024-11-26 08:00:50.127605 UTC,2024,16:00:50,ndt-qq7zn_1727470042_0000000000424895,Download,60.003788336734779,24.86,0.0,Taipei City,Taipei,25.0504,121.5324,10,"Taiwan Mobile Co., Ltd.",24158
2024-11-26 07:53:41.518171 UTC,2024,15:53:41,ndt-qq7zn_1727470042_000000000042E27C,Download,14.602937277520134,26.277,0.0013329062059664915,Taipei City,Taipei,25.0504,121.5324,5,Mobile Business Group,17421
2024-11-26 07:52:38.573186 UTC,2024,15:52:38,ndt-virtual-dtpj2_1732499076_000000000002409B,Download,14.352990391449945,20.012,0.0,Taipei City,Taipei,25.0504,121.5324,20,Taiwan Star Telecom Corporation Limited.(Former Vibo Telecom Inc.),24157
2024-11-26 07:51:12.310410 UTC,2024,15:51:12,ndt-784nm_1727314615_000000000041BFDC,Download,29.65871228093722,20.704,1.1990210072706098e-05,Taipei City,Taipei,25.0504,121.5324,10,"Taiwan Mobile Co., Ltd.",24158
2024-11-26 07:49:56.308658 UTC,2024,15:49:56,ndt-2zr2h_1727264798_000000000043683E,Download,71.658109442310874,17.962,0.0,Taipei City,Taipei,25.0504,121.5324,10,"Taiwan Mobile Co., Ltd.",24158
2024-11-26 07:48:57.084652 UTC,2024,15:48:57,ndt-2zr2h_1727264798_0000000000431D8A,Download,12.737549707043412,21.37,0.0,Taipei City,Taipei,25.0504,121.5324,10,"Taiwan Mobile Co., Ltd.",24158
2024-11-26 07:43:11.058607 UTC,2024,15:43:11,ndt-virtual-dtpj2_1732499076_0000000000020FAC,Download,16.237775811521757,16.862,0.0,Taipei City,Taipei,25.0504,121.5324,20,Taiwan Star Telecom Corporation Limited.(Former Vibo Telecom Inc.),24157
2024-11-26 07:42:48.185765 UTC,2024,15:42:48,ndt-virtual-dtpj2_1732499076_0000000000021DB8,Download,25.753334166814465,21.143,0.0,Taipei City,Taipei,25.0504,121.5324,5,"Taiwan Mobile Co., Ltd.",24158
2024-11-26 07:42:02.764668 UTC,2024,15:42:02,ndt-virtual-dtpj2_1732499076_0000000000022D31,Download,46.6883307805023,22.133,0.00011924296570670546,Taipei City,Taipei,25.0504,121.5324,10,"Taiwan Mobile Co., Ltd.",24158
2024-11-26 07:41:46.815720 UTC,2024,15:41:46,ndt-784nm_1727314615_000000000041BFD2,Download,2.8631389380585444,30.292,0.0,Taipei City,Taipei,25.0504,121.5324,5,"Taiwan Mobile Co., Ltd.",24158
2024-11-26 07:41:16.507753 UTC,2024,15:41:16,ndt-qq7zn_1727470042_000000000041AF59,Download,38.8497331798713,24.387,0.0,Taipei City,Taipei,25.0504,121.5324,5,Mobile Business Group,17421
2024-11-26 07:28:46.864900 UTC,2024,15:28:46,ndt-784nm_1727314615_000000000042AA2B,Download,3.6630523534952757,62.0,0.13537400757717963,Taipei City,Taipei,25.0504,121.5324,50,"Far EastTone Telecommunication Co., Ltd.",9674
2024-11-26 07:26:47.003473 UTC,2024,15:26:47,ndt-qq7zn_1727470042_000000000042A5BF,Download,24.483205300072196,25.827,0.0,Taipei City,Taipei,25.0504,121.5324,500,Taiwan Star Telecom Corporation Limited.(Former Vibo Telecom Inc.),24157
2024-11-26 07:22:23.209955 UTC,2024,15:22:23,ndt-qq7zn_1727470042_00000000004311E2,Download,22.910384266855072,17.698,0.0,Taipei City,Taipei,25.0504,121.5324,10,"Taiwan Mobile Co., Ltd.",24158
2024-11-26 07:12:18.651179 UTC,2024,15:12:18,ndt-virtual-dtpj2_1732499076_00000000000237A7,Download,47.173588224983284,14.829,0.080421627624636227,Taipei City,Taipei,25.0504,121.5324,10,"Taiwan Mobile Co., Ltd.",24158
2024-11-26 07:10:47.341937 UTC,2024,15:10:47,ndt-784nm_1727314615_000000000043F28C,Download,8.503621371718328,23.837,0.0,Taipei City,Taipei,25.0504,121.5324,5,Mobile Business Group,17421
2024-11-26 07:09:17.027354 UTC,2024,15:09:17,ndt-qq7zn_1727470042_0000000000422930,Download,52.852529096898856,29.657,0.0,Taipei City,Taipei,25.0504,121.5324,5,Mobile Business Group,17421
2024-11-26 07:08:19.218710 UTC,2024,15:08:19,ndt-2zr2h_1727264798_0000000000437820,Download,23.65482732295164,60.335,0.0,Taipei City,Taipei,25.0504,121.5324,10,"Taiwan Mobile Co., Ltd.",24158
2024-11-26 07:06:35.606691 UTC,2024,15:06:35,ndt-2zr2h_1727264798_0000000000435820,Download,22.659964667409771,23.257,0.10643628862334382,Taipei City,Taipei,25.0504,121.5324,5,Mobile Business Group,17421
2024-11-26 07:06:29.076179 UTC,2024,15:06:29,ndt-qq7zn_1727470042_000000000041AF1D,Download,4.9423938726472771,20.848,0.0,Taipei City,Taipei,25.0504,121.5324,10,"Taiwan Mobile Co., Ltd.",24158
2024-11-26 07:06:08.313411 UTC,2024,15:06:08,ndt-qq7zn_1727470042_000000000042A595,Download,3.5474947182080987,24.095,0.0,Taipei City,Taipei,25.0504,121.5324,10,"Taiwan Mobile Co., Ltd.",24158
2024-11-26 07:04:41.410349 UTC,2024,15:04:41,ndt-qq7zn_1727470042_0000000000428609,Download,55.629901021621968,23.666,0.012048181534827883,Taipei City,Taipei,25.0504,121.5324,5,Mobile Business Group,17421
2024-11-26 07:03:23.738027 UTC,2024,15:03:23,ndt-2zr2h_1727264798_000000000043961B,Download,51.668692442302692,22.009,0.0,Taipei City,Taipei,25.0504,121.5324,5,Mobile Business Group,17421
2024-11-26 07:02:41.313563 UTC,2024,15:02:41,ndt-2zr2h_1727264798_0000000000427C71,Download,43.125412742304988,24.886,2.6880951299927822e-05,Taipei City,Taipei,25.0504,121.5324,5,Mobile Business Group,17421
2024-11-26 06:57:42.569026 UTC,2024,14:57:42,ndt-qq7zn_1727470042_000000000042A589,Download,46.444731498545785,25.724,0.0,Taipei City,Taipei,25.0504,121.5324,10,"Taiwan Mobile Co., Ltd.",24158
2024-11-26 06:25:10.901893 UTC,2024,14:25:10,ndt-784nm_1727314615_000000000044416D,Download,36.711107667736911,31.967,0.014343190749377035,Taipei City,Taipei,25.0504,121.5324,10,"Taiwan Mobile Co., Ltd.",24158
2024-11-26 06:06:17.021520 UTC,2024,14:06:17,ndt-2zr2h_1727264798_000000000041FE7E,Download,66.9178988191385,26.454,0.0,Taipei City,Taipei,25.0504,121.5324,10,"Taiwan Mobile Co., Ltd.",24158
2024-11-26 06:03:52.944141 UTC,2024,14:03:52,ndt-lgd9r_1732584141_000000000000F1BC,Download,55.334521655139945,301.983,0.0,Taipei City,Taipei,25.0504,121.5324,5,Mobile Business Group,17421
2024-11-26 05:54:06.510797 UTC,2024,13:54:06,ndt-784nm_1727314615_0000000000432CC5,Download,39.337615865376627,27.09,0.0,Taipei City,Taipei,25.0504,121.5324,10,"Taiwan Mobile Co., Ltd.",24158
2024-11-26 05:52:41.499419 UTC,2024,13:52:41,ndt-2zr2h_1727264798_0000000000427C36,Download,28.910359607087589,18.714,0.0,Taipei City,Taipei,25.0504,121.5324,10,"Taiwan Mobile Co., Ltd.",24158
2024-11-26 05:50:09.912104 UTC,2024,13:50:09,ndt-qq7zn_1727470042_0000000000424792,Download,8.43998220707087,16.999,0.0,Taipei City,Taipei,25.0504,121.5324,10,"Taiwan Mobile Co., Ltd.",24158
2024-11-26 05:49:43.993006 UTC,2024,13:49:43,ndt-784nm_1727314615_000000000044410C,Download,11.33972257357766,17.953,0.0,Taipei City,Taipei,25.0504,121.5324,10,"Taiwan Mobile Co., Ltd.",24158
2024-11-26 05:36:01.587559 UTC,2024,13:36:01,ndt-virtual-dtpj2_1732499076_0000000000020726,Download,10.751911051888577,25.392,0.0,Taipei City,Taipei,25.0504,121.5324,10,"Taiwan Mobile Co., Ltd.",24158
2024-11-26 05:25:32.673528 UTC,2024,13:25:32,ndt-qq7zn_1727470042_000000000042C35A,Download,5.6877014358445486,47.079,0.0,Taipei City,Taipei,25.0504,121.5324,5,Mobile Business Group,17421
2024-11-26 05:23:18.233348 UTC,2024,13:23:18,ndt-qq7zn_1727470042_000000000042C355,Download,352.46860004798981,47.326,0.0,Taipei City,Taipei,25.0504,121.5324,50,"Far EastTone Telecommunication Co., Ltd.",9674
2024-11-26 05:08:35.370122 UTC,2024,13:08:35,ndt-784nm_1727314615_000000000044016D,Download,9.0083171699556921,47.884,0.0010904825614427359,Taipei City,Taipei,25.0504,121.5324,100,"Far EastTone Telecommunication Co., Ltd.",9674
2024-11-26 05:08:05.887795 UTC,2024,13:08:05,ndt-784nm_1727314615_0000000000435503,Download,8.717062693730627,54.773,0.0012820109976433621,Taipei City,Taipei,25.0504,121.5324,100,"Far EastTone Telecommunication Co., Ltd.",9674
2024-11-26 05:04:15.935080 UTC,2024,13:04:15,ndt-784nm_1727314615_0000000000422BAC,Download,85.3784317889758,16.766,0.0,Taipei City,Taipei,25.0504,121.5324,10,"Taiwan Mobile Co., Ltd.",24158
2024-11-26 05:00:24.247111 UTC,2024,13:00:24,ndt-virtual-dtpj2_1732499076_000000000002229F,Download,0.57717363585079173,19.208,0.0,Taipei City,Taipei,25.0504,121.5324,5,Mobile Business Group,17421
2024-11-26 04:52:52.735855 UTC,2024,12:52:52,ndt-virtual-656vp_1732502072_000000000001B952,Download,238.92450340447243,28.966,0.061082121359629059,Taipei City,Taipei,25.0504,121.5324,100,"Far EastTone Telecommunication Co., Ltd.",9674
2024-11-26 04:52:14.737353 UTC,2024,12:52:14,ndt-2zr2h_1727264798_000000000042AE93,Download,187.64359744053624,42.353,0.02630545891710831,Taipei City,Taipei,25.0504,121.5324,100,"Far EastTone Telecommunication Co., Ltd.",9674
2024-11-26 04:50:09.603122 UTC,2024,12:50:09,ndt-qq7zn_1727470042_000000000042C313,Download,42.277387257878331,22.888,0.0,Taipei City,Taipei,25.0504,121.5324,5,Mobile Business Group,17421
2024-11-26 04:47:10.313249 UTC,2024,12:47:10,ndt-qq7zn_1727470042_00000000004284EF,Download,24.2140221826761,36.218,3.9896672901512619e-05,Taipei City,Taipei,25.0504,121.5324,5,Mobile Business Group,17421
2024-11-26 04:41:58.412370 UTC,2024,12:41:58,ndt-2zr2h_1727264798_000000000043958D,Download,30.1719916166624,25.209,3.7975050706396264e-05,Taipei City,Taipei,25.0504,121.5324,10,"Taiwan Mobile Co., Ltd.",24158
2024-11-26 04:39:50.202775 UTC,2024,12:39:50,ndt-qq7zn_1727470042_000000000041EB75,Download,25.212338038206163,18.972,0.0,Taipei City,Taipei,25.0504,121.5324,100,"Taiwan Mobile Co., Ltd.",24158
2024-11-26 04:36:59.590959 UTC,2024,12:36:59,ndt-2zr2h_1727264798_00000000004410FF,Download,66.642007536278356,24.143,0.0,Taipei City,Taipei,25.0504,121.5324,10,"Taiwan Mobile Co., Ltd.",24158
2024-11-26 04:36:45.357700 UTC,2024,12:36:45,ndt-qq7zn_1727470042_000000000041FA42,Download,215.04340489903416,23.36,0.0,Taipei City,Taipei,25.0504,121.5324,5,Mobile Business Group,17421
2024-11-26 04:25:02.200186 UTC,2024,12:25:02,ndt-qq7zn_1727470042_000000000041EB4F,Download,15.116768494204335,16.398,0.00023027814855685241,Taipei City,Taipei,25.0504,121.5324,10,"Taiwan Mobile Co., Ltd.",24158
2024-11-26 04:20:00.249488 UTC,2024,12:20:00,ndt-virtual-dtpj2_1732499076_0000000000020190,Download,23.853540704937057,17.936,0.06242642697849439,Taipei City,Taipei,25.0504,121.5324,10,"Taiwan Mobile Co., Ltd.",24158
2024-11-26 04:11:12.877677 UTC,2024,12:11:12,ndt-qq7zn_1727470042_0000000000431079,Download,152.52950944268457,55.793,0.055299296294968124,Taipei City,Taipei,25.0504,121.5324,50,"Far EastTone Telecommunication Co., Ltd.",9674
2024-11-26 04:10:45.656049 UTC,2024,12:10:45,ndt-2zr2h_1727264798_0000000000426C69,Download,149.38468159345857,55.951,0.088981497732597947,Taipei City,Taipei,25.0504,121.5324,50,"Far EastTone Telecommunication Co., Ltd.",9674
2024-11-26 04:07:24.731265 UTC,2024,12:07:24,ndt-784nm_1727314615_000000000041BED0,Download,12.891890647482015,28.445,0.0002671369558807886,Taipei City,Taipei,25.0504,121.5324,100,"Far EastTone Telecommunication Co., Ltd.",9674
2024-11-26 04:05:40.498362 UTC,2024,12:05:40,ndt-784nm_1727314615_000000000043D251,Download,50.313772089875911,24.164,6.8327610633789557e-05,Taipei City,Taipei,25.0504,121.5324,10,"Taiwan Mobile Co., Ltd.",24158