TestTime,DataYear,LocalTime,UUID,Direction,MeanThroughputMbps,MinRTT,LossRate,Subdivision1Name,City,Latitude,Longitude,AccuracyRadiusKm,ASName,ASNumber
2026-01-29 03:48:06.956732 UTC,2026,11:48:06,ndt-ffzkn_1768243520_0000000000115E98,Download,24.072644688647756,26.657,0.0,Taipei City,Taipei,25.053,121.5259,20,"Far EastTone Telecommunication Co., Ltd.",9674
2026-01-29 03:43:23.872380 UTC,2026,11:43:23,ndt-dws54_1768456405_0000000000103605,Download,11.907515544414736,163.265,0.057971507286980216,Taipei City,Taipei,25.053,121.5259,5,Mobile Business Group,17421
2026-01-29 03:41:03.957558 UTC,2026,11:41:03,ndt-ffzkn_1768243520_000000000010FA90,Download,30.738548515544178,22.505,0.024548689762614824,Taipei City,Taipei,25.053,121.5259,100,"Far EastTone Telecommunication Co., Ltd.",18412
2026-01-29 03:40:14.668265 UTC,2026,11:40:14,ndt-dws54_1768456405_000000000010B212,Download,61.445919209341646,22.424,0.00024851091184723343,Taipei City,Taipei,25.053,121.5259,5,"Taiwan Mobile Co., Ltd.",24158
2026-01-29 03:34:38.948976 UTC,2026,11:34:38,ndt-dws54_1768456405_00000000000F5B32,Download,77.849787095078639,26.825,2.9357257387451613e-05,Taipei City,Taipei,25.053,121.5259,100,"Far EastTone Telecommunication Co., Ltd.",9674
2026-01-29 03:32:51.343559 UTC,2026,11:32:51,ndt-vh7vp_1768330240_000000000011D00F,Download,65.0161139775845,24.911,0.0,Taipei City,Taipei,25.053,121.5259,5,"Taiwan Mobile Co., Ltd.",24158
2026-01-29 03:31:24.290313 UTC,2026,11:31:24,ndt-dws54_1768456405_000000000010B204,Download,4.5213644951167993,24.12,0.00056396785542088285,Taipei City,Taipei,25.053,121.5259,100,"Far EastTone Telecommunication Co., Ltd.",9674
2026-01-29 03:28:51.956621 UTC,2026,11:28:51,ndt-dws54_1768456405_0000000000100726,Download,83.015553420488089,29.545,1.370329570403215e-05,Taipei City,Taipei,25.053,121.5259,20,"Far EastTone Telecommunication Co., Ltd.",9674
2026-01-29 03:28:22.643216 UTC,2026,11:28:22,ndt-ffzkn_1768243520_000000000012A24D,Download,13.58747449372763,26.976,0.00016505537330370351,Taipei City,Taipei,25.053,121.5259,20,"Far EastTone Telecommunication Co., Ltd.",9674
2026-01-29 03:23:22.719677 UTC,2026,11:23:22,ndt-dws54_1768456405_00000000001015F0,Download,3.16354957554978,33.0,0.31881831821104523,Taipei City,Taipei,25.053,121.5259,20,"Far EastTone Telecommunication Co., Ltd.",9674
2026-01-29 03:16:13.152753 UTC,2026,11:16:13,ndt-vh7vp_1768330240_00000000001132CE,Download,22.746415882967607,36.017,0.0,Taipei City,Taipei,25.053,121.5259,50,"Far EastTone Telecommunication Co., Ltd.",9674
2026-01-29 03:02:34.767575 UTC,2026,11:02:34,ndt-ffzkn_1768243520_0000000000118B43,Download,33.146074733912975,26.668,0.0,Taipei City,Taipei,25.053,121.5259,5,"Taiwan Mobile Co., Ltd.",24158
2026-01-29 03:02:05.936017 UTC,2026,11:02:05,ndt-ffzkn_1768243520_000000000012047A,Download,141.93570800626185,15.673,0.00016355244606447016,Taipei City,Taipei,25.053,121.5259,5,"Far EastTone Telecommunication Co., Ltd.",9674
2026-01-29 03:01:34.048111 UTC,2026,11:01:34,ndt-ffzkn_1768243520_000000000012C1B6,Download,256.11147629635764,16.84,8.8773966527036142e-06,Taipei City,Taipei,25.053,121.5259,5,"Far EastTone Telecommunication Co., Ltd.",9674
2026-01-29 03:00:49.773108 UTC,2026,11:00:49,ndt-ffzkn_1768243520_0000000000113EF1,Download,113.07015403285045,16.996,9.0061372915414183e-05,Taipei City,Taipei,25.053,121.5259,5,"Far EastTone Telecommunication Co., Ltd.",9674
2026-01-29 03:00:19.175297 UTC,2026,11:00:19,ndt-vh7vp_1768330240_000000000011514F,Download,130.03456633213966,15.494,0.0,Taipei City,Taipei,25.053,121.5259,5,"Far EastTone Telecommunication Co., Ltd.",9674
2026-01-29 02:59:12.924377 UTC,2026,10:59:12,ndt-ffzkn_1768243520_000000000011E4FC,Download,88.448701165924,25.497,3.8804975594985619e-05,Taipei City,Taipei,25.053,121.5259,5,"Far EastTone Telecommunication Co., Ltd.",9674
2026-01-29 02:57:33.553411 UTC,2026,10:57:33,ndt-ffzkn_1768243520_0000000000129261,Download,70.638568067214322,25.234,3.3125605475987346e-05,Taipei City,Taipei,25.053,121.5259,5,"Far EastTone Telecommunication Co., Ltd.",9674
2026-01-29 02:56:26.254498 UTC,2026,10:56:26,ndt-dws54_1768456405_000000000010A254,Download,66.545392245597583,27.133,3.5258975446271716e-05,Taipei City,Taipei,25.053,121.5259,100,"Far EastTone Telecommunication Co., Ltd.",9674
2026-01-29 02:50:05.496996 UTC,2026,10:50:05,ndt-vh7vp_1768330240_000000000011062E,Download,31.323671361820885,22.821,0.0,Taipei City,Taipei,25.053,121.5259,5,Mobile Business Group,17421
2026-01-29 02:49:20.164843 UTC,2026,10:49:20,ndt-ffzkn_1768243520_000000000012D134,Download,347.72164014947612,16.933,0.0,Taipei City,Taipei,25.053,121.5259,5,"Far EastTone Telecommunication Co., Ltd.",9674
2026-01-29 02:48:35.265072 UTC,2026,10:48:35,ndt-dws54_1768456405_00000000000F9A66,Download,189.40372684598779,15.4,1.2128629517863535e-05,Taipei City,Taipei,25.053,121.5259,5,"Far EastTone Telecommunication Co., Ltd.",9674
2026-01-29 02:48:06.283069 UTC,2026,10:48:06,ndt-ffzkn_1768243520_000000000012C1A8,Download,58.136111448739562,17.191,0.00017589755656231465,Taipei City,Taipei,25.053,121.5259,5,"Far EastTone Telecommunication Co., Ltd.",9674
2026-01-29 02:47:04.236439 UTC,2026,10:47:04,ndt-dws54_1768456405_00000000001072F8,Download,77.750292669839865,22.699,1.9621376156393462e-05,Taipei City,Taipei,25.053,121.5259,5,"Far EastTone Telecommunication Co., Ltd.",9674
2026-01-29 02:43:27.090579 UTC,2026,10:43:27,ndt-vh7vp_1768330240_0000000000104F05,Download,53.299949659367137,12.557,0.070656400663525853,Taipei City,Taipei,25.053,121.5259,5,Mobile Business Group,17421
2026-01-29 02:40:55.484918 UTC,2026,10:40:55,ndt-dws54_1768456405_000000000010C149,Download,96.840900636992615,155.232,1.1449302592351414e-05,Taipei City,Taipei,25.053,121.5259,5,Mobile Business Group,17421
2026-01-29 02:35:10.464161 UTC,2026,10:35:10,ndt-dws54_1768456405_00000000000EFDD7,Download,89.134033234884583,148.607,0.0,Taipei City,Taipei,25.053,121.5259,5,Mobile Business Group,17421
2026-01-29 02:32:33.304630 UTC,2026,10:32:33,ndt-ffzkn_1768243520_000000000012D122,Download,109.03466395314861,157.778,0.0,Taipei City,Taipei,25.053,121.5259,5,Mobile Business Group,17421
2026-01-29 02:31:37.506243 UTC,2026,10:31:37,ndt-vh7vp_1768330240_0000000000104EF5,Download,111.19380314197379,156.997,0.0,Taipei City,Taipei,25.053,121.5259,5,Mobile Business Group,17421
2026-01-29 02:27:44.495706 UTC,2026,10:27:44,ndt-vh7vp_1768330240_0000000000109B73,Download,16.091943686275812,24.742,0.00094578566597154114,Taipei City,Taipei,25.053,121.5259,100,"Far EastTone Telecommunication Co., Ltd.",9674
2026-01-29 02:15:59.112365 UTC,2026,10:15:59,ndt-vh7vp_1768330240_00000000001150FD,Download,376.59280636949387,14.996,0.0,Taipei City,Taipei,25.053,121.5259,5,"Taiwan Mobile Co., Ltd.",24158
2026-01-29 02:14:21.064245 UTC,2026,10:14:21,ndt-ffzkn_1768243520_000000000012B1E7,Download,233.32555452422827,22.962,0.0,Taipei City,Taipei,25.053,121.5259,100,"Far EastTone Telecommunication Co., Ltd.",9674
2026-01-29 02:13:25.000515 UTC,2026,10:13:25,ndt-vh7vp_1768330240_0000000000101FA5,Download,3.9106669985175926,30.65,0.0,Taipei City,Taipei,25.053,121.5259,100,"Far EastTone Telecommunication Co., Ltd.",9674
2026-01-29 02:09:09.375364 UTC,2026,10:09:09,ndt-vh7vp_1768330240_0000000000113263,Download,12.12848728157554,148.903,0.00013444760588965686,Taipei City,Taipei,25.053,121.5259,5,Mobile Business Group,17421
2026-01-29 02:08:20.032884 UTC,2026,10:08:20,ndt-ffzkn_1768243520_0000000000121430,Download,102.06916051091736,30.277,0.00016593046706242658,Taipei City,Taipei,25.053,121.5259,100,"Far EastTone Telecommunication Co., Ltd.",9674
2026-01-29 02:07:31.087073 UTC,2026,10:07:31,ndt-dws54_1768456405_0000000000104493,Download,316.70885468402184,18.521,0.0,Taipei City,Taipei,25.053,121.5259,5,"Taiwan Mobile Co., Ltd.",24158
2026-01-29 02:06:29.285334 UTC,2026,10:06:29,ndt-ffzkn_1768243520_0000000000125316,Download,277.71495336538175,24.359,0.0,Taipei City,Taipei,25.053,121.5259,5,"Taiwan Mobile Co., Ltd.",24158
2026-01-29 02:04:20.425341 UTC,2026,10:04:20,ndt-dws54_1768456405_00000000000FAB3C,Download,110.15246709768171,152.129,0.00048955789351633769,Taipei City,Taipei,25.053,121.5259,5,Mobile Business Group,17421
2026-01-29 02:03:37.255476 UTC,2026,10:03:37,ndt-dws54_1768456405_00000000000F8A6A,Download,2.0861924917697179,29.0,0.17404091426690627,Taipei City,Taipei,25.053,121.5259,50,"Far EastTone Telecommunication Co., Ltd.",9674
2026-01-29 02:02:59.121746 UTC,2026,10:02:59,ndt-vh7vp_1768330240_0000000000111505,Download,1.5199537840594,44.474,0.0,Taipei City,Taipei,25.053,121.5259,5,"Taiwan Mobile Co., Ltd.",24158
2026-01-29 02:01:15.409817 UTC,2026,10:01:15,ndt-mcnzr_1768477960_000000000011AD84,Download,9.7245012952487428,107.557,0.010189407184504774,Taipei City,Taipei,25.053,121.5259,10,"Far EastTone Telecommunication Co., Ltd.",9674
2026-01-29 01:47:58.858616 UTC,2026,09:47:58,ndt-vh7vp_1768330240_00000000000F6D5C,Download,3.4230166319961355,33.243,0.0001116028845053226,Taipei City,Taipei,25.053,121.5259,100,"Far EastTone Telecommunication Co., Ltd.",9674
2026-01-29 01:47:25.848816 UTC,2026,09:47:25,ndt-ffzkn_1768243520_000000000012E0D4,Download,4.1456640811460037,35.299,0.0,Taipei City,Taipei,25.053,121.5259,100,"Far EastTone Telecommunication Co., Ltd.",9674
2026-01-29 01:43:23.805243 UTC,2026,09:43:23,ndt-dws54_1768456405_00000000000FAB19,Download,39.33009046224344,157.134,0.0,Taipei City,Taipei,25.053,121.5259,5,Mobile Business Group,17421
2026-01-29 01:40:48.465906 UTC,2026,09:40:48,ndt-dws54_1768456405_00000000000FC974,Download,45.790251504346635,29.197,0.0,Taipei City,Taipei,25.053,121.5259,5,"Taiwan Mobile Co., Ltd.",24158
2026-01-29 01:37:46.276534 UTC,2026,09:37:46,ndt-vh7vp_1768330240_00000000000F4EC1,Download,56.99647317615031,22.956,0.0,Taipei City,Taipei,25.053,121.5259,5,"Taiwan Mobile Co., Ltd.",24158
2026-01-29 01:18:08.173750 UTC,2026,09:18:08,ndt-vh7vp_1768330240_0000000000114163,Download,8.5567746932374558,25.093,0.00051886266764836458,Taipei City,Taipei,25.053,121.5259,100,"Far EastTone Telecommunication Co., Ltd.",9674
2026-01-29 01:18:03.937420 UTC,2026,09:18:03,ndt-vh7vp_1768330240_0000000000101F40,Download,2.3420512004800798,27.368,0.0,Taipei City,Taipei,25.053,121.5259,5,Mobile Business Group,17421
2026-01-29 01:07:12.020632 UTC,2026,09:07:12,ndt-ffzkn_1768243520_000000000012722F,Download,4.8182289852114115,24.203,0.10605856729935013,Taipei City,Taipei,25.053,121.5259,20,"Taiwan Mobile Co., Ltd.",24158
2026-01-29 00:57:30.715975 UTC,2026,08:57:30,ndt-dws54_1768456405_00000000000FE85C,Download,11.229758119171239,20.075,0.0057269719409312921,Taipei City,Taipei,25.053,121.5259,20,"Taiwan Mobile Co., Ltd.",24158
2026-01-29 00:55:28.370730 UTC,2026,08:55:28,ndt-dws54_1768456405_00000000000F0D23,Download,60.474773439895152,26.761,0.0930743258487677,Taipei City,Taipei,25.053,121.5259,20,"Far EastTone Telecommunication Co., Ltd.",9674
2026-01-29 00:52:23.565301 UTC,2026,08:52:23,ndt-vh7vp_1768330240_0000000000104E5A,Download,177.48094836357521,27.566,0.0,Taipei City,Taipei,25.053,121.5259,5,"Taiwan Mobile Co., Ltd.",24158
2026-01-29 00:42:25.255694 UTC,2026,08:42:25,ndt-ffzkn_1768243520_000000000012A184,Download,219.74079932112411,17.308,0.0093235505395314229,Taipei City,Taipei,25.053,121.5259,5,"Taiwan Mobile Co., Ltd.",24158
2026-01-29 00:41:30.353679 UTC,2026,08:41:30,ndt-vh7vp_1768330240_000000000011149A,Download,11.016926078067414,24.435,0.0,Taipei City,Taipei,25.053,121.5259,5,"Taiwan Mobile Co., Ltd.",24158
2026-01-29 00:40:44.476172 UTC,2026,08:40:44,ndt-dws54_1768456405_00000000000FAAC6,Download,68.350864280985817,30.46,3.2965626547283694e-05,Taipei City,Taipei,25.053,121.5259,50,"Far EastTone Telecommunication Co., Ltd.",9674
2026-01-29 00:40:41.203566 UTC,2026,08:40:41,ndt-dws54_1768456405_00000000000F3C58,Download,44.244670045989956,161.203,0.0071870348523113622,Taipei City,Taipei,25.053,121.5259,5,Mobile Business Group,17421
2026-01-29 00:40:17.051975 UTC,2026,08:40:17,ndt-ffzkn_1768243520_000000000011F3C0,Download,204.10916620486333,14.991,0.0,Taipei City,Taipei,25.053,121.5259,10,"Far EastTone Telecommunication Co., Ltd.",9674
2026-01-29 00:33:18.511536 UTC,2026,08:33:18,ndt-vh7vp_1768330240_0000000000116042,Download,75.8460505696129,29.272,0.00014737503695986352,Taipei City,Taipei,25.053,121.5259,50,"Far EastTone Telecommunication Co., Ltd.",9674
2026-01-29 00:17:23.603651 UTC,2026,08:17:23,ndt-ffzkn_1768243520_000000000012B15A,Download,275.90737980543895,18.862,0.0028815569800692562,Taipei City,Taipei,25.053,121.5259,5,Mobile Business Group,17421
2026-01-29 00:16:12.178591 UTC,2026,08:16:12,ndt-vh7vp_1768330240_00000000000FBFE3,Download,33.729342112065531,33.0,0.00408027490147032,Taipei City,Taipei,25.053,121.5259,100,"Far EastTone Telecommunication Co., Ltd.",9674
2026-01-29 00:15:38.616126 UTC,2026,08:15:38,ndt-vh7vp_1768330240_00000000000FBFDE,Download,64.604280729870283,30.953,0.00022732395765279417,Taipei City,Taipei,25.053,121.5259,100,"Far EastTone Telecommunication Co., Ltd.",9674
2026-01-29 00:13:16.108808 UTC,2026,08:13:16,ndt-dws54_1768456405_00000000001091A4,Download,47.440358869326552,23.922,0.0,Taipei City,Taipei,25.053,121.5259,50,"Far EastTone Telecommunication Co., Ltd.",9674
2026-01-29 00:03:34.671163 UTC,2026,08:03:34,ndt-ffzkn_1768243520_000000000012A163,Download,23.271793387933137,156.465,0.23879310836549866,Taipei City,Taipei,25.053,121.5259,5,Mobile Business Group,17421
2026-01-28 23:59:43.647011 UTC,2026,07:59:43,ndt-ffzkn_1768243520_0000000000125276,Download,20.691376076148234,20.543,5.4050251813271758e-05,Taipei City,Taipei,25.053,121.5259,100,"Far EastTone Telecommunication Co., Ltd.",9674
2026-01-28 23:42:19.360969 UTC,2026,07:42:19,ndt-ffzkn_1768243520_000000000012A153,Download,114.0138066300119,19.793,0.0,Taipei City,Taipei,25.053,121.5259,5,"Taiwan Mobile Co., Ltd.",24158
2026-01-28 23:37:31.388227 UTC,2026,07:37:31,ndt-dws54_1768456405_00000000001005A3,Download,12.973067125345642,28.998,0.0,Taipei City,Taipei,25.053,121.5259,50,"Far EastTone Telecommunication Co., Ltd.",9674
2026-01-28 23:07:26.411097 UTC,2026,07:07:26,ndt-dws54_1768456405_0000000000109149,Download,7.7602151490267346,160.405,0.12070125894965603,Taipei City,Taipei,25.053,121.5259,5,Mobile Business Group,17421
2026-01-28 22:57:59.110400 UTC,2026,06:57:59,ndt-vh7vp_1768330240_00000000000FDF1E,Download,8.5708784539115168,158.247,0.096795802165903763,Taipei City,Taipei,25.053,121.5259,5,Mobile Business Group,17421
2026-01-28 22:56:18.757235 UTC,2026,06:56:18,ndt-dws54_1768456405_00000000001061D5,Download,43.3224995795497,34.399,2.6138149859750886e-05,Taipei City,Taipei,25.053,121.5259,100,"Far EastTone Telecommunication Co., Ltd.",9674
2026-01-28 22:55:12.033257 UTC,2026,06:55:12,ndt-ffzkn_1768243520_000000000011F342,Download,30.907192833857998,31.865,7.3734888994912918e-05,Taipei City,Taipei,25.053,121.5259,100,"Far EastTone Telecommunication Co., Ltd.",9674
2026-01-28 22:54:25.292075 UTC,2026,06:54:25,ndt-vh7vp_1768330240_0000000000105E09,Download,12.48856242601782,24.987,0.0,Taipei City,Taipei,25.053,121.5259,5,"Taiwan Mobile Co., Ltd.",24158
2026-01-28 22:49:03.454290 UTC,2026,06:49:03,ndt-dws54_1768456405_0000000000107181,Download,21.162362614571332,24.967,0.1111380767833591,Taipei City,Taipei,25.053,121.5259,100,"Far EastTone Telecommunication Co., Ltd.",9674
2026-01-28 22:29:06.997114 UTC,2026,06:29:06,ndt-dws54_1768456405_000000000010B055,Download,176.50231641131592,27.823,0.0,Taipei City,Taipei,25.053,121.5259,100,"Far EastTone Telecommunication Co., Ltd.",9674
2026-01-28 22:21:15.213610 UTC,2026,06:21:15,ndt-ffzkn_1768243520_000000000010AFEB,Download,213.19000948003614,14.327,0.0,Taipei City,Taipei,25.053,121.5259,5,"Taiwan Mobile Co., Ltd.",24158
2026-01-28 22:14:40.758598 UTC,2026,06:14:40,ndt-ffzkn_1768243520_000000000012B0D7,Download,303.60891944973673,21.19,0.0,Taipei City,Taipei,25.053,121.5259,5,"Taiwan Mobile Co., Ltd.",24158
2026-01-28 22:04:19.718645 UTC,2026,06:04:19,ndt-ffzkn_1768243520_0000000000113CC1,Download,19.511731692383819,21.808,0.0,Taipei City,Taipei,25.053,121.5259,5,"Taiwan Mobile Co., Ltd.",24158
2026-01-28 21:18:11.689758 UTC,2026,05:18:11,ndt-vh7vp_1768330240_000000000010B89B,Download,30.2074487312878,25.123,0.000599314423632969,Taipei City,Taipei,25.053,121.5259,100,"Far EastTone Telecommunication Co., Ltd.",9674
2026-01-28 21:13:45.439984 UTC,2026,05:13:45,ndt-ffzkn_1768243520_000000000012712F,Download,1.3455210506371267,33.074,0.21095436016305652,Taipei City,Taipei,25.053,121.5259,100,"Far EastTone Telecommunication Co., Ltd.",9674
2026-01-28 20:54:55.190062 UTC,2026,04:54:55,ndt-vh7vp_1768330240_0000000000114023,Download,50.9526836418564,154.82,4.3075534004650046e-05,Taipei City,Taipei,25.053,121.5259,5,Mobile Business Group,17421
2026-01-28 20:27:42.790129 UTC,2026,04:27:42,ndt-ffzkn_1768243520_0000000000124161,Download,9.6990852674958035,28.836,0.0,Taipei City,Taipei,25.053,121.5259,20,"Taiwan Mobile Co., Ltd.",24158
2026-01-28 20:26:18.580054 UTC,2026,04:26:18,ndt-dws54_1768456405_00000000000F19EF,Download,20.932795321361873,40.954,0.0,Taipei City,Taipei,25.053,121.5259,100,"Far EastTone Telecommunication Co., Ltd.",9674
2026-01-28 18:39:41.290559 UTC,2026,02:39:41,ndt-dws54_1768456405_00000000000EDDF7,Download,113.26734292981033,149.203,0.011064585950289673,Taipei City,Taipei,25.053,121.5259,5,Mobile Business Group,17421
2026-01-28 18:30:37.610652 UTC,2026,02:30:37,ndt-dws54_1768456405_0000000000102270,Download,107.60311323111223,155.495,0.0,Taipei City,Taipei,25.053,121.5259,5,Mobile Business Group,17421
2026-01-28 18:30:06.822783 UTC,2026,02:30:06,ndt-dws54_1768456405_00000000000F97A7,Download,98.017093579518416,155.742,0.0,Taipei City,Taipei,25.053,121.5259,5,Mobile Business Group,17421
2026-01-28 17:49:07.350240 UTC,2026,01:49:07,ndt-vh7vp_1768330240_00000000000F7F33,Download,110.10767927282095,24.925,0.0,Taipei City,Taipei,25.053,121.5259,5,"Taiwan Mobile Co., Ltd.",24158
2026-01-28 17:44:16.639752 UTC,2026,01:44:16,ndt-virtual-zr6lw_1768241594_000000000012C8AF,Download,113.93968187622431,18.058,0.0,Taipei City,Taipei,25.053,121.5259,5,"Taiwan Mobile Co., Ltd.",24158
2026-01-28 17:39:12.150726 UTC,2026,01:39:12,ndt-vh7vp_1768330240_00000000000FBD97,Download,106.09850810381879,149.084,0.0080233235171065734,Taipei City,Taipei,25.053,121.5259,5,Mobile Business Group,17421
2026-01-28 17:38:41.899505 UTC,2026,01:38:41,ndt-vh7vp_1768330240_00000000000F7F27,Download,116.97103978291706,149.362,0.0017684722596701574,Taipei City,Taipei,25.053,121.5259,5,Mobile Business Group,17421
2026-01-28 17:36:01.232638 UTC,2026,01:36:01,ndt-ffzkn_1768243520_00000000001250BD,Download,93.175221021303614,20.045,0.0,Taipei City,Taipei,25.053,121.5259,5,Mobile Business Group,17421
2026-01-28 17:01:26.339295 UTC,2026,01:01:26,ndt-dws54_1768456405_00000000000ECD95,Download,90.254438036083855,16.877,0.00012741436135839195,Taipei City,Taipei,25.053,121.5259,5,Mobile Business Group,17421
2026-01-28 16:51:33.504761 UTC,2026,00:51:33,ndt-dws54_1768456405_00000000001021E6,Download,22.080429989491169,154.951,0.13227182642198093,Taipei City,Taipei,25.053,121.5259,5,Mobile Business Group,17421
2026-01-28 16:47:02.269681 UTC,2026,00:47:02,ndt-ffzkn_1768243520_0000000000103F59,Download,8.8328462612734011,26.046,0.00091703999013604046,Taipei City,Taipei,25.053,121.5259,50,"Far EastTone Telecommunication Co., Ltd.",9674
2026-01-28 16:25:18.762462 UTC,2026,00:25:18,ndt-ffzkn_1768243520_0000000000106E7D,Download,9.2659797119391136,31.216,0.013407596943078325,Taipei City,Taipei,25.053,121.5259,5,"Taiwan Mobile Co., Ltd.",24158
2026-01-28 16:13:34.536387 UTC,2026,00:13:34,ndt-dws54_1768456405_00000000000EBE25,Download,3.0222236156128575,24.637,0.19107653472336117,Taipei City,Taipei,25.053,121.5259,10,"Far EastTone Telecommunication Co., Ltd.",9674
2026-01-28 16:01:33.485147 UTC,2026,00:01:33,ndt-ffzkn_1768243520_000000000011F186,Download,11.483566612714444,17.0,0.091505218448518152,Taipei City,Taipei,25.053,121.5259,5,"Taiwan Mobile Co., Ltd.",24158
2026-01-28 16:00:49.386414 UTC,2026,00:00:49,ndt-ffzkn_1768243520_0000000000106E63,Download,11.444790508752314,16.349,0.078762401271869356,Taipei City,Taipei,25.053,121.5259,5,"Taiwan Mobile Co., Ltd.",24158
2026-01-28 15:56:45.271493 UTC,2026,23:56:45,ndt-vh7vp_1768330240_00000000000FFC05,Download,44.9120636662832,154.337,4.0240822327423604e-05,Taipei City,Taipei,25.053,121.5259,5,Mobile Business Group,17421
2026-01-28 15:40:27.634773 UTC,2026,23:40:27,ndt-ffzkn_1768243520_0000000000102EFB,Download,102.17290603515578,26.84,0.0090339477367519447,Taipei City,Taipei,25.053,121.5259,5,"Taiwan Mobile Co., Ltd.",24158
2026-01-28 15:39:55.463228 UTC,2026,23:39:55,ndt-dws54_1768456405_00000000000E8E48,Download,49.309969146659931,20.004,0.027748106092625863,Taipei City,Taipei,25.053,121.5259,5,"Taiwan Mobile Co., Ltd.",24158
2026-01-28 15:29:57.787191 UTC,2026,23:29:57,ndt-dws54_1768456405_00000000000EBDE1,Download,7.416673694212367,26.0,0.20437100316778464,Taipei City,Taipei,25.053,121.5259,100,"Far EastTone Telecommunication Co., Ltd.",9674
2026-01-28 15:22:59.945906 UTC,2026,23:22:59,ndt-dws54_1768456405_0000000000102167,Download,91.431153605213154,28.463,0.0,Taipei City,Taipei,25.053,121.5259,5,"Taiwan Mobile Co., Ltd.",24158
2026-01-28 15:16:48.044765 UTC,2026,23:16:48,ndt-ffzkn_1768243520_0000000000107E7B,Download,34.459806434762228,159.0,0.025580186287378057,Taipei City,Taipei,25.053,121.5259,5,Mobile Business Group,17421
2026-01-28 15:16:11.936245 UTC,2026,23:16:11,ndt-dws54_1768456405_00000000001011B2,Download,23.724805051979139,22.697,0.067578210076053913,Taipei City,Taipei,25.053,121.5259,5,"Taiwan Mobile Co., Ltd.",24158
2026-01-28 15:15:27.523193 UTC,2026,23:15:27,ndt-dws54_1768456405_00000000000ECCFF,Download,2.7735932955553535,157.638,0.013041413489521815,Taipei City,Taipei,25.053,121.5259,5,Mobile Business Group,17421
2026-01-28 15:10:54.682695 UTC,2026,23:10:54,ndt-ffzkn_1768243520_000000000011E189,Download,19.928212682868619,158.816,0.037784818836224025,Taipei City,Taipei,25.053,121.5259,5,Mobile Business Group,17421
2026-01-28 15:10:40.385972 UTC,2026,23:10:40,ndt-vh7vp_1768330240_0000000000104ADE,Download,2.1911050572349327,40.663,0.31561343552473253,Taipei City,Taipei,25.053,121.5259,50,"Far EastTone Telecommunication Co., Ltd.",9674
2026-01-28 15:05:05.679910 UTC,2026,23:05:05,ndt-dws54_1768456405_00000000000EAD77,Download,0.09362399479218958,70.087,0.23767082590612001,Taipei City,Taipei,25.053,121.5259,5,"Taiwan Mobile Co., Ltd.",24158
2026-01-28 15:00:27.028476 UTC,2026,23:00:27,ndt-ffzkn_1768243520_000000000010ADCC,Download,22.412467979717796,154.781,0.064850614711817023,Taipei City,Taipei,25.053,121.5259,5,Mobile Business Group,17421
2026-01-28 15:00:04.573925 UTC,2026,23:00:04,ndt-dws54_1768456405_00000000000E7EA6,Download,4.9275997473100714,31.294,0.017597030792472535,Taipei City,Taipei,25.053,121.5259,5,"Taiwan Mobile Co., Ltd.",24158
2026-01-28 14:59:35.660641 UTC,2026,22:59:35,ndt-ffzkn_1768243520_000000000011E17F,Download,1.0220041628605441,28.265,0.033470594762871633,Taipei City,Taipei,25.053,121.5259,5,"Taiwan Mobile Co., Ltd.",24158
2026-01-28 14:57:53.985288 UTC,2026,22:57:53,ndt-dws54_1768456405_00000000000F0994,Download,20.284138632548061,25.214,0.1272479866326445,Taipei City,Taipei,25.053,121.5259,20,"Taiwan Mobile Co., Ltd.",24158
2026-01-28 14:57:22.675786 UTC,2026,22:57:22,ndt-dws54_1768456405_0000000000101182,Download,22.641999280237357,155.652,0.044050966297290696,Taipei City,Taipei,25.053,121.5259,5,Mobile Business Group,17421
2026-01-28 14:54:18.206793 UTC,2026,22:54:18,ndt-dws54_1768456405_00000000000FB56C,Download,0.65025100341657838,89.725,0.03530035101662362,Taipei City,Taipei,25.053,121.5259,5,"Taiwan Mobile Co., Ltd.",24158
2026-01-28 14:54:02.261481 UTC,2026,22:54:02,ndt-vh7vp_1768330240_00000000000FBC69,Download,141.64340509806976,22.037,0.0,Taipei City,Taipei,25.053,121.5259,5,"Taiwan Mobile Co., Ltd.",24158
2026-01-28 14:52:36.610482 UTC,2026,22:52:36,ndt-vh7vp_1768330240_00000000000FBC67,Download,107.39026501785453,22.16,0.0,Taipei City,Taipei,25.053,121.5259,5,"Taiwan Mobile Co., Ltd.",24158
2026-01-28 14:51:50.566780 UTC,2026,22:51:50,ndt-dws54_1768456405_00000000000EAD64,Download,205.96149529241129,22.001,0.0,Taipei City,Taipei,25.053,121.5259,5,"Taiwan Mobile Co., Ltd.",24158
2026-01-28 14:50:51.065286 UTC,2026,22:50:51,ndt-dws54_1768456405_00000000000E9ED3,Download,1.4798555925158456,50.044,0.0,Taipei City,Taipei,25.053,121.5259,5,"Taiwan Mobile Co., Ltd.",24158
2026-01-28 14:47:47.357425 UTC,2026,22:47:47,ndt-ffzkn_1768243520_00000000000F9FE7,Download,20.837743016124879,154.34,0.0678551066540535,Taipei City,Taipei,25.053,121.5259,5,Mobile Business Group,17421
2026-01-28 14:46:59.244210 UTC,2026,22:46:59,ndt-dws54_1768456405_0000000000103131,Download,18.685577505054948,155.0,0.077683583202574652,Taipei City,Taipei,25.053,121.5259,5,Mobile Business Group,17421
2026-01-28 14:46:21.756640 UTC,2026,22:46:21,ndt-vh7vp_1768330240_000000000010876D,Download,20.200818451036906,153.983,0.07608953777777841,Taipei City,Taipei,25.053,121.5259,5,Mobile Business Group,17421
2026-01-28 14:45:48.067697 UTC,2026,22:45:48,ndt-ffzkn_1768243520_0000000000103E91,Download,17.978228346740622,154.0,0.076939526066069,Taipei City,Taipei,25.053,121.5259,5,Mobile Business Group,17421
2026-01-28 14:41:06.746426 UTC,2026,22:41:06,ndt-ffzkn_1768243520_0000000000102EAF,Download,81.140486153487217,32.094,0.0,Taipei City,Taipei,25.053,121.5259,50,"Far EastTone Telecommunication Co., Ltd.",9674
2026-01-28 14:35:34.298913 UTC,2026,22:35:34,ndt-vh7vp_1768330240_0000000000102B77,Download,50.281737569494211,29.773,0.00034754196966799064,Taipei City,Taipei,25.053,121.5259,100,"Far EastTone Telecommunication Co., Ltd.",9674
2026-01-28 14:29:07.522190 UTC,2026,22:29:07,ndt-vh7vp_1768330240_00000000001110F1,Download,5.1522726663523652,21.154,0.0034272178215326719,Taipei City,Taipei,25.053,121.5259,20,"Taiwan Mobile Co., Ltd.",24158
2026-01-28 14:27:27.938762 UTC,2026,22:27:27,ndt-ffzkn_1768243520_000000000011E14E,Download,96.085599065950092,21.814,0.0,Taipei City,Taipei,25.053,121.5259,20,"Taiwan Mobile Co., Ltd.",24158
2026-01-28 14:27:26.827414 UTC,2026,22:27:26,ndt-vh7vp_1768330240_0000000000102B5F,Download,10.221865652324192,29.507,0.00032205117319948694,Taipei City,Taipei,25.053,121.5259,10,"Far EastTone Telecommunication Co., Ltd.",9674
2026-01-28 14:21:18.013391 UTC,2026,22:21:18,ndt-ffzkn_1768243520_0000000000102E97,Download,25.533636192104314,28.782,0.023184893051874478,Taipei City,Taipei,25.053,121.5259,100,"Far EastTone Telecommunication Co., Ltd.",9674
2026-01-28 14:14:40.151164 UTC,2026,22:14:40,ndt-ffzkn_1768243520_000000000010F71F,Download,235.19082403907129,24.713,0.0038794676183742586,Taipei City,Taipei,25.053,121.5259,100,"Far EastTone Telecommunication Co., Ltd.",9674
2026-01-28 14:09:55.692031 UTC,2026,22:09:55,ndt-ffzkn_1768243520_00000000000F9FB6,Download,13.706196731462027,16.9,0.15544017200689844,Taipei City,Taipei,25.053,121.5259,5,"Far EastTone Telecommunication Co., Ltd.",9674
2026-01-28 14:09:23.863357 UTC,2026,22:09:23,ndt-vh7vp_1768330240_00000000000F8DC8,Download,0.037591094077145309,86.0,0.37224463333813573,Taipei City,Taipei,25.053,121.5259,50,"Far EastTone Telecommunication Co., Ltd.",9674
2026-01-28 14:08:15.642153 UTC,2026,22:08:15,ndt-vh7vp_1768330240_00000000000FEBAE,Download,6.3346474858616135,21.0,0.11487427862076252,Taipei City,Taipei,25.053,121.5259,50,"Far EastTone Telecommunication Co., Ltd.",9674
2026-01-28 14:05:13.041495 UTC,2026,22:05:13,ndt-dws54_1768456405_00000000000F75C8,Download,53.150625930104731,30.962,2.1879322238657932e-05,Taipei City,Taipei,25.053,121.5259,50,"Far EastTone Telecommunication Co., Ltd.",9674
2026-01-28 13:59:11.575518 UTC,2026,21:59:11,ndt-ffzkn_1768243520_000000000011F0DF,Download,4.2097314940070163,150.883,0.13104665365382651,Taipei City,Taipei,25.053,121.5259,5,Mobile Business Group,17421
2026-01-28 13:59:06.418660 UTC,2026,21:59:06,ndt-ffzkn_1768243520_0000000000102E79,Download,7.213885017671017,149.707,0.23722426611870109,Taipei City,Taipei,25.053,121.5259,5,Mobile Business Group,17421
2026-01-28 13:58:54.375342 UTC,2026,21:58:54,ndt-vh7vp_1768330240_0000000000110188,Download,24.921766790404188,11.998,0.2239977111506464,Taipei City,Taipei,25.053,121.5259,5,Mobile Business Group,17421
2026-01-28 13:56:01.343472 UTC,2026,21:56:01,ndt-vh7vp_1768330240_0000000000104A40,Download,0.37653138242430345,159.966,0.1304750344600572,Taipei City,Taipei,25.053,121.5259,5,Mobile Business Group,17421
2026-01-28 13:53:48.415490 UTC,2026,21:53:48,ndt-vh7vp_1768330240_00000000000FBBD9,Download,0.92737304910858043,22.268,0.12946459317621456,Taipei City,Taipei,25.053,121.5259,5,"Taiwan Mobile Co., Ltd.",24158
2026-01-28 13:53:38.828697 UTC,2026,21:53:38,ndt-dws54_1768456405_00000000000E8DAA,Download,2.9528136120469792,37.948,0.0059308565131436864,Taipei City,Taipei,25.053,121.5259,100,"Far EastTone Telecommunication Co., Ltd.",9674
2026-01-28 13:52:45.502321 UTC,2026,21:52:45,ndt-dws54_1768456405_00000000000F6762,Download,0.70875588719858273,42.0,0.266536870068875,Taipei City,Taipei,25.053,121.5259,50,"Far EastTone Telecommunication Co., Ltd.",9674
2026-01-28 13:52:28.285229 UTC,2026,21:52:28,ndt-dws54_1768456405_00000000000E9E7E,Download,2.2508305377471944,38.778,0.24856541568188076,Taipei City,Taipei,25.053,121.5259,50,"Far EastTone Telecommunication Co., Ltd.",9674
2026-01-28 13:52:22.375269 UTC,2026,21:52:22,ndt-ffzkn_1768243520_000000000012209E,Download,1.1845772835659925,41.987,0.26706247679020167,Taipei City,Taipei,25.053,121.5259,50,"Far EastTone Telecommunication Co., Ltd.",9674
2026-01-28 13:52:09.627098 UTC,2026,21:52:09,ndt-vh7vp_1768330240_000000000010F344,Download,0.84081155887356851,40.437,0.2592344632326487,Taipei City,Taipei,25.053,121.5259,50,"Far EastTone Telecommunication Co., Ltd.",9674
2026-01-28 13:49:41.827008 UTC,2026,21:49:41,ndt-dws54_1768456405_00000000000E5F32,Download,332.08093022846543,16.536,0.0,Taipei City,Taipei,25.053,121.5259,5,"Taiwan Mobile Co., Ltd.",24158
2026-01-28 13:42:52.853004 UTC,2026,21:42:52,ndt-dws54_1768456405_00000000000EAD07,Download,33.306679075488468,150.583,0.1280140348422982,Taipei City,Taipei,25.053,121.5259,5,Mobile Business Group,17421
2026-01-28 13:42:43.435962 UTC,2026,21:42:43,ndt-vh7vp_1768330240_00000000000F7D4C,Download,12.54494213513189,153.593,0.097399277837285941,Taipei City,Taipei,25.053,121.5259,5,Mobile Business Group,17421
2026-01-28 13:42:31.974089 UTC,2026,21:42:31,ndt-dws54_1768456405_00000000000E6DCF,Download,377.50864661007012,20.137,0.00066979859551830479,Taipei City,Taipei,25.053,121.5259,20,"Far EastTone Telecommunication Co., Ltd.",9674
2026-01-28 13:42:01.066994 UTC,2026,21:42:01,ndt-dws54_1768456405_00000000000F4744,Download,36.627083059644683,148.665,0.11345097350814842,Taipei City,Taipei,25.053,121.5259,5,Mobile Business Group,17421
2026-01-28 13:36:49.790235 UTC,2026,21:36:49,ndt-vh7vp_1768330240_000000000010F328,Download,4.3857215244928085,160.933,0.11188164168024051,Taipei City,Taipei,25.053,121.5259,5,Mobile Business Group,17421
2026-01-28 13:29:42.599890 UTC,2026,21:29:42,ndt-vh7vp_1768330240_0000000000101B11,Download,10.524412645259098,30.913,0.15375681973417507,Taipei City,Taipei,25.053,121.5259,20,"Far EastTone Telecommunication Co., Ltd.",9674
2026-01-28 13:09:24.444750 UTC,2026,21:09:24,ndt-ffzkn_1768243520_0000000000105E6D,Download,8.30967406828041,19.959,0.067146015988028745,Taipei City,Taipei,25.053,121.5259,5,Mobile Business Group,17421
2026-01-28 13:06:34.319211 UTC,2026,21:06:34,ndt-vh7vp_1768330240_00000000000FCBB9,Download,25.484806588850439,160.925,0.11122145504710572,Taipei City,Taipei,25.053,121.5259,5,Mobile Business Group,17421
2026-01-28 13:01:55.298262 UTC,2026,21:01:55,ndt-vh7vp_1768330240_0000000000105A42,Download,0.53994030490172784,42.049,0.14548615528134673,Taipei City,Taipei,25.053,121.5259,20,"Taiwan Mobile Co., Ltd.",24158
2026-01-28 13:00:48.442283 UTC,2026,21:00:48,ndt-dws54_1768456405_00000000000F27FE,Download,16.50819724753682,22.54,0.0004327363645620029,Taipei City,Taipei,25.053,121.5259,50,"Far EastTone Telecommunication Co., Ltd.",9674
2026-01-28 12:59:05.261887 UTC,2026,20:59:05,ndt-ffzkn_1768243520_0000000000120061,Download,2.3045874242978646,68.259,0.012055787565991648,Taipei City,Taipei,25.053,121.5259,5,"Taiwan Mobile Co., Ltd.",24158
2026-01-28 12:58:24.500165 UTC,2026,20:58:24,ndt-ffzkn_1768243520_0000000000102E31,Download,8.1892123852373881,23.268,0.0,Taipei City,Taipei,25.053,121.5259,5,"Taiwan Mobile Co., Ltd.",24158
2026-01-28 12:56:46.074568 UTC,2026,20:56:46,ndt-vh7vp_1768330240_0000000000105A38,Download,26.321774144044397,162.485,0.10321310682551393,Taipei City,Taipei,25.053,121.5259,5,Mobile Business Group,17421
2026-01-28 12:52:15.352099 UTC,2026,20:52:15,ndt-vh7vp_1768330240_0000000000105A2D,Download,69.878656249840631,29.517,0.0,Taipei City,Taipei,25.053,121.5259,20,"Taiwan Mobile Co., Ltd.",24158
2026-01-28 12:51:27.390452 UTC,2026,20:51:27,ndt-vh7vp_1768330240_00000000000F6863,Download,92.067570812085918,23.346,0.0,Taipei City,Taipei,25.053,121.5259,10,"Taiwan Mobile Co., Ltd.",24158
2026-01-28 12:43:42.862656 UTC,2026,20:43:42,ndt-vh7vp_1768330240_0000000000105A0E,Download,2.5007594754954541,35.361,0.0044360555637704734,Taipei City,Taipei,25.053,121.5259,100,"Far EastTone Telecommunication Co., Ltd.",9674
2026-01-28 12:35:08.695109 UTC,2026,20:35:08,ndt-dws54_1768456405_00000000000EDC03,Download,23.166857460462342,157.078,0.069012563373474056,Taipei City,Taipei,25.053,121.5259,5,Mobile Business Group,17421
2026-01-28 12:27:21.428836 UTC,2026,20:27:21,ndt-vh7vp_1768330240_00000000001067BF,Download,20.993701790239758,146.97,0.11592338481465662,Taipei City,Taipei,25.053,121.5259,5,Mobile Business Group,17421
2026-01-28 12:26:45.092768 UTC,2026,20:26:45,ndt-ffzkn_1768243520_00000000001166CE,Download,22.085128765792032,146.0,0.15459414120182288,Taipei City,Taipei,25.053,121.5259,5,Mobile Business Group,17421
2026-01-28 12:26:41.785080 UTC,2026,20:26:41,ndt-ffzkn_1768243520_0000000000107DAD,Download,27.666689324265885,157.061,0.11501927318918988,Taipei City,Taipei,25.053,121.5259,5,Mobile Business Group,17421
2026-01-28 12:24:20.966907 UTC,2026,20:24:20,ndt-ffzkn_1768243520_000000000010ACEE,Download,88.874994450304129,29.897,0.012634628373832123,Taipei City,Taipei,25.053,121.5259,100,"Far EastTone Telecommunication Co., Ltd.",9674
2026-01-28 12:23:45.102616 UTC,2026,20:23:45,ndt-ffzkn_1768243520_0000000000122024,Download,92.806351707810691,28.798,0.0088554908617481925,Taipei City,Taipei,25.053,121.5259,100,"Far EastTone Telecommunication Co., Ltd.",9674
2026-01-28 12:22:54.107544 UTC,2026,20:22:54,ndt-vh7vp_1768330240_00000000000F8CF0,Download,21.084898326913631,157.819,0.089600764646114744,Taipei City,Taipei,25.053,121.5259,5,Mobile Business Group,17421
2026-01-28 12:22:52.385443 UTC,2026,20:22:52,ndt-vh7vp_1768330240_00000000001095AA,Download,7.3264990671590331,27.854,0.013042922296577298,Taipei City,Taipei,25.053,121.5259,100,"Far EastTone Telecommunication Co., Ltd.",9674
2026-01-28 12:22:32.443648 UTC,2026,20:22:32,ndt-dws54_1768456405_00000000000EAC8E,Download,134.38821072589496,19.251,0.0,Taipei City,Taipei,25.053,121.5259,5,"Taiwan Mobile Co., Ltd.",24158
2026-01-28 12:22:22.845300 UTC,2026,20:22:22,ndt-dws54_1768456405_00000000000E9DDF,Download,17.624372450203985,30.167,0.11667748177646128,Taipei City,Taipei,25.053,121.5259,5,"Taiwan Mobile Co., Ltd.",24158
2026-01-28 12:21:40.600205 UTC,2026,20:21:40,ndt-vh7vp_1768330240_0000000000104993,Download,502.27621215963569,14.41,0.018697670724244306,Taipei City,Taipei,25.053,121.5259,5,"Taiwan Mobile Co., Ltd.",24158
2026-01-28 12:21:31.090367 UTC,2026,20:21:31,ndt-ffzkn_1768243520_000000000010F696,Download,19.137224849916773,158.933,0.11246005355390898,Taipei City,Taipei,25.053,121.5259,5,Mobile Business Group,17421
2026-01-28 12:20:25.969264 UTC,2026,20:20:25,ndt-dws54_1768456405_0000000000103051,Download,29.47475025049275,148.457,0.12221000902117014,Taipei City,Taipei,25.053,121.5259,5,Mobile Business Group,17421
2026-01-28 12:19:47.525336 UTC,2026,20:19:47,ndt-virtual-zr6lw_1768241594_000000000012937B,Download,44.104506685764768,18.815,0.059811665855258614,Taipei City,Taipei,25.053,121.5259,5,Mobile Business Group,17421
2026-01-28 12:15:22.542631 UTC,2026,20:15:22,ndt-vh7vp_1768330240_00000000000F3ED9,Download,24.625435411625965,23.021,0.11838377392092171,Taipei City,Taipei,25.053,121.5259,5,"Taiwan Mobile Co., Ltd.",24158
2026-01-28 12:12:31.673570 UTC,2026,20:12:31,ndt-zgzcg_1768470128_000000000014B7EF,Download,1.6419587866740029,142.759,0.025904346214819542,Taipei City,Taipei,25.053,121.5259,5,"Far EastTone Telecommunication Co., Ltd.",9674
2026-01-28 12:10:34.821171 UTC,2026,20:10:34,ndt-dws54_1768456405_00000000000ECBD6,Download,5.6611733376937359,156.905,0.056582245594402912,Taipei City,Taipei,25.053,121.5259,5,Mobile Business Group,17421
2026-01-28 12:10:25.186203 UTC,2026,20:10:25,ndt-dws54_1768456405_000000000010013E,Download,2.9026387980491251,157.383,0.063943430763565109,Taipei City,Taipei,25.053,121.5259,5,Mobile Business Group,17421
2026-01-28 12:10:14.573376 UTC,2026,20:10:14,ndt-6shh6_1768413825_00000000001531A8,Download,0.47147001779216824,138.494,0.10234015979538541,Taipei City,Taipei,25.053,121.5259,5,"Far EastTone Telecommunication Co., Ltd.",9674
2026-01-28 12:05:42.574597 UTC,2026,20:05:42,ndt-mcnzr_1768477960_000000000011C3DB,Download,12.799203904031021,129.718,0.18575589968246414,Taipei City,Taipei,25.053,121.5259,50,"Far EastTone Telecommunication Co., Ltd.",9674
2026-01-28 12:04:43.218959 UTC,2026,20:04:43,ndt-dws54_1768456405_0000000000103032,Download,6.581128819482732,39.729,0.078333908072225192,Taipei City,Taipei,25.053,121.5259,50,"Far EastTone Telecommunication Co., Ltd.",9674
2026-01-28 12:03:44.784317 UTC,2026,20:03:44,ndt-vh7vp_1768330240_00000000000FBB0B,Download,12.156854549241716,45.412,0.13281524033839268,Taipei City,Taipei,25.053,121.5259,50,"Far EastTone Telecommunication Co., Ltd.",9674
2026-01-28 12:03:35.249150 UTC,2026,20:03:35,ndt-ffzkn_1768243520_000000000011E07E,Download,1.3860154308609887,38.069,0.14115471543044997,Taipei City,Taipei,25.053,121.5259,50,"Far EastTone Telecommunication Co., Ltd.",9674
2026-01-28 11:58:55.844410 UTC,2026,19:58:55,ndt-dws54_1768456405_0000000000103027,Download,26.634597761414256,29.504,0.00056594931381846768,Taipei City,Taipei,25.053,121.5259,50,"Far EastTone Telecommunication Co., Ltd.",9674
2026-01-28 11:56:59.039975 UTC,2026,19:56:59,ndt-ffzkn_1768243520_000000000011F041,Download,120.20101819613805,156.971,0.0,Taipei City,Taipei,25.053,121.5259,5,Mobile Business Group,17421
2026-01-28 11:56:11.553712 UTC,2026,19:56:11,ndt-dws54_1768456405_00000000000E5E74,Download,122.33194521451981,154.522,0.0,Taipei City,Taipei,25.053,121.5259,5,Mobile Business Group,17421
2026-01-28 11:55:35.444006 UTC,2026,19:55:35,ndt-ffzkn_1768243520_00000000000F9F02,Download,122.89478480574945,154.573,0.0,Taipei City,Taipei,25.053,121.5259,5,Mobile Business Group,17421
2026-01-28 11:22:51.017186 UTC,2026,19:22:51,ndt-vh7vp_1768330240_00000000000F7C4E,Download,0.37267711428045197,160.996,0.18499239046990532,Taipei City,Taipei,25.053,121.5259,5,Mobile Business Group,17421
2026-01-28 11:09:36.470777 UTC,2026,19:09:36,ndt-ffzkn_1768243520_0000000000103D6D,Download,81.606000355792631,154.456,0.0874325865115269,Taipei City,Taipei,25.053,121.5259,5,Mobile Business Group,17421
2026-01-28 11:05:17.974021 UTC,2026,19:05:17,ndt-dws54_1768456405_00000000000F6674,Download,5.5183903972221238,27.607,0.0,Taipei City,Taipei,25.053,121.5259,20,"Taiwan Mobile Co., Ltd.",24158
2026-01-28 11:02:45.162149 UTC,2026,19:02:45,ndt-vh7vp_1768330240_000000000010C373,Download,0.24055834888392152,52.0,0.35948391087741777,Taipei City,Taipei,25.053,121.5259,20,"Taiwan Mobile Co., Ltd.",24158
2026-01-28 10:58:19.584672 UTC,2026,18:58:19,ndt-virtual-zr6lw_1768241594_0000000000125F0F,Download,358.02197853183407,10.081,0.00011568359956477453,Taipei City,Taipei,25.053,121.5259,5,Mobile Business Group,17421
2026-01-28 10:56:12.761843 UTC,2026,18:56:12,ndt-ffzkn_1768243520_0000000000106CDC,Download,22.239895127812979,22.087,0.0,Taipei City,Taipei,25.053,121.5259,5,"Taiwan Mobile Co., Ltd.",24158
2026-01-28 10:55:54.001074 UTC,2026,18:55:54,ndt-ffzkn_1768243520_00000000000FEE58,Download,1.2780693843617457,24.834,0.10726962008676219,Taipei City,Taipei,25.053,121.5259,20,"Taiwan Mobile Co., Ltd.",24158
2026-01-28 10:55:23.104022 UTC,2026,18:55:23,ndt-dws54_1768456405_00000000000E3FB5,Download,149.8092247103875,22.765,0.0,Taipei City,Taipei,25.053,121.5259,5,"Taiwan Mobile Co., Ltd.",24158
2026-01-28 10:48:18.006798 UTC,2026,18:48:18,ndt-dws54_1768456405_00000000000FE377,Download,116.04137075758092,152.475,0.0,Taipei City,Taipei,25.053,121.5259,5,Mobile Business Group,17421
2026-01-28 10:47:27.017863 UTC,2026,18:47:27,ndt-ffzkn_1768243520_000000000010F629,Download,123.56346983383563,150.247,6.9213294019944665e-05,Taipei City,Taipei,25.053,121.5259,5,Mobile Business Group,17421
2026-01-28 10:47:22.578247 UTC,2026,18:47:22,ndt-ffzkn_1768243520_0000000000105DB7,Download,32.10395971715478,33.945,0.0003898185780168727,Taipei City,Taipei,25.053,121.5259,20,"Far EastTone Telecommunication Co., Ltd.",9674
2026-01-28 10:46:31.111907 UTC,2026,18:46:31,ndt-vh7vp_1768330240_00000000000F3E36,Download,282.45079218290732,18.986,0.0,Taipei City,Taipei,25.053,121.5259,100,"Far EastTone Telecommunication Co., Ltd.",9674
2026-01-28 10:42:19.908167 UTC,2026,18:42:19,ndt-ffzkn_1768243520_000000000010AC6D,Download,1.5426376334169942,41.077,0.0,Taipei City,Taipei,25.053,121.5259,20,"Far EastTone Telecommunication Co., Ltd.",9674
2026-01-28 10:42:01.752316 UTC,2026,18:42:01,ndt-virtual-zr6lw_1768241594_00000000001268CB,Download,18.713465371374411,31.292,0.10382836901306658,Taipei City,Taipei,25.053,121.5259,50,"Far EastTone Telecommunication Co., Ltd.",9674
2026-01-28 10:40:52.216200 UTC,2026,18:40:52,ndt-ffzkn_1768243520_000000000011E024,Download,35.753972708797058,34.066,0.19042177449419218,Taipei City,Taipei,25.053,121.5259,50,"Far EastTone Telecommunication Co., Ltd.",9674
2026-01-28 10:37:30.687572 UTC,2026,18:37:30,ndt-ffzkn_1768243520_00000000000F8FB6,Download,51.590447454761538,31.836,0.12164511894655729,Taipei City,Taipei,25.053,121.5259,50,"Far EastTone Telecommunication Co., Ltd.",9674
2026-01-28 10:36:47.861382 UTC,2026,18:36:47,ndt-dws54_1768456405_00000000000F3729,Download,10.009536147359354,35.774,0.10353093237765114,Taipei City,Taipei,25.053,121.5259,50,"Far EastTone Telecommunication Co., Ltd.",9674
2026-01-28 10:36:41.241494 UTC,2026,18:36:41,ndt-dws54_1768456405_00000000000FC437,Download,4.9216799217102452,160.187,0.12556528456320135,Taipei City,Taipei,25.053,121.5259,5,Mobile Business Group,17421
2026-01-28 10:35:51.915786 UTC,2026,18:35:51,ndt-ffzkn_1768243520_0000000000105DAE,Download,16.28448633420857,53.415,0.0,Taipei City,Taipei,25.053,121.5259,20,"Taiwan Mobile Co., Ltd.",24158
2026-01-28 10:35:23.787925 UTC,2026,18:35:23,ndt-ffzkn_1768243520_00000000000F1FCD,Download,13.134430703979508,52.701,0.0,Taipei City,Taipei,25.053,121.5259,20,"Taiwan Mobile Co., Ltd.",24158
2026-01-28 10:33:38.283250 UTC,2026,18:33:38,ndt-ffzkn_1768243520_00000000000F3FD5,Download,5.0964166121817867,27.189,0.0019216238528961952,Taipei City,Taipei,25.053,121.5259,5,"Taiwan Mobile Co., Ltd.",24158
2026-01-28 10:32:04.568403 UTC,2026,18:32:04,ndt-ffzkn_1768243520_00000000001128B1,Download,5.7789204965934342,152.0,0.28798671575175433,Taipei City,Taipei,25.053,121.5259,5,Mobile Business Group,17421
2026-01-28 10:30:39.862951 UTC,2026,18:30:39,ndt-ffzkn_1768243520_0000000000106CBB,Download,21.832389487481215,31.126,0.0,Taipei City,Taipei,25.053,121.5259,50,"Far EastTone Telecommunication Co., Ltd.",9674
2026-01-28 10:28:35.722094 UTC,2026,18:28:35,ndt-vh7vp_1768330240_00000000000FCA8B,Download,20.860431159626007,23.756,0.0,Taipei City,Taipei,25.053,121.5259,5,"Taiwan Mobile Co., Ltd.",24158
2026-01-28 10:25:32.514113 UTC,2026,18:25:32,ndt-ffzkn_1768243520_00000000000F2F9C,Download,36.5765186306967,24.258,0.0006555625929070474,Taipei City,Taipei,25.053,121.5259,50,"Far EastTone Telecommunication Co., Ltd.",9674
2026-01-28 10:17:17.898525 UTC,2026,18:17:17,ndt-vh7vp_1768330240_00000000000F0FFC,Download,59.976133887506144,153.521,0.0,Taipei City,Taipei,25.053,121.5259,5,Mobile Business Group,17421
2026-01-28 10:12:59.797353 UTC,2026,18:12:59,ndt-vh7vp_1768330240_00000000000F3DFE,Download,85.675593527809568,22.646,0.00073431972149779238,Taipei City,Taipei,25.053,121.5259,5,"Taiwan Mobile Co., Ltd.",24158
2026-01-28 10:12:16.300951 UTC,2026,18:12:16,ndt-vh7vp_1768330240_00000000001019A6,Download,104.35827119889964,149.53,0.011619338010819099,Taipei City,Taipei,25.053,121.5259,5,Mobile Business Group,17421
2026-01-28 10:04:21.412091 UTC,2026,18:04:21,ndt-dws54_1768456405_00000000000FA4F8,Download,246.79039489079983,14.027,0.0,Taipei City,Taipei,25.053,121.5259,10,"Taiwan Mobile Co., Ltd.",24158
2026-01-28 10:00:48.983395 UTC,2026,18:00:48,ndt-dws54_1768456405_00000000000ECAF9,Download,278.46840730206611,13.679,2.8874959889516334e-05,Taipei City,Taipei,25.053,121.5259,5,"Taiwan Mobile Co., Ltd.",24158
2026-01-28 09:52:22.469613 UTC,2026,17:52:22,ndt-virtual-zr6lw_1768241594_0000000000128031,Download,40.236929785275926,18.822,0.06171158584776066,Taipei City,Taipei,25.053,121.5259,10,"Taiwan Mobile Co., Ltd.",24158
2026-01-28 09:51:03.136111 UTC,2026,17:51:03,ndt-dws54_1768456405_00000000000EAB6A,Download,6.2888509834579391,10.645,0.15692609201697932,Taipei City,Taipei,25.053,121.5259,5,Mobile Business Group,17421
2026-01-28 09:48:27.104724 UTC,2026,17:48:27,ndt-vh7vp_1768330240_00000000000F0FCE,Download,42.22511984667436,33.417,0.00043565626903422055,Taipei City,Taipei,25.053,121.5259,100,"Far EastTone Telecommunication Co., Ltd.",9674
2026-01-28 09:47:22.714859 UTC,2026,17:47:22,ndt-vh7vp_1768330240_00000000000FCA40,Download,1.1349330193198865,24.983,0.16553657642950231,Taipei City,Taipei,25.053,121.5259,5,"Taiwan Mobile Co., Ltd.",24158
2026-01-28 09:42:43.653937 UTC,2026,17:42:43,ndt-ffzkn_1768243520_00000000000F3F81,Download,38.173276080229542,19.296,0.098717926925659311,Taipei City,Taipei,25.053,121.5259,100,"Far EastTone Telecommunication Co., Ltd.",9674
2026-01-28 09:38:42.360360 UTC,2026,17:38:42,ndt-dws54_1768456405_00000000000FA4C0,Download,4.4674602965913364,212.912,0.00026623280579795888,Taipei City,Taipei,25.053,121.5259,5,Mobile Business Group,17421
2026-01-28 09:35:09.654392 UTC,2026,17:35:09,ndt-dws54_1768456405_00000000000FA4B8,Download,59.717706398991218,22.916,0.0,Taipei City,Taipei,25.053,121.5259,100,"Far EastTone Telecommunication Co., Ltd.",9674
2026-01-28 09:32:23.548647 UTC,2026,17:32:23,ndt-virtual-zr6lw_1768241594_00000000001259EB,Download,6.6313861652558792,11.148,0.1761001971380653,Taipei City,Taipei,25.053,121.5259,5,Mobile Business Group,17421
2026-01-28 09:31:04.706789 UTC,2026,17:31:04,ndt-vh7vp_1768330240_000000000010F145,Download,7.367352073864148,162.031,0.0,Taipei City,Taipei,25.053,121.5259,5,Mobile Business Group,17421
2026-01-28 09:30:03.810638 UTC,2026,17:30:03,ndt-vh7vp_1768330240_00000000000FD9DD,Download,65.678736111512464,20.082,0.0,Taipei City,Taipei,25.053,121.5259,10,"Far EastTone Telecommunication Co., Ltd.",9674
2026-01-28 09:28:47.363858 UTC,2026,17:28:47,ndt-ffzkn_1768243520_00000000000F2F58,Download,147.28280652593293,25.589,0.0018992598992787321,Taipei City,Taipei,25.053,121.5259,100,"Far EastTone Telecommunication Co., Ltd.",9674
2026-01-28 09:28:33.438607 UTC,2026,17:28:33,ndt-vh7vp_1768330240_000000000010196F,Download,43.456533581166795,156.131,2.5836361748144685e-05,Taipei City,Taipei,25.053,121.5259,5,Mobile Business Group,17421
2026-01-28 09:26:15.948518 UTC,2026,17:26:15,ndt-vh7vp_1768330240_00000000000F671F,Download,156.28972551061332,19.528,0.0,Taipei City,Taipei,25.053,121.5259,5,"Taiwan Mobile Co., Ltd.",24158
2026-01-28 09:25:17.305688 UTC,2026,17:25:17,ndt-ffzkn_1768243520_0000000000105D42,Download,11.173173562103985,22.702,0.00029989525272440868,Taipei City,Taipei,25.053,121.5259,5,Mobile Business Group,17421
2026-01-28 09:20:08.833887 UTC,2026,17:20:08,ndt-virtual-zr6lw_1768241594_0000000000126419,Download,41.476893763734694,27.093,0.0,Taipei City,Taipei,25.053,121.5259,5,"Taiwan Mobile Co., Ltd.",24158
2026-01-28 09:19:19.090973 UTC,2026,17:19:19,ndt-ffzkn_1768243520_00000000000F8F5C,Download,4.3498967486338334,22.409,0.0033049425781443175,Taipei City,Taipei,25.053,121.5259,10,"Taiwan Mobile Co., Ltd.",24158
2026-01-28 09:19:01.142456 UTC,2026,17:19:01,ndt-ffzkn_1768243520_0000000000102D09,Download,6.531201774599138,10.89,0.14849931383418713,Taipei City,Taipei,25.053,121.5259,5,Mobile Business Group,17421
2026-01-28 09:18:29.438963 UTC,2026,17:18:29,ndt-vh7vp_1768330240_000000000010588B,Download,28.721858692262526,33.652,0.00082504160740291116,Taipei City,Taipei,25.053,121.5259,100,"Far EastTone Telecommunication Co., Ltd.",9674
2026-01-28 09:17:19.420218 UTC,2026,17:17:19,ndt-dws54_1768456405_00000000000EAB32,Download,51.102257863464658,23.873,0.00415820318033705,Taipei City,Taipei,25.053,121.5259,50,"Far EastTone Telecommunication Co., Ltd.",9674
2026-01-28 09:15:58.757856 UTC,2026,17:15:58,ndt-dws54_1768456405_00000000000F54C9,Download,70.481937886106962,30.052,0.0,Taipei City,Taipei,25.053,121.5259,5,"Taiwan Mobile Co., Ltd.",24158
2026-01-28 09:15:09.948263 UTC,2026,17:15:09,ndt-dws54_1768456405_00000000000E4E11,Download,116.51006198691506,153.419,0.0,Taipei City,Taipei,25.053,121.5259,5,Mobile Business Group,17421
2026-01-28 09:13:17.439302 UTC,2026,17:13:17,ndt-dws54_1768456405_00000000000F36BF,Download,113.89051813622297,155.053,0.0,Taipei City,Taipei,25.053,121.5259,5,Mobile Business Group,17421
2026-01-28 09:10:15.611723 UTC,2026,17:10:15,ndt-ffzkn_1768243520_00000000000FEDEA,Download,6.3525385979406224,10.753,0.17208170942334994,Taipei City,Taipei,25.053,121.5259,5,Mobile Business Group,17421
2026-01-28 09:07:40.141528 UTC,2026,17:07:40,ndt-ffzkn_1768243520_000000000010F5B2,Download,54.103017496467672,31.708,0.00016230659032952783,Taipei City,Taipei,25.053,121.5259,100,"Far EastTone Telecommunication Co., Ltd.",9674
2026-01-28 09:02:09.378233 UTC,2026,17:02:09,ndt-dws54_1768456405_00000000000F54BB,Download,5.950470473892989,152.393,0.37897836839560262,Taipei City,Taipei,25.053,121.5259,5,Mobile Business Group,17421
2026-01-28 08:55:50.396826 UTC,2026,16:55:50,ndt-dws54_1768456405_00000000000E7C44,Download,19.186312545978048,25.632,0.0,Taipei City,Taipei,25.053,121.5259,10,"Taiwan Mobile Co., Ltd.",24158
2026-01-28 08:44:57.139449 UTC,2026,16:44:57,ndt-ffzkn_1768243520_00000000000F9E0A,Download,136.96867768628093,20.922,0.0,Taipei City,Taipei,25.053,121.5259,5,"Taiwan Mobile Co., Ltd.",24158
2026-01-28 08:44:51.393410 UTC,2026,16:44:51,ndt-vh7vp_1768330240_00000000000FF8D5,Download,230.11347073950569,21.89,1.1042397020445788e-05,Taipei City,Taipei,25.053,121.5259,5,"Far EastTone Telecommunication Co., Ltd.",9674
2026-01-28 08:40:47.970406 UTC,2026,16:40:47,ndt-dws54_1768456405_00000000000E4DE2,Download,82.889109359334029,158.962,0.0,Taipei City,Taipei,25.053,121.5259,5,Mobile Business Group,17421
2026-01-28 08:40:07.233259 UTC,2026,16:40:07,ndt-vh7vp_1768330240_00000000000FC9C2,Download,111.94969157692888,27.642,0.0,Taipei City,Taipei,25.053,121.5259,100,"Taiwan Mobile Co., Ltd.",24158
2026-01-28 08:29:19.026671 UTC,2026,16:29:19,ndt-dws54_1768456405_00000000000F2685,Download,20.270524819183375,30.133,0.00043681212796025867,Taipei City,Taipei,25.053,121.5259,100,"Far EastTone Telecommunication Co., Ltd.",9674
2026-01-28 08:24:32.674301 UTC,2026,16:24:32,ndt-ffzkn_1768243520_00000000000F8F1E,Download,0.063139234466377855,330.0,0.005416459404189466,Taipei City,Taipei,25.053,121.5259,100,"Far EastTone Telecommunication Co., Ltd.",9674
2026-01-28 08:23:48.095131 UTC,2026,16:23:48,ndt-vh7vp_1768330240_000000000010F0CD,Download,1.9544340653627086,36.556,0.00069776578133154041,Taipei City,Taipei,25.053,121.5259,20,"Far EastTone Telecommunication Co., Ltd.",9674
2026-01-28 08:23:43.695539 UTC,2026,16:23:43,ndt-ffzkn_1768243520_00000000000F1F2A,Download,0.39040990226594191,289.618,0.0,Taipei City,Taipei,25.053,121.5259,20,"Far EastTone Telecommunication Co., Ltd.",9674
2026-01-28 08:18:00.777016 UTC,2026,16:18:00,ndt-ffzkn_1768243520_00000000000FFD8F,Download,19.826365738887496,23.169,0.0919485968151417,Taipei City,Taipei,25.053,121.5259,20,"Taiwan Mobile Co., Ltd.",24158
2026-01-28 08:16:13.862703 UTC,2026,16:16:13,ndt-dws54_1768456405_00000000000E6BA7,Download,17.124152726864,22.722,0.00031925311267151283,Taipei City,Taipei,25.053,121.5259,20,"Taiwan Mobile Co., Ltd.",24158
2026-01-28 08:13:59.837284 UTC,2026,16:13:59,ndt-vh7vp_1768330240_00000000000FF8A9,Download,3.7418691419985444,24.141,0.026517570208232377,Taipei City,Taipei,25.053,121.5259,20,"Taiwan Mobile Co., Ltd.",24158
2026-01-28 08:13:39.143574 UTC,2026,16:13:39,ndt-ffzkn_1768243520_00000000000F9DDF,Download,11.837442488348405,21.476,0.043217061016831031,Taipei City,Taipei,25.053,121.5259,20,"Taiwan Mobile Co., Ltd.",24158
2026-01-28 08:13:14.098948 UTC,2026,16:13:14,ndt-dws54_1768456405_00000000000EAADC,Download,18.948574829500707,24.108,0.0034473735166662247,Taipei City,Taipei,25.053,121.5259,20,"Taiwan Mobile Co., Ltd.",24158
2026-01-28 08:13:01.640361 UTC,2026,16:13:01,ndt-dws54_1768456405_00000000000E3EA3,Download,3.8382129374322651,24.819,0.0026546354018170191,Taipei City,Taipei,25.053,121.5259,20,"Taiwan Mobile Co., Ltd.",24158
2026-01-28 08:12:55.586791 UTC,2026,16:12:55,ndt-vh7vp_1768330240_00000000000F8B31,Download,102.4649654832905,156.965,1.3478806021688682e-05,Taipei City,Taipei,25.053,121.5259,5,Mobile Business Group,17421
2026-01-28 08:12:43.130869 UTC,2026,16:12:43,ndt-vh7vp_1768330240_00000000000FE93A,Download,5.3805695585750222,21.068,0.0,Taipei City,Taipei,25.053,121.5259,100,"Taiwan Mobile Co., Ltd.",24158
2026-01-28 08:12:22.444019 UTC,2026,16:12:22,ndt-ffzkn_1768243520_00000000000FCDCE,Download,31.663826028722312,29.151,0.0,Taipei City,Taipei,25.053,121.5259,5,"Taiwan Mobile Co., Ltd.",24158
2026-01-28 08:12:21.358727 UTC,2026,16:12:21,ndt-vh7vp_1768330240_00000000001047EF,Download,18.988819520463437,22.107,0.0018742719535621241,Taipei City,Taipei,25.053,121.5259,20,"Taiwan Mobile Co., Ltd.",24158
2026-01-28 08:08:26.088549 UTC,2026,16:08:26,ndt-vh7vp_1768330240_00000000000FF89C,Download,30.059343214775055,23.0,0.0670300464193884,Taipei City,Taipei,25.053,121.5259,20,"Taiwan Mobile Co., Ltd.",24158
2026-01-28 08:08:17.735534 UTC,2026,16:08:17,ndt-vh7vp_1768330240_000000000010580B,Download,0.051597804685244768,1.0,0.085494473741241056,Taipei City,Taipei,25.053,121.5259,5,Mobile Business Group,17421
2026-01-28 08:06:46.719401 UTC,2026,16:06:46,ndt-dws54_1768456405_00000000000F6516,Download,4.2769115424690867,24.089,0.0040269601769290838,Taipei City,Taipei,25.053,121.5259,20,"Taiwan Mobile Co., Ltd.",24158
2026-01-28 08:06:32.207469 UTC,2026,16:06:32,ndt-dws54_1768456405_00000000000E4DA4,Download,3.3843331111470163,23.683,0.0033371661501889445,Taipei City,Taipei,25.053,121.5259,20,"Taiwan Mobile Co., Ltd.",24158
2026-01-28 08:06:14.277366 UTC,2026,16:06:14,ndt-vh7vp_1768330240_00000000000FB979,Download,33.151757519952568,28.912,0.0,Taipei City,Taipei,25.053,121.5259,5,"Taiwan Mobile Co., Ltd.",24158
2026-01-28 08:05:48.775453 UTC,2026,16:05:48,ndt-dws54_1768456405_00000000000ECA40,Download,19.389670648674922,23.163,0.0,Taipei City,Taipei,25.053,121.5259,20,"Taiwan Mobile Co., Ltd.",24158
2026-01-28 08:05:35.414192 UTC,2026,16:05:35,ndt-dws54_1768456405_00000000000EEA4A,Download,9.8536773423406725,22.707,0.026029981452056889,Taipei City,Taipei,25.053,121.5259,20,"Taiwan Mobile Co., Ltd.",24158
2026-01-28 08:05:11.105366 UTC,2026,16:05:11,ndt-ffzkn_1768243520_00000000000F6F3E,Download,3.8082748238830937,15.113,0.069341575184778168,Taipei City,Taipei,25.053,121.5259,5,Mobile Business Group,17421
2026-01-28 08:03:26.178741 UTC,2026,16:03:26,ndt-ffzkn_1768243520_00000000000F2EEE,Download,0.93547433084982634,25.061,0.16103547017077721,Taipei City,Taipei,25.053,121.5259,5,"Taiwan Mobile Co., Ltd.",24158
2026-01-28 08:03:08.238706 UTC,2026,16:03:08,ndt-dws54_1768456405_00000000000E9BDB,Download,4.8014215580640371,24.844,0.000908769859968325,Taipei City,Taipei,25.053,121.5259,20,"Taiwan Mobile Co., Ltd.",24158
2026-01-28 08:02:44.051276 UTC,2026,16:02:44,ndt-ffzkn_1768243520_00000000000FED80,Download,31.876621706109709,23.424,0.067001685060115682,Taipei City,Taipei,25.053,121.5259,20,"Taiwan Mobile Co., Ltd.",24158
2026-01-28 08:00:37.454092 UTC,2026,16:00:37,ndt-vh7vp_1768330240_00000000000FE8E0,Download,73.584887090447154,29.895,1.5482691110294137e-05,Taipei City,Taipei,25.053,121.5259,100,"Far EastTone Telecommunication Co., Ltd.",9674
2026-01-28 07:59:49.645982 UTC,2026,15:59:49,ndt-ffzkn_1768243520_00000000000F6F32,Download,0.14567843794103508,174.165,0.062978680237374671,Taipei City,Taipei,25.053,121.5259,5,Mobile Business Group,17421
2026-01-28 07:59:15.845542 UTC,2026,15:59:15,ndt-vh7vp_1768330240_0000000000102835,Download,4.6789078971323192,29.587,0.077009247898976285,Taipei City,Taipei,25.053,121.5259,5,"Taiwan Mobile Co., Ltd.",24158
2026-01-28 07:58:52.382483 UTC,2026,15:58:52,ndt-dws54_1768456405_00000000000ECA34,Download,30.007137830876598,28.881,0.028478041656524913,Taipei City,Taipei,25.053,121.5259,5,"Taiwan Mobile Co., Ltd.",24158
2026-01-28 07:56:43.489781 UTC,2026,15:56:43,ndt-vh7vp_1768330240_00000000000F7AA9,Download,0.571700976203569,32.917,0.22332269323707526,Taipei City,Taipei,25.053,121.5259,5,"Taiwan Mobile Co., Ltd.",24158
2026-01-28 07:45:19.196149 UTC,2026,15:45:19,ndt-ffzkn_1768243520_00000000000FCDAF,Download,2.3881890079421755,25.782,0.0,Taipei City,Taipei,25.053,121.5259,100,"Taiwan Mobile Co., Ltd.",24158
2026-01-28 07:41:32.311391 UTC,2026,15:41:32,ndt-ffzkn_1768243520_000000000010AB67,Download,2.2251904408024612,20.417,0.0,Taipei City,Taipei,25.053,121.5259,50,"Taiwan Mobile Co., Ltd.",24158
2026-01-28 07:39:47.840176 UTC,2026,15:39:47,ndt-dws54_1768456405_00000000000EAAA4,Download,5.0354217937669308,21.73,0.0,Taipei City,Taipei,25.053,121.5259,50,"Taiwan Mobile Co., Ltd.",24158
2026-01-28 07:35:23.128950 UTC,2026,15:35:23,ndt-ffzkn_1768243520_000000000010F535,Download,370.61703219989732,17.453,0.0,Taipei City,Taipei,25.053,121.5259,20,"Taiwan Mobile Co., Ltd.",24158
2026-01-28 07:28:28.994958 UTC,2026,15:28:28,ndt-vh7vp_1768330240_00000000000FE8B5,Download,11.271614793051265,43.896,0.1067014907600983,Taipei City,Taipei,25.053,121.5259,5,"Taiwan Mobile Co., Ltd.",24158
2026-01-28 07:27:50.156373 UTC,2026,15:27:50,ndt-ffzkn_1768243520_0000000000115512,Download,18.814781272064049,31.944,0.0,Taipei City,Taipei,25.053,121.5259,5,"Far EastTone Telecommunication Co., Ltd.",9674
2026-01-28 07:23:33.890951 UTC,2026,15:23:33,ndt-dws54_1768456405_00000000000EAA90,Download,72.813745016633476,168.33,0.00082954295014075086,Taipei City,Taipei,25.053,121.5259,5,Mobile Business Group,17421
2026-01-28 07:23:04.425491 UTC,2026,15:23:04,ndt-vh7vp_1768330240_0000000000104772,Download,76.683919865449752,162.025,0.0,Taipei City,Taipei,25.053,121.5259,5,Mobile Business Group,17421
2026-01-28 07:19:26.537868 UTC,2026,15:19:26,ndt-vh7vp_1768330240_0000000000101846,Download,229.0985210304606,22.929,0.0,Taipei City,Taipei,25.053,121.5259,20,"Taiwan Mobile Co., Ltd.",24158
2026-01-28 07:13:24.296998 UTC,2026,15:13:24,ndt-dws54_1768456405_00000000000E9B89,Download,11.423398929160813,21.261,0.0,Taipei City,Taipei,25.053,121.5259,5,"Taiwan Mobile Co., Ltd.",24158
2026-01-28 07:07:58.194955 UTC,2026,15:07:58,ndt-ffzkn_1768243520_000000000011368A,Download,7.5167023326221916,164.894,0.12929049904395284,Taipei City,Taipei,25.053,121.5259,5,Mobile Business Group,17421
2026-01-28 07:02:46.088587 UTC,2026,15:02:46,ndt-vh7vp_1768330240_00000000000F8A8E,Download,4.3201142177335905,25.099,0.0,Taipei City,Taipei,25.053,121.5259,20,"Taiwan Mobile Co., Ltd.",24158
2026-01-28 07:02:25.917278 UTC,2026,15:02:25,ndt-ffzkn_1768243520_00000000000FFD3D,Download,34.855293190802655,22.838,0.063764570651072508,Taipei City,Taipei,25.053,121.5259,20,"Taiwan Mobile Co., Ltd.",24158
2026-01-28 06:59:36.717148 UTC,2026,14:59:36,ndt-virtual-zr6lw_1768241594_0000000000123A31,Download,5.6374951657755323,19.513,0.089836117354959083,Taipei City,Taipei,25.053,121.5259,20,"Taiwan Mobile Co., Ltd.",24158
2026-01-28 06:59:25.083351 UTC,2026,14:59:25,ndt-dws54_1768456405_00000000000F7396,Download,31.127990390153197,24.0,0.035442268984303318,Taipei City,Taipei,25.053,121.5259,20,"Taiwan Mobile Co., Ltd.",24158
2026-01-28 06:58:40.554105 UTC,2026,14:58:40,ndt-ffzkn_1768243520_0000000000105C6C,Download,114.26631253899937,25.762,0.0,Taipei City,Taipei,25.053,121.5259,5,"Taiwan Mobile Co., Ltd.",24158
2026-01-28 06:56:25.246812 UTC,2026,14:56:25,ndt-vh7vp_1768330240_00000000000FA938,Download,28.096163577935503,40.965,0.0,Taipei City,Taipei,25.053,121.5259,5,"Taiwan Mobile Co., Ltd.",24158
2026-01-28 06:55:29.839763 UTC,2026,14:55:29,ndt-vh7vp_1768330240_000000000010473A,Download,14.060540171034528,39.24,0.0,Taipei City,Taipei,25.053,121.5259,5,"Taiwan Mobile Co., Ltd.",24158
2026-01-28 06:52:59.136889 UTC,2026,14:52:59,ndt-dws54_1768456405_00000000000E9B66,Download,12.547790990285366,19.964,0.082246568689745683,Taipei City,Taipei,25.053,121.5259,100,"Far EastTone Telecommunication Co., Ltd.",9674
2026-01-28 06:52:26.730937 UTC,2026,14:52:26,ndt-dws54_1768456405_00000000000E7B77,Download,243.80370669925802,26.083,5.60300120914571e-06,Taipei City,Taipei,25.053,121.5259,50,"Far EastTone Telecommunication Co., Ltd.",9674
2026-01-28 06:34:56.055093 UTC,2026,14:34:56,ndt-vh7vp_1768330240_00000000000F7A0B,Download,90.391967934228262,167.689,0.0027755577102109305,Taipei City,Taipei,25.053,121.5259,5,Mobile Business Group,17421
2026-01-28 06:29:13.733317 UTC,2026,14:29:13,ndt-dws54_1768456405_00000000000FC2B5,Download,5.4272133647337188,166.175,0.24495668817338648,Taipei City,Taipei,25.053,121.5259,5,Mobile Business Group,17421
2026-01-28 06:15:34.033692 UTC,2026,14:15:34,ndt-ffzkn_1768243520_000000000010AAE6,Download,24.024728779933771,166.868,0.03371810122723224,Taipei City,Taipei,25.053,121.5259,5,Mobile Business Group,17421
2026-01-28 06:15:19.340589 UTC,2026,14:15:19,ndt-dws54_1768456405_00000000000F6455,Download,93.2338728780787,30.923,0.0,Taipei City,Taipei,25.053,121.5259,100,"Far EastTone Telecommunication Co., Ltd.",9674
2026-01-28 06:11:11.261516 UTC,2026,14:11:11,ndt-vh7vp_1768330240_00000000000F3C02,Download,32.23538174982707,24.118,3.6353747383510958e-05,Taipei City,Taipei,25.053,121.5259,5,"Far EastTone Telecommunication Co., Ltd.",9674
2026-01-28 06:05:42.686145 UTC,2026,14:05:42,ndt-ffzkn_1768243520_0000000000106B41,Download,15.043270257839234,26.228,0.00015241409843218406,Taipei City,Taipei,25.053,121.5259,20,"Far EastTone Telecommunication Co., Ltd.",9674
2026-01-28 05:55:58.239431 UTC,2026,13:55:58,ndt-lnr2x_1768363376_00000000001794E0,Download,0.63790291729617843,96.625,0.0030301273951800806,Taipei City,Taipei,25.053,121.5259,5,"Taiwan Mobile Co., Ltd.",24158
2026-01-28 05:52:50.817932 UTC,2026,13:52:50,ndt-lnvj8_1768496812_000000000013BF05,Download,0.2569053406270434,160.909,0.1076893544671749,Taipei City,Taipei,25.053,121.5259,5,"Taiwan Mobile Co., Ltd.",24158
2026-01-28 05:51:32.491307 UTC,2026,13:51:32,ndt-ffzkn_1768243520_0000000000103BC6,Download,24.556748061601667,28.976,0.0023400271364491456,Taipei City,Taipei,25.053,121.5259,50,"Far EastTone Telecommunication Co., Ltd.",9674
2026-01-28 05:51:06.992818 UTC,2026,13:51:06,ndt-virtual-zr6lw_1768241594_0000000000122898,Download,108.25585163809866,23.794,0.030613416887758628,Taipei City,Taipei,25.053,121.5259,20,"Far EastTone Telecommunication Co., Ltd.",9674
2026-01-28 05:37:59.530997 UTC,2026,13:37:59,ndt-vh7vp_1768330240_000000000010176B,Download,70.101558338023139,161.851,0.046309870941590281,Taipei City,Taipei,25.053,121.5259,5,Mobile Business Group,17421
2026-01-28 05:35:11.887577 UTC,2026,13:35:11,ndt-ffzkn_1768243520_00000000000F9D37,Download,10.652116206087397,21.0,0.23233414465891786,Taipei City,Taipei,25.053,121.5259,50,"Far EastTone Telecommunication Co., Ltd.",9674
2026-01-28 05:26:01.113677 UTC,2026,13:26:01,ndt-dws54_1768456405_00000000000DDEC0,Download,76.443857629047358,23.73,0.0,Taipei City,Taipei,25.053,121.5259,20,"Taiwan Mobile Co., Ltd.",24158
2026-01-28 05:24:28.110559 UTC,2026,13:24:28,ndt-vh7vp_1768330240_00000000000F2C78,Download,290.28619928940515,43.481,0.0,Taipei City,Taipei,25.053,121.5259,5,"Taiwan Mobile Co., Ltd.",24158
2026-01-28 05:10:20.327302 UTC,2026,13:10:20,ndt-vh7vp_1768330240_00000000000F89BB,Download,7.1989329080716056,33.882,0.0,Taipei City,Taipei,25.053,121.5259,5,"Taiwan Mobile Co., Ltd.",24158
2026-01-28 05:07:56.644320 UTC,2026,13:07:56,ndt-dws54_1768456405_00000000000FC23C,Download,166.93350789335079,17.816,0.0,Taipei City,Taipei,25.053,121.5259,5,"Taiwan Mobile Co., Ltd.",24158
2026-01-28 05:06:32.297613 UTC,2026,13:06:32,ndt-vh7vp_1768330240_0000000000104674,Download,10.618768374102579,23.111,0.10160492760448427,Taipei City,Taipei,25.053,121.5259,20,"Far EastTone Telecommunication Co., Ltd.",9674
2026-01-28 05:06:30.610171 UTC,2026,13:06:30,ndt-vh7vp_1768330240_00000000000EDF10,Download,16.299829403767117,177.662,0.0015797875092174573,Taipei City,Taipei,25.053,121.5259,5,Mobile Business Group,17421
2026-01-28 05:04:32.256548 UTC,2026,13:04:32,ndt-dws54_1768456405_00000000000E8A72,Download,84.061917211263619,165.02,0.0045939725132922108,Taipei City,Taipei,25.053,121.5259,5,Mobile Business Group,17421
2026-01-28 05:02:46.224820 UTC,2026,13:02:46,ndt-dws54_1768456405_00000000000E4C77,Download,84.1268099685402,166.0,0.0054581700423177917,Taipei City,Taipei,25.053,121.5259,5,Mobile Business Group,17421
2026-01-28 04:59:47.623802 UTC,2026,12:59:47,ndt-dws54_1768456405_00000000000E7AB0,Download,73.078405599531436,170.0,0.0045577009412001383,Taipei City,Taipei,25.053,121.5259,5,Mobile Business Group,17421
2026-01-28 04:53:54.896162 UTC,2026,12:53:54,ndt-dws54_1768456405_00000000000E8A61,Download,89.655979754903782,161.307,0.0082970593355598636,Taipei City,Taipei,25.053,121.5259,5,Mobile Business Group,17421
2026-01-28 04:44:16.628825 UTC,2026,12:44:16,ndt-ffzkn_1768243520_00000000000F9CF1,Download,10.521868379378159,30.006,0.0,Taipei City,Taipei,25.053,121.5259,100,"Far EastTone Telecommunication Co., Ltd.",9674
2026-01-28 04:39:49.788410 UTC,2026,12:39:49,ndt-vh7vp_1768330240_00000000000FF6E6,Download,98.863360178041646,22.919,0.0,Taipei City,Taipei,25.053,121.5259,5,"Taiwan Mobile Co., Ltd.",24158
2026-01-28 04:39:35.765105 UTC,2026,12:39:35,ndt-dws54_1768456405_00000000000F153F,Download,0.8089537272231474,23.893,0.16845145368769968,Taipei City,Taipei,25.053,121.5259,50,"Far EastTone Telecommunication Co., Ltd.",9674
2026-01-28 04:36:42.956772 UTC,2026,12:36:42,ndt-dws54_1768456405_00000000000E3D3A,Download,2.9975252847731531,32.765,0.00012986739096411553,Taipei City,Taipei,25.053,121.5259,20,"Far EastTone Telecommunication Co., Ltd.",9674
2026-01-28 04:32:32.438487 UTC,2026,12:32:32,ndt-dws54_1768456405_00000000000FC203,Download,6.9891228178123255,30.698,0.0022440312684796531,Taipei City,Taipei,25.053,121.5259,5,"Far EastTone Telecommunication Co., Ltd.",9674
2026-01-28 04:28:30.464140 UTC,2026,12:28:30,ndt-vh7vp_1768330240_00000000000F896B,Download,31.145097648628933,21.445,0.02706056153433269,Taipei City,Taipei,25.053,121.5259,5,"Taiwan Mobile Co., Ltd.",24158
2026-01-28 04:22:28.743744 UTC,2026,12:22:28,ndt-dws54_1768456405_00000000000DDE6A,Download,27.349236852315283,30.126,0.0,Taipei City,Taipei,25.053,121.5259,20,"Far EastTone Telecommunication Co., Ltd.",9674
2026-01-28 04:21:25.125534 UTC,2026,12:21:25,ndt-ffzkn_1768243520_000000000010F456,Download,17.878890472457851,25.587,0.0,Taipei City,Taipei,25.053,121.5259,100,"Taiwan Mobile Co., Ltd.",24158
2026-01-28 04:16:09.945773 UTC,2026,12:16:09,ndt-vh7vp_1768330240_00000000000F8958,Download,28.211086216237675,37.045,0.0,Taipei City,Taipei,25.053,121.5259,20,"Taiwan Mobile Co., Ltd.",24158
2026-01-28 04:07:10.653702 UTC,2026,12:07:10,ndt-vh7vp_1768330240_00000000000F0D52,Download,0.45049138882127604,121.025,0.11107025681638194,Taipei City,Taipei,25.053,121.5259,100,"Far EastTone Telecommunication Co., Ltd.",9674
2026-01-28 04:01:47.577385 UTC,2026,12:01:47,ndt-vh7vp_1768330240_00000000000F3B0F,Download,119.44530878371155,26.906,0.012922438618498577,Taipei City,Taipei,25.053,121.5259,5,Mobile Business Group,17421
2026-01-22 03:59:17.226268 UTC,2026,11:59:17,ndt-mcnzr_1768477960_000000000008D9D7,Download,44.717096720217064,295.148,0.01166622943247477,Taipei City,Taipei,25.053,121.5259,5,Mobile Business Group,17421
2026-01-22 03:55:18.149373 UTC,2026,11:55:18,ndt-vh7vp_1768330240_0000000000097192,Download,8.6312687534946164,19.632,0.0,Taipei City,Taipei,25.053,121.5259,5,"Taiwan Mobile Co., Ltd.",24158
2026-01-22 03:52:38.996493 UTC,2026,11:52:38,ndt-dws54_1768456405_0000000000073F42,Download,281.93331474483983,15.024,0.0,Taipei City,Taipei,25.053,121.5259,5,"Taiwan Mobile Co., Ltd.",24158
2026-01-22 03:52:16.211273 UTC,2026,11:52:16,ndt-dws54_1768456405_000000000008B2CB,Download,106.2098430681456,146.937,3.1583793895308264e-05,Taipei City,Taipei,25.053,121.5259,5,Mobile Business Group,17421
2026-01-22 03:51:18.568335 UTC,2026,11:51:18,ndt-dws54_1768456405_0000000000075E98,Download,45.864954340684768,26.451,0.0,Taipei City,Taipei,25.053,121.5259,5,"Taiwan Mobile Co., Ltd.",24158
2026-01-22 03:50:02.877444 UTC,2026,11:50:02,ndt-dws54_1768456405_0000000000076E7E,Download,32.092443017292069,26.057,0.0,Taipei City,Taipei,25.053,121.5259,5,"Taiwan Mobile Co., Ltd.",24158
2026-01-22 03:41:06.489575 UTC,2026,11:41:06,ndt-dws54_1768456405_000000000007EC14,Download,422.52077004538683,17.19,0.0,Taipei City,Taipei,25.053,121.5259,5,"Taiwan Mobile Co., Ltd.",24158
2026-01-22 03:40:53.878779 UTC,2026,11:40:53,ndt-ffzkn_1768243520_00000000000A741F,Download,6.09815566137852,161.88,0.0,Taipei City,Taipei,25.053,121.5259,5,Mobile Business Group,17421
2026-01-22 03:40:04.148593 UTC,2026,11:40:04,ndt-vh7vp_1768330240_0000000000095247,Download,62.007437020340248,25.514,0.0034551889534572998,Taipei City,Taipei,25.053,121.5259,5,"Taiwan Mobile Co., Ltd.",24158
2026-01-22 03:38:39.397745 UTC,2026,11:38:39,ndt-ffzkn_1768243520_00000000000AE2E0,Download,360.08443336052221,16.631,3.54638852896864e-05,Taipei City,Taipei,25.053,121.5259,5,"Taiwan Mobile Co., Ltd.",24158
2026-01-22 03:38:10.416383 UTC,2026,11:38:10,ndt-ffzkn_1768243520_00000000000A34FC,Download,58.086713919092432,160.0,0.00017425671821883276,Taipei City,Taipei,25.053,121.5259,50,"Far EastTone Telecommunication Co., Ltd.",9674
2026-01-22 03:36:18.663358 UTC,2026,11:36:18,ndt-ffzkn_1768243520_00000000000AC31F,Download,111.38276737906915,26.328,0.0,Taipei City,Taipei,25.053,121.5259,5,"Taiwan Mobile Co., Ltd.",24158
2026-01-22 03:35:21.150202 UTC,2026,11:35:21,ndt-vh7vp_1768330240_0000000000093322,Download,28.156515580585737,28.658,0.0,Taipei City,Taipei,25.053,121.5259,20,"Taiwan Mobile Co., Ltd.",24158
2026-01-22 03:29:31.482502 UTC,2026,11:29:31,ndt-dws54_1768456405_0000000000072EF8,Download,12.807587051004276,17.936,0.16250440793695661,Taipei City,Taipei,25.053,121.5259,50,"Far EastTone Telecommunication Co., Ltd.",18412
2026-01-22 03:17:29.002293 UTC,2026,11:17:29,ndt-dws54_1768456405_000000000007DC85,Download,203.75987835957645,20.738,0.0,Taipei City,Taipei,25.053,121.5259,20,"Taiwan Mobile Co., Ltd.",24158
2026-01-22 03:13:40.163699 UTC,2026,11:13:40,ndt-dws54_1768456405_000000000007DC7C,Download,24.259006402811689,161.329,0.00287112803785157,Taipei City,Taipei,25.053,121.5259,5,Mobile Business Group,17421
2026-01-22 03:12:15.813051 UTC,2026,11:12:15,ndt-ffzkn_1768243520_00000000000AF1F3,Download,10.965215377422114,20.481,0.0,Taipei City,Taipei,25.053,121.5259,100,"Taiwan Mobile Co., Ltd.",24158
2026-01-22 03:06:52.410257 UTC,2026,11:06:52,ndt-dws54_1768456405_0000000000078CFF,Download,2.62944439635375,160.694,0.0,Taipei City,Taipei,25.053,121.5259,20,"Far EastTone Telecommunication Co., Ltd.",9674
2026-01-22 03:06:10.721572 UTC,2026,11:06:10,ndt-ffzkn_1768243520_00000000000A73F9,Download,2.7820730158788303,162.786,0.00019945613088816972,Taipei City,Taipei,25.053,121.5259,20,"Far EastTone Telecommunication Co., Ltd.",9674
2026-01-22 03:00:05.033495 UTC,2026,11:00:05,ndt-dws54_1768456405_0000000000071F78,Download,73.608442718662843,147.434,0.0,Taipei City,Taipei,25.053,121.5259,50,"Far EastTone Telecommunication Co., Ltd.",9674
2026-01-22 02:58:22.402697 UTC,2026,10:58:22,ndt-vh7vp_1768330240_0000000000097152,Download,4.4624562489209376,24.279,0.00396347386827278,Taipei City,Taipei,25.053,121.5259,5,"Taiwan Mobile Co., Ltd.",24158
2026-01-22 02:57:21.178716 UTC,2026,10:57:21,ndt-dws54_1768456405_0000000000079CB4,Download,5.7660132678086722,26.392,7.2387193529946026e-05,Taipei City,Taipei,25.053,121.5259,5,"Taiwan Mobile Co., Ltd.",24158
2026-01-22 02:47:46.881855 UTC,2026,10:47:46,ndt-ffzkn_1768243520_00000000000A73E0,Download,11.561104829741344,15.041,0.087191576844104113,Taipei City,Taipei,25.053,121.5259,5,"Taiwan Mobile Co., Ltd.",24158
2026-01-22 02:47:38.317106 UTC,2026,10:47:38,ndt-ffzkn_1768243520_00000000000B80A5,Download,45.615482721055947,23.951,0.0,Taipei City,Taipei,25.053,121.5259,5,"Taiwan Mobile Co., Ltd.",24158
2026-01-22 02:34:08.452381 UTC,2026,10:34:08,ndt-vh7vp_1768330240_0000000000097141,Download,24.704401383680288,27.053,4.3755449585656847e-05,Taipei City,Taipei,25.053,121.5259,5,"Taiwan Mobile Co., Ltd.",24158
2026-01-22 02:15:44.560624 UTC,2026,10:15:44,ndt-ffzkn_1768243520_00000000000AB2F7,Download,106.13416551302468,148.607,0.0015728107412139845,Taipei City,Taipei,25.053,121.5259,5,Mobile Business Group,17421
2026-01-22 02:15:20.527072 UTC,2026,10:15:20,ndt-vh7vp_1768330240_000000000009814F,Download,13.283511728326854,14.0,0.15926838107602442,Taipei City,Taipei,25.053,121.5259,100,"Far EastTone Telecommunication Co., Ltd.",9674
2026-01-22 02:10:50.422508 UTC,2026,10:10:50,ndt-vh7vp_1768330240_00000000000951D6,Download,7.8175894235335477,162.549,0.0,Taipei City,Taipei,25.053,121.5259,5,Mobile Business Group,17421
2026-01-22 02:02:08.987450 UTC,2026,10:02:08,ndt-vh7vp_1768330240_000000000009B0CA,Download,50.690579872710117,158.008,0.00010690564707746105,Taipei City,Taipei,25.053,121.5259,50,"Far EastTone Telecommunication Co., Ltd.",9674
2026-01-22 02:00:34.802145 UTC,2026,10:00:34,ndt-ffzkn_1768243520_000000000009AF48,Download,131.76775300531696,148.978,0.0,Taipei City,Taipei,25.053,121.5259,5,Mobile Business Group,17421
2026-01-22 02:00:03.562866 UTC,2026,10:00:03,ndt-ffzkn_1768243520_00000000000AA34B,Download,132.2888136775492,148.741,0.0,Taipei City,Taipei,25.053,121.5259,5,Mobile Business Group,17421
2026-01-22 01:58:54.678459 UTC,2026,09:58:54,ndt-vh7vp_1768330240_0000000000098137,Download,127.16888712366924,148.523,0.0,Taipei City,Taipei,25.053,121.5259,5,Mobile Business Group,17421
2026-01-22 01:58:33.508872 UTC,2026,09:58:33,ndt-vh7vp_1768330240_00000000000913C3,Download,0.60085664447427778,32.908,0.0,Taipei City,Taipei,25.053,121.5259,5,"Taiwan Mobile Co., Ltd.",24158
2026-01-22 01:58:27.972093 UTC,2026,09:58:27,ndt-dws54_1768456405_0000000000077CDA,Download,11.335501263628524,19.298,0.0992680946222558,Taipei City,Taipei,25.053,121.5259,10,"Taiwan Mobile Co., Ltd.",24158
2026-01-22 01:58:21.038722 UTC,2026,09:58:21,ndt-dws54_1768456405_0000000000087254,Download,130.70355927576563,148.922,0.0,Taipei City,Taipei,25.053,121.5259,5,Mobile Business Group,17421
2026-01-22 01:57:15.042032 UTC,2026,09:57:15,ndt-dws54_1768456405_0000000000076DB7,Download,126.87612009910391,147.834,0.0,Taipei City,Taipei,25.053,121.5259,5,Mobile Business Group,17421
2026-01-22 01:56:30.174781 UTC,2026,09:56:30,ndt-ffzkn_1768243520_00000000000A8360,Download,52.499215841015889,24.725,7.2555705262849788e-06,Taipei City,Taipei,25.053,121.5259,5,"Taiwan Mobile Co., Ltd.",24158
2026-01-22 01:56:28.017000 UTC,2026,09:56:28,ndt-ffzkn_1768243520_00000000000A546A,Download,115.12656487564941,149.185,0.0,Taipei City,Taipei,25.053,121.5259,5,Mobile Business Group,17421
2026-01-22 01:51:58.032613 UTC,2026,09:51:58,ndt-vh7vp_1768330240_0000000000098129,Download,120.64787385743016,146.843,0.0,Taipei City,Taipei,25.053,121.5259,5,Mobile Business Group,17421
2026-01-22 01:38:56.425392 UTC,2026,09:38:56,ndt-vh7vp_1768330240_000000000009B0A9,Download,95.409150516071733,153.769,0.0,Taipei City,Taipei,25.053,121.5259,5,Mobile Business Group,17421
2026-01-22 01:37:56.417432 UTC,2026,09:37:56,ndt-mcnzr_1768477960_000000000009B180,Download,71.108575829337639,106.673,0.023159033358150356,Taipei City,Taipei,25.053,121.5259,50,"Far EastTone Telecommunication Co., Ltd.",9674
2026-01-22 01:37:11.787545 UTC,2026,09:37:11,ndt-vh7vp_1768330240_00000000000970FF,Download,1.1726979407240794,21.733,0.064549774335513,Taipei City,Taipei,25.053,121.5259,5,"Taiwan Mobile Co., Ltd.",24158
2026-01-22 01:32:47.141428 UTC,2026,09:32:47,ndt-dws54_1768456405_000000000006FD13,Download,34.085101893999138,23.082,0.0027452059002890279,Taipei City,Taipei,25.053,121.5259,5,"Taiwan Mobile Co., Ltd.",24158
2026-01-22 01:27:31.219459 UTC,2026,09:27:31,ndt-ffzkn_1768243520_00000000000AB2B4,Download,0.23842525976368334,165.028,0.3626438351487008,Taipei City,Taipei,25.053,121.5259,20,"Far EastTone Telecommunication Co., Ltd.",9674
2026-01-22 01:18:50.258006 UTC,2026,09:18:50,ndt-vh7vp_1768330240_0000000000096138,Download,20.45205215638757,20.183,0.052235730226165032,Taipei City,Taipei,25.053,121.5259,100,"Far EastTone Telecommunication Co., Ltd.",9674
2026-01-22 01:12:41.936055 UTC,2026,09:12:41,ndt-vh7vp_1768330240_00000000000990A7,Download,28.881986360833487,26.131,0.00015218133658102966,Taipei City,Taipei,25.053,121.5259,50,"Far EastTone Telecommunication Co., Ltd.",9674
2026-01-22 01:08:37.857237 UTC,2026,09:08:37,ndt-ffzkn_1768243520_00000000000A5425,Download,128.33046984702381,18.406,0.0,Taipei City,Taipei,25.053,121.5259,10,Mobile Business Group,17421
2026-01-22 01:07:51.761842 UTC,2026,09:07:51,ndt-virtual-zr6lw_1768241594_00000000000ABB63,Download,14.023224445041272,29.517,0.0002356773913840783,Taipei City,Taipei,25.053,121.5259,100,"Far EastTone Telecommunication Co., Ltd.",9674
2026-01-22 01:06:12.695055 UTC,2026,09:06:12,ndt-vh7vp_1768330240_00000000000990A0,Download,12.074036368543133,155.447,0.26700561234618886,Taipei City,Taipei,25.053,121.5259,50,"Far EastTone Telecommunication Co., Ltd.",9674
2026-01-22 01:04:21.925018 UTC,2026,09:04:21,ndt-vh7vp_1768330240_000000000009909B,Download,7.2700875430920053,158.0,0.44458634014240622,Taipei City,Taipei,25.053,121.5259,50,"Far EastTone Telecommunication Co., Ltd.",9674
2026-01-22 01:03:48.606680 UTC,2026,09:03:48,ndt-dws54_1768456405_0000000000079BF7,Download,6.4622786761131428,160.065,0.21739339738754118,Taipei City,Taipei,25.053,121.5259,50,"Far EastTone Telecommunication Co., Ltd.",9674
2026-01-22 01:02:02.640979 UTC,2026,09:02:02,ndt-vh7vp_1768330240_0000000000093252,Download,1.0830603767243439,197.089,0.0,Taipei City,Taipei,25.053,121.5259,5,"Taiwan Mobile Co., Ltd.",24158
2026-01-22 01:01:06.793903 UTC,2026,09:01:06,ndt-dws54_1768456405_000000000006DF9A,Download,27.094709076449668,23.929,0.0072567703963860482,Taipei City,Taipei,25.053,121.5259,5,Mobile Business Group,17421
2026-01-22 00:50:52.754263 UTC,2026,08:50:52,ndt-ffzkn_1768243520_00000000000A1451,Download,11.224025901798035,19.08,0.0,Taipei City,Taipei,25.053,121.5259,10,"Taiwan Mobile Co., Ltd.",24158
2026-01-22 00:50:13.060239 UTC,2026,08:50:13,ndt-vh7vp_1768330240_00000000000980D7,Download,11.142387460924461,22.003,0.0031852958336264291,Taipei City,Taipei,25.053,121.5259,5,Mobile Business Group,17421
2026-01-22 00:39:17.355718 UTC,2026,08:39:17,ndt-virtual-zr6lw_1768241594_00000000000AE5FC,Download,30.648882256008456,19.971,0.066737481253175107,Taipei City,Taipei,25.053,121.5259,5,Mobile Business Group,17421
2026-01-22 00:31:51.165709 UTC,2026,08:31:51,ndt-ffzkn_1768243520_00000000000A82F9,Download,25.293803776317034,18.0,0.0724576395974809,Taipei City,Taipei,25.053,121.5259,5,Mobile Business Group,17421
2026-01-22 00:30:40.071515 UTC,2026,08:30:40,ndt-ffzkn_1768243520_00000000000AF140,Download,32.814505901761862,18.0,0.060813078043127571,Taipei City,Taipei,25.053,121.5259,5,Mobile Business Group,17421
2026-01-22 00:30:06.074524 UTC,2026,08:30:06,ndt-vh7vp_1768330240_0000000000094195,Download,30.986477852067662,22.62,0.062430449045279689,Taipei City,Taipei,25.053,121.5259,5,Mobile Business Group,17421
2026-01-22 00:29:27.188283 UTC,2026,08:29:27,ndt-vh7vp_1768330240_000000000009B050,Download,93.683204241298156,22.413,0.0,Taipei City,Taipei,25.053,121.5259,5,"Taiwan Mobile Co., Ltd.",24158
2026-01-22 00:24:45.527729 UTC,2026,08:24:45,ndt-dws54_1768456405_000000000007CBBB,Download,8.4420427296676479,158.752,0.053201824750369268,Taipei City,Taipei,25.053,121.5259,100,"Far EastTone Telecommunication Co., Ltd.",9674
2026-01-22 00:24:11.678514 UTC,2026,08:24:11,ndt-rwnrz_1768382423_00000000000A7676,Download,0.30211610473517125,105.065,0.0046456549462561489,Taipei City,Taipei,25.053,121.5259,100,"Far EastTone Telecommunication Co., Ltd.",9674
2026-01-22 00:14:45.329094 UTC,2026,08:14:45,ndt-ffzkn_1768243520_00000000000AA2B3,Download,85.908238913862078,162.23,0.015925632274401184,Taipei City,Taipei,25.053,121.5259,100,"Far EastTone Telecommunication Co., Ltd.",9674
2026-01-22 00:06:34.332718 UTC,2026,08:06:34,ndt-ffzkn_1768243520_00000000000AE1DD,Download,0.11216627200706861,86.0,0.4876250057080232,Taipei City,Taipei,25.053,121.5259,50,Mobile Business Group,17421
2026-01-21 23:55:58.592407 UTC,2026,07:55:58,ndt-ffzkn_1768243520_00000000000AC224,Download,11.51521426803623,15.0,0.16363976149590445,Taipei City,Taipei,25.053,121.5259,5,"Taiwan Mobile Co., Ltd.",24158
2026-01-21 23:42:00.977891 UTC,2026,07:42:00,ndt-vh7vp_1768330240_000000000008F4F5,Download,20.058392846426212,157.453,0.01150261014893619,Taipei City,Taipei,25.053,121.5259,5,Mobile Business Group,17421
2026-01-21 23:41:30.009153 UTC,2026,07:41:30,ndt-ffzkn_1768243520_00000000000A6317,Download,7.870707608818746,24.192,0.0,Taipei City,Taipei,25.053,121.5259,5,"Taiwan Mobile Co., Ltd.",24158
2026-01-21 23:37:57.547761 UTC,2026,07:37:57,ndt-vh7vp_1768330240_000000000009414D,Download,241.39867821035094,17.529,4.6991636716107149e-06,Taipei City,Taipei,25.053,121.5259,5,"Taiwan Mobile Co., Ltd.",24158
2026-01-21 23:37:34.719851 UTC,2026,07:37:34,ndt-vh7vp_1768330240_000000000007AF8E,Download,120.68738388461435,152.109,0.0,Taipei City,Taipei,25.053,121.5259,100,"Far EastTone Telecommunication Co., Ltd.",9674
2026-01-21 23:33:30.259169 UTC,2026,07:33:30,ndt-dws54_1768456405_000000000007F6F2,Download,19.246316401516527,159.763,0.25270300711031723,Taipei City,Taipei,25.053,121.5259,50,"Far EastTone Telecommunication Co., Ltd.",9674
2026-01-21 22:54:24.525756 UTC,2026,06:54:24,ndt-dws54_1768456405_000000000007CAFA,Download,38.616325303083187,164.851,0.0,Taipei City,Taipei,25.053,121.5259,5,Mobile Business Group,17421
2026-01-21 22:53:45.829356 UTC,2026,06:53:45,ndt-ffzkn_1768243520_00000000000A62E8,Download,59.113397082861333,165.345,0.00011918001810679426,Taipei City,Taipei,25.053,121.5259,100,"Far EastTone Telecommunication Co., Ltd.",9674
2026-01-21 22:44:11.843883 UTC,2026,06:44:11,ndt-vh7vp_1768330240_0000000000081CFE,Download,20.35390858344984,25.786,0.037055694182485104,Taipei City,Taipei,25.053,121.5259,100,"Far EastTone Telecommunication Co., Ltd.",9674
2026-01-21 22:41:42.634134 UTC,2026,06:41:42,ndt-ffzkn_1768243520_00000000000A62D8,Download,22.467049767644244,153.953,0.23515276466962223,Taipei City,Taipei,25.053,121.5259,5,Mobile Business Group,17421
2026-01-21 20:17:08.592715 UTC,2026,04:17:08,ndt-vh7vp_1768330240_0000000000075FC7,Download,34.0547465231567,22.724,0.0,Taipei City,Taipei,25.053,121.5259,5,"Taiwan Mobile Co., Ltd.",24158
2026-01-21 20:02:24.182953 UTC,2026,04:02:24,ndt-vh7vp_1768330240_000000000007EEA9,Download,10.191413746045551,20.926,0.0,Taipei City,Taipei,25.053,121.5259,10,"Taiwan Mobile Co., Ltd.",24158
2026-01-21 18:31:10.788036 UTC,2026,02:31:10,ndt-vh7vp_1768330240_000000000007DE9D,Download,181.1007783624751,16.162,0.0,Taipei City,Taipei,25.053,121.5259,10,Mobile Business Group,17421
2026-01-21 17:48:22.913144 UTC,2026,01:48:22,ndt-vh7vp_1768330240_000000000009115A,Download,18.795759877877085,155.673,0.027262606359949461,Taipei City,Taipei,25.053,121.5259,5,Mobile Business Group,17421
2026-01-21 17:20:24.594674 UTC,2026,01:20:24,ndt-ffzkn_1768243520_00000000000A8126,Download,13.293390925269133,160.088,0.0013468309859154929,Taipei City,Taipei,25.053,121.5259,50,"Far EastTone Telecommunication Co., Ltd.",9674
2026-01-21 16:58:35.109473 UTC,2026,00:58:35,ndt-ffzkn_1768243520_00000000000AD057,Download,119.11226970664,153.221,0.0,Taipei City,Taipei,25.053,121.5259,50,"Far EastTone Telecommunication Co., Ltd.",9674
2026-01-21 16:49:52.058282 UTC,2026,00:49:52,ndt-ffzkn_1768243520_00000000000A21E7,Download,5.5370825495380807,24.011,0.0029264039792147164,Taipei City,Taipei,25.053,121.5259,100,"Far EastTone Telecommunication Co., Ltd.",9674
2026-01-21 16:47:56.588289 UTC,2026,00:47:56,ndt-vh7vp_1768330240_000000000007EDAA,Download,168.03597149280196,23.678,0.0,Taipei City,Taipei,25.053,121.5259,5,"Taiwan Mobile Co., Ltd.",24158
2026-01-21 16:47:00.138575 UTC,2026,00:47:00,ndt-ffzkn_1768243520_00000000000AB070,Download,122.21348759876818,153.174,0.0,Taipei City,Taipei,25.053,121.5259,50,"Far EastTone Telecommunication Co., Ltd.",9674
2026-01-21 16:37:07.129033 UTC,2026,00:37:07,ndt-ffzkn_1768243520_00000000000A6148,Download,41.702972011732179,164.95,0.00081992411287973635,Taipei City,Taipei,25.053,121.5259,100,"Far EastTone Telecommunication Co., Ltd.",9674
2026-01-21 16:21:24.248102 UTC,2026,00:21:24,ndt-dws54_1768456405_000000000007B869,Download,31.565831278644239,164.734,3.4923738560020044e-05,Taipei City,Taipei,25.053,121.5259,50,"Far EastTone Telecommunication Co., Ltd.",9674
2026-01-21 16:14:51.598854 UTC,2026,00:14:51,ndt-ffzkn_1768243520_00000000000A518B,Download,2.9849587680029677,22.12,0.044594305255437429,Taipei City,Taipei,25.053,121.5259,50,"Far EastTone Telecommunication Co., Ltd.",9674
2026-01-21 15:53:17.737264 UTC,2026,23:53:17,ndt-vh7vp_1768330240_0000000000074EFC,Download,21.142552509432573,16.955,0.072842089473340713,Taipei City,Taipei,25.053,121.5259,5,"Taiwan Mobile Co., Ltd.",24158
2026-01-21 15:53:14.432057 UTC,2026,23:53:14,ndt-vh7vp_1768330240_000000000007CE0A,Download,7.0111692509300472,158.135,0.011496777329737296,Taipei City,Taipei,25.053,121.5259,5,Mobile Business Group,17421
2026-01-21 15:51:33.667169 UTC,2026,23:51:33,ndt-vh7vp_1768330240_000000000008F291,Download,14.493841935512769,22.646,0.00025917155554306597,Taipei City,Taipei,25.053,121.5259,100,"Far EastTone Telecommunication Co., Ltd.",9674
2026-01-21 15:45:30.800446 UTC,2026,23:45:30,ndt-vh7vp_1768330240_00000000000901E0,Download,9.1064526706889524,23.411,0.16984746925289554,Taipei City,Taipei,25.053,121.5259,20,"Taiwan Mobile Co., Ltd.",24158
2026-01-21 15:33:46.741036 UTC,2026,23:33:46,ndt-ffzkn_1768243520_000000000009EA02,Download,183.73968417126704,19.321,0.0,Taipei City,Taipei,25.053,121.5259,5,"Taiwan Mobile Co., Ltd.",24158
2026-01-21 15:29:53.589955 UTC,2026,23:29:53,ndt-vh7vp_1768330240_000000000007ED37,Download,5.1344260939550592,184.124,0.23775574664483606,Taipei City,Taipei,25.053,121.5259,50,"Far EastTone Telecommunication Co., Ltd.",9674
2026-01-21 15:26:43.918467 UTC,2026,23:26:43,ndt-ffzkn_1768243520_000000000008AFFA,Download,9.0768314487955166,20.201,0.0002558037785977751,Taipei City,Taipei,25.053,121.5259,5,Mobile Business Group,17421
2026-01-21 15:25:58.162500 UTC,2026,23:25:58,ndt-ffzkn_1768243520_00000000000AA043,Download,19.705972730341802,22.734,0.1341737976584437,Taipei City,Taipei,25.053,121.5259,20,"Taiwan Mobile Co., Ltd.",24158
2026-01-21 15:21:02.157294 UTC,2026,23:21:02,ndt-vh7vp_1768330240_0000000000076E01,Download,220.09549494179902,19.613,0.0,Taipei City,Taipei,25.053,121.5259,5,"Taiwan Mobile Co., Ltd.",24158
2026-01-21 15:16:47.836183 UTC,2026,23:16:47,ndt-ffzkn_1768243520_00000000000A5137,Download,126.8687551434269,22.468,0.0,Taipei City,Taipei,25.053,121.5259,5,"Taiwan Mobile Co., Ltd.",24158
2026-01-21 15:16:10.608824 UTC,2026,23:16:10,ndt-vh7vp_1768330240_0000000000086743,Download,13.657870914823054,26.451,0.0,Taipei City,Taipei,25.053,121.5259,5,"Taiwan Mobile Co., Ltd.",24158
2026-01-21 15:13:30.405227 UTC,2026,23:13:30,ndt-dws54_1768456405_0000000000066F26,Download,47.916887239590544,65.955,8.6176111329090243e-06,Taipei City,Taipei,25.053,121.5259,5,"Taiwan Mobile Co., Ltd.",24158
2026-01-21 15:12:22.498813 UTC,2026,23:12:22,ndt-vh7vp_1768330240_0000000000074EB3,Download,9.8503532277630228,164.01,0.28151156933026988,Taipei City,Taipei,25.053,121.5259,100,"Far EastTone Telecommunication Co., Ltd.",9674
2026-01-21 15:11:27.737316 UTC,2026,23:11:27,ndt-dws54_1768456405_0000000000063FB5,Download,10.204154327731771,24.181,0.022094102334733922,Taipei City,Taipei,25.053,121.5259,20,"Taiwan Mobile Co., Ltd.",24158
2026-01-21 15:10:12.880325 UTC,2026,23:10:12,ndt-dws54_1768456405_00000000000739C6,Download,10.834760153539163,161.962,0.0013308007953009376,Taipei City,Taipei,25.053,121.5259,100,"Far EastTone Telecommunication Co., Ltd.",9674
2026-01-21 15:07:48.385412 UTC,2026,23:07:48,ndt-dws54_1768456405_000000000007E687,Download,10.951179373754428,150.27,0.29165921835218406,Taipei City,Taipei,25.053,121.5259,5,Mobile Business Group,17421
2026-01-21 15:07:43.766114 UTC,2026,23:07:43,ndt-dws54_1768456405_0000000000068ED3,Download,5.2589197001032666,30.763,0.00098149803889020933,Taipei City,Taipei,25.053,121.5259,5,"Taiwan Mobile Co., Ltd.",24158
2026-01-21 15:04:58.356298 UTC,2026,23:04:58,ndt-ffzkn_1768243520_000000000008DFA4,Download,7.6586256720570365,159.622,0.063350884509046079,Taipei City,Taipei,25.053,121.5259,5,Mobile Business Group,17421
2026-01-21 15:02:59.203181 UTC,2026,23:02:59,ndt-ffzkn_1768243520_000000000008EED0,Download,21.132819646231837,162.97,0.00055601737497440549,Taipei City,Taipei,25.053,121.5259,100,"Far EastTone Telecommunication Co., Ltd.",9674
2026-01-21 15:02:24.603444 UTC,2026,23:02:24,ndt-dws54_1768456405_000000000007A7E0,Download,28.630721983883927,23.27,0.054072181925249395,Taipei City,Taipei,25.053,121.5259,20,"Taiwan Mobile Co., Ltd.",24158
2026-01-21 14:58:21.266653 UTC,2026,22:58:21,ndt-ffzkn_1768243520_00000000000A0229,Download,17.129070196391016,161.791,0.0923394912517898,Taipei City,Taipei,25.053,121.5259,5,Mobile Business Group,17421
2026-01-21 14:54:55.899174 UTC,2026,22:54:55,ndt-vh7vp_1768330240_000000000007BD3F,Download,6.1651412155129828,21.57,0.084735156244362037,Taipei City,Taipei,25.053,121.5259,50,"Far EastTone Telecommunication Co., Ltd.",9674
2026-01-21 14:54:45.232550 UTC,2026,22:54:45,ndt-ffzkn_1768243520_00000000000A70A8,Download,16.748451551616874,19.83,0.0,Taipei City,Taipei,25.053,121.5259,5,"Taiwan Mobile Co., Ltd.",24158
2026-01-21 14:53:30.676989 UTC,2026,22:53:30,ndt-dws54_1768456405_000000000007C756,Download,16.255519259095163,158.014,0.10219375734906583,Taipei City,Taipei,25.053,121.5259,20,"Far EastTone Telecommunication Co., Ltd.",9674
2026-01-21 14:51:21.314661 UTC,2026,22:51:21,ndt-dws54_1768456405_000000000006FA0C,Download,11.169258122749147,157.655,0.012422192509966862,Taipei City,Taipei,25.053,121.5259,50,"Far EastTone Telecommunication Co., Ltd.",9674
2026-01-21 14:44:42.738326 UTC,2026,22:44:42,ndt-vh7vp_1768330240_0000000000079D78,Download,33.257991316446287,159.384,0.00048798662459710346,Taipei City,Taipei,25.053,121.5259,100,"Far EastTone Telecommunication Co., Ltd.",9674
2026-01-21 14:43:57.798987 UTC,2026,22:43:57,ndt-ffzkn_1768243520_00000000000A312C,Download,111.02816526086175,153.024,0.0,Taipei City,Taipei,25.053,121.5259,20,"Far EastTone Telecommunication Co., Ltd.",9674
2026-01-21 14:39:01.369530 UTC,2026,22:39:01,ndt-dws54_1768456405_00000000000787A4,Download,4.472829319517027,165.215,0.0068506099381106843,Taipei City,Taipei,25.053,121.5259,50,"Far EastTone Telecommunication Co., Ltd.",9674
2026-01-21 14:36:57.429181 UTC,2026,22:36:57,ndt-dws54_1768456405_000000000007588B,Download,19.955729717626756,155.0,0.11804149197281541,Taipei City,Taipei,25.053,121.5259,20,Mobile Business Group,17421
2026-01-21 14:36:08.258355 UTC,2026,22:36:08,ndt-ffzkn_1768243520_00000000000A805B,Download,25.229900217010925,148.961,0.1062049981772578,Taipei City,Taipei,25.053,121.5259,5,Mobile Business Group,17421
2026-01-21 14:33:52.818387 UTC,2026,22:33:52,ndt-vh7vp_1768330240_0000000000075E17,Download,21.569895533985324,149.0,0.14143389911128251,Taipei City,Taipei,25.053,121.5259,5,Mobile Business Group,17421
2026-01-21 14:33:19.595634 UTC,2026,22:33:19,ndt-dws54_1768456405_000000000006DC8F,Download,19.373143258937034,150.0,0.094206901370648355,Taipei City,Taipei,25.053,121.5259,5,Mobile Business Group,17421
2026-01-21 14:31:57.347076 UTC,2026,22:31:57,ndt-ffzkn_1768243520_00000000000A8050,Download,17.622076007251106,148.006,0.12288510953330527,Taipei City,Taipei,25.053,121.5259,5,Mobile Business Group,17421
2026-01-21 14:30:37.386800 UTC,2026,22:30:37,ndt-dws54_1768456405_00000000000777D0,Download,19.461800183840516,29.433,0.0,Taipei City,Taipei,25.053,121.5259,5,"Taiwan Mobile Co., Ltd.",24158
2026-01-21 14:22:11.870109 UTC,2026,22:22:11,ndt-ffzkn_1768243520_000000000008AFA0,Download,12.26224507912967,158.772,0.11954854065258455,Taipei City,Taipei,25.053,121.5259,5,Mobile Business Group,17421
2026-01-21 14:18:23.431014 UTC,2026,22:18:23,ndt-ffzkn_1768243520_000000000008AF94,Download,10.159563713438349,26.562,0.0,Taipei City,Taipei,25.053,121.5259,20,"Taiwan Mobile Co., Ltd.",24158
2026-01-21 14:16:33.916921 UTC,2026,22:16:33,ndt-ffzkn_1768243520_00000000000A6078,Download,34.948198568243164,26.166,0.0,Taipei City,Taipei,25.053,121.5259,5,"Taiwan Mobile Co., Ltd.",24158
2026-01-21 14:13:01.900107 UTC,2026,22:13:01,ndt-dws54_1768456405_000000000008009E,Download,74.955637826240689,154.206,0.00031047945500978447,Taipei City,Taipei,25.053,121.5259,100,"Far EastTone Telecommunication Co., Ltd.",9674
2026-01-21 14:10:50.830500 UTC,2026,22:10:50,ndt-ffzkn_1768243520_00000000000A7055,Download,3.8148595973042263,161.075,0.10538466749687961,Taipei City,Taipei,25.053,121.5259,5,Mobile Business Group,17421
2026-01-21 14:08:46.048583 UTC,2026,22:08:46,ndt-vh7vp_1768330240_000000000007ECC1,Download,16.938602822511974,27.995,0.00012892997848422508,Taipei City,Taipei,25.053,121.5259,20,"Taiwan Mobile Co., Ltd.",24158
2026-01-21 14:06:46.985369 UTC,2026,22:06:46,ndt-vh7vp_1768330240_0000000000091014,Download,8.4448187457488615,27.215,0.037312194322855152,Taipei City,Taipei,25.053,121.5259,100,"Far EastTone Telecommunication Co., Ltd.",9674
2026-01-21 14:01:36.510138 UTC,2026,22:01:36,ndt-dws54_1768456405_0000000000083014,Download,51.870284001611537,164.154,0.00041762824619869464,Taipei City,Taipei,25.053,121.5259,100,"Far EastTone Telecommunication Co., Ltd.",9674
2026-01-21 14:00:53.673656 UTC,2026,22:00:53,ndt-vh7vp_1768330240_0000000000073EFC,Download,11.582596701879279,163.42,0.0013259767006951163,Taipei City,Taipei,25.053,121.5259,100,"Far EastTone Telecommunication Co., Ltd.",9674
2026-01-21 14:00:25.817569 UTC,2026,22:00:25,ndt-ffzkn_1768243520_00000000000A8028,Download,20.364780171056953,155.489,0.129182502142941,Taipei City,Taipei,25.053,121.5259,5,Mobile Business Group,17421
2026-01-21 13:56:45.632269 UTC,2026,21:56:45,ndt-vh7vp_1768330240_0000000000076D8B,Download,113.37579322149853,149.449,0.0,Taipei City,Taipei,25.053,121.5259,50,"Far EastTone Telecommunication Co., Ltd.",9674
2026-01-21 13:55:30.629937 UTC,2026,21:55:30,ndt-ffzkn_1768243520_00000000000A210B,Download,76.498086856629044,146.366,0.030331830667748649,Taipei City,Taipei,25.053,121.5259,50,"Far EastTone Telecommunication Co., Ltd.",9674
2026-01-21 13:54:59.120081 UTC,2026,21:54:59,ndt-ffzkn_1768243520_00000000000A30F4,Download,194.07584213513061,13.014,0.003146316160651445,Taipei City,Taipei,25.053,121.5259,5,Mobile Business Group,17421
2026-01-21 13:54:52.697325 UTC,2026,21:54:52,ndt-dws54_1768456405_0000000000082007,Download,252.1135638871784,12.54,0.010265941159919804,Taipei City,Taipei,25.053,121.5259,100,"Far EastTone Telecommunication Co., Ltd.",9674
2026-01-21 13:54:24.060658 UTC,2026,21:54:24,ndt-virtual-zr6lw_1768241594_00000000000A38A7,Download,22.029464269216685,11.157,0.22476549846446822,Taipei City,Taipei,25.053,121.5259,5,Mobile Business Group,17421
2026-01-21 13:53:47.937061 UTC,2026,21:53:47,ndt-dws54_1768456405_000000000006AEA5,Download,42.588541929166453,19.625,0.00692593957595164,Taipei City,Taipei,25.053,121.5259,5,Mobile Business Group,17421
2026-01-21 13:53:04.570946 UTC,2026,21:53:04,ndt-dws54_1768456405_0000000000068E88,Download,20.199529548221307,29.923,0.0,Taipei City,Taipei,25.053,121.5259,20,"Taiwan Mobile Co., Ltd.",24158
2026-01-21 13:51:48.642707 UTC,2026,21:51:48,ndt-dws54_1768456405_000000000007392C,Download,18.194031466545688,154.953,0.10999918461243949,Taipei City,Taipei,25.053,121.5259,20,Mobile Business Group,17421
2026-01-21 13:49:41.865597 UTC,2026,21:49:41,ndt-dws54_1768456405_0000000000076833,Download,0.80488129431778255,169.901,0.0,Taipei City,Taipei,25.053,121.5259,20,"Far EastTone Telecommunication Co., Ltd.",9674
2026-01-21 13:48:57.045173 UTC,2026,21:48:57,ndt-ffzkn_1768243520_00000000000A8016,Download,5.8855674208761126,26.606,0.0,Taipei City,Taipei,25.053,121.5259,100,"Far EastTone Telecommunication Co., Ltd.",9674
2026-01-21 13:48:49.090799 UTC,2026,21:48:49,ndt-dws54_1768456405_000000000007E5FE,Download,2.3270981648663103,156.017,0.12411483236175919,Taipei City,Taipei,25.053,121.5259,5,Mobile Business Group,17421
2026-01-21 13:48:32.359132 UTC,2026,21:48:32,ndt-vh7vp_1768330240_0000000000074E50,Download,2.2655152828996314,156.941,0.10807063370491661,Taipei City,Taipei,25.053,121.5259,5,Mobile Business Group,17421
2026-01-21 13:48:16.952566 UTC,2026,21:48:16,ndt-vh7vp_1768330240_000000000007CD59,Download,425.96762974606878,18.005,0.004315590227531702,Taipei City,Taipei,25.053,121.5259,5,"Taiwan Mobile Co., Ltd.",24158
2026-01-21 13:47:58.817307 UTC,2026,21:47:58,ndt-vh7vp_1768330240_0000000000078CFB,Download,9.39170115145961,234.106,0.031878114963156678,Taipei City,Taipei,25.053,121.5259,50,"Far EastTone Telecommunication Co., Ltd.",9674
2026-01-21 13:47:52.188196 UTC,2026,21:47:52,ndt-ffzkn_1768243520_00000000000A6043,Download,0.64482028283642323,160.453,0.14417272102093795,Taipei City,Taipei,25.053,121.5259,5,Mobile Business Group,17421
2026-01-21 13:45:28.644309 UTC,2026,21:45:28,ndt-vh7vp_1768330240_0000000000077DDB,Download,18.870350601067543,159.045,0.028203929065207949,Taipei City,Taipei,25.053,121.5259,50,"Far EastTone Telecommunication Co., Ltd.",9674
2026-01-21 13:39:51.211692 UTC,2026,21:39:51,ndt-vh7vp_1768330240_000000000008F1C3,Download,159.43345351904688,28.954,0.0,Taipei City,Taipei,25.053,121.5259,5,"Taiwan Mobile Co., Ltd.",24158
2026-01-21 13:39:19.675352 UTC,2026,21:39:19,ndt-dws54_1768456405_0000000000077766,Download,169.99616385124284,26.955,0.0070377466183065892,Taipei City,Taipei,25.053,121.5259,5,"Taiwan Mobile Co., Ltd.",24158
2026-01-21 13:36:19.331653 UTC,2026,21:36:19,ndt-ffzkn_1768243520_00000000000A20E6,Download,25.354049257221405,21.415,0.0,Taipei City,Taipei,25.053,121.5259,5,"Taiwan Mobile Co., Ltd.",24158
2026-01-21 13:23:52.279797 UTC,2026,21:23:52,ndt-vh7vp_1768330240_000000000007BCC4,Download,28.925100078732768,171.0,0.098173365854094141,Taipei City,Taipei,25.053,121.5259,50,"Far EastTone Telecommunication Co., Ltd.",9674
2026-01-21 13:23:02.571587 UTC,2026,21:23:02,ndt-ffzkn_1768243520_0000000000096B73,Download,86.436570358961959,17.835,0.0,Taipei City,Taipei,25.053,121.5259,5,Mobile Business Group,17421
2026-01-21 13:13:56.024051 UTC,2026,21:13:56,ndt-dws54_1768456405_000000000007191B,Download,28.924676911028708,25.792,0.0,Taipei City,Taipei,25.053,121.5259,5,"Taiwan Mobile Co., Ltd.",24158
2026-01-21 13:13:50.927917 UTC,2026,21:13:50,ndt-vh7vp_1768330240_000000000007BCBC,Download,12.754426342121407,150.906,0.30111731460855923,Taipei City,Taipei,25.053,121.5259,5,Mobile Business Group,17421
2026-01-21 13:13:37.304386 UTC,2026,21:13:37,ndt-vh7vp_1768330240_0000000000079D00,Download,46.301272484879419,27.233,0.0079050064162302074,Taipei City,Taipei,25.053,121.5259,5,"Taiwan Mobile Co., Ltd.",24158
2026-01-21 13:07:09.571420 UTC,2026,21:07:09,ndt-ffzkn_1768243520_000000000008BEAB,Download,75.254971761417039,24.204,0.00015128076969282589,Taipei City,Taipei,25.053,121.5259,5,"Taiwan Mobile Co., Ltd.",24158
2026-01-21 13:03:37.147342 UTC,2026,21:03:37,ndt-vh7vp_1768330240_000000000007BCAA,Download,10.614670367960649,26.448,0.0,Taipei City,Taipei,25.053,121.5259,100,"Far EastTone Telecommunication Co., Ltd.",9674
2026-01-21 12:59:52.828318 UTC,2026,20:59:52,ndt-dws54_1768456405_000000000007C671,Download,19.95950132554589,24.108,0.0,Taipei City,Taipei,25.053,121.5259,5,"Taiwan Mobile Co., Ltd.",24158
2026-01-21 12:57:24.753671 UTC,2026,20:57:24,ndt-vh7vp_1768330240_000000000007EC59,Download,22.79599215936322,156.844,0.1098613498673775,Taipei City,Taipei,25.053,121.5259,20,Mobile Business Group,17421
2026-01-21 12:56:18.996519 UTC,2026,20:56:18,ndt-vh7vp_1768330240_0000000000087583,Download,16.967264834009814,155.012,0.31058932190622118,Taipei City,Taipei,25.053,121.5259,5,Mobile Business Group,17421
2026-01-21 12:54:57.553463 UTC,2026,20:54:57,ndt-ffzkn_1768243520_0000000000085FFE,Download,9.6077638337311981,161.0,0.30741626087599838,Taipei City,Taipei,25.053,121.5259,20,Mobile Business Group,17421
2026-01-21 12:53:20.365779 UTC,2026,20:53:20,ndt-dws54_1768456405_0000000000070BE8,Download,71.569974445559524,162.083,0.0035584013425199656,Taipei City,Taipei,25.053,121.5259,100,"Far EastTone Telecommunication Co., Ltd.",9674
2026-01-21 12:53:11.004760 UTC,2026,20:53:11,ndt-ffzkn_1768243520_00000000000A20A2,Download,14.968454764586891,36.684,0.133957052602451,Taipei City,Taipei,25.053,121.5259,20,"Taiwan Mobile Co., Ltd.",24158
2026-01-21 12:53:05.691764 UTC,2026,20:53:05,ndt-dws54_1768456405_00000000000718F3,Download,105.73807973213239,22.794,0.0,Taipei City,Taipei,25.053,121.5259,20,"Taiwan Mobile Co., Ltd.",24158
2026-01-21 12:52:35.416262 UTC,2026,20:52:35,ndt-vh7vp_1768330240_0000000000077D92,Download,22.04925027704148,158.69,0.098938115961866357,Taipei City,Taipei,25.053,121.5259,5,Mobile Business Group,17421
2026-01-21 12:52:29.996797 UTC,2026,20:52:29,ndt-dws54_1768456405_0000000000067E56,Download,1.5298506144593418,184.831,0.17813459362711592,Taipei City,Taipei,25.053,121.5259,50,"Far EastTone Telecommunication Co., Ltd.",9674
2026-01-21 12:52:06.061870 UTC,2026,20:52:06,ndt-vh7vp_1768330240_000000000007AC77,Download,106.08890030601246,19.554,3.2010497769516883e-05,Taipei City,Taipei,25.053,121.5259,5,"Taiwan Mobile Co., Ltd.",24158
2026-01-21 12:52:00.366962 UTC,2026,20:52:00,ndt-ffzkn_1768243520_00000000000A016A,Download,19.601482154012729,160.689,0.1027802766780584,Taipei City,Taipei,25.053,121.5259,5,Mobile Business Group,17421
2026-01-21 12:51:38.511871 UTC,2026,20:51:38,ndt-dws54_1768456405_000000000008001C,Download,1.1350808590221944,179.357,0.26137029916086973,Taipei City,Taipei,25.053,121.5259,50,"Far EastTone Telecommunication Co., Ltd.",9674
2026-01-21 12:51:13.122575 UTC,2026,20:51:13,ndt-dws54_1768456405_000000000007B6CC,Download,1.7223001891738623,172.537,0.20330168712583901,Taipei City,Taipei,25.053,121.5259,50,"Far EastTone Telecommunication Co., Ltd.",9674
2026-01-21 12:50:03.406591 UTC,2026,20:50:03,ndt-vh7vp_1768330240_0000000000072F51,Download,12.52049092794906,166.18,0.0035229910660637895,Taipei City,Taipei,25.053,121.5259,100,"Far EastTone Telecommunication Co., Ltd.",9674
2026-01-21 12:49:53.058327 UTC,2026,20:49:53,ndt-dws54_1768456405_00000000000718F0,Download,7.1438613675281477,162.641,0.0026614495581290831,Taipei City,Taipei,25.053,121.5259,100,"Far EastTone Telecommunication Co., Ltd.",9674
2026-01-21 12:49:45.537864 UTC,2026,20:49:45,ndt-dws54_1768456405_00000000000786DF,Download,20.122037317700414,152.013,0.1053635089129913,Taipei City,Taipei,25.053,121.5259,5,Mobile Business Group,17421
2026-01-21 12:49:36.796829 UTC,2026,20:49:36,ndt-vh7vp_1768330240_000000000007AC6F,Download,0.52705354823383388,188.734,0.25930000892087185,Taipei City,Taipei,25.053,121.5259,50,"Far EastTone Telecommunication Co., Ltd.",9674
2026-01-21 12:48:10.612507 UTC,2026,20:48:10,ndt-dws54_1768456405_0000000000072892,Download,3.1553757938511282,162.475,0.00401202032756966,Taipei City,Taipei,25.053,121.5259,100,"Far EastTone Telecommunication Co., Ltd.",9674
2026-01-21 12:47:40.730539 UTC,2026,20:47:40,ndt-dws54_1768456405_0000000000072890,Download,18.682820968608162,152.754,0.097774564950795492,Taipei City,Taipei,25.053,121.5259,5,Mobile Business Group,17421
2026-01-21 12:47:22.262729 UTC,2026,20:47:22,ndt-dws54_1768456405_000000000005CFAF,Download,28.083066298685228,153.609,0.11269883132313196,Taipei City,Taipei,25.053,121.5259,5,Mobile Business Group,17421
2026-01-21 12:47:04.789473 UTC,2026,20:47:04,ndt-dws54_1768456405_000000000007F233,Download,21.232748944217697,154.815,0.0967597743618043,Taipei City,Taipei,25.053,121.5259,5,Mobile Business Group,17421
2026-01-21 12:46:56.342911 UTC,2026,20:46:56,ndt-dws54_1768456405_0000000000070BDA,Download,11.952791470730258,158.347,0.097359620273541614,Taipei City,Taipei,25.053,121.5259,5,Mobile Business Group,17421
2026-01-21 12:46:40.700236 UTC,2026,20:46:40,ndt-ffzkn_1768243520_000000000007FFBD,Download,0.23245442152486093,192.946,0.2427148750558373,Taipei City,Taipei,25.053,121.5259,50,"Far EastTone Telecommunication Co., Ltd.",9674
2026-01-21 12:46:13.632278 UTC,2026,20:46:13,ndt-dws54_1768456405_00000000000757CF,Download,14.581170046435494,152.867,0.15946263292469018,Taipei City,Taipei,25.053,121.5259,5,Mobile Business Group,17421
2026-01-21 12:42:47.134787 UTC,2026,20:42:47,ndt-vh7vp_1768330240_000000000008D499,Download,10.52353909009077,152.903,0.10339147621385508,Taipei City,Taipei,25.053,121.5259,5,Mobile Business Group,17421
2026-01-21 12:41:14.719989 UTC,2026,20:41:14,ndt-dws54_1768456405_000000000007B6BB,Download,8.25888210110876,49.027,0.11731297981111116,Taipei City,Taipei,25.053,121.5259,10,"Taiwan Mobile Co., Ltd.",24158
2026-01-21 12:40:30.822490 UTC,2026,20:40:30,ndt-dws54_1768456405_00000000000757C8,Download,32.539068599843844,161.741,0.0004370510729869877,Taipei City,Taipei,25.053,121.5259,20,"Far EastTone Telecommunication Co., Ltd.",9674
2026-01-21 12:40:20.878601 UTC,2026,20:40:20,ndt-vh7vp_1768330240_000000000007EC3D,Download,31.884634698043911,23.81,0.0,Taipei City,Taipei,25.053,121.5259,10,Mobile Business Group,17421
2026-01-21 12:39:14.878850 UTC,2026,20:39:14,ndt-dws54_1768456405_000000000007F21C,Download,24.938313653865,16.244,0.10653868082042112,Taipei City,Taipei,25.053,121.5259,5,Mobile Business Group,17421
2026-01-21 12:36:48.021683 UTC,2026,20:36:48,ndt-ffzkn_1768243520_00000000000A0151,Download,139.58309421105949,27.57,0.0,Taipei City,Taipei,25.053,121.5259,20,"Taiwan Mobile Co., Ltd.",24158
2026-01-21 12:36:20.509563 UTC,2026,20:36:20,ndt-ffzkn_1768243520_000000000008AF03,Download,48.482935860889135,168.0,0.026347795599032133,Taipei City,Taipei,25.053,121.5259,100,"Far EastTone Telecommunication Co., Ltd.",9674
2026-01-21 12:33:03.487294 UTC,2026,20:33:03,ndt-dws54_1768456405_000000000007678A,Download,21.366005309234918,156.0,0.10005035614462508,Taipei City,Taipei,25.053,121.5259,5,Mobile Business Group,17421
2026-01-21 12:32:52.787185 UTC,2026,20:32:52,ndt-ffzkn_1768243520_00000000000A10A6,Download,11.372394080579646,49.686,0.11307778104707097,Taipei City,Taipei,25.053,121.5259,10,"Taiwan Mobile Co., Ltd.",24158
2026-01-21 12:32:36.014684 UTC,2026,20:32:36,ndt-ffzkn_1768243520_0000000000088FC7,Download,0.79230987212510062,210.852,0.091426990546428791,Taipei City,Taipei,25.053,121.5259,50,"Far EastTone Telecommunication Co., Ltd.",9674
2026-01-21 12:32:17.918918 UTC,2026,20:32:17,ndt-vh7vp_1768330240_000000000007F78C,Download,54.37251127709203,26.858,0.0,Taipei City,Taipei,25.053,121.5259,20,"Taiwan Mobile Co., Ltd.",24158
2026-01-21 12:32:08.583485 UTC,2026,20:32:08,ndt-ffzkn_1768243520_00000000000A4034,Download,7.4335095964420281,160.533,0.0074237023335997059,Taipei City,Taipei,25.053,121.5259,50,"Far EastTone Telecommunication Co., Ltd.",9674
2026-01-21 12:28:03.145419 UTC,2026,20:28:03,ndt-dws54_1768456405_00000000000718CD,Download,190.87729157406707,30.01,0.0,Taipei City,Taipei,25.053,121.5259,5,"Taiwan Mobile Co., Ltd.",24158
2026-01-21 12:27:31.277480 UTC,2026,20:27:31,ndt-dws54_1768456405_000000000007C629,Download,136.39515801485089,26.928,0.0,Taipei City,Taipei,25.053,121.5259,5,"Taiwan Mobile Co., Ltd.",24158
2026-01-21 12:27:06.992388 UTC,2026,20:27:06,ndt-dws54_1768456405_000000000007B694,Download,33.145019345358904,160.0,0.087042707910938322,Taipei City,Taipei,25.053,121.5259,5,Mobile Business Group,17421
2026-01-21 12:26:20.330911 UTC,2026,20:26:20,ndt-ffzkn_1768243520_000000000008DEB1,Download,79.658773482453029,20.763,0.0,Taipei City,Taipei,25.053,121.5259,5,"Taiwan Mobile Co., Ltd.",24158
2026-01-21 12:24:57.535740 UTC,2026,20:24:57,ndt-dws54_1768456405_000000000006BDB8,Download,162.19220353595344,27.225,0.0,Taipei City,Taipei,25.053,121.5259,5,"Taiwan Mobile Co., Ltd.",24158
2026-01-21 12:22:55.401843 UTC,2026,20:22:55,ndt-dws54_1768456405_000000000007677A,Download,23.921838920012561,23.013,0.0,Taipei City,Taipei,25.053,121.5259,5,"Taiwan Mobile Co., Ltd.",24158
2026-01-21 12:20:21.233172 UTC,2026,20:20:21,ndt-vh7vp_1768330240_000000000007EC25,Download,21.222178045151278,160.102,0.11121591859090259,Taipei City,Taipei,25.053,121.5259,5,Mobile Business Group,17421
2026-01-21 12:19:07.524635 UTC,2026,20:19:07,ndt-ffzkn_1768243520_000000000008DEA2,Download,5.9182144086358024,25.15,0.0,Taipei City,Taipei,25.053,121.5259,5,"Taiwan Mobile Co., Ltd.",24158
2026-01-21 12:14:33.496325 UTC,2026,20:14:33,ndt-vh7vp_1768330240_00000000000855B1,Download,57.606954898616891,165.576,0.0028197696164063363,Taipei City,Taipei,25.053,121.5259,100,"Far EastTone Telecommunication Co., Ltd.",9674
2026-01-21 12:14:22.881025 UTC,2026,20:14:22,ndt-vh7vp_1768330240_000000000008184D,Download,10.890669052135472,159.064,0.00097748927089157437,Taipei City,Taipei,25.053,121.5259,100,"Far EastTone Telecommunication Co., Ltd.",9674
2026-01-21 12:13:01.128238 UTC,2026,20:13:01,ndt-vh7vp_1768330240_0000000000072F1A,Download,15.355520366117545,162.01,0.18012452160369802,Taipei City,Taipei,25.053,121.5259,20,"Far EastTone Telecommunication Co., Ltd.",9674
2026-01-21 12:12:23.542341 UTC,2026,20:12:23,ndt-dws54_1768456405_000000000007578C,Download,21.604470209383486,162.0,0.23954973737924445,Taipei City,Taipei,25.053,121.5259,50,"Far EastTone Telecommunication Co., Ltd.",9674
2026-01-21 12:11:34.116548 UTC,2026,20:11:34,ndt-ffzkn_1768243520_000000000008DE8F,Download,14.124461553734456,169.336,0.1458484483914517,Taipei City,Taipei,25.053,121.5259,50,"Far EastTone Telecommunication Co., Ltd.",9674
2026-01-21 12:11:21.926869 UTC,2026,20:11:21,ndt-ffzkn_1768243520_00000000000A4018,Download,0.75922664720609057,156.383,0.085748438674257757,Taipei City,Taipei,25.053,121.5259,5,Mobile Business Group,17421
2026-01-21 12:10:52.742273 UTC,2026,20:10:52,ndt-dws54_1768456405_000000000006AE19,Download,20.975708208116622,169.0,0.17557325466678952,Taipei City,Taipei,25.053,121.5259,50,"Far EastTone Telecommunication Co., Ltd.",9674
2026-01-21 12:10:35.509268 UTC,2026,20:10:35,ndt-ffzkn_1768243520_0000000000085FB8,Download,19.581514922045095,160.0,0.1422987596594559,Taipei City,Taipei,25.053,121.5259,50,"Far EastTone Telecommunication Co., Ltd.",9674
2026-01-21 12:05:20.753053 UTC,2026,20:05:20,ndt-ffzkn_1768243520_00000000000A4008,Download,104.81103010932492,155.909,0.0,Taipei City,Taipei,25.053,121.5259,20,"Far EastTone Telecommunication Co., Ltd.",9674
2026-01-21 12:04:55.133280 UTC,2026,20:04:55,ndt-vh7vp_1768330240_0000000000079C91,Download,19.537314861720905,155.556,0.19688744817517215,Taipei City,Taipei,25.053,121.5259,5,Mobile Business Group,17421
2026-01-21 12:02:23.900228 UTC,2026,20:02:23,ndt-virtual-zr6lw_1768241594_00000000000A5156,Download,668.35588518843542,12.898,0.0045140723473557163,Taipei City,Taipei,25.053,121.5259,10,Mobile Business Group,17421
2026-01-21 12:00:03.145660 UTC,2026,20:00:03,ndt-ffzkn_1768243520_00000000000A1072,Download,13.624217651702386,151.613,0.27617271226389439,Taipei City,Taipei,25.053,121.5259,5,Mobile Business Group,17421
2026-01-21 11:47:43.534988 UTC,2026,19:47:43,ndt-ffzkn_1768243520_000000000008CF46,Download,73.829916059968625,160.909,0.0050321497169377241,Taipei City,Taipei,25.053,121.5259,100,"Far EastTone Telecommunication Co., Ltd.",9674
2026-01-21 11:47:28.860593 UTC,2026,19:47:28,ndt-ffzkn_1768243520_000000000007FF79,Download,103.41429460817591,160.391,1.0635498512442615e-05,Taipei City,Taipei,25.053,121.5259,100,"Far EastTone Telecommunication Co., Ltd.",9674
2026-01-21 11:46:44.916595 UTC,2026,19:46:44,ndt-ffzkn_1768243520_00000000000A2033,Download,10.990428496478213,25.272,0.0,Taipei City,Taipei,25.053,121.5259,5,"Taiwan Mobile Co., Ltd.",24158
2026-01-21 11:43:57.806934 UTC,2026,19:43:57,ndt-dws54_1768456405_0000000000078655,Download,73.856174714758552,19.954,0.0,Taipei City,Taipei,25.053,121.5259,5,"Taiwan Mobile Co., Ltd.",24158
2026-01-21 11:43:34.236290 UTC,2026,19:43:34,ndt-vh7vp_1768330240_0000000000072EE9,Download,67.654967983827532,19.711,0.0,Taipei City,Taipei,25.053,121.5259,5,"Taiwan Mobile Co., Ltd.",24158
2026-01-21 11:42:05.932695 UTC,2026,19:42:05,ndt-vh7vp_1768330240_0000000000079C73,Download,23.451944951086055,27.72,0.0,Taipei City,Taipei,25.053,121.5259,50,"Far EastTone Telecommunication Co., Ltd.",9674
2026-01-21 11:36:48.069794 UTC,2026,19:36:48,ndt-dws54_1768456405_0000000000075744,Download,52.502117520857738,155.556,0.0,Taipei City,Taipei,25.053,121.5259,5,Mobile Business Group,17421
2026-01-21 11:30:27.121806 UTC,2026,19:30:27,ndt-vh7vp_1768330240_000000000007AC07,Download,65.529305031728526,24.081,0.0,Taipei City,Taipei,25.053,121.5259,5,"Taiwan Mobile Co., Ltd.",24158
2026-01-21 11:25:51.237844 UTC,2026,19:25:51,ndt-dws54_1768456405_000000000007960E,Download,30.034384482952991,17.775,0.00077654110871914572,Taipei City,Taipei,25.053,121.5259,100,"Far EastTone Telecommunication Co., Ltd.",18412
2026-01-21 11:18:30.787669 UTC,2026,19:18:30,ndt-dws54_1768456405_000000000007380A,Download,84.222497824408165,163.214,0.00043346308527036806,Taipei City,Taipei,25.053,121.5259,100,"Far EastTone Telecommunication Co., Ltd.",9674
2026-01-21 11:16:29.896290 UTC,2026,19:16:29,ndt-dws54_1768456405_000000000005FF97,Download,57.883186058745643,161.202,0.0004940301628247731,Taipei City,Taipei,25.053,121.5259,100,"Far EastTone Telecommunication Co., Ltd.",9674
2026-01-21 11:16:24.261591 UTC,2026,19:16:24,ndt-vh7vp_1768330240_000000000007ABF4,Download,109.67480716992505,149.404,1.0193348112260457e-05,Taipei City,Taipei,25.053,121.5259,5,Mobile Business Group,17421
2026-01-21 11:15:10.408746 UTC,2026,19:15:10,ndt-dws54_1768456405_00000000000727E4,Download,114.55906054764057,157.701,0.0,Taipei City,Taipei,25.053,121.5259,100,"Far EastTone Telecommunication Co., Ltd.",9674
2026-01-21 11:14:59.206681 UTC,2026,19:14:59,ndt-dws54_1768456405_000000000007473C,Download,258.3248633075666,20.047,0.0,Taipei City,Taipei,25.053,121.5259,5,"Taiwan Mobile Co., Ltd.",24158
2026-01-21 11:14:11.751744 UTC,2026,19:14:11,ndt-rwnrz_1768382423_00000000000A30AF,Download,73.136709690367553,197.468,0.0,Taipei City,Taipei,25.053,121.5259,20,"Taiwan Mobile Co., Ltd.",24158
2026-01-21 11:09:36.320982 UTC,2026,19:09:36,ndt-virtual-zr6lw_1768241594_000000000009FFE3,Download,33.910636839782654,16.497,0.0,Taipei City,Taipei,25.053,121.5259,5,"Taiwan Mobile Co., Ltd.",24158
2026-01-21 11:08:20.402989 UTC,2026,19:08:20,ndt-dws54_1768456405_000000000006BD60,Download,36.979962969687186,22.336,0.0,Taipei City,Taipei,25.053,121.5259,5,"Taiwan Mobile Co., Ltd.",24158
2026-01-21 11:07:42.833608 UTC,2026,19:07:42,ndt-vh7vp_1768330240_0000000000078C12,Download,69.969957605696152,163.965,0.000840356379074729,Taipei City,Taipei,25.053,121.5259,100,"Far EastTone Telecommunication Co., Ltd.",9674
2026-01-21 11:07:26.633900 UTC,2026,19:07:26,ndt-ffzkn_1768243520_000000000008DE2C,Download,32.938285825818042,21.476,0.0,Taipei City,Taipei,25.053,121.5259,5,"Taiwan Mobile Co., Ltd.",24158
2026-01-21 11:07:18.703759 UTC,2026,19:07:18,ndt-dws54_1768456405_00000000000795EB,Download,9.7660011280956915,27.958,0.00034524696023798825,Taipei City,Taipei,25.053,121.5259,100,"Far EastTone Telecommunication Co., Ltd.",9674
2026-01-21 11:04:14.865061 UTC,2026,19:04:14,ndt-dws54_1768456405_000000000007A5FA,Download,4.918707136477126,33.915,0.000988329161684076,Taipei City,Taipei,25.053,121.5259,100,"Far EastTone Telecommunication Co., Ltd.",9674
2026-01-21 11:03:22.307677 UTC,2026,19:03:22,ndt-dws54_1768456405_0000000000070AEE,Download,110.32505947546966,16.237,0.030665075851886641,Taipei City,Taipei,25.053,121.5259,5,"Taiwan Mobile Co., Ltd.",24158
2026-01-21 11:02:17.986392 UTC,2026,19:02:17,ndt-vh7vp_1768330240_000000000007F705,Download,9.2582735341696889,170.745,0.012565169111505847,Taipei City,Taipei,25.053,121.5259,5,Mobile Business Group,17421
2026-01-21 11:02:05.677049 UTC,2026,19:02:05,ndt-dws54_1768456405_000000000006DBA6,Download,9.5639615202472665,164.259,0.00011475450411428648,Taipei City,Taipei,25.053,121.5259,5,Mobile Business Group,17421
2026-01-21 11:01:48.333092 UTC,2026,19:01:48,ndt-dws54_1768456405_0000000000077634,Download,127.83997947426063,16.351,0.0,Taipei City,Taipei,25.053,121.5259,5,"Taiwan Mobile Co., Ltd.",24158
2026-01-21 11:00:33.054529 UTC,2026,19:00:33,ndt-ffzkn_1768243520_0000000000082FF0,Download,143.01045664921259,16.438,0.0,Taipei City,Taipei,25.053,121.5259,5,"Taiwan Mobile Co., Ltd.",24158
2026-01-21 11:00:10.149799 UTC,2026,19:00:10,ndt-ffzkn_1768243520_0000000000091BCB,Download,157.58894851739223,25.372,0.0,Taipei City,Taipei,25.053,121.5259,5,"Taiwan Mobile Co., Ltd.",24158
2026-01-21 10:58:29.833955 UTC,2026,18:58:29,ndt-vh7vp_1768330240_0000000000076C76,Download,1.7007461387114389,166.194,0.0,Taipei City,Taipei,25.053,121.5259,100,"Far EastTone Telecommunication Co., Ltd.",9674
2026-01-21 10:57:59.235548 UTC,2026,18:57:59,ndt-vh7vp_1768330240_000000000007DC2A,Download,5.8144489922769651,167.806,0.035076529227455418,Taipei City,Taipei,25.053,121.5259,100,"Far EastTone Telecommunication Co., Ltd.",9674
2026-01-21 10:57:07.303254 UTC,2026,18:57:07,ndt-dws54_1768456405_000000000007A5ED,Download,80.718084360685282,166.515,0.0014129439069301929,Taipei City,Taipei,25.053,121.5259,100,"Far EastTone Telecommunication Co., Ltd.",9674
2026-01-21 10:48:09.854026 UTC,2026,18:48:09,ndt-ffzkn_1768243520_00000000000A1008,Download,80.032598297027178,160.757,0.00016017948471608158,Taipei City,Taipei,25.053,121.5259,100,"Far EastTone Telecommunication Co., Ltd.",9674
2026-01-21 10:38:38.397984 UTC,2026,18:38:38,ndt-ffzkn_1768243520_000000000008DDFE,Download,263.77909984061046,18.427,0.0,Taipei City,Taipei,25.053,121.5259,5,"Taiwan Mobile Co., Ltd.",24158
2026-01-21 10:36:36.056583 UTC,2026,18:36:36,ndt-vh7vp_1768330240_0000000000074D38,Download,108.44426285178079,149.468,1.0236509828425772e-05,Taipei City,Taipei,25.053,121.5259,5,Mobile Business Group,17421
2026-01-21 10:33:53.882641 UTC,2026,18:33:53,ndt-vh7vp_1768330240_0000000000072E8D,Download,93.74863640868071,163.0,0.0022162491869670738,Taipei City,Taipei,25.053,121.5259,100,"Far EastTone Telecommunication Co., Ltd.",9674
2026-01-21 10:31:25.910566 UTC,2026,18:31:25,ndt-ffzkn_1768243520_0000000000094A9C,Download,207.01107933944857,16.066,0.0,Taipei City,Taipei,25.053,121.5259,5,Mobile Business Group,17421
2026-01-21 10:29:47.186235 UTC,2026,18:29:47,ndt-vh7vp_1768330240_000000000008F0B5,Download,6.0096088213890066,167.121,0.22862785600641508,Taipei City,Taipei,25.053,121.5259,50,"Far EastTone Telecommunication Co., Ltd.",9674
2026-01-21 10:29:17.663593 UTC,2026,18:29:17,ndt-ffzkn_1768243520_000000000008AE60,Download,104.52689467482318,149.336,2.1342851408086774e-05,Taipei City,Taipei,25.053,121.5259,5,Mobile Business Group,17421
2026-01-21 10:27:51.370791 UTC,2026,18:27:51,ndt-vh7vp_1768330240_000000000007DC01,Download,63.389162638423514,165.992,0.00019042867948242063,Taipei City,Taipei,25.053,121.5259,100,"Far EastTone Telecommunication Co., Ltd.",9674
2026-01-21 10:27:25.432556 UTC,2026,18:27:25,ndt-dws54_1768456405_000000000006F8E5,Download,44.674941670517207,164.995,0.031689349486457678,Taipei City,Taipei,25.053,121.5259,100,"Far EastTone Telecommunication Co., Ltd.",9674
2026-01-21 10:25:51.821036 UTC,2026,18:25:51,ndt-vh7vp_1768330240_000000000007F6CF,Download,31.269072890248061,161.448,0.00034707644666666729,Taipei City,Taipei,25.053,121.5259,20,"Far EastTone Telecommunication Co., Ltd.",9674
2026-01-21 10:25:33.191152 UTC,2026,18:25:33,ndt-vh7vp_1768330240_000000000007F6CE,Download,39.139665593837762,17.672,0.0,Taipei City,Taipei,25.053,121.5259,10,"Taiwan Mobile Co., Ltd.",24158
2026-01-21 10:25:20.678339 UTC,2026,18:25:20,ndt-dws54_1768456405_00000000000775FD,Download,8.8911062959984779,221.927,0.23169045265578966,Taipei City,Taipei,25.053,121.5259,50,"Far EastTone Telecommunication Co., Ltd.",9674
2026-01-21 10:25:00.661089 UTC,2026,18:25:00,ndt-ffzkn_1768243520_000000000008CEDA,Download,1.453143172529235,194.992,0.065007395504263835,Taipei City,Taipei,25.053,121.5259,50,"Far EastTone Telecommunication Co., Ltd.",9674
2026-01-21 10:20:36.814110 UTC,2026,18:20:36,ndt-ffzkn_1768243520_000000000008ED5D,Download,113.20713764900266,147.951,0.0,Taipei City,Taipei,25.053,121.5259,5,Mobile Business Group,17421
2026-01-21 10:16:32.007396 UTC,2026,18:16:32,ndt-ffzkn_1768243520_0000000000085F1F,Download,90.546740303205752,159.42,0.0,Taipei City,Taipei,25.053,121.5259,100,"Far EastTone Telecommunication Co., Ltd.",9674
2026-01-21 10:15:19.839565 UTC,2026,18:15:19,ndt-dws54_1768456405_00000000000717C8,Download,27.460913197090758,29.224,2.1412345424600369e-05,Taipei City,Taipei,25.053,121.5259,50,"Far EastTone Telecommunication Co., Ltd.",9674
2026-01-21 10:15:13.921795 UTC,2026,18:15:13,ndt-dws54_1768456405_000000000005FF5D,Download,83.401973970704915,164.179,3.0874885008701445e-05,Taipei City,Taipei,25.053,121.5259,100,"Far EastTone Telecommunication Co., Ltd.",9674
2026-01-21 10:12:47.900609 UTC,2026,18:12:47,ndt-ffzkn_1768243520_0000000000085F1C,Download,29.218919891776963,30.461,0.042251962841788046,Taipei City,Taipei,25.053,121.5259,20,"Taiwan Mobile Co., Ltd.",24158
2026-01-21 10:06:43.258191 UTC,2026,18:06:43,ndt-ffzkn_1768243520_00000000000A007B,Download,15.358349807698779,27.667,0.0,Taipei City,Taipei,25.053,121.5259,20,"Taiwan Mobile Co., Ltd.",24158
2026-01-21 10:01:00.319568 UTC,2026,18:01:00,ndt-vh7vp_1768330240_0000000000076C1F,Download,52.1948781516563,160.515,0.00016725482319119889,Taipei City,Taipei,25.053,121.5259,20,"Far EastTone Telecommunication Co., Ltd.",9674
2026-01-21 09:53:53.596584 UTC,2026,17:53:53,ndt-vh7vp_1768330240_000000000007CC07,Download,102.446192053728,152.684,0.0,Taipei City,Taipei,25.053,121.5259,5,Mobile Business Group,17421
2026-01-21 09:52:24.142843 UTC,2026,17:52:24,ndt-ffzkn_1768243520_0000000000081F45,Download,27.493838801626946,166.864,0.00017082101868899174,Taipei City,Taipei,25.053,121.5259,20,"Far EastTone Telecommunication Co., Ltd.",9674
2026-01-21 09:51:38.029629 UTC,2026,17:51:38,ndt-ffzkn_1768243520_000000000008AE2A,Download,30.093058086974708,163.726,0.0010364769715870352,Taipei City,Taipei,25.053,121.5259,100,"Far EastTone Telecommunication Co., Ltd.",9674
2026-01-21 09:48:46.095540 UTC,2026,17:48:46,ndt-ffzkn_1768243520_000000000008F9A7,Download,113.2060560142622,148.3,0.0,Taipei City,Taipei,25.053,121.5259,5,Mobile Business Group,17421
2026-01-21 09:48:01.768521 UTC,2026,17:48:01,ndt-dws54_1768456405_000000000007E44C,Download,105.25164517712534,147.944,2.1196968937348668e-05,Taipei City,Taipei,25.053,121.5259,5,Mobile Business Group,17421
2026-01-21 09:46:51.831778 UTC,2026,17:46:51,ndt-vh7vp_1768330240_0000000000078B99,Download,106.84589264956239,149.25,1.0403410605175574e-05,Taipei City,Taipei,25.053,121.5259,5,Mobile Business Group,17421
2026-01-21 09:46:07.092610 UTC,2026,17:46:07,ndt-ffzkn_1768243520_0000000000082F8B,Download,107.17673577799897,147.783,1.04335524635075e-05,Taipei City,Taipei,25.053,121.5259,5,Mobile Business Group,17421
2026-01-21 09:42:58.596837 UTC,2026,17:42:58,ndt-vh7vp_1768330240_000000000008F070,Download,104.23413044417318,148.869,1.0698094892551197e-05,Taipei City,Taipei,25.053,121.5259,5,Mobile Business Group,17421
2026-01-21 09:39:50.340593 UTC,2026,17:39:50,ndt-ffzkn_1768243520_000000000008F993,Download,109.43878098023427,149.061,0.0,Taipei City,Taipei,25.053,121.5259,5,Mobile Business Group,17421
2026-01-21 09:38:32.381904 UTC,2026,17:38:32,ndt-dws54_1768456405_000000000007A554,Download,116.94537079379091,147.057,0.0,Taipei City,Taipei,25.053,121.5259,5,Mobile Business Group,17421
2026-01-21 09:37:48.410209 UTC,2026,17:37:48,ndt-ffzkn_1768243520_0000000000085ED2,Download,112.5263270330472,147.899,9.95941114521295e-06,Taipei City,Taipei,25.053,121.5259,5,Mobile Business Group,17421
2026-01-21 09:37:06.974519 UTC,2026,17:37:06,ndt-ffzkn_1768243520_0000000000087E76,Download,97.298903778247478,149.712,5.7717033303746754e-05,Taipei City,Taipei,25.053,121.5259,5,Mobile Business Group,17421
2026-01-21 09:37:05.606767 UTC,2026,17:37:05,ndt-ffzkn_1768243520_00000000000A0044,Download,80.32405781559585,156.212,0.0,Taipei City,Taipei,25.053,121.5259,5,Mobile Business Group,17421
2026-01-21 09:36:18.521256 UTC,2026,17:36:18,ndt-ffzkn_1768243520_000000000008ED12,Download,120.26806746125514,148.995,0.0,Taipei City,Taipei,25.053,121.5259,5,Mobile Business Group,17421
2026-01-21 09:35:32.254697 UTC,2026,17:35:32,ndt-vh7vp_1768330240_0000000000075C79,Download,119.13250588131419,149.526,0.0,Taipei City,Taipei,25.053,121.5259,5,Mobile Business Group,17421
2026-01-21 09:34:53.529991 UTC,2026,17:34:53,ndt-dws54_1768456405_000000000007B54A,Download,16.902466088312121,19.826,0.0,Taipei City,Taipei,25.053,121.5259,20,"Taiwan Mobile Co., Ltd.",24158
2026-01-21 09:34:33.195457 UTC,2026,17:34:33,ndt-ffzkn_1768243520_000000000008F98A,Download,100.39177613066803,149.174,0.00056436759328559716,Taipei City,Taipei,25.053,121.5259,5,Mobile Business Group,17421
2026-01-21 09:31:56.979829 UTC,2026,17:31:56,ndt-vh7vp_1768330240_000000000007F688,Download,53.057431303443181,147.014,0.00027699780958028109,Taipei City,Taipei,25.053,121.5259,5,Mobile Business Group,17421
2026-01-21 09:31:44.134320 UTC,2026,17:31:44,ndt-vh7vp_1768330240_0000000000085496,Download,12.3282717680331,165.6,0.0,Taipei City,Taipei,25.053,121.5259,100,"Far EastTone Telecommunication Co., Ltd.",9674
2026-01-21 09:31:08.173277 UTC,2026,17:31:08,ndt-dws54_1768456405_0000000000076657,Download,84.51415348043281,149.0,0.00030371896493198172,Taipei City,Taipei,25.053,121.5259,5,Mobile Business Group,17421
2026-01-21 09:27:32.698217 UTC,2026,17:27:32,ndt-vh7vp_1768330240_0000000000079BB4,Download,0.33539267810189616,250.205,0.0047737122996929712,Taipei City,Taipei,25.053,121.5259,100,"Far EastTone Telecommunication Co., Ltd.",9674
2026-01-21 09:26:15.266750 UTC,2026,17:26:15,ndt-ffzkn_1768243520_0000000000081F13,Download,57.8786988561586,147.0,0.0021149044950752129,Taipei City,Taipei,25.053,121.5259,5,Mobile Business Group,17421
2026-01-21 09:25:32.302310 UTC,2026,17:25:32,ndt-dws54_1768456405_000000000007176D,Download,42.489007707679313,147.747,0.038825426462820195,Taipei City,Taipei,25.053,121.5259,5,Mobile Business Group,17421
2026-01-21 09:24:50.217401 UTC,2026,17:24:50,ndt-dws54_1768456405_000000000006EB51,Download,52.549178002411239,148.53,0.00067620861302075382,Taipei City,Taipei,25.053,121.5259,5,Mobile Business Group,17421
2026-01-21 09:24:05.149412 UTC,2026,17:24:05,ndt-vh7vp_1768330240_0000000000073D84,Download,103.61330012022951,149.198,0.000815307846549219,Taipei City,Taipei,25.053,121.5259,5,Mobile Business Group,17421
2026-01-21 09:23:24.074155 UTC,2026,17:23:24,ndt-vh7vp_1768330240_0000000000078B77,Download,53.073821455085373,147.06,0.0014039442495123484,Taipei City,Taipei,25.053,121.5259,5,Mobile Business Group,17421
2026-01-21 09:22:45.266994 UTC,2026,17:22:45,ndt-dws54_1768456405_000000000005AEDF,Download,16.923258843614931,155.948,0.0,Taipei City,Taipei,25.053,121.5259,5,Mobile Business Group,17421
2026-01-21 09:22:39.026106 UTC,2026,17:22:39,ndt-dws54_1768456405_0000000000062DEB,Download,62.623614901114038,149.551,0.00016155511861033132,Taipei City,Taipei,25.053,121.5259,5,Mobile Business Group,17421
2026-01-21 09:21:56.265948 UTC,2026,17:21:56,ndt-ffzkn_1768243520_000000000007FEB1,Download,49.528652488697617,147.256,0.0011356650949065595,Taipei City,Taipei,25.053,121.5259,5,Mobile Business Group,17421
2026-01-21 09:21:02.010746 UTC,2026,17:21:02,ndt-ffzkn_1768243520_000000000007EF48,Download,24.456537064475107,152.544,5.6407828121301585e-05,Taipei City,Taipei,25.053,121.5259,5,Mobile Business Group,17421
2026-01-21 09:20:16.362861 UTC,2026,17:20:16,ndt-ffzkn_1768243520_000000000007BF79,Download,83.2044579053248,148.656,0.00023168671642115679,Taipei City,Taipei,25.053,121.5259,5,Mobile Business Group,17421
2026-01-21 09:19:39.715939 UTC,2026,17:19:39,ndt-ffzkn_1768243520_00000000000A0026,Download,0.76635731539867613,157.755,0.27006560018414089,Taipei City,Taipei,25.053,121.5259,5,Mobile Business Group,17421
2026-01-21 09:19:27.271608 UTC,2026,17:19:27,ndt-dws54_1768456405_0000000000062DE5,Download,87.568228,148.83,0.00012625417230032441,Taipei City,Taipei,25.053,121.5259,5,Mobile Business Group,17421
2026-01-21 09:18:37.508949 UTC,2026,17:18:37,ndt-dws54_1768456405_000000000006DB19,Download,27.418753428679519,162.029,0.041320654290448837,Taipei City,Taipei,25.053,121.5259,5,Mobile Business Group,17421
2026-01-21 09:18:07.970704 UTC,2026,17:18:07,ndt-vh7vp_1768330240_000000000007CBD2,Download,40.45652539601582,157.797,0.00017192431922770344,Taipei City,Taipei,25.053,121.5259,50,"Far EastTone Telecommunication Co., Ltd.",9674
2026-01-21 09:17:54.468557 UTC,2026,17:17:54,ndt-vh7vp_1768330240_000000000008F04E,Download,96.164010378094886,165.268,0.0,Taipei City,Taipei,25.053,121.5259,100,"Far EastTone Telecommunication Co., Ltd.",9674
2026-01-21 09:17:26.267367 UTC,2026,17:17:26,ndt-vh7vp_1768330240_000000000007BB40,Download,43.126253541944024,149.677,0.0001848732853238594,Taipei City,Taipei,25.053,121.5259,50,"Far EastTone Telecommunication Co., Ltd.",9674
2026-01-21 09:16:31.461536 UTC,2026,17:16:31,ndt-dws54_1768456405_0000000000077590,Download,24.366352298127186,171.142,0.0013265608938139509,Taipei City,Taipei,25.053,121.5259,5,Mobile Business Group,17421
2026-01-21 09:14:39.554255 UTC,2026,17:14:39,ndt-vh7vp_1768330240_0000000000079BA5,Download,44.40762702271968,167.698,0.0065901463910629683,Taipei City,Taipei,25.053,121.5259,5,Mobile Business Group,17421
2026-01-21 09:13:53.195269 UTC,2026,17:13:53,ndt-vh7vp_1768330240_000000000008D328,Download,72.810299093038111,149.558,0.0001052587751606223,Taipei City,Taipei,25.053,121.5259,5,Mobile Business Group,17421
2026-01-21 09:12:01.959331 UTC,2026,17:12:01,ndt-vh7vp_1768330240_0000000000075C51,Download,135.89910224711213,46.026,0.0,Taipei City,Taipei,25.053,121.5259,10,"Taiwan Mobile Co., Ltd.",24158
2026-01-21 09:08:13.894557 UTC,2026,17:08:13,ndt-zgzcg_1768470128_00000000000906E5,Download,45.800145205610121,98.383,0.00042824975987533584,Taipei City,Taipei,25.053,121.5259,100,"Taiwan Mobile Co., Ltd.",24158
2026-01-21 09:07:22.731189 UTC,2026,17:07:22,ndt-dws54_1768456405_0000000000063DDB,Download,96.1346801617335,147.896,0.00019713261372241944,Taipei City,Taipei,25.053,121.5259,5,Mobile Business Group,17421
2026-01-21 09:06:22.222137 UTC,2026,17:06:22,ndt-vh7vp_1768330240_0000000000077C5D,Download,41.351716811242561,152.699,0.003815649724568528,Taipei City,Taipei,25.053,121.5259,5,Mobile Business Group,17421
2026-01-21 09:05:20.018356 UTC,2026,17:05:20,ndt-ffzkn_1768243520_0000000000095A1A,Download,82.888907918509631,147.365,5.4661744379137225e-05,Taipei City,Taipei,25.053,121.5259,5,Mobile Business Group,17421
2026-01-21 09:04:40.156761 UTC,2026,17:04:40,ndt-vh7vp_1768330240_0000000000076BC6,Download,75.510189156627,149.504,7.4714132115304621e-05,Taipei City,Taipei,25.053,121.5259,5,Mobile Business Group,17421
2026-01-21 09:03:33.626783 UTC,2026,17:03:33,ndt-ffzkn_1768243520_0000000000087E3D,Download,74.731056149088616,148.881,9.2265330970215181e-05,Taipei City,Taipei,25.053,121.5259,5,Mobile Business Group,17421
2026-01-21 09:00:43.090767 UTC,2026,17:00:43,ndt-ffzkn_1768243520_000000000008DD66,Download,113.95454720895161,154.862,0.0,Taipei City,Taipei,25.053,121.5259,5,Mobile Business Group,17421
2026-01-21 09:00:41.757254 UTC,2026,17:00:41,ndt-ffzkn_1768243520_00000000000989A0,Download,54.177949829389931,154.852,0.00036042455892897366,Taipei City,Taipei,25.053,121.5259,5,Mobile Business Group,17421
2026-01-21 08:56:35.393949 UTC,2026,16:56:35,ndt-dws54_1768456405_0000000000073704,Download,99.103830478630826,164.722,2.2423052832850062e-05,Taipei City,Taipei,25.053,121.5259,100,"Far EastTone Telecommunication Co., Ltd.",9674
2026-01-21 08:53:29.716044 UTC,2026,16:53:29,ndt-vh7vp_1768330240_000000000007AB24,Download,28.791611680245705,159.904,0.00045966188027460396,Taipei City,Taipei,25.053,121.5259,20,"Far EastTone Telecommunication Co., Ltd.",9674
2026-01-21 08:52:32.571599 UTC,2026,16:52:32,ndt-dws54_1768456405_000000000006ACFA,Download,9.5150412965971949,18.211,0.077996315991000681,Taipei City,Taipei,25.053,121.5259,20,"Taiwan Mobile Co., Ltd.",24158
2026-01-21 08:42:34.064554 UTC,2026,16:42:34,ndt-ffzkn_1768243520_0000000000082F37,Download,29.133088567982618,22.47,0.048063998698156946,Taipei City,Taipei,25.053,121.5259,20,"Taiwan Mobile Co., Ltd.",24158
2026-01-21 08:40:00.894993 UTC,2026,16:40:00,ndt-dws54_1768456405_00000000000765E0,Download,40.519399761315618,163.052,0.00026415701645273278,Taipei City,Taipei,25.053,121.5259,50,"Far EastTone Telecommunication Co., Ltd.",9674
2026-01-21 08:30:07.903222 UTC,2026,16:30:07,ndt-vh7vp_1768330240_0000000000074C9B,Download,23.846018461009702,23.457,0.059383845283946218,Taipei City,Taipei,25.053,121.5259,20,"Taiwan Mobile Co., Ltd.",24158
2026-01-21 08:23:42.342364 UTC,2026,16:23:42,ndt-ffzkn_1768243520_000000000007BF2F,Download,5.6515944628560488,26.309,8.579627553534308e-05,Taipei City,Taipei,25.053,121.5259,20,"Taiwan Mobile Co., Ltd.",24158
2026-01-21 08:22:31.647170 UTC,2026,16:22:31,ndt-vh7vp_1768330240_0000000000075C0B,Download,81.39804776184,158.199,0.0003552371463185088,Taipei City,Taipei,25.053,121.5259,50,"Far EastTone Telecommunication Co., Ltd.",9674
2026-01-21 08:22:09.858946 UTC,2026,16:22:09,ndt-ffzkn_1768243520_000000000007FE57,Download,70.056741120562435,159.999,0.00031580477855312251,Taipei City,Taipei,25.053,121.5259,100,"Far EastTone Telecommunication Co., Ltd.",9674
2026-01-21 08:00:01.089291 UTC,2026,16:00:01,ndt-vh7vp_1768330240_0000000000079B33,Download,37.116963442924565,29.047,0.0,Taipei City,Taipei,25.053,121.5259,10,"Taiwan Mobile Co., Ltd.",24158
2026-01-21 07:59:12.850070 UTC,2026,15:59:12,ndt-vh7vp_1768330240_000000000007CB6E,Download,183.22917702873715,17.721,0.0,Taipei City,Taipei,25.053,121.5259,5,"Taiwan Mobile Co., Ltd.",24158
2026-01-21 07:42:10.412005 UTC,2026,15:42:10,ndt-vh7vp_1768330240_0000000000077BF3,Download,107.04622373821691,19.781,0.0,Taipei City,Taipei,25.053,121.5259,5,"Taiwan Mobile Co., Ltd.",24158
2026-01-21 07:31:54.692010 UTC,2026,15:31:54,ndt-vh7vp_1768330240_000000000007EA9F,Download,11.935072875564543,20.915,0.0,Taipei City,Taipei,25.053,121.5259,10,"Taiwan Mobile Co., Ltd.",24158
2026-01-21 07:31:20.551788 UTC,2026,15:31:20,ndt-vh7vp_1768330240_000000000007DB12,Download,12.3531168045741,20.014,0.0,Taipei City,Taipei,25.053,121.5259,10,"Taiwan Mobile Co., Ltd.",24158
2026-01-21 07:24:06.913284 UTC,2026,15:24:06,ndt-vh7vp_1768330240_000000000008248E,Download,12.246334356927724,155.662,0.0,Taipei City,Taipei,25.053,121.5259,5,Mobile Business Group,17421
2026-01-21 07:06:35.226068 UTC,2026,15:06:35,ndt-vh7vp_1768330240_0000000000078AB8,Download,94.074991455311761,148.852,2.505636277907489e-05,Taipei City,Taipei,25.053,121.5259,5,Mobile Business Group,17421
2026-01-21 07:06:04.659098 UTC,2026,15:06:04,ndt-ffzkn_1768243520_0000000000085E16,Download,57.170761777960429,154.477,0.00011573495145419927,Taipei City,Taipei,25.053,121.5259,5,Mobile Business Group,17421
2026-01-21 07:05:21.228045 UTC,2026,15:05:21,ndt-vh7vp_1768330240_000000000007CB20,Download,70.757128803146657,154.237,3.1075378826113853e-05,Taipei City,Taipei,25.053,121.5259,5,Mobile Business Group,17421
2026-01-21 07:04:50.488815 UTC,2026,15:04:50,ndt-mcnzr_1768477960_000000000007DC37,Download,30.16961496181078,301.775,6.9384973634438858e-05,Taipei City,Taipei,25.053,121.5259,5,Mobile Business Group,17421
2026-01-21 07:04:10.846095 UTC,2026,15:04:10,ndt-dws54_1768456405_000000000007554C,Download,21.511463706990707,152.448,0.0,Taipei City,Taipei,25.053,121.5259,5,Mobile Business Group,17421
2026-01-21 07:03:35.754396 UTC,2026,15:03:35,ndt-vh7vp_1768330240_000000000007AA93,Download,57.343653226626571,147.463,0.00015359142985635086,Taipei City,Taipei,25.053,121.5259,5,Mobile Business Group,17421
2026-01-21 07:02:37.162082 UTC,2026,15:02:37,ndt-dws54_1768456405_0000000000075546,Download,113.69736083577284,147.291,9.8218335894163229e-06,Taipei City,Taipei,25.053,121.5259,5,Mobile Business Group,17421
2026-01-21 07:02:05.380898 UTC,2026,15:02:05,ndt-virtual-zr6lw_1768241594_00000000000A11BE,Download,87.957115853772564,10.366,2.4684131151839453e-05,Taipei City,Taipei,25.053,121.5259,5,Mobile Business Group,17421
2026-01-21 07:01:18.257286 UTC,2026,15:01:18,ndt-ffzkn_1768243520_000000000007AF6A,Download,94.550613846466447,147.043,0.0,Taipei City,Taipei,25.053,121.5259,5,Mobile Business Group,17421
2026-01-21 07:00:44.779293 UTC,2026,15:00:44,ndt-ffzkn_1768243520_000000000008DCC2,Download,94.089326693451255,148.042,7.1095160540473245e-05,Taipei City,Taipei,25.053,121.5259,5,Mobile Business Group,17421
2026-01-21 06:59:56.132195 UTC,2026,14:59:56,ndt-dws54_1768456405_0000000000073643,Download,368.80377557982024,17.365,0.0,Taipei City,Taipei,25.053,121.5259,5,"Taiwan Mobile Co., Ltd.",24158
2026-01-21 06:59:47.309795 UTC,2026,14:59:47,ndt-dws54_1768456405_000000000007553F,Download,94.44525563956546,146.945,2.3725371251593829e-05,Taipei City,Taipei,25.053,121.5259,5,Mobile Business Group,17421
2026-01-21 06:58:33.255143 UTC,2026,14:58:33,ndt-vh7vp_1768330240_0000000000075B9C,Download,19.93185913602823,153.078,1.7196675809076038e-05,Taipei City,Taipei,25.053,121.5259,5,Mobile Business Group,17421
2026-01-21 06:58:28.051262 UTC,2026,14:58:28,ndt-dws54_1768456405_000000000007B436,Download,90.488587920142052,158.32,0.000538409516078569,Taipei City,Taipei,25.053,121.5259,100,"Far EastTone Telecommunication Co., Ltd.",9674
2026-01-21 06:57:42.698953 UTC,2026,14:57:42,ndt-vh7vp_1768330240_0000000000073CB9,Download,50.666058938863657,148.426,0.012797225343748286,Taipei City,Taipei,25.053,121.5259,5,Mobile Business Group,17421
2026-01-21 06:56:53.981502 UTC,2026,14:56:53,ndt-ffzkn_1768243520_000000000007EE83,Download,50.524262862501494,148.278,0.0025126613563250058,Taipei City,Taipei,25.053,121.5259,5,Mobile Business Group,17421
2026-01-21 06:56:22.926811 UTC,2026,14:56:22,ndt-vh7vp_1768330240_0000000000077BB6,Download,55.956307699381142,148.787,0.00023019567262324103,Taipei City,Taipei,25.053,121.5259,5,Mobile Business Group,17421
2026-01-21 06:56:03.693237 UTC,2026,14:56:03,ndt-ffzkn_1768243520_0000000000081E5B,Download,183.02074148084182,19.599,0.0,Taipei City,Taipei,25.053,121.5259,5,"Taiwan Mobile Co., Ltd.",24158
2026-01-21 06:55:15.668632 UTC,2026,14:55:15,ndt-virtual-zr6lw_1768241594_00000000000A1159,Download,178.28884277964082,11.876,0.0056478293681150879,Taipei City,Taipei,25.053,121.5259,5,Mobile Business Group,17421
2026-01-21 06:54:45.088770 UTC,2026,14:54:45,ndt-vh7vp_1768330240_000000000007F5D7,Download,1.1474302164435219,201.76,0.18162183419606642,Taipei City,Taipei,25.053,121.5259,5,Mobile Business Group,17421
2026-01-21 06:53:50.826671 UTC,2026,14:53:50,ndt-ffzkn_1768243520_000000000008F8D8,Download,116.87723195290899,147.631,0.0,Taipei City,Taipei,25.053,121.5259,5,Mobile Business Group,17421
2026-01-21 06:53:17.041191 UTC,2026,14:53:17,ndt-dws54_1768456405_0000000000073637,Download,105.19540232643482,154.8,0.0002119065009753709,Taipei City,Taipei,25.053,121.5259,5,Mobile Business Group,17421
2026-01-21 06:51:38.652438 UTC,2026,14:51:38,ndt-ffzkn_1768243520_0000000000088DD3,Download,162.22179394712904,21.239,0.0,Taipei City,Taipei,25.053,121.5259,5,"Taiwan Mobile Co., Ltd.",24158
2026-01-21 06:46:56.991560 UTC,2026,14:46:56,ndt-dws54_1768456405_0000000000063D25,Download,114.73999696214794,147.373,0.0,Taipei City,Taipei,25.053,121.5259,5,Mobile Business Group,17421
2026-01-21 06:46:01.391662 UTC,2026,14:46:01,ndt-ffzkn_1768243520_000000000007AF50,Download,62.954565529374982,148.433,0.0029700850303423327,Taipei City,Taipei,25.053,121.5259,5,Mobile Business Group,17421
2026-01-21 06:45:29.238774 UTC,2026,14:45:29,ndt-vh7vp_1768330240_0000000000079AB5,Download,56.3596658152982,154.455,0.015194090589652872,Taipei City,Taipei,25.053,121.5259,5,Mobile Business Group,17421
2026-01-21 06:41:52.735139 UTC,2026,14:41:52,ndt-dws54_1768456405_0000000000079431,Download,5.0887752077989985,294.726,0.002021715098089127,Taipei City,Taipei,25.053,121.5259,20,Mobile Business Group,17421
2026-01-21 06:41:50.685411 UTC,2026,14:41:50,ndt-virtual-zr6lw_1768241594_000000000009EF48,Download,6.5281496184674133,20.713,0.0003557285104611861,Taipei City,Taipei,25.053,121.5259,5,"Taiwan Mobile Co., Ltd.",24158
2026-01-21 06:40:17.444173 UTC,2026,14:40:17,ndt-vh7vp_1768330240_0000000000075B82,Download,35.6728216422397,151.0,0.0076483790162423021,Taipei City,Taipei,25.053,121.5259,5,Mobile Business Group,17421
2026-01-21 06:35:46.554391 UTC,2026,14:35:46,ndt-vh7vp_1768330240_000000000007DABD,Download,24.435327411915448,24.796,0.0381055181305507,Taipei City,Taipei,25.053,121.5259,5,"Taiwan Mobile Co., Ltd.",24158
2026-01-21 06:29:06.809385 UTC,2026,14:29:06,ndt-vh7vp_1768330240_000000000007DAB7,Download,299.0141656,44.864,0.0,Taipei City,Taipei,25.053,121.5259,10,"Taiwan Mobile Co., Ltd.",24158
2026-01-21 06:28:34.750850 UTC,2026,14:28:34,ndt-vh7vp_1768330240_0000000000073C8C,Download,48.106915628893184,51.619,0.036944908265438059,Taipei City,Taipei,25.053,121.5259,50,"Taiwan Mobile Co., Ltd.",24158
2026-01-21 06:27:47.440910 UTC,2026,14:27:47,ndt-virtual-zr6lw_1768241594_00000000000A00DA,Download,354.63254433047422,14.08,0.0,Taipei City,Taipei,25.053,121.5259,10,"Taiwan Mobile Co., Ltd.",24158
2026-01-21 06:15:26.753677 UTC,2026,14:15:26,ndt-ffzkn_1768243520_000000000009B777,Download,7.8191051006581445,161.24,0.37372536968982428,Taipei City,Taipei,25.053,121.5259,100,"Far EastTone Telecommunication Co., Ltd.",9674
2026-01-21 06:11:59.221898 UTC,2026,14:11:59,ndt-vh7vp_1768330240_000000000007DAA3,Download,35.685371748707574,157.757,0.0,Taipei City,Taipei,25.053,121.5259,5,Mobile Business Group,17421
2026-01-21 06:10:37.076358 UTC,2026,14:10:37,ndt-dws54_1768456405_000000000006CF75,Download,50.01374364584283,152.545,0.0,Taipei City,Taipei,25.053,121.5259,5,Mobile Business Group,17421
2026-01-21 06:10:00.376092 UTC,2026,14:10:00,ndt-dws54_1768456405_00000000000715F9,Download,107.39027864539298,44.366,2.1003747936051769e-05,Taipei City,Taipei,25.053,121.5259,10,"Taiwan Mobile Co., Ltd.",24158
2026-01-21 06:09:17.166563 UTC,2026,14:09:17,ndt-vh7vp_1768330240_0000000000075B5C,Download,170.22327746512124,44.757,0.0,Taipei City,Taipei,25.053,121.5259,10,"Taiwan Mobile Co., Ltd.",24158
2026-01-21 06:05:00.266626 UTC,2026,14:05:00,ndt-vh7vp_1768330240_0000000000073C71,Download,10.807941849026788,170.651,0.0010852543893232641,Taipei City,Taipei,25.053,121.5259,5,Mobile Business Group,17421
2026-01-21 06:04:26.283052 UTC,2026,14:04:26,ndt-6shh6_1768413825_000000000009F3F8,Download,31.568459157248846,92.151,0.0026006480129096396,Taipei City,Taipei,25.053,121.5259,100,"Taiwan Mobile Co., Ltd.",24158
2026-01-21 06:01:01.001357 UTC,2026,14:01:01,ndt-ffzkn_1768243520_000000000007AF0C,Download,11.062551359510877,160.615,0.0,Taipei City,Taipei,25.053,121.5259,20,"Far EastTone Telecommunication Co., Ltd.",9674
2026-01-21 06:00:42.625625 UTC,2026,14:00:42,ndt-ffzkn_1768243520_0000000000083E27,Download,5.2679235393287014,159.872,0.034499872609964108,Taipei City,Taipei,25.053,121.5259,20,"Far EastTone Telecommunication Co., Ltd.",9674
2026-01-21 05:55:02.838240 UTC,2026,13:55:02,ndt-ffzkn_1768243520_0000000000083E21,Download,0.75132136593535381,181.941,0.019786463728577144,Taipei City,Taipei,25.053,121.5259,20,"Far EastTone Telecommunication Co., Ltd.",9674
2026-01-21 05:52:31.016403 UTC,2026,13:52:31,ndt-ffzkn_1768243520_000000000007EE31,Download,27.032065040211922,23.419,0.0,Taipei City,Taipei,25.053,121.5259,20,"Taiwan Mobile Co., Ltd.",24158
2026-01-21 05:43:56.567244 UTC,2026,13:43:56,ndt-dws54_1768456405_000000000007C35D,Download,0.60325018412661779,29.336,0.06210671374571778,Taipei City,Taipei,25.053,121.5259,100,"Taiwan Mobile Co., Ltd.",24158
2026-01-21 05:42:24.559583 UTC,2026,13:42:24,ndt-dws54_1768456405_0000000000077400,Download,17.504107644962097,182.69,0.082235321063743774,Taipei City,Taipei,25.053,121.5259,5,Mobile Business Group,17421
2026-01-21 05:39:13.448437 UTC,2026,13:39:13,ndt-dws54_1768456405_000000000007D33B,Download,46.064007063830509,18.547,0.061552813451409824,Taipei City,Taipei,25.053,121.5259,20,"Taiwan Mobile Co., Ltd.",24158
2026-01-21 05:30:17.676199 UTC,2026,13:30:17,ndt-dws54_1768456405_00000000000764A9,Download,24.433551274291109,21.804,0.12313709905979357,Taipei City,Taipei,25.053,121.5259,5,"Taiwan Mobile Co., Ltd.",24158
2026-01-21 05:28:05.049333 UTC,2026,13:28:05,ndt-dws54_1768456405_000000000007B3A7,Download,8.8638262792120557,164.329,0.001766471917673502,Taipei City,Taipei,25.053,121.5259,100,"Far EastTone Telecommunication Co., Ltd.",9674
2026-01-21 05:27:33.042624 UTC,2026,13:27:33,ndt-dws54_1768456405_00000000000783CE,Download,9.8345149667252,164.724,0.0012335095361842901,Taipei City,Taipei,25.053,121.5259,100,"Far EastTone Telecommunication Co., Ltd.",9674
2026-01-21 05:25:47.597970 UTC,2026,13:25:47,ndt-vh7vp_1768330240_000000000007DA6E,Download,30.663692578063998,164.445,0.0001072360077861285,Taipei City,Taipei,25.053,121.5259,100,"Far EastTone Telecommunication Co., Ltd.",9674
2026-01-21 05:18:20.875432 UTC,2026,13:18:20,ndt-ffzkn_1768243520_0000000000088D56,Download,101.53766217974538,160.839,4.2244285613492408e-05,Taipei City,Taipei,25.053,121.5259,100,"Far EastTone Telecommunication Co., Ltd.",9674
2026-01-21 05:17:27.032424 UTC,2026,13:17:27,ndt-vh7vp_1768330240_000000000007E9D8,Download,64.048935679236749,158.819,0.00013283253955729291,Taipei City,Taipei,25.053,121.5259,100,"Far EastTone Telecommunication Co., Ltd.",9674
2026-01-21 05:11:49.592443 UTC,2026,13:11:49,ndt-dws54_1768456405_00000000000783B8,Download,11.988962988398491,29.142,0.0,Taipei City,Taipei,25.053,121.5259,100,"Far EastTone Telecommunication Co., Ltd.",18412
2026-01-21 05:11:19.417037 UTC,2026,13:11:19,ndt-vh7vp_1768330240_0000000000073C1F,Download,22.817132259600772,161.021,0.0019044092467090164,Taipei City,Taipei,25.053,121.5259,5,Mobile Business Group,17421
2026-01-21 05:10:42.977069 UTC,2026,13:10:42,ndt-ffzkn_1768243520_0000000000087D2E,Download,96.784962986716451,148.481,0.0027954262330373695,Taipei City,Taipei,25.053,121.5259,5,Mobile Business Group,17421
2026-01-21 05:07:44.444581 UTC,2026,13:07:44,ndt-dws54_1768456405_00000000000783B1,Download,140.47937492548306,15.689,0.00016057635506899095,Taipei City,Taipei,25.053,121.5259,10,"Far EastTone Telecommunication Co., Ltd.",9674
2026-01-21 05:07:31.903052 UTC,2026,13:07:31,ndt-ffzkn_1768243520_000000000009979B,Download,85.716878635188834,148.938,4.0180580254668334e-05,Taipei City,Taipei,25.053,121.5259,5,Mobile Business Group,17421
2026-01-21 05:02:58.612992 UTC,2026,13:02:58,ndt-dws54_1768456405_0000000000069B86,Download,162.13561858717208,14.93,0.0,Taipei City,Taipei,25.053,121.5259,10,"Taiwan Mobile Co., Ltd.",24158
2026-01-21 04:55:24.509009 UTC,2026,12:55:24,ndt-ffzkn_1768243520_000000000008DC34,Download,97.793261901071489,159.956,0.0,Taipei City,Taipei,25.053,121.5259,20,"Far EastTone Telecommunication Co., Ltd.",9674
2026-01-21 04:53:28.458339 UTC,2026,12:53:28,ndt-ffzkn_1768243520_0000000000081DCA,Download,0.090732919771895446,156.953,0.019964703287006398,Taipei City,Taipei,25.053,121.5259,5,Mobile Business Group,17421
2026-01-21 04:48:48.200393 UTC,2026,12:48:48,ndt-vh7vp_1768330240_0000000000073BFD,Download,116.12606081695567,153.673,9.5645990238442575e-06,Taipei City,Taipei,25.053,121.5259,5,"Far EastTone Telecommunication Co., Ltd.",9674
2026-01-21 04:47:35.253295 UTC,2026,12:47:35,ndt-vh7vp_1768330240_0000000000077AF3,Download,109.47900172684976,154.395,1.019215568018186e-05,Taipei City,Taipei,25.053,121.5259,5,"Far EastTone Telecommunication Co., Ltd.",9674
2026-01-21 04:45:16.341246 UTC,2026,12:45:16,ndt-dws54_1768456405_000000000005CDAD,Download,122.0058828570123,20.842,9.027373958926942e-06,Taipei City,Taipei,25.053,121.5259,20,"Taiwan Mobile Co., Ltd.",24158
2026-01-21 04:44:33.158178 UTC,2026,12:44:33,ndt-dws54_1768456405_000000000007B367,Download,27.334054222692416,18.968,4.0201725138296269e-05,Taipei City,Taipei,25.053,121.5259,20,"Taiwan Mobile Co., Ltd.",24158
2026-01-21 04:40:16.331150 UTC,2026,12:40:16,ndt-dws54_1768456405_000000000007C2F7,Download,23.611570481347513,21.755,0.0,Taipei City,Taipei,25.053,121.5259,10,"Taiwan Mobile Co., Ltd.",24158
2026-01-21 04:36:13.762478 UTC,2026,12:36:13,ndt-ffzkn_1768243520_0000000000082DD1,Download,53.903634930410554,157.157,0.00024979578727917867,Taipei City,Taipei,25.053,121.5259,100,"Far EastTone Telecommunication Co., Ltd.",9674
2026-01-21 04:36:01.945700 UTC,2026,12:36:01,ndt-dws54_1768456405_0000000000073563,Download,9.43048232856942,176.733,0.007636108728180521,Taipei City,Taipei,25.053,121.5259,5,Mobile Business Group,17421
2026-01-21 04:29:18.350285 UTC,2026,12:29:18,ndt-vh7vp_1768330240_000000000006FE98,Download,84.715909377263685,10.762,0.023815660409086451,Taipei City,Taipei,25.053,121.5259,5,Mobile Business Group,17421
2026-01-21 04:14:26.019634 UTC,2026,12:14:26,ndt-virtual-dlj5z_1768241634_000000000009058F,Download,46.952343190131607,24.909,0.090182798348264717,Taipei City,Taipei,25.053,121.5259,5,"Taiwan Mobile Co., Ltd.",24158
2026-01-21 04:14:21.535579 UTC,2026,12:14:21,ndt-dws54_1768456405_000000000007D2CF,Download,65.116669119813409,160.161,0.0,Taipei City,Taipei,25.053,121.5259,100,"Far EastTone Telecommunication Co., Ltd.",9674
2026-01-21 04:13:14.112930 UTC,2026,12:13:14,ndt-vh7vp_1768330240_0000000000070CE2,Download,53.650291779331447,159.806,0.0,Taipei City,Taipei,25.053,121.5259,5,Mobile Business Group,17421
2026-01-21 04:12:44.182743 UTC,2026,12:12:44,ndt-vh7vp_1768330240_0000000000076A56,Download,8.6518600393768779,19.909,0.0,Taipei City,Taipei,25.053,121.5259,10,"Taiwan Mobile Co., Ltd.",24158
2026-01-21 04:07:26.515289 UTC,2026,12:07:26,ndt-dws54_1768456405_000000000005CD79,Download,1.1899909728052571,268.796,0.0030204834465662094,Taipei City,Taipei,25.053,121.5259,20,"Far EastTone Telecommunication Co., Ltd.",9674
2026-01-21 04:00:22.958964 UTC,2026,12:00:22,ndt-ffzkn_1768243520_0000000000083D8F,Download,30.263552935221782,166.137,0.00050328253317356831,Taipei City,Taipei,25.053,121.5259,100,"Far EastTone Telecommunication Co., Ltd.",9674
2026-01-15 03:59:49.961127 UTC,2026,11:59:49,ndt-dws54_1765750705_0000000000264367,Download,9.4128238363614614,155.407,0.37687466126810193,Taipei City,Taipei,25.053,121.5259,5,Mobile Business Group,17421
2026-01-15 03:59:02.285723 UTC,2026,11:59:02,ndt-dws54_1765750705_0000000000265158,Download,10.562630553540098,153.595,0.28131818335161435,Taipei City,Taipei,25.053,121.5259,5,Mobile Business Group,17421
2026-01-15 03:58:27.012483 UTC,2026,11:58:27,ndt-vh7vp_1768330240_000000000001ABE8,Download,121.96547295895508,19.407,0.0,Taipei City,Taipei,25.053,121.5259,5,Mobile Business Group,17421
2026-01-15 03:54:42.532736 UTC,2026,11:54:42,ndt-dws54_1765750705_000000000025EA21,Download,20.577819177005285,19.591,0.066507550231336851,Taipei City,Taipei,25.053,121.5259,5,"Taiwan Mobile Co., Ltd.",24158
2026-01-15 03:45:33.678797 UTC,2026,11:45:33,ndt-ffzkn_1768243520_00000000000313BD,Download,17.912722957048626,156.624,0.20497104433467719,Taipei City,Taipei,25.053,121.5259,20,"Far EastTone Telecommunication Co., Ltd.",9674
2026-01-15 03:44:41.320335 UTC,2026,11:44:41,ndt-vh7vp_1768330240_0000000000007B12,Download,92.861434269179014,154.129,0.0,Taipei City,Taipei,25.053,121.5259,100,"Far EastTone Telecommunication Co., Ltd.",9674
2026-01-15 03:42:08.806079 UTC,2026,11:42:08,ndt-ffzkn_1768243520_000000000002D5AE,Download,341.71421097550183,17.115,0.0,Taipei City,Taipei,25.053,121.5259,20,"Taiwan Mobile Co., Ltd.",24158
2026-01-15 03:38:16.401112 UTC,2026,11:38:16,ndt-dws54_1765750705_000000000025ACA7,Download,17.076704799117497,48.58,0.0,Taipei City,Taipei,25.053,121.5259,5,"Taiwan Mobile Co., Ltd.",24158
2026-01-15 03:37:38.456799 UTC,2026,11:37:38,ndt-ffzkn_1768243520_0000000000033341,Download,44.211600180995021,20.503,2.5924775039913054e-05,Taipei City,Taipei,25.053,121.5259,5,Mobile Business Group,17421
2026-01-15 03:36:33.562663 UTC,2026,11:36:33,ndt-dws54_1765750705_0000000000256EB5,Download,4.5012068390131086,149.788,0.0,Taipei City,Taipei,25.053,121.5259,5,"Far EastTone Telecommunication Co., Ltd.",9674
2026-01-15 03:28:20.817880 UTC,2026,11:28:20,ndt-dws54_1765750705_0000000000258CD7,Download,9.2828906708856334,163.629,0.31781129569593619,Taipei City,Taipei,25.053,121.5259,50,"Far EastTone Telecommunication Co., Ltd.",9674
2026-01-15 03:26:52.923615 UTC,2026,11:26:52,ndt-dws54_1765750705_00000000002633FD,Download,0.38108749486921245,208.604,0.0,Taipei City,Taipei,25.053,121.5259,100,"Far EastTone Telecommunication Co., Ltd.",9674
2026-01-15 03:10:58.034673 UTC,2026,11:10:58,ndt-virtual-zr6lw_1768241594_000000000002C658,Download,30.255050311688066,18.732,0.00019161656248403196,Taipei City,Taipei,25.053,121.5259,100,"Far EastTone Telecommunication Co., Ltd.",9674
2026-01-15 02:54:03.383017 UTC,2026,10:54:03,ndt-ffzkn_1768243520_000000000003D2A2,Download,19.145414243177463,160.0,0.18095338556400495,Taipei City,Taipei,25.053,121.5259,50,"Far EastTone Telecommunication Co., Ltd.",9674
2026-01-15 02:48:55.452904 UTC,2026,10:48:55,ndt-ffzkn_1768243520_0000000000032330,Download,11.390518324507582,46.577,0.1066255848829411,Taipei City,Taipei,25.053,121.5259,10,"Taiwan Mobile Co., Ltd.",24158
2026-01-15 02:48:45.765810 UTC,2026,10:48:45,ndt-vh7vp_1768330240_000000000001FAC2,Download,95.561544995542917,154.608,0.0,Taipei City,Taipei,25.053,121.5259,5,Mobile Business Group,17421
2026-01-15 02:48:19.216282 UTC,2026,10:48:19,ndt-dws54_1765750705_000000000025F750,Download,62.551850454818727,153.573,0.0,Taipei City,Taipei,25.053,121.5259,5,Mobile Business Group,17421
2026-01-15 02:46:34.142387 UTC,2026,10:46:34,ndt-ffzkn_1768243520_0000000000037313,Download,13.005987025133591,149.171,0.25320516029892282,Taipei City,Taipei,25.053,121.5259,5,Mobile Business Group,17421
2026-01-15 02:46:02.779889 UTC,2026,10:46:02,ndt-dws54_1765750705_000000000025BBF2,Download,108.46706943329657,152.606,0.00020619633859414124,Taipei City,Taipei,25.053,121.5259,5,"Far EastTone Telecommunication Co., Ltd.",9674
2026-01-15 02:39:05.194312 UTC,2026,10:39:05,ndt-vh7vp_1768330240_0000000000010AB1,Download,60.045912335070291,164.832,0.00012621531802939353,Taipei City,Taipei,25.053,121.5259,20,"Far EastTone Telecommunication Co., Ltd.",9674
2026-01-15 02:38:54.904384 UTC,2026,10:38:54,ndt-ffzkn_1768243520_0000000000031369,Download,121.0874468467,149.795,0.0,Taipei City,Taipei,25.053,121.5259,5,Mobile Business Group,17421
2026-01-15 02:37:22.660508 UTC,2026,10:37:22,ndt-vh7vp_1768330240_0000000000005A5A,Download,52.732930283233351,167.887,0.00012755703052056534,Taipei City,Taipei,25.053,121.5259,20,"Far EastTone Telecommunication Co., Ltd.",9674
2026-01-15 02:36:59.108684 UTC,2026,10:36:59,ndt-vh7vp_1768330240_0000000000015B12,Download,123.26515746541462,149.617,0.0,Taipei City,Taipei,25.053,121.5259,5,Mobile Business Group,17421
2026-01-15 02:36:41.145599 UTC,2026,10:36:41,ndt-ffzkn_1768243520_0000000000039310,Download,19.300020489248045,154.955,0.0195317603109454,Taipei City,Taipei,25.053,121.5259,50,"Far EastTone Telecommunication Co., Ltd.",9674
2026-01-15 02:33:49.320126 UTC,2026,10:33:49,ndt-vh7vp_1768330240_000000000001FAAC,Download,18.448375130250181,163.098,0.13283835779459682,Taipei City,Taipei,25.053,121.5259,5,Mobile Business Group,17421
2026-01-15 02:33:34.601749 UTC,2026,10:33:34,ndt-ffzkn_1768243520_00000000000382E6,Download,120.22381394037239,147.791,0.0,Taipei City,Taipei,25.053,121.5259,5,Mobile Business Group,17421
2026-01-15 02:32:48.096555 UTC,2026,10:32:48,ndt-ffzkn_1768243520_000000000003C29C,Download,9.895017970914358,161.243,0.27982067238566133,Taipei City,Taipei,25.053,121.5259,20,"Far EastTone Telecommunication Co., Ltd.",9674
2026-01-15 02:26:41.956752 UTC,2026,10:26:41,ndt-ffzkn_1768243520_000000000002E4DE,Download,9.372573498759218,65.616,0.12244118730043226,Taipei City,Taipei,25.053,121.5259,10,"Taiwan Mobile Co., Ltd.",24158
2026-01-15 02:15:50.544286 UTC,2026,10:15:50,ndt-ffzkn_1768243520_00000000000342E8,Download,111.24806748025183,159.972,0.0,Taipei City,Taipei,25.053,121.5259,50,"Far EastTone Telecommunication Co., Ltd.",9674
2026-01-15 02:14:44.038941 UTC,2026,10:14:44,ndt-vh7vp_1768330240_000000000001AB3F,Download,30.793056036861955,156.866,0.00041578237694166442,Taipei City,Taipei,25.053,121.5259,100,"Far EastTone Telecommunication Co., Ltd.",9674
2026-01-15 02:13:19.888515 UTC,2026,10:13:19,ndt-vh7vp_1768330240_0000000000000B14,Download,30.481702086128877,32.053,0.0,Taipei City,Taipei,25.053,121.5259,5,"Taiwan Mobile Co., Ltd.",24158
2026-01-15 02:13:13.263350 UTC,2026,10:13:13,ndt-vh7vp_1768330240_000000000001AB3B,Download,35.724108566281672,150.461,0.044134138762032413,Taipei City,Taipei,25.053,121.5259,50,"Far EastTone Telecommunication Co., Ltd.",9674
2026-01-15 02:11:47.449455 UTC,2026,10:11:47,ndt-dws54_1765750705_0000000000258C35,Download,18.908654994326437,166.14,0.00048781229338220109,Taipei City,Taipei,25.053,121.5259,100,"Far EastTone Telecommunication Co., Ltd.",9674
2026-01-15 02:09:30.964743 UTC,2026,10:09:30,ndt-dws54_1765750705_0000000000263351,Download,85.940302437240334,12.651,7.7741926610286655e-05,Taipei City,Taipei,25.053,121.5259,5,Mobile Business Group,17421
2026-01-15 01:56:41.041276 UTC,2026,09:56:41,ndt-dws54_1765750705_000000000026B020,Download,18.757934909682994,159.0,0.28584869302327653,Taipei City,Taipei,25.053,121.5259,100,"Far EastTone Telecommunication Co., Ltd.",9674
2026-01-15 01:56:21.510170 UTC,2026,09:56:21,ndt-ffzkn_1768243520_000000000003C26A,Download,10.240138103548063,157.79,0.2471022324922664,Taipei City,Taipei,25.053,121.5259,50,"Far EastTone Telecommunication Co., Ltd.",9674
2026-01-15 01:53:35.541756 UTC,2026,09:53:35,ndt-dws54_1765750705_000000000026A032,Download,81.964319758438421,14.566,4.5255804230608513e-05,Taipei City,Taipei,25.053,121.5259,5,"Taiwan Mobile Co., Ltd.",24158
2026-01-15 01:51:19.319312 UTC,2026,09:51:19,ndt-ffzkn_1768243520_000000000003C262,Download,99.518458941996329,159.467,0.0,Taipei City,Taipei,25.053,121.5259,20,Mobile Business Group,17421
2026-01-15 01:48:56.309628 UTC,2026,09:48:56,ndt-vh7vp_1768330240_0000000000000AF1,Download,120.68205629718514,151.169,0.0,Taipei City,Taipei,25.053,121.5259,5,Mobile Business Group,17421
2026-01-15 01:47:34.268491 UTC,2026,09:47:34,ndt-ffzkn_1768243520_00000000000372BD,Download,43.332138922155686,152.855,0.0,Taipei City,Taipei,25.053,121.5259,5,Mobile Business Group,17421
2026-01-15 01:47:04.705104 UTC,2026,09:47:04,ndt-ffzkn_1768243520_000000000003E223,Download,27.51659403360156,158.764,2.5594802924527578e-05,Taipei City,Taipei,25.053,121.5259,5,Mobile Business Group,17421
2026-01-15 01:40:59.820791 UTC,2026,09:40:59,ndt-dws54_1765750705_000000000025F6D5,Download,18.59159555771727,155.149,0.0,Taipei City,Taipei,25.053,121.5259,5,Mobile Business Group,17421
2026-01-15 01:40:30.520783 UTC,2026,09:40:30,ndt-vh7vp_1768330240_0000000000004A88,Download,202.68199579582168,20.997,0.0,Taipei City,Taipei,25.053,121.5259,5,"Taiwan Mobile Co., Ltd.",24158
2026-01-15 01:34:34.350282 UTC,2026,09:34:34,ndt-vh7vp_1768330240_0000000000012A5B,Download,9.8676331010412088,30.172,0.00037168401368050589,Taipei City,Taipei,25.053,121.5259,100,"Far EastTone Telecommunication Co., Ltd.",9674
2026-01-15 01:33:13.265332 UTC,2026,09:33:13,ndt-vh7vp_1768330240_0000000000014A3E,Download,12.708597521988249,54.608,0.0,Taipei City,Taipei,25.053,121.5259,10,"Taiwan Mobile Co., Ltd.",24158
2026-01-15 01:33:08.875771 UTC,2026,09:33:08,ndt-ffzkn_1768243520_00000000000322BB,Download,42.3826599411277,161.386,5.0231950954660416e-05,Taipei City,Taipei,25.053,121.5259,100,"Far EastTone Telecommunication Co., Ltd.",9674
2026-01-15 01:33:06.151452 UTC,2026,09:33:06,ndt-vh7vp_1768330240_0000000000011955,Download,12.095835237387892,160.274,0.0,Taipei City,Taipei,25.053,121.5259,5,Mobile Business Group,17421
2026-01-15 01:32:25.056150 UTC,2026,09:32:25,ndt-vh7vp_1768330240_0000000000004A80,Download,21.488910612463858,156.408,0.0,Taipei City,Taipei,25.053,121.5259,5,Mobile Business Group,17421
2026-01-15 01:31:08.327600 UTC,2026,09:31:08,ndt-vh7vp_1768330240_000000000001FA60,Download,20.080436472506229,19.238,0.093996096218047484,Taipei City,Taipei,25.053,121.5259,5,"Taiwan Mobile Co., Ltd.",24158
2026-01-15 01:18:49.875747 UTC,2026,09:18:49,ndt-vh7vp_1768330240_0000000000019C73,Download,11.364468505018593,54.83,0.0,Taipei City,Taipei,25.053,121.5259,10,"Taiwan Mobile Co., Ltd.",24158
2026-01-15 01:03:26.140349 UTC,2026,09:03:26,ndt-virtual-zr6lw_1768241594_000000000002C08F,Download,13.698532694910069,11.0,0.17242555879284027,Taipei City,Taipei,25.053,121.5259,5,Mobile Business Group,17421
2026-01-15 00:47:57.455387 UTC,2026,08:47:57,ndt-dws54_1765750705_00000000002650A3,Download,35.391764060880156,25.824,0.0,Taipei City,Taipei,25.053,121.5259,5,"Taiwan Mobile Co., Ltd.",24158
2026-01-15 00:28:40.089042 UTC,2026,08:28:40,ndt-ffzkn_1768243520_000000000002B485,Download,42.153089048879423,155.465,0.0005202799229861838,Taipei City,Taipei,25.053,121.5259,100,"Far EastTone Telecommunication Co., Ltd.",9674
2026-01-15 00:27:15.996354 UTC,2026,08:27:15,ndt-ffzkn_1768243520_000000000003D1D6,Download,4.320202851142489,162.822,0.055033771631829265,Taipei City,Taipei,25.053,121.5259,100,"Far EastTone Telecommunication Co., Ltd.",9674
2026-01-15 00:25:36.314976 UTC,2026,08:25:36,ndt-ffzkn_1768243520_0000000000033233,Download,224.86921372889194,19.841,0.0083708753907193022,Taipei City,Taipei,25.053,121.5259,100,"Far EastTone Telecommunication Co., Ltd.",18412
2026-01-15 00:23:12.526545 UTC,2026,08:23:12,ndt-vh7vp_1768330240_00000000000189AF,Download,1.3417124460415559,27.978,0.22288204546693144,Taipei City,Taipei,25.053,121.5259,5,"Taiwan Mobile Co., Ltd.",24158
2026-01-15 00:06:24.023108 UTC,2026,08:06:24,ndt-dws54_1765750705_000000000025AAEA,Download,20.654686595073777,20.059,0.0,Taipei City,Taipei,25.053,121.5259,5,"Taiwan Mobile Co., Ltd.",24158
2026-01-14 23:58:01.837739 UTC,2026,07:58:01,ndt-dws54_1765750705_0000000000250E57,Download,2.7354945373618231,168.048,0.15839811159496969,Taipei City,Taipei,25.053,121.5259,50,"Far EastTone Telecommunication Co., Ltd.",9674
2026-01-14 23:50:56.324445 UTC,2026,07:50:56,ndt-vh7vp_1768330240_000000000000B9D0,Download,10.347372492567313,164.035,0.24313335787425036,Taipei City,Taipei,25.053,121.5259,20,"Far EastTone Telecommunication Co., Ltd.",9674
2026-01-14 23:41:51.524443 UTC,2026,07:41:51,ndt-ffzkn_1768243520_0000000000035212,Download,46.014441990347215,155.519,0.00019196990750710389,Taipei City,Taipei,25.053,121.5259,50,"Far EastTone Telecommunication Co., Ltd.",9674
2026-01-14 23:40:44.099563 UTC,2026,07:40:44,ndt-vh7vp_1768330240_00000000000069B2,Download,17.67717437585604,37.31,0.0013151819717588157,Taipei City,Taipei,25.053,121.5259,100,"Far EastTone Telecommunication Co., Ltd.",9674
2026-01-14 23:34:57.428002 UTC,2026,07:34:57,ndt-vh7vp_1768330240_000000000000F9AA,Download,11.621390134139048,30.448,0.0011377422281216264,Taipei City,Taipei,25.053,121.5259,100,"Far EastTone Telecommunication Co., Ltd.",9674
2026-01-14 23:28:47.870358 UTC,2026,07:28:47,ndt-vh7vp_1768330240_000000000001497E,Download,0.20873684146393023,41.678,0.035596005561875872,Taipei City,Taipei,25.053,121.5259,100,"Far EastTone Telecommunication Co., Ltd.",9674
2026-01-14 23:24:05.027580 UTC,2026,07:24:05,ndt-vh7vp_1768330240_000000000001AA4C,Download,3.6046663671754136,162.939,0.34317371845344163,Taipei City,Taipei,25.053,121.5259,100,"Far EastTone Telecommunication Co., Ltd.",9674
2026-01-14 23:20:59.475582 UTC,2026,07:20:59,ndt-dws54_1765750705_000000000025E7C0,Download,103.87248024228754,150.903,0.00023616420084333984,Taipei City,Taipei,25.053,121.5259,100,"Far EastTone Telecommunication Co., Ltd.",9674
2026-01-14 23:20:53.203453 UTC,2026,07:20:53,ndt-dws54_1765750705_000000000025BA23,Download,0.25947256153846526,226.882,0.0,Taipei City,Taipei,25.053,121.5259,20,"Taiwan Mobile Co., Ltd.",24158
2026-01-14 23:20:26.876888 UTC,2026,07:20:26,ndt-ffzkn_1768243520_00000000000391F8,Download,109.22279948435099,151.624,2.0459251893270587e-05,Taipei City,Taipei,25.053,121.5259,100,"Far EastTone Telecommunication Co., Ltd.",9674
2026-01-14 23:18:08.240677 UTC,2026,07:18:08,ndt-dws54_1765750705_000000000025D887,Download,94.381901872297831,153.721,0.00075228548325341244,Taipei City,Taipei,25.053,121.5259,100,"Far EastTone Telecommunication Co., Ltd.",9674
2026-01-14 23:08:17.126707 UTC,2026,07:08:17,ndt-ffzkn_1768243520_000000000003D17E,Download,411.47410059287984,21.106,0.0,Taipei City,Taipei,25.053,121.5259,5,"Taiwan Mobile Co., Ltd.",24158
2026-01-14 22:48:27.531889 UTC,2026,06:48:27,ndt-dws54_1765750705_000000000025E77D,Download,65.57521956460478,160.325,9.9558814050301449e-05,Taipei City,Taipei,25.053,121.5259,20,"Far EastTone Telecommunication Co., Ltd.",9674
2026-01-14 22:43:18.576198 UTC,2026,06:43:18,ndt-vh7vp_1768330240_0000000000006970,Download,115.60929690049984,154.067,9.3376787194776325e-06,Taipei City,Taipei,25.053,121.5259,5,Mobile Business Group,17421
2026-01-14 22:24:32.560060 UTC,2026,06:24:32,ndt-ffzkn_1768243520_00000000000311F1,Download,16.844409745445546,155.464,0.22834421870389923,Taipei City,Taipei,25.053,121.5259,20,"Far EastTone Telecommunication Co., Ltd.",9674
2026-01-14 22:18:45.836562 UTC,2026,06:18:45,ndt-vh7vp_1768330240_0000000000010944,Download,22.293344319637452,32.337,0.0,Taipei City,Taipei,25.053,121.5259,5,"Taiwan Mobile Co., Ltd.",24158
2026-01-14 21:56:27.541594 UTC,2026,05:56:27,ndt-vh7vp_1768330240_0000000000012942,Download,37.677893259902774,161.05,0.0,Taipei City,Taipei,25.053,121.5259,5,Mobile Business Group,17421
2026-01-14 21:21:33.969359 UTC,2026,05:21:33,ndt-vh7vp_1768330240_00000000000178A7,Download,323.55141570262987,14.847,0.0,Taipei City,Taipei,25.053,121.5259,10,"Taiwan Mobile Co., Ltd.",24158
2026-01-14 21:12:43.921550 UTC,2026,05:12:43,ndt-ffzkn_1768243520_000000000003613C,Download,60.186659029602161,24.863,0.0,Taipei City,Taipei,25.053,121.5259,20,"Taiwan Mobile Co., Ltd.",24158
2026-01-14 20:58:44.964171 UTC,2026,04:58:44,ndt-ffzkn_1768243520_000000000003D0A4,Download,34.616915297522091,18.543,0.0,Taipei City,Taipei,25.053,121.5259,5,"Taiwan Mobile Co., Ltd.",24158
2026-01-14 20:10:44.298394 UTC,2026,04:10:44,ndt-dws54_1765750705_0000000000252DFA,Download,6.5739162409263372,166.951,0.0023403530017545196,Taipei City,Taipei,25.053,121.5259,50,"Far EastTone Telecommunication Co., Ltd.",9674
2026-01-14 19:51:01.140267 UTC,2026,03:51:01,ndt-dws54_1765750705_0000000000256AF8,Download,32.876718617526969,22.839,0.092520880379466458,Taipei City,Taipei,25.053,121.5259,20,"Taiwan Mobile Co., Ltd.",24158
2026-01-14 19:28:41.111473 UTC,2026,03:28:41,ndt-ffzkn_1768243520_0000000000037087,Download,54.851430125413,21.862,0.0,Taipei City,Taipei,25.053,121.5259,5,"Taiwan Mobile Co., Ltd.",24158
2026-01-14 18:44:08.574082 UTC,2026,02:44:08,ndt-ffzkn_1768243520_000000000003C004,Download,128.77242673560562,19.091,0.00017491201668337272,Taipei City,Taipei,25.053,121.5259,5,Mobile Business Group,17421
2026-01-14 18:38:27.539117 UTC,2026,02:38:27,ndt-dws54_1765750705_0000000000257978,Download,97.7125592115753,154.162,0.0,Taipei City,Taipei,25.053,121.5259,20,"Far EastTone Telecommunication Co., Ltd.",9674
2026-01-14 18:37:57.757161 UTC,2026,02:37:57,ndt-ffzkn_1768243520_0000000000036066,Download,92.24276943863228,153.01,0.0,Taipei City,Taipei,25.053,121.5259,5,Mobile Business Group,17421
2026-01-14 18:31:08.850171 UTC,2026,02:31:08,ndt-vh7vp_1768330240_000000000001587E,Download,87.852975625068609,19.044,0.0,Taipei City,Taipei,25.053,121.5259,5,"Taiwan Mobile Co., Ltd.",24158
2026-01-14 18:30:13.213031 UTC,2026,02:30:13,ndt-ffzkn_1768243520_00000000000310BA,Download,426.38926576225282,16.685,0.0,Taipei City,Taipei,25.053,121.5259,5,"Taiwan Mobile Co., Ltd.",24158
2026-01-14 18:29:49.637502 UTC,2026,02:29:49,ndt-ffzkn_1768243520_000000000003506C,Download,400.32053300903766,16.62,0.0,Taipei City,Taipei,25.053,121.5259,5,"Taiwan Mobile Co., Ltd.",24158
2026-01-14 18:17:45.356424 UTC,2026,02:17:45,ndt-dws54_1765750705_000000000024EFD3,Download,3.0572414010805078,163.108,0.22211579475129647,Taipei City,Taipei,25.053,121.5259,5,Mobile Business Group,17421
2026-01-14 18:03:57.634319 UTC,2026,02:03:57,ndt-dws54_1765750705_000000000025B7D0,Download,0.65634698846161754,19.826,0.0,Taipei City,Taipei,25.053,121.5259,5,"Taiwan Mobile Co., Ltd.",24158
2026-01-14 18:03:46.938687 UTC,2026,02:03:46,ndt-dws54_1765750705_000000000024FE84,Download,38.813551536582935,19.998,0.00010285863007716215,Taipei City,Taipei,25.053,121.5259,5,"Taiwan Mobile Co., Ltd.",24158
2026-01-14 17:53:05.407356 UTC,2026,01:53:05,ndt-ffzkn_1768243520_0000000000033035,Download,34.212374560247532,154.0,0.060954336896346363,Taipei City,Taipei,25.053,121.5259,5,Mobile Business Group,17421
2026-01-14 17:52:26.833473 UTC,2026,01:52:26,ndt-vh7vp_1768330240_0000000000000867,Download,87.146325969068954,152.824,0.0,Taipei City,Taipei,25.053,121.5259,5,Mobile Business Group,17421
2026-01-14 17:44:25.697556 UTC,2026,01:44:25,ndt-dws54_1765750705_0000000000254C2E,Download,30.379678210646411,163.229,0.060352484009522658,Taipei City,Taipei,25.053,121.5259,100,"Far EastTone Telecommunication Co., Ltd.",9674
2026-01-14 17:24:50.429682 UTC,2026,01:24:50,ndt-ffzkn_1768243520_00000000000251EE,Download,32.6287761992833,157.564,0.00036712307674940703,Taipei City,Taipei,25.053,121.5259,50,"Far EastTone Telecommunication Co., Ltd.",9674
2026-01-14 16:49:07.408229 UTC,2026,00:49:07,ndt-ffzkn_1768243520_0000000000020340,Download,6.2648130039125736,171.932,0.11175644293199363,Taipei City,Taipei,25.053,121.5259,100,"Far EastTone Telecommunication Co., Ltd.",9674
2026-01-14 16:46:48.722285 UTC,2026,00:46:48,ndt-dws54_1765750705_0000000000236DFE,Download,0.41222971819935006,172.719,0.20654424871552898,Taipei City,Taipei,25.053,121.5259,100,"Far EastTone Telecommunication Co., Ltd.",9674
2026-01-14 16:44:25.633496 UTC,2026,00:44:25,ndt-ffzkn_1768243520_0000000000030037,Download,38.298042116675049,158.695,0.00063700220602064055,Taipei City,Taipei,25.053,121.5259,20,"Far EastTone Telecommunication Co., Ltd.",9674
2026-01-14 16:32:13.931325 UTC,2026,00:32:13,ndt-vh7vp_1768330240_00000000000157EC,Download,39.521475388885747,27.956,0.0098871388216242966,Taipei City,Taipei,25.053,121.5259,100,"Far EastTone Telecommunication Co., Ltd.",9674
2026-01-14 16:22:14.543422 UTC,2026,00:22:14,ndt-vh7vp_1768330240_00000000000157D7,Download,223.84547542891571,21.849,0.0,Taipei City,Taipei,25.053,121.5259,5,"Taiwan Mobile Co., Ltd.",24158
2026-01-14 16:14:53.331070 UTC,2026,00:14:53,ndt-vh7vp_1768330240_00000000000007E0,Download,17.156933062554661,163.075,0.032734675474988907,Taipei City,Taipei,25.053,121.5259,5,"Far EastTone Telecommunication Co., Ltd.",9674
2026-01-14 16:11:07.080089 UTC,2026,00:11:07,ndt-ffzkn_1768243520_000000000002F04B,Download,24.108117313142845,166.89,0.00059176381186437936,Taipei City,Taipei,25.053,121.5259,20,"Far EastTone Telecommunication Co., Ltd.",9674
2026-01-14 16:10:27.917889 UTC,2026,00:10:27,ndt-vh7vp_1768330240_00000000000116D0,Download,17.427760312866507,169.102,0.00093688865227080245,Taipei City,Taipei,25.053,121.5259,20,"Far EastTone Telecommunication Co., Ltd.",9674
2026-01-14 16:09:35.052476 UTC,2026,00:09:35,ndt-dws54_1765750705_000000000024FD7C,Download,19.97098715024357,167.286,0.00077576616998281612,Taipei City,Taipei,25.053,121.5259,20,"Far EastTone Telecommunication Co., Ltd.",9674
2026-01-14 16:06:06.244193 UTC,2026,00:06:06,ndt-ffzkn_1768243520_0000000000003FF2,Download,70.9154893450296,157.816,0.0,Taipei City,Taipei,25.053,121.5259,5,Mobile Business Group,17421
2026-01-14 16:01:39.327311 UTC,2026,00:01:39,ndt-dws54_1765750705_000000000025879C,Download,76.403089495539177,158.859,0.0,Taipei City,Taipei,25.053,121.5259,5,Mobile Business Group,17421
2026-01-14 16:01:04.544234 UTC,2026,00:01:04,ndt-dws54_1765750705_00000000002577FB,Download,8.9785449748460042,176.057,0.0046089985855207113,Taipei City,Taipei,25.053,121.5259,100,"Far EastTone Telecommunication Co., Ltd.",9674
2026-01-14 16:00:21.454162 UTC,2026,00:00:21,ndt-virtual-zr6lw_1768241594_0000000000024514,Download,26.6394704293417,28.94,0.00012335605249256249,Taipei City,Taipei,25.053,121.5259,20,"Far EastTone Telecommunication Co., Ltd.",9674
2026-01-14 16:00:17.805407 UTC,2026,00:00:17,ndt-dws54_1765750705_0000000000250AE8,Download,86.560980800714688,156.86,1.7047176244047806e-05,Taipei City,Taipei,25.053,121.5259,5,Mobile Business Group,17421
2026-01-14 15:59:39.056105 UTC,2026,23:59:39,ndt-ffzkn_1768243520_000000000000AF15,Download,80.3302143680719,156.661,0.0,Taipei City,Taipei,25.053,121.5259,5,Mobile Business Group,17421
2026-01-14 15:59:10.618141 UTC,2026,23:59:10,ndt-ffzkn_1768243520_000000000001DF2C,Download,88.75598514408459,155.802,0.0,Taipei City,Taipei,25.053,121.5259,5,Mobile Business Group,17421
2026-01-14 15:58:39.862788 UTC,2026,23:58:39,ndt-ffzkn_1768243520_0000000000017F08,Download,49.685124405674884,161.34,0.0,Taipei City,Taipei,25.053,121.5259,5,Mobile Business Group,17421
2026-01-14 15:56:19.378753 UTC,2026,23:56:19,ndt-ffzkn_1768243520_0000000000004FF3,Download,86.699097208028533,155.947,0.0,Taipei City,Taipei,25.053,121.5259,5,Mobile Business Group,17421
2026-01-14 15:52:46.113184 UTC,2026,23:52:46,ndt-ffzkn_1768243520_000000000002716D,Download,24.500888515651589,20.404,0.075897513917556031,Taipei City,Taipei,25.053,121.5259,5,"Taiwan Mobile Co., Ltd.",24158
2026-01-14 15:50:13.989879 UTC,2026,23:50:13,ndt-dws54_1765750705_0000000000260025,Download,118.72042737323831,152.197,0.00042115326352522466,Taipei City,Taipei,25.053,121.5259,100,"Far EastTone Telecommunication Co., Ltd.",9674
2026-01-14 15:48:33.022159 UTC,2026,23:48:33,ndt-ffzkn_1768243520_0000000000014F91,Download,11.866241395022351,164.549,0.28824389550740515,Taipei City,Taipei,25.053,121.5259,50,"Far EastTone Telecommunication Co., Ltd.",9674
2026-01-14 15:47:00.037732 UTC,2026,23:47:00,ndt-vh7vp_1768330240_00000000000007BE,Download,8.1615274998786447,20.166,0.0,Taipei City,Taipei,25.053,121.5259,10,"Taiwan Mobile Co., Ltd.",24158
2026-01-14 15:35:01.575095 UTC,2026,23:35:01,ndt-ffzkn_1768243520_00000000000241C0,Download,21.607099575511768,166.86,0.00066877696709645418,Taipei City,Taipei,25.053,121.5259,20,"Far EastTone Telecommunication Co., Ltd.",9674
2026-01-14 15:34:31.670664 UTC,2026,23:34:31,ndt-ffzkn_1768243520_000000000001DF0F,Download,16.191082635672078,163.977,0.000983040531513769,Taipei City,Taipei,25.053,121.5259,20,"Far EastTone Telecommunication Co., Ltd.",9674
2026-01-14 15:34:30.269274 UTC,2026,23:34:30,ndt-ffzkn_1768243520_0000000000008F04,Download,50.614602418220983,28.61,0.0,Taipei City,Taipei,25.053,121.5259,20,"Taiwan Mobile Co., Ltd.",24158
2026-01-14 15:30:15.888120 UTC,2026,23:30:15,ndt-vh7vp_1768330240_00000000000176F1,Download,9.6578148248884048,21.613,0.066952927233767084,Taipei City,Taipei,25.053,121.5259,10,"Taiwan Mobile Co., Ltd.",24158
2026-01-14 15:28:17.186616 UTC,2026,23:28:17,ndt-dws54_1765750705_0000000000257756,Download,196.24327077165711,22.36,0.00023574114754772475,Taipei City,Taipei,25.053,121.5259,50,"Far EastTone Telecommunication Co., Ltd.",9674
2026-01-14 15:25:34.232435 UTC,2026,23:25:34,ndt-vh7vp_1768330240_0000000000015782,Download,19.043074368971709,160.14,0.0063891628013225546,Taipei City,Taipei,25.053,121.5259,5,Mobile Business Group,17421
2026-01-14 15:24:43.571121 UTC,2026,23:24:43,ndt-ffzkn_1768243520_000000000002A14C,Download,95.4036977797984,159.746,4.5220277760305605e-05,Taipei City,Taipei,25.053,121.5259,50,"Far EastTone Telecommunication Co., Ltd.",9674
2026-01-14 15:22:59.221862 UTC,2026,23:22:59,ndt-dws54_1765750705_0000000000254A70,Download,28.773926244592605,170.554,0.0056600210899292605,Taipei City,Taipei,25.053,121.5259,100,"Far EastTone Telecommunication Co., Ltd.",9674
2026-01-14 15:19:25.624640 UTC,2026,23:19:25,ndt-dws54_1765750705_000000000025B5F9,Download,7.2995709626947409,281.942,0.019896084146496008,Taipei City,Taipei,25.053,121.5259,100,"Far EastTone Telecommunication Co., Ltd.",9674
2026-01-14 15:18:41.444830 UTC,2026,23:18:41,ndt-vh7vp_1768330240_0000000000011690,Download,2.2246521351316946,168.507,0.058301432420875168,Taipei City,Taipei,25.053,121.5259,100,"Far EastTone Telecommunication Co., Ltd.",9674
2026-01-14 15:14:28.191798 UTC,2026,23:14:28,ndt-ffzkn_1768243520_000000000000AEDE,Download,5.3070088339621879,165.165,0.079174672261820928,Taipei City,Taipei,25.053,121.5259,50,"Far EastTone Telecommunication Co., Ltd.",9674
2026-01-14 15:14:27.444242 UTC,2026,23:14:27,ndt-dws54_1765750705_0000000000255A53,Download,17.726551672415763,156.587,0.19511418928354216,Taipei City,Taipei,25.053,121.5259,20,"Far EastTone Telecommunication Co., Ltd.",9674
2026-01-14 15:13:40.192022 UTC,2026,23:13:40,ndt-vh7vp_1768330240_00000000000176D9,Download,1.0352702152767224,156.003,0.12321084791160961,Taipei City,Taipei,25.053,121.5259,20,"Taiwan Mobile Co., Ltd.",24158
2026-01-14 15:10:52.125304 UTC,2026,23:10:52,ndt-vh7vp_1768330240_0000000000006728,Download,9.4230798192272349,24.309,0.090947953935112985,Taipei City,Taipei,25.053,121.5259,5,"Taiwan Mobile Co., Ltd.",24158
2026-01-14 15:08:06.598070 UTC,2026,23:08:06,ndt-ffzkn_1768243520_000000000000AED2,Download,135.12705038248717,20.852,0.0,Taipei City,Taipei,25.053,121.5259,5,"Taiwan Mobile Co., Ltd.",24158
2026-01-14 15:04:03.113384 UTC,2026,23:04:03,ndt-vh7vp_1768330240_000000000001575C,Download,11.032821030490833,198.079,0.17987593618061631,Taipei City,Taipei,25.053,121.5259,100,"Far EastTone Telecommunication Co., Ltd.",9674
2026-01-14 15:01:36.595835 UTC,2026,23:01:36,ndt-ffzkn_1768243520_000000000001BDD5,Download,6.2175025699074835,24.827,0.15744313365418178,Taipei City,Taipei,25.053,121.5259,20,"Taiwan Mobile Co., Ltd.",24158
2026-01-14 14:54:26.341544 UTC,2026,22:54:26,ndt-ffzkn_1768243520_0000000000002EED,Download,8.5272345463393222,67.783,0.0026088220724116394,Taipei City,Taipei,25.053,121.5259,5,"Taiwan Mobile Co., Ltd.",24158
2026-01-14 14:53:48.482693 UTC,2026,22:53:48,ndt-ffzkn_1768243520_0000000000008ED5,Download,88.146831856538228,152.656,0.00076280048944361715,Taipei City,Taipei,25.053,121.5259,100,"Far EastTone Telecommunication Co., Ltd.",9674
2026-01-14 14:53:10.221945 UTC,2026,22:53:10,ndt-vh7vp_1768330240_00000000000146CA,Download,8.08166270007775,38.015,0.054034628905112916,Taipei City,Taipei,25.053,121.5259,5,"Taiwan Mobile Co., Ltd.",24158
2026-01-14 14:51:14.475011 UTC,2026,22:51:14,ndt-vh7vp_1768330240_000000000001A782,Download,20.614918130926554,24.037,5.4585096145357456e-05,Taipei City,Taipei,25.053,121.5259,5,Mobile Business Group,17421
2026-01-14 14:50:30.680199 UTC,2026,22:50:30,ndt-ffzkn_1768243520_0000000000014F3B,Download,8.8044037867580034,196.262,0.22657149247593189,Taipei City,Taipei,25.053,121.5259,100,"Far EastTone Telecommunication Co., Ltd.",9674
2026-01-14 14:49:45.656477 UTC,2026,22:49:45,ndt-dws54_1765750705_000000000025A60A,Download,24.049487792941058,53.0,0.21896565992309719,Taipei City,Neihu District,25.0811,121.5839,100,"Far EastTone Telecommunication Co., Ltd.",9674
2026-01-14 14:49:35.890576 UTC,2026,22:49:35,ndt-vh7vp_1768330240_0000000000000772,Download,12.565568557556348,51.821,0.15140332060389733,Taipei City,Neihu District,25.0811,121.5839,100,"Far EastTone Telecommunication Co., Ltd.",9674
2026-01-14 14:48:27.475994 UTC,2026,22:48:27,ndt-vh7vp_1768330240_0000000000000770,Download,12.64483629017597,190.0,0.22323586432507037,Taipei City,Taipei,25.053,121.5259,100,"Far EastTone Telecommunication Co., Ltd.",9674
2026-01-14 14:46:32.069410 UTC,2026,22:46:32,ndt-vh7vp_1768330240_000000000000B6DC,Download,12.471706084163564,33.854,0.0,Taipei City,Taipei,25.053,121.5259,5,"Taiwan Mobile Co., Ltd.",24158
2026-01-14 14:44:59.594717 UTC,2026,22:44:59,ndt-ffzkn_1768243520_0000000000020260,Download,66.795296221330915,20.148,0.0,Taipei City,Taipei,25.053,121.5259,10,Mobile Business Group,17421
2026-01-14 14:43:52.131413 UTC,2026,22:43:52,ndt-vh7vp_1768330240_000000000001F6FB,Download,6.0789294541688745,21.665,0.00047732049738630141,Taipei City,Taipei,25.053,121.5259,5,Mobile Business Group,17421
2026-01-14 14:37:54.745659 UTC,2026,22:37:54,ndt-ffzkn_1768243520_0000000000004F80,Download,28.32451139376532,31.848,0.0012402050173964325,Taipei City,Taipei,25.053,121.5259,5,"Taiwan Mobile Co., Ltd.",24158
2026-01-14 14:33:23.829603 UTC,2026,22:33:23,ndt-ffzkn_1768243520_0000000000016F43,Download,23.326090136867155,159.588,0.0748722367707974,Taipei City,Taipei,25.053,121.5259,5,Mobile Business Group,17421
2026-01-14 14:32:35.552752 UTC,2026,22:32:35,ndt-virtual-zr6lw_1768241594_0000000000024088,Download,2.1935014835580495,29.823,0.17420587052673905,Taipei City,Taipei,25.053,121.5259,100,"Far EastTone Telecommunication Co., Ltd.",9674
2026-01-14 14:32:14.976033 UTC,2026,22:32:14,ndt-vh7vp_1768330240_000000000000B68E,Download,11.605854111521074,185.928,0.089604387406789554,Taipei City,Taipei,25.053,121.5259,5,Mobile Business Group,17421
2026-01-14 14:26:13.946483 UTC,2026,22:26:13,ndt-dws54_1765750705_0000000000235E23,Download,16.113726232203167,26.136,0.00052028150581418225,Taipei City,Taipei,25.053,121.5259,5,"Taiwan Mobile Co., Ltd.",24158
2026-01-14 14:19:36.470427 UTC,2026,22:19:36,ndt-ffzkn_1768243520_000000000001FEDE,Download,40.411816856145464,24.585,0.083350304617968,Taipei City,Taipei,25.053,121.5259,5,"Taiwan Mobile Co., Ltd.",24158
2026-01-14 14:18:37.577536 UTC,2026,22:18:37,ndt-vh7vp_1768330240_00000000000046D3,Download,3.677200935706475,161.467,0.066719754280188837,Taipei City,Taipei,25.053,121.5259,5,"Far EastTone Telecommunication Co., Ltd.",9674
2026-01-14 14:17:24.181131 UTC,2026,22:17:24,ndt-dws54_1765750705_0000000000253A50,Download,145.72593453135789,19.232,0.0,Taipei City,Taipei,25.053,121.5259,5,"Taiwan Mobile Co., Ltd.",24158
2026-01-14 14:16:22.054327 UTC,2026,22:16:22,ndt-dws54_1765750705_000000000025D3D2,Download,51.503545704900795,161.093,0.032159118461433357,Taipei City,Taipei,25.053,121.5259,50,"Far EastTone Telecommunication Co., Ltd.",9674
2026-01-14 14:14:32.146404 UTC,2026,22:14:32,ndt-ffzkn_1768243520_0000000000015EEB,Download,2.0224564181930762,193.57,0.08213634834647883,Taipei City,Taipei,25.053,121.5259,5,Mobile Business Group,17421
2026-01-14 14:10:22.588319 UTC,2026,22:10:22,ndt-vh7vp_1768330240_000000000001F69D,Download,124.3942638895431,20.0,0.0071853590035307916,Taipei City,Taipei,25.053,121.5259,5,Mobile Business Group,17421
2026-01-14 14:09:41.628564 UTC,2026,22:09:41,ndt-vh7vp_1768330240_000000000001F69A,Download,2.633623488937606,170.176,0.0072690560323069161,Taipei City,Taipei,25.053,121.5259,50,"Far EastTone Telecommunication Co., Ltd.",9674
2026-01-14 14:07:51.998869 UTC,2026,22:07:51,ndt-vh7vp_1768330240_00000000000046B5,Download,0.6858364899854883,221.795,0.044751381215469614,Taipei City,Taipei,25.053,121.5259,5,Mobile Business Group,17421
2026-01-14 14:07:42.946829 UTC,2026,22:07:42,ndt-ffzkn_1768243520_0000000000016F22,Download,2.4538982385009653,165.352,0.080394611544574612,Taipei City,Taipei,25.053,121.5259,5,Mobile Business Group,17421
2026-01-14 14:04:59.874273 UTC,2026,22:04:59,ndt-vh7vp_1768330240_000000000000668F,Download,42.125261061373,162.05,0.0021586570258782536,Taipei City,Taipei,25.053,121.5259,20,"Far EastTone Telecommunication Co., Ltd.",9674
2026-01-14 14:02:57.499361 UTC,2026,22:02:57,ndt-dws54_1765750705_0000000000243AAA,Download,9.35404137608358,19.593,0.0,Taipei City,Taipei,25.053,121.5259,5,Mobile Business Group,17421
2026-01-14 14:01:23.600679 UTC,2026,22:01:23,ndt-dws54_1765750705_0000000000258613,Download,15.019143285530426,182.113,0.093507253551059419,Taipei City,Taipei,25.053,121.5259,5,Mobile Business Group,17421
2026-01-14 14:00:46.912524 UTC,2026,22:00:46,ndt-dws54_1765750705_0000000000242B72,Download,2.2381557515953472,163.473,0.070548807086455209,Taipei City,Taipei,25.053,121.5259,5,Mobile Business Group,17421
2026-01-14 13:59:22.962826 UTC,2026,21:59:22,ndt-dws54_1765750705_000000000025D3B0,Download,10.025138840263333,20.397,0.0,Taipei City,Taipei,25.053,121.5259,10,"Taiwan Mobile Co., Ltd.",24158
2026-01-14 13:56:28.741037 UTC,2026,21:56:28,ndt-dws54_1765750705_000000000025F071,Download,9.4502037383869126,23.02,0.00023317538675340303,Taipei City,Taipei,25.053,121.5259,100,"Far EastTone Telecommunication Co., Ltd.",9674
2026-01-14 13:55:17.484959 UTC,2026,21:55:17,ndt-vh7vp_1768330240_000000000001A702,Download,43.610244467095853,163.891,0.0019383604894737106,Taipei City,Taipei,25.053,121.5259,20,"Far EastTone Telecommunication Co., Ltd.",9674
2026-01-14 13:55:04.243998 UTC,2026,21:55:04,ndt-ffzkn_1768243520_000000000001BD71,Download,1.8079620562888352,169.238,0.0449595364172245,Taipei City,Taipei,25.053,121.5259,50,"Far EastTone Telecommunication Co., Ltd.",9674
2026-01-14 13:50:01.891323 UTC,2026,21:50:01,ndt-vh7vp_1768330240_000000000000B64D,Download,53.26666376461435,26.844,0.0030145129368660374,Taipei City,Taipei,25.053,121.5259,5,"Taiwan Mobile Co., Ltd.",24158
2026-01-14 13:47:02.606065 UTC,2026,21:47:02,ndt-vh7vp_1768330240_000000000001F678,Download,3.8200464276306216,28.946,0.11268475441557907,Taipei City,Taipei,25.053,121.5259,20,"Taiwan Mobile Co., Ltd.",24158
2026-01-14 13:46:53.531528 UTC,2026,21:46:53,ndt-vh7vp_1768330240_0000000000018647,Download,3.4189177813646778,24.417,0.0,Taipei City,Taipei,25.053,121.5259,20,"Taiwan Mobile Co., Ltd.",24158
2026-01-14 13:46:32.877630 UTC,2026,21:46:32,ndt-vh7vp_1768330240_00000000000006F5,Download,10.351446590840185,24.814,0.0,Taipei City,Taipei,25.053,121.5259,20,"Taiwan Mobile Co., Ltd.",24158
2026-01-14 13:43:43.159011 UTC,2026,21:43:43,ndt-ffzkn_1768243520_0000000000002E8B,Download,5.2846034332805312,169.547,0.0034963201935679,Taipei City,Taipei,25.053,121.5259,50,"Far EastTone Telecommunication Co., Ltd.",9674
2026-01-14 13:42:23.087715 UTC,2026,21:42:23,ndt-dws54_1765750705_0000000000257697,Download,6.3017460805739525,171.017,0.0021450996690217366,Taipei City,Taipei,25.053,121.5259,50,"Far EastTone Telecommunication Co., Ltd.",9674
2026-01-14 13:40:58.384166 UTC,2026,21:40:58,ndt-vh7vp_1768330240_0000000000017612,Download,5.2256074060842481,171.781,0.0026919266561642279,Taipei City,Taipei,25.053,121.5259,50,"Far EastTone Telecommunication Co., Ltd.",9674
2026-01-14 13:37:09.261705 UTC,2026,21:37:09,ndt-ffzkn_1768243520_0000000000002E82,Download,4.6678042694512873,173.569,0.22228058013716059,Taipei City,Taipei,25.053,121.5259,100,"Far EastTone Telecommunication Co., Ltd.",9674
2026-01-14 13:35:22.217670 UTC,2026,21:35:22,ndt-vh7vp_1768330240_000000000001A6D9,Download,12.507614093351433,155.911,0.023617317761500389,Taipei City,Taipei,25.053,121.5259,100,"Far EastTone Telecommunication Co., Ltd.",9674
2026-01-14 13:31:53.452407 UTC,2026,21:31:53,ndt-ffzkn_1768243520_000000000001DE6D,Download,264.26862782760691,17.701,0.078025574603857117,Taipei City,Taipei,25.053,121.5259,5,Mobile Business Group,17421
2026-01-14 13:30:17.641574 UTC,2026,21:30:17,ndt-vh7vp_1768330240_0000000000012679,Download,0.34108782669117271,350.88,0.016750382957500625,Taipei City,Taipei,25.053,121.5259,100,"Far EastTone Telecommunication Co., Ltd.",9674
2026-01-14 13:27:44.397291 UTC,2026,21:27:44,ndt-vh7vp_1768330240_000000000001F656,Download,2.022060746784117,160.8,0.093850712553997351,Taipei City,Taipei,25.053,121.5259,20,"Far EastTone Telecommunication Co., Ltd.",9674
2026-01-14 13:25:45.689748 UTC,2026,21:25:45,ndt-ffzkn_1768243520_0000000000009E94,Download,19.82730035514107,164.98,0.088700374089163855,Taipei City,Taipei,25.053,121.5259,5,Mobile Business Group,17421
2026-01-14 13:25:21.102334 UTC,2026,21:25:21,ndt-dws54_1765750705_000000000025B509,Download,289.05868114666606,24.89,1.3295686395853679e-05,Taipei City,Taipei,25.053,121.5259,5,Mobile Business Group,17421
2026-01-14 13:25:13.943132 UTC,2026,21:25:13,ndt-dws54_1765750705_000000000023ACCC,Download,3.7171124525216008,203.829,0.21275663952475884,Taipei City,Taipei,25.053,121.5259,100,"Far EastTone Telecommunication Co., Ltd.",9674
2026-01-14 13:22:08.107281 UTC,2026,21:22:08,ndt-ffzkn_1768243520_0000000000006EC6,Download,33.061360447894543,150.0,0.090003968167826964,Taipei City,Taipei,25.053,121.5259,5,Mobile Business Group,17421
2026-01-14 13:21:28.308044 UTC,2026,21:21:28,ndt-dws54_1765750705_000000000025B503,Download,6.8214767202354825,161.795,0.0022517240568647769,Taipei City,Taipei,25.053,121.5259,5,"Far EastTone Telecommunication Co., Ltd.",9674
2026-01-14 13:20:59.038772 UTC,2026,21:20:59,ndt-vh7vp_1768330240_0000000000013717,Download,2.9472693989720122,160.818,0.14453230257472846,Taipei City,Taipei,25.053,121.5259,5,"Far EastTone Telecommunication Co., Ltd.",9674
2026-01-14 13:19:38.718477 UTC,2026,21:19:38,ndt-dws54_1765750705_00000000002519E6,Download,232.99039410388582,11.969,0.00020062784103459336,Taipei City,Taipei,25.053,121.5259,10,Mobile Business Group,17421
2026-01-14 13:18:53.858344 UTC,2026,21:18:53,ndt-dws54_1765750705_000000000025D35A,Download,55.70479137503574,158.994,0.046246475400311363,Taipei City,Taipei,25.053,121.5259,50,"Far EastTone Telecommunication Co., Ltd.",9674
2026-01-14 13:17:57.314152 UTC,2026,21:17:57,ndt-vh7vp_1768330240_00000000000006CB,Download,46.275741832885394,18.175,0.11059686508596878,Taipei City,Taipei,25.053,121.5259,5,"Taiwan Mobile Co., Ltd.",24158
2026-01-14 13:16:52.243943 UTC,2026,21:16:52,ndt-dws54_1765750705_00000000002519DF,Download,6.257680477535744,52.177,0.052603666251272344,Taipei City,Taipei,25.053,121.5259,10,"Taiwan Mobile Co., Ltd.",24158
2026-01-14 13:16:29.549046 UTC,2026,21:16:29,ndt-dws54_1765750705_00000000002539C4,Download,232.03894381564075,20.0,0.00011380701927721038,Taipei City,Taipei,25.053,121.5259,100,"Far EastTone Telecommunication Co., Ltd.",9674
2026-01-14 13:16:16.468131 UTC,2026,21:16:16,ndt-vh7vp_1768330240_000000000000663B,Download,34.185162722983691,27.0,0.02985706824960328,Taipei City,Taipei,25.053,121.5259,5,"Taiwan Mobile Co., Ltd.",24158
2026-01-14 13:15:48.223344 UTC,2026,21:15:48,ndt-mcnzr_1763541608_000000000048ED82,Download,40.792472380139095,115.278,0.11549138714112271,Taipei City,Taipei,25.053,121.5259,50,"Far EastTone Telecommunication Co., Ltd.",9674
2026-01-14 13:12:42.531322 UTC,2026,21:12:42,ndt-ffzkn_1768243520_0000000000002E5E,Download,62.515619319236812,26.772,0.0,Taipei City,Taipei,25.053,121.5259,5,"Taiwan Mobile Co., Ltd.",24158
2026-01-14 13:11:50.352545 UTC,2026,21:11:50,ndt-ffzkn_1768243520_0000000000007E93,Download,21.28109478220351,30.132,0.00054817944538981085,Taipei City,Taipei,25.053,121.5259,5,"Taiwan Mobile Co., Ltd.",24158
2026-01-14 13:11:28.991845 UTC,2026,21:11:28,ndt-vh7vp_1768330240_000000000000F64C,Download,20.857393643906722,173.823,0.00020754342521886102,Taipei City,Taipei,25.053,121.5259,100,"Far EastTone Telecommunication Co., Ltd.",9674
2026-01-14 13:11:17.496307 UTC,2026,21:11:17,ndt-ffzkn_1768243520_0000000000018E71,Download,38.992783700584404,52.365,2.8912384137872387e-05,Taipei City,Taipei,25.053,121.5259,5,"Taiwan Mobile Co., Ltd.",24158
2026-01-14 13:11:10.580308 UTC,2026,21:11:10,ndt-dws54_1765750705_00000000002529BD,Download,5.097098222361276,162.518,0.0036139765344604851,Taipei City,Taipei,25.053,121.5259,5,"Far EastTone Telecommunication Co., Ltd.",9674
2026-01-14 13:10:07.134581 UTC,2026,21:10:07,ndt-dws54_1765750705_000000000025C175,Download,8.4377047162716359,165.75,0.0018737698464768404,Taipei City,Taipei,25.053,121.5259,5,"Far EastTone Telecommunication Co., Ltd.",9674
2026-01-14 13:09:05.133032 UTC,2026,21:09:05,ndt-ffzkn_1768243520_0000000000017E25,Download,82.972233456109365,155.832,4.05214551315074e-05,Taipei City,Taipei,25.053,121.5259,50,"Far EastTone Telecommunication Co., Ltd.",9674
2026-01-14 13:08:57.486177 UTC,2026,21:08:57,ndt-ffzkn_1768243520_0000000000015E7E,Download,32.597102316687959,161.518,0.0022907912281495768,Taipei City,Taipei,25.053,121.5259,50,"Far EastTone Telecommunication Co., Ltd.",9674
2026-01-14 13:08:35.156113 UTC,2026,21:08:35,ndt-ffzkn_1768243520_0000000000015E7B,Download,52.953310124467507,22.665,0.0044275693354298012,Taipei City,Taipei,25.053,121.5259,50,"Far EastTone Telecommunication Co., Ltd.",9674
2026-01-14 13:08:35.008795 UTC,2026,21:08:35,ndt-dws54_1765750705_00000000002539B3,Download,23.454065240134305,163.688,0.067464837327047542,Taipei City,Taipei,25.053,121.5259,50,"Far EastTone Telecommunication Co., Ltd.",9674
2026-01-14 13:07:09.737522 UTC,2026,21:07:09,ndt-vh7vp_1768330240_0000000000018605,Download,24.559263717097082,167.164,0.00028150237164119041,Taipei City,Taipei,25.053,121.5259,100,"Far EastTone Telecommunication Co., Ltd.",9674
2026-01-14 13:06:55.547470 UTC,2026,21:06:55,ndt-vh7vp_1768330240_00000000000145FB,Download,9.6331058684524251,160.643,0.0019156419949506467,Taipei City,Taipei,25.053,121.5259,5,"Far EastTone Telecommunication Co., Ltd.",9674
2026-01-14 13:06:42.116745 UTC,2026,21:06:42,ndt-dws54_1765750705_0000000000258594,Download,107.4757543939854,23.12,0.0,Taipei City,Taipei,25.053,121.5259,5,"Taiwan Mobile Co., Ltd.",24158
2026-01-14 13:06:33.995740 UTC,2026,21:06:33,ndt-ffzkn_1768243520_0000000000014E8A,Download,28.027841228133997,202.505,0.00880163179459303,Taipei City,Taipei,25.053,121.5259,100,"Far EastTone Telecommunication Co., Ltd.",9674
2026-01-14 13:06:08.182334 UTC,2026,21:06:08,ndt-ffzkn_1768243520_0000000000002E50,Download,6.4021900847167048,165.33,0.0040493201583670429,Taipei City,Taipei,25.053,121.5259,5,"Far EastTone Telecommunication Co., Ltd.",9674
2026-01-14 13:05:30.868442 UTC,2026,21:05:30,ndt-dws54_1765750705_000000000025E215,Download,9.2765794021634775,165.188,0.0013767932056605097,Taipei City,Taipei,25.053,121.5259,5,"Far EastTone Telecommunication Co., Ltd.",9674
2026-01-14 13:03:39.103280 UTC,2026,21:03:39,ndt-ffzkn_1768243520_000000000002C051,Download,101.74235758429786,152.516,0.0012457620200286136,Taipei City,Taipei,25.053,121.5259,100,"Far EastTone Telecommunication Co., Ltd.",9674
2026-01-14 13:02:33.846051 UTC,2026,21:02:33,ndt-vh7vp_1768330240_00000000000055FE,Download,106.0206706456586,154.149,0.00037822494650586856,Taipei City,Taipei,25.053,121.5259,100,"Far EastTone Telecommunication Co., Ltd.",9674
2026-01-14 13:00:33.990209 UTC,2026,21:00:33,ndt-dws54_1765750705_00000000002539AA,Download,15.397079097932011,164.779,0.0027567564014469113,Taipei City,Taipei,25.053,121.5259,5,"Far EastTone Telecommunication Co., Ltd.",9674
2026-01-14 13:00:25.774845 UTC,2026,21:00:25,ndt-mcnzr_1763541608_00000000004AA102,Download,40.261117580693423,199.677,0.00064984615053202135,Taipei City,Taipei,25.053,121.5259,20,"Taiwan Mobile Co., Ltd.",24158
2026-01-14 12:59:46.264532 UTC,2026,20:59:46,ndt-dws54_1765750705_0000000000258589,Download,113.79961048821897,152.532,5.945713305865174e-05,Taipei City,Taipei,25.053,121.5259,100,"Far EastTone Telecommunication Co., Ltd.",9674
2026-01-14 12:58:45.445457 UTC,2026,20:58:45,ndt-dws54_1765750705_00000000002519C5,Download,105.7400369495132,154.347,0.00037034909010385885,Taipei City,Taipei,25.053,121.5259,100,"Far EastTone Telecommunication Co., Ltd.",9674
2026-01-14 12:56:28.777911 UTC,2026,20:56:28,ndt-ffzkn_1768243520_000000000000AE1C,Download,105.25756237097214,154.897,0.00010781563629106402,Taipei City,Taipei,25.053,121.5259,100,"Far EastTone Telecommunication Co., Ltd.",9674
2026-01-14 12:55:30.088120 UTC,2026,20:55:30,ndt-ffzkn_1768243520_00000000000230CD,Download,2.3324912012436765,160.64,0.080562260434380417,Taipei City,Taipei,25.053,121.5259,5,Mobile Business Group,17421
2026-01-14 12:55:23.253823 UTC,2026,20:55:23,ndt-vh7vp_1768330240_00000000000185FB,Download,93.990359365042153,150.959,0.0006487156056710332,Taipei City,Taipei,25.053,121.5259,100,"Far EastTone Telecommunication Co., Ltd.",9674
2026-01-14 12:54:50.353945 UTC,2026,20:54:50,ndt-dws54_1765750705_00000000002519B9,Download,106.56970092106592,154.477,9.1298113046325711e-05,Taipei City,Taipei,25.053,121.5259,100,"Far EastTone Telecommunication Co., Ltd.",9674
2026-01-14 12:54:23.717657 UTC,2026,20:54:23,ndt-ffzkn_1768243520_000000000000AE1A,Download,44.584511722267614,160.434,0.000519210079306959,Taipei City,Taipei,25.053,121.5259,50,"Far EastTone Telecommunication Co., Ltd.",9674
2026-01-14 12:53:12.952179 UTC,2026,20:53:12,ndt-vh7vp_1768330240_000000000000761B,Download,3.6330506743287687,177.17,0.16714043992087282,Taipei City,Taipei,25.053,121.5259,100,"Far EastTone Telecommunication Co., Ltd.",9674
2026-01-14 12:52:20.370231 UTC,2026,20:52:20,ndt-dws54_1765750705_000000000025399D,Download,57.41522524288154,160.046,0.00034255153772110258,Taipei City,Taipei,25.053,121.5259,50,"Far EastTone Telecommunication Co., Ltd.",9674
2026-01-14 12:50:37.264590 UTC,2026,20:50:37,ndt-dws54_1765750705_000000000025856F,Download,15.405872612052177,173.707,0.055948549014029493,Taipei City,Taipei,25.053,121.5259,50,"Far EastTone Telecommunication Co., Ltd.",9674
2026-01-14 12:50:07.285899 UTC,2026,20:50:07,ndt-ffzkn_1768243520_0000000000009E57,Download,128.06962114424678,25.98,0.0,Taipei City,Taipei,25.053,121.5259,20,"Taiwan Mobile Co., Ltd.",24158
2026-01-14 12:48:11.211464 UTC,2026,20:48:11,ndt-rwnrz_1768382423_000000000000C18E,Download,22.252668507812636,125.703,0.10913440605232486,Taipei City,Taipei,25.053,121.5259,100,"Far EastTone Telecommunication Co., Ltd.",9674
2026-01-14 12:48:02.497149 UTC,2026,20:48:02,ndt-vh7vp_1768330240_0000000000011582,Download,1.1236322411641417,167.731,0.019227834579581871,Taipei City,Taipei,25.053,121.5259,50,"Far EastTone Telecommunication Co., Ltd.",9674
2026-01-14 12:47:40.308775 UTC,2026,20:47:40,ndt-dws54_1765750705_000000000025D31B,Download,1.8583053946817405,169.889,0.13106190759086506,Taipei City,Taipei,25.053,121.5259,100,"Far EastTone Telecommunication Co., Ltd.",9674
2026-01-14 12:46:10.050940 UTC,2026,20:46:10,ndt-vh7vp_1768330240_0000000000000691,Download,4.2871917316306067,188.14,0.2021708233553336,Taipei City,Taipei,25.053,121.5259,100,"Far EastTone Telecommunication Co., Ltd.",9674
2026-01-14 12:42:27.013710 UTC,2026,20:42:27,ndt-vh7vp_1768330240_000000000000F61C,Download,72.205530551607737,156.866,0.0011993136303163252,Taipei City,Taipei,25.053,121.5259,50,"Far EastTone Telecommunication Co., Ltd.",9674
2026-01-14 12:41:23.199140 UTC,2026,20:41:23,ndt-ffzkn_1768243520_0000000000015E53,Download,22.264799704307233,160.613,0.10132560268438542,Taipei City,Taipei,25.053,121.5259,5,Mobile Business Group,17421
2026-01-14 12:40:54.339690 UTC,2026,20:40:54,ndt-dws54_1765750705_0000000000231F99,Download,13.143436230045237,168.966,0.019420423046297073,Taipei City,Taipei,25.053,121.5259,100,"Far EastTone Telecommunication Co., Ltd.",9674
2026-01-14 12:39:59.628037 UTC,2026,20:39:59,ndt-ffzkn_1768243520_0000000000009E49,Download,29.217426915042996,167.161,0.059831000587089067,Taipei City,Taipei,25.053,121.5259,50,"Far EastTone Telecommunication Co., Ltd.",9674
2026-01-14 12:36:45.374104 UTC,2026,20:36:45,ndt-dws54_1765750705_0000000000258559,Download,42.5825185830063,162.673,0.048374185750604662,Taipei City,Taipei,25.053,121.5259,50,"Far EastTone Telecommunication Co., Ltd.",9674
2026-01-14 12:36:33.352840 UTC,2026,20:36:33,ndt-vh7vp_1768330240_000000000000B5DD,Download,212.49646199767091,24.855,0.0041439865040995612,Taipei City,Taipei,25.053,121.5259,5,"Taiwan Mobile Co., Ltd.",24158
2026-01-14 12:34:56.940540 UTC,2026,20:34:56,ndt-vh7vp_1768330240_00000000000185DF,Download,154.34614206209466,14.239,0.0,Taipei City,Taipei,25.053,121.5259,10,"Taiwan Mobile Co., Ltd.",24158
2026-01-14 12:34:26.318625 UTC,2026,20:34:26,ndt-dws54_1765750705_000000000025A4CA,Download,52.293675645346816,159.071,0.015659339906186516,Taipei City,Taipei,25.053,121.5259,50,"Far EastTone Telecommunication Co., Ltd.",9674
2026-01-14 12:30:30.842399 UTC,2026,20:30:30,ndt-ffzkn_1768243520_0000000000003EA7,Download,0.49935230428243,166.332,0.047034520985871922,Taipei City,Taipei,25.053,121.5259,50,"Far EastTone Telecommunication Co., Ltd.",9674
2026-01-14 12:27:27.078222 UTC,2026,20:27:27,ndt-ffzkn_1768243520_0000000000029034,Download,58.342791597766158,160.542,0.054990478216729866,Taipei City,Taipei,25.053,121.5259,50,"Far EastTone Telecommunication Co., Ltd.",9674
2026-01-14 12:26:18.608261 UTC,2026,20:26:18,ndt-mcnzr_1763541608_0000000000496692,Download,9.3681265767766,148.093,0.15375763740164364,Taipei City,Taipei,25.053,121.5259,20,"Far EastTone Telecommunication Co., Ltd.",9674
2026-01-14 12:24:02.211814 UTC,2026,20:24:02,ndt-vh7vp_1768330240_000000000001155F,Download,0.71656643190430169,159.664,0.14426217965465424,Taipei City,Taipei,25.053,121.5259,50,"Far EastTone Telecommunication Co., Ltd.",9674
2026-01-14 12:23:18.988721 UTC,2026,20:23:18,ndt-dws54_1765750705_0000000000258546,Download,0.898986201343259,162.506,0.10477394672778738,Taipei City,Taipei,25.053,121.5259,50,"Far EastTone Telecommunication Co., Ltd.",9674
2026-01-14 12:21:19.854243 UTC,2026,20:21:19,ndt-ffzkn_1768243520_0000000000015E33,Download,3.6856687796101282,169.823,0.31258820739320942,Taipei City,Taipei,25.053,121.5259,100,"Far EastTone Telecommunication Co., Ltd.",9674
2026-01-14 12:16:24.964705 UTC,2026,20:16:24,ndt-vh7vp_1768330240_00000000000065C9,Download,10.022658610589065,22.42,0.0059767146880049041,Taipei City,Taipei,25.053,121.5259,5,Mobile Business Group,17421
2026-01-14 12:15:39.968405 UTC,2026,20:15:39,ndt-ffzkn_1768243520_000000000001BCF0,Download,0.29177092043352515,43.633,0.022444458922405368,Taipei City,Taipei,25.053,121.5259,5,"Taiwan Mobile Co., Ltd.",24158
2026-01-14 12:13:48.390168 UTC,2026,20:13:48,ndt-vh7vp_1768330240_0000000000000659,Download,221.0539971103062,17.897,5.2115916812165126e-06,Taipei City,Taipei,25.053,121.5259,5,"Taiwan Mobile Co., Ltd.",24158
2026-01-14 12:11:38.527151 UTC,2026,20:11:38,ndt-dws54_1765750705_00000000002548D5,Download,57.404629477940013,164.0,0.014306558165238263,Taipei City,Taipei,25.053,121.5259,50,"Far EastTone Telecommunication Co., Ltd.",9674
2026-01-14 12:05:45.821562 UTC,2026,20:05:45,ndt-dws54_1765750705_0000000000246A7D,Download,30.54945437798607,153.0,0.093659170671923531,Taipei City,Taipei,25.053,121.5259,5,Mobile Business Group,17421
2026-01-14 12:02:56.008070 UTC,2026,20:02:56,ndt-mcnzr_1763541608_000000000049A5E1,Download,4.3505212467536,122.815,0.076024161270975874,Taipei City,Taipei,25.053,121.5259,5,"Far EastTone Telecommunication Co., Ltd.",9674
2026-01-14 12:00:56.037494 UTC,2026,20:00:56,ndt-ffzkn_1768243520_0000000000016E52,Download,27.352292249008855,154.0,0.1150967528013556,Taipei City,Taipei,25.053,121.5259,5,Mobile Business Group,17421
2026-01-14 12:00:22.739640 UTC,2026,20:00:22,ndt-dws54_1765750705_00000000002575C5,Download,27.555035306896215,153.0,0.11348843368899969,Taipei City,Taipei,25.053,121.5259,5,Mobile Business Group,17421
2026-01-14 11:56:50.134058 UTC,2026,19:56:50,ndt-dws54_1765750705_000000000024FB07,Download,18.084963123360488,156.708,0.30388996931200418,Taipei City,Taipei,25.053,121.5259,50,"Far EastTone Telecommunication Co., Ltd.",9674
2026-01-14 11:55:50.362889 UTC,2026,19:55:50,ndt-ffzkn_1768243520_000000000000EFE9,Download,11.505763365633142,24.398,0.025300977585189705,Taipei City,Taipei,25.053,121.5259,20,"Taiwan Mobile Co., Ltd.",24158
2026-01-14 11:51:28.260098 UTC,2026,19:51:28,ndt-ffzkn_1768243520_0000000000017DA9,Download,50.465409281694328,160.055,0.00018504866004403545,Taipei City,Taipei,25.053,121.5259,100,"Far EastTone Telecommunication Co., Ltd.",9674
2026-01-14 11:50:51.649575 UTC,2026,19:50:51,ndt-dws54_1765750705_00000000002508B4,Download,68.347947866314314,26.172,0.0,Taipei City,Taipei,25.053,121.5259,5,"Taiwan Mobile Co., Ltd.",24158
2026-01-14 11:47:51.488890 UTC,2026,19:47:51,ndt-vh7vp_1768330240_000000000001F5B7,Download,61.33568428182511,28.698,9.0521703838598565e-05,Taipei City,Taipei,25.053,121.5259,100,"Far EastTone Telecommunication Co., Ltd.",9674
2026-01-14 11:46:28.209158 UTC,2026,19:46:28,ndt-dws54_1765750705_0000000000235D90,Download,293.38611681583507,26.418,0.00013107376333151537,Taipei City,Taipei,25.053,121.5259,20,"Taiwan Mobile Co., Ltd.",24158
2026-01-14 11:33:16.566667 UTC,2026,19:33:16,ndt-vh7vp_1768330240_000000000001F59D,Download,4.0984134033185153,158.62,0.036520580643370618,Taipei City,Taipei,25.053,121.5259,5,Mobile Business Group,17421
2026-01-14 11:32:30.715221 UTC,2026,19:32:30,ndt-dws54_1765750705_000000000025B42A,Download,20.693201592435084,22.39,0.32543925193740525,Taipei City,Taipei,25.053,121.5259,5,"Taiwan Mobile Co., Ltd.",24158
2026-01-14 11:26:05.515482 UTC,2026,19:26:05,ndt-ffzkn_1768243520_0000000000018DC9,Download,11.332808892386078,150.002,0.4410486163742936,Taipei City,Taipei,25.053,121.5259,100,"Far EastTone Telecommunication Co., Ltd.",9674
2026-01-14 11:23:31.497304 UTC,2026,19:23:31,ndt-virtual-dlj5z_1768241634_000000000001D4A1,Download,19.459703324722447,41.56,0.0010041743221205536,Taipei City,Taipei,25.053,121.5259,20,"Far EastTone Telecommunication Co., Ltd.",9674
2026-01-14 11:17:57.094608 UTC,2026,19:17:57,ndt-vh7vp_1768330240_00000000000155ED,Download,19.378973072774318,155.373,0.03508134854976333,Taipei City,Taipei,25.053,121.5259,5,Mobile Business Group,17421
2026-01-14 11:14:23.349400 UTC,2026,19:14:23,ndt-dws54_1765750705_00000000002538CC,Download,17.936636959409228,156.943,0.012247562234693352,Taipei City,Taipei,25.053,121.5259,5,Mobile Business Group,17421
2026-01-14 11:13:50.884566 UTC,2026,19:13:50,ndt-vh7vp_1768330240_00000000000125BE,Download,17.306172825724897,157.887,4.3978573056468033e-05,Taipei City,Taipei,25.053,121.5259,5,Mobile Business Group,17421
2026-01-14 11:12:36.352611 UTC,2026,19:12:36,ndt-vh7vp_1768330240_000000000000F58F,Download,16.232700521495033,24.436,0.048158723292504931,Taipei City,Taipei,25.053,121.5259,20,"Taiwan Mobile Co., Ltd.",24158
2026-01-14 11:07:52.741858 UTC,2026,19:07:52,ndt-ffzkn_1768243520_0000000000016E06,Download,9.0833348413833033,171.723,0.030675001996188288,Taipei City,Taipei,25.053,121.5259,50,"Far EastTone Telecommunication Co., Ltd.",9674
2026-01-14 11:05:12.142823 UTC,2026,19:05:12,ndt-dws54_1765750705_0000000000255832,Download,65.454329393864029,151.644,0.00582423788076447,Taipei City,Taipei,25.053,121.5259,5,Mobile Business Group,17421
2026-01-14 11:04:45.606006 UTC,2026,19:04:45,ndt-ffzkn_1768243520_0000000000016E00,Download,108.68956185105684,146.601,0.00026299925747261553,Taipei City,Taipei,25.053,121.5259,5,Mobile Business Group,17421
2026-01-14 10:59:51.791803 UTC,2026,18:59:51,ndt-dws54_1765750705_00000000002538B2,Download,147.41386028761451,33.777,0.00049126540628604577,Taipei City,Taipei,25.053,121.5259,100,"Far EastTone Telecommunication Co., Ltd.",9674
2026-01-14 10:59:02.785029 UTC,2026,18:59:02,ndt-ffzkn_1768243520_0000000000014DD9,Download,42.96705545768674,29.73,0.0,Taipei City,Taipei,25.053,121.5259,50,"Far EastTone Telecommunication Co., Ltd.",9674
2026-01-14 10:58:53.001236 UTC,2026,18:58:53,ndt-vh7vp_1768330240_000000000000458E,Download,31.699453870011041,161.952,0.00015271358567007576,Taipei City,Taipei,25.053,121.5259,100,"Far EastTone Telecommunication Co., Ltd.",9674
2026-01-14 10:54:36.847703 UTC,2026,18:54:36,ndt-ffzkn_1768243520_0000000000018D9C,Download,147.82310193004403,14.993,0.0,Taipei City,Taipei,25.053,121.5259,5,"Taiwan Mobile Co., Ltd.",24158
2026-01-14 10:54:12.137008 UTC,2026,18:54:12,ndt-ffzkn_1768243520_0000000000006DEE,Download,37.598729999756017,27.048,0.00042807691356096218,Taipei City,Taipei,25.053,121.5259,100,"Far EastTone Telecommunication Co., Ltd.",18412
2026-01-14 10:53:23.606857 UTC,2026,18:53:23,ndt-vh7vp_1768330240_0000000000005542,Download,77.094928287744082,156.502,7.1242846659833422e-05,Taipei City,Taipei,25.053,121.5259,50,"Far EastTone Telecommunication Co., Ltd.",9674
2026-01-14 10:50:44.188876 UTC,2026,18:50:44,ndt-vh7vp_1768330240_0000000000017522,Download,220.36399967778735,21.977,0.075439962987223871,Taipei City,Taipei,25.053,121.5259,100,"Far EastTone Telecommunication Co., Ltd.",9674
2026-01-14 10:47:17.054744 UTC,2026,18:47:17,ndt-ffzkn_1768243520_0000000000007DCB,Download,15.837930675156299,164.56,0.00014072747828184758,Taipei City,Taipei,25.053,121.5259,100,"Far EastTone Telecommunication Co., Ltd.",9674
2026-01-14 10:46:00.414837 UTC,2026,18:46:00,ndt-vh7vp_1768330240_000000000000553B,Download,27.015838196436903,162.866,0.31245556936593943,Taipei City,Taipei,25.053,121.5259,5,Mobile Business Group,17421
2026-01-14 10:37:01.232562 UTC,2026,18:37:01,ndt-vh7vp_1768330240_000000000000F55E,Download,6.8573781502258386,30.713,0.0,Taipei City,Taipei,25.053,121.5259,20,"Taiwan Mobile Co., Ltd.",24158
2026-01-14 10:36:27.196666 UTC,2026,18:36:27,ndt-ffzkn_1768243520_0000000000016DDD,Download,35.076499690834368,29.443,0.0618246420733619,Taipei City,Taipei,25.053,121.5259,20,"Taiwan Mobile Co., Ltd.",24158
2026-01-14 10:35:51.718690 UTC,2026,18:35:51,ndt-ffzkn_1768243520_0000000000017D3C,Download,111.919326547844,156.271,9.7244249687468759e-06,Taipei City,Taipei,25.053,121.5259,5,Mobile Business Group,17421
2026-01-14 10:34:43.665901 UTC,2026,18:34:43,ndt-dws54_1765750705_0000000000258461,Download,45.817696628202341,156.871,0.0048743742188662956,Taipei City,Taipei,25.053,121.5259,100,"Far EastTone Telecommunication Co., Ltd.",9674
2026-01-14 10:33:48.867332 UTC,2026,18:33:48,ndt-ffzkn_1768243520_0000000000004E25,Download,72.899960333899173,31.167,0.0,Taipei City,Taipei,25.053,121.5259,5,"Taiwan Mobile Co., Ltd.",24158
2026-01-14 10:30:58.642817 UTC,2026,18:30:58,ndt-vh7vp_1768330240_000000000000551B,Download,53.816240093096049,161.056,0.0,Taipei City,Taipei,25.053,121.5259,5,Mobile Business Group,17421
2026-01-14 10:26:58.424672 UTC,2026,18:26:58,ndt-ffzkn_1768243520_0000000000003DE0,Download,0.50062811224847625,178.135,0.063062650476290172,Taipei City,Taipei,25.053,121.5259,20,"Far EastTone Telecommunication Co., Ltd.",9674
2026-01-14 10:26:15.626490 UTC,2026,18:26:15,ndt-ffzkn_1768243520_0000000000009D9A,Download,2.2617509739224531,23.846,0.0,Taipei City,Taipei,25.053,121.5259,5,"Taiwan Mobile Co., Ltd.",24158
2026-01-14 10:22:29.443820 UTC,2026,18:22:29,ndt-vh7vp_1768330240_00000000000114C7,Download,109.13363303097589,156.307,1.97479072162493e-05,Taipei City,Taipei,25.053,121.5259,100,"Far EastTone Telecommunication Co., Ltd.",9674
2026-01-14 10:16:58.993568 UTC,2026,18:16:58,ndt-dws54_1765750705_00000000002547DF,Download,14.026959807910297,21.098,0.13507470708489946,Taipei City,Taipei,25.053,121.5259,5,Mobile Business Group,17421
2026-01-14 10:16:45.949214 UTC,2026,18:16:45,ndt-ffzkn_1768243520_000000000001BC5F,Download,16.280068250640852,20.234,0.0,Taipei City,Taipei,25.053,121.5259,10,"Taiwan Mobile Co., Ltd.",24158
2026-01-14 10:15:46.989581 UTC,2026,18:15:46,ndt-ffzkn_1768243520_000000000001EF4B,Download,1.0713534086628806,168.794,0.1708504874577205,Taipei City,Taipei,25.053,121.5259,100,"Far EastTone Telecommunication Co., Ltd.",9674
2026-01-14 10:15:46.006817 UTC,2026,18:15:46,ndt-dws54_1765750705_00000000002557CB,Download,12.039024941300443,21.032,0.00010344376288403497,Taipei City,Taipei,25.053,121.5259,10,"Taiwan Mobile Co., Ltd.",24158
2026-01-14 10:15:06.716334 UTC,2026,18:15:06,ndt-ffzkn_1768243520_0000000000003DCB,Download,47.619967901720692,12.887,0.083772403652274688,Taipei City,Taipei,25.053,121.5259,10,"Taiwan Mobile Co., Ltd.",24158
2026-01-14 10:15:05.696229 UTC,2026,18:15:05,ndt-dws54_1765750705_000000000025E0AA,Download,52.830254293591466,161.831,0.00018383164362796928,Taipei City,Taipei,25.053,121.5259,20,"Far EastTone Telecommunication Co., Ltd.",9674
2026-01-14 10:14:59.396854 UTC,2026,18:14:59,ndt-ffzkn_1768243520_0000000000017D19,Download,102.76292194617614,21.768,0.0,Taipei City,Taipei,25.053,121.5259,5,"Taiwan Mobile Co., Ltd.",24158
2026-01-14 10:12:00.490217 UTC,2026,18:12:00,ndt-dws54_1765750705_00000000002507E5,Download,75.268956460085732,51.542,0.0048268695346839596,Taipei City,Taipei,25.053,121.5259,10,"Taiwan Mobile Co., Ltd.",24158
2026-01-14 10:10:49.504234 UTC,2026,18:10:49,ndt-dws54_1765750705_000000000024FA1C,Download,88.236349738223439,18.847,0.0,Taipei City,Taipei,25.053,121.5259,5,"Taiwan Mobile Co., Ltd.",24158
2026-01-14 10:09:21.663778 UTC,2026,18:09:21,ndt-vh7vp_1768330240_0000000000010553,Download,116.7659625363173,45.035,0.0,Taipei City,Taipei,25.053,121.5259,5,"Taiwan Mobile Co., Ltd.",24158
2026-01-14 10:03:13.443412 UTC,2026,18:03:13,ndt-virtual-zr6lw_1768241594_000000000001EFFD,Download,129.52223057693988,23.155,8.4444983933637081e-06,Taipei City,Taipei,25.053,121.5259,50,"Far EastTone Telecommunication Co., Ltd.",9674
2026-01-14 09:58:16.984324 UTC,2026,17:58:16,ndt-vh7vp_1768330240_00000000000174E9,Download,31.50958307409649,22.08,0.0,Taipei City,Taipei,25.053,121.5259,20,"Taiwan Mobile Co., Ltd.",24158
2026-01-14 09:56:53.940513 UTC,2026,17:56:53,ndt-ffzkn_1768243520_0000000000011E08,Download,45.080668431113189,158.439,0.0,Taipei City,Taipei,25.053,121.5259,5,Mobile Business Group,17421
2026-01-14 09:56:22.262432 UTC,2026,17:56:22,ndt-ffzkn_1768243520_0000000000006D92,Download,53.768160585481652,156.546,0.0,Taipei City,Taipei,25.053,121.5259,5,Mobile Business Group,17421
2026-01-14 09:52:58.358399 UTC,2026,17:52:58,ndt-dws54_1765750705_0000000000253826,Download,12.47664180607307,23.271,9.582681140289347e-05,Taipei City,Taipei,25.053,121.5259,10,Mobile Business Group,17421
2026-01-14 09:51:08.826957 UTC,2026,17:51:08,ndt-ffzkn_1768243520_0000000000010F31,Download,8.43324833790513,30.693,0.0,Taipei City,Taipei,25.053,121.5259,20,"Taiwan Mobile Co., Ltd.",24158
2026-01-14 09:46:44.623746 UTC,2026,17:46:44,ndt-ffzkn_1768243520_0000000000018D42,Download,1.3326512938715596,22.693,0.0,Taipei City,Taipei,25.053,121.5259,20,"Taiwan Mobile Co., Ltd.",24158
2026-01-14 09:46:16.701207 UTC,2026,17:46:16,ndt-dws54_1765750705_000000000024F9E9,Download,74.876384439628353,152.068,0.0035006163349602872,Taipei City,Taipei,25.053,121.5259,100,"Far EastTone Telecommunication Co., Ltd.",9674
2026-01-14 09:45:59.968369 UTC,2026,17:45:59,ndt-ffzkn_1768243520_0000000000006D81,Download,0.25704246749680615,34.02,0.42776574221617458,Taipei City,Taipei,25.053,121.5259,20,"Taiwan Mobile Co., Ltd.",24158
2026-01-14 09:34:39.493091 UTC,2026,17:34:39,ndt-ffzkn_1768243520_000000000000AD1C,Download,67.27828861163448,157.196,0.0,Taipei City,Taipei,25.053,121.5259,5,Mobile Business Group,17421
2026-01-14 09:34:25.084502 UTC,2026,17:34:25,ndt-vh7vp_1768330240_0000000000000558,Download,122.99030489652974,149.104,3.6482404846549528e-05,Taipei City,Taipei,25.053,121.5259,100,"Far EastTone Telecommunication Co., Ltd.",9674
2026-01-14 09:33:53.110801 UTC,2026,17:33:53,ndt-dws54_1765750705_000000000025D153,Download,121.74483489320157,150.437,0.0,Taipei City,Taipei,25.053,121.5259,100,"Far EastTone Telecommunication Co., Ltd.",9674
2026-01-14 09:29:05.654155 UTC,2026,17:29:05,ndt-vh7vp_1768330240_0000000000004511,Download,19.154241843885512,159.922,0.30586070800009219,Taipei City,Taipei,25.053,121.5259,100,"Far EastTone Telecommunication Co., Ltd.",9674
2026-01-14 09:26:51.268094 UTC,2026,17:26:51,ndt-ffzkn_1768243520_0000000000019E83,Download,66.298907601888914,155.025,0.000235065340745448,Taipei City,Taipei,25.053,121.5259,100,"Far EastTone Telecommunication Co., Ltd.",9674
2026-01-14 09:24:52.098805 UTC,2026,17:24:52,ndt-ffzkn_1768243520_0000000000002CF5,Download,101.75133270156815,153.893,0.0,Taipei City,Taipei,25.053,121.5259,5,Mobile Business Group,17421
2026-01-14 09:24:23.373984 UTC,2026,17:24:23,ndt-dws54_1765750705_000000000024EAD2,Download,11.662008713800036,159.57,0.0,Taipei City,Taipei,25.053,121.5259,5,Mobile Business Group,17421
2026-01-14 09:23:38.580356 UTC,2026,17:23:38,ndt-ffzkn_1768243520_0000000000006D5C,Download,24.557873296557467,49.086,0.0,Taipei City,Taipei,25.053,121.5259,5,"Taiwan Mobile Co., Ltd.",24158
2026-01-14 09:21:43.388735 UTC,2026,17:21:43,ndt-ffzkn_1768243520_000000000000AD0D,Download,0.9786904106962796,179.0,0.20806939074754868,Taipei City,Taipei,25.053,121.5259,100,"Far EastTone Telecommunication Co., Ltd.",9674
2026-01-14 09:19:24.470597 UTC,2026,17:19:24,ndt-dws54_1765750705_000000000024DE15,Download,31.565035697196574,162.674,0.0068565767532239421,Taipei City,Taipei,25.053,121.5259,20,"Far EastTone Telecommunication Co., Ltd.",9674
2026-01-14 09:19:23.266369 UTC,2026,17:19:23,ndt-dws54_1765750705_00000000002517CB,Download,4.3566608247013372,167.358,0.19213182649687666,Taipei City,Taipei,25.053,121.5259,100,"Far EastTone Telecommunication Co., Ltd.",9674
2026-01-14 09:13:57.822009 UTC,2026,17:13:57,ndt-dws54_1765750705_000000000025A2F4,Download,30.572388695259463,153.474,0.0092297301713526285,Taipei City,Taipei,25.053,121.5259,5,Mobile Business Group,17421
2026-01-14 09:13:02.658592 UTC,2026,17:13:02,ndt-vh7vp_1768330240_00000000000184C2,Download,112.51072937725702,154.951,0.0,Taipei City,Taipei,25.053,121.5259,5,Mobile Business Group,17421
2026-01-14 09:12:42.216387 UTC,2026,17:12:42,ndt-dws54_1765750705_000000000025A2F3,Download,4.3632371722358121,158.615,0.020631563462566123,Taipei City,Taipei,25.053,121.5259,5,Mobile Business Group,17421
2026-01-14 09:12:40.672201 UTC,2026,17:12:40,ndt-ffzkn_1768243520_0000000000017CCE,Download,15.735575044863861,161.264,0.025536581079042855,Taipei City,Taipei,25.053,121.5259,5,Mobile Business Group,17421
2026-01-14 09:12:23.418752 UTC,2026,17:12:23,ndt-ffzkn_1768243520_0000000000007D41,Download,34.795899675725629,163.408,0.037793612502513438,Taipei City,Taipei,25.053,121.5259,100,"Far EastTone Telecommunication Co., Ltd.",9674
2026-01-14 09:11:48.007471 UTC,2026,17:11:48,ndt-vh7vp_1768330240_00000000000044FC,Download,80.860024394990049,159.089,1.3638023603431469e-05,Taipei City,Taipei,25.053,121.5259,5,Mobile Business Group,17421
2026-01-14 09:11:45.213052 UTC,2026,17:11:45,ndt-virtual-zr6lw_1768241594_000000000001CF56,Download,38.259274966106481,24.811,0.011708781528816466,Taipei City,Taipei,25.053,121.5259,100,"Far EastTone Telecommunication Co., Ltd.",9674
2026-01-14 09:11:17.308600 UTC,2026,17:11:17,ndt-dws54_1765750705_000000000023BC0F,Download,69.272816289529416,157.369,5.7726348589880983e-06,Taipei City,Taipei,25.053,121.5259,5,Mobile Business Group,17421
2026-01-14 09:07:50.349455 UTC,2026,17:07:50,ndt-ffzkn_1768243520_000000000001DD02,Download,6.3580631993928431,25.699,0.0,Taipei City,Taipei,25.053,121.5259,20,"Taiwan Mobile Co., Ltd.",24158
2026-01-14 09:07:48.240957 UTC,2026,17:07:48,ndt-ffzkn_1768243520_000000000001FCFD,Download,0.231356297532252,156.0,0.012323518243639753,Taipei City,Taipei,25.053,121.5259,5,Mobile Business Group,17421
2026-01-14 09:07:27.648974 UTC,2026,17:07:27,ndt-ffzkn_1768243520_0000000000009D1D,Download,3.2917363879283035,27.089,0.033844293908552731,Taipei City,Taipei,25.053,121.5259,20,"Taiwan Mobile Co., Ltd.",24158
2026-01-14 09:05:19.382114 UTC,2026,17:05:19,ndt-mcnzr_1763541608_000000000048DA4C,Download,32.373387500799019,196.529,0.0063447371080207681,Taipei City,Taipei,25.053,121.5259,5,"Taiwan Mobile Co., Ltd.",24158
2026-01-14 09:02:05.077316 UTC,2026,17:02:05,ndt-dws54_1765750705_0000000000255728,Download,3.5732942511337709,153.415,0.19682606519476598,Taipei City,Taipei,25.053,121.5259,100,"Far EastTone Telecommunication Co., Ltd.",9674
2026-01-14 09:00:44.354893 UTC,2026,17:00:44,ndt-vh7vp_1768330240_00000000000184AA,Download,5.2261123658340978,25.214,0.0843146896751005,Taipei City,Taipei,25.053,121.5259,50,"Far EastTone Telecommunication Co., Ltd.",9674
2026-01-14 08:59:00.660462 UTC,2026,16:59:00,ndt-vh7vp_1768330240_000000000001F4A5,Download,90.376832183637731,155.552,0.0,Taipei City,Taipei,25.053,121.5259,5,Mobile Business Group,17421
2026-01-14 08:58:43.372625 UTC,2026,16:58:43,ndt-dws54_1765750705_000000000025A2D0,Download,2.0027202959458212,20.561,0.0,Taipei City,Taipei,25.053,121.5259,5,Mobile Business Group,17421
2026-01-14 08:57:08.830818 UTC,2026,16:57:08,ndt-ffzkn_1768243520_0000000000008CD9,Download,32.358028005731789,157.398,0.018933340917939051,Taipei City,Taipei,25.053,121.5259,100,"Far EastTone Telecommunication Co., Ltd.",9674
2026-01-14 08:53:04.238991 UTC,2026,16:53:04,ndt-vh7vp_1768330240_000000000001447A,Download,28.30754035871157,159.522,0.0,Taipei City,Taipei,25.053,121.5259,100,"Far EastTone Telecommunication Co., Ltd.",9674
2026-01-14 08:52:36.044459 UTC,2026,16:52:36,ndt-dws54_1765750705_000000000024DDD9,Download,50.77892533570477,30.05,0.0,Taipei City,Taipei,25.053,121.5259,20,"Taiwan Mobile Co., Ltd.",24158
2026-01-14 08:47:40.333373 UTC,2026,16:47:40,ndt-ffzkn_1768243520_0000000000016D37,Download,5.8275559434735031,161.621,0.050758764006353305,Taipei City,Taipei,25.053,121.5259,5,Mobile Business Group,17421
2026-01-14 08:45:57.283383 UTC,2026,16:45:57,ndt-dws54_1765750705_000000000024F965,Download,7.156192242532506,27.353,0.0,Taipei City,Taipei,25.053,121.5259,20,"Taiwan Mobile Co., Ltd.",24158
2026-01-14 08:41:49.810088 UTC,2026,16:41:49,ndt-mcnzr_1763541608_00000000004A4094,Download,7.0789386227936211,203.928,0.061959441331014088,Taipei City,Taipei,25.053,121.5259,20,"Taiwan Mobile Co., Ltd.",24158
2026-01-14 08:39:10.551807 UTC,2026,16:39:10,ndt-vh7vp_1768330240_000000000001F48B,Download,5.610259269175792,85.154,0.055341285131171626,Taipei City,Taipei,25.053,121.5259,20,Mobile Business Group,17421
2026-01-14 08:35:57.207601 UTC,2026,16:35:57,ndt-dws54_1765750705_00000000002546F6,Download,50.079796608488138,30.897,0.0,Taipei City,Taipei,25.053,121.5259,20,"Taiwan Mobile Co., Ltd.",24158
2026-01-14 08:30:33.183161 UTC,2026,16:30:33,ndt-ffzkn_1768243520_0000000000003D3E,Download,73.435508251599614,20.356,1.0032662999434926e-05,Taipei City,Taipei,25.053,121.5259,5,Mobile Business Group,17421
2026-01-14 08:29:52.037778 UTC,2026,16:29:52,ndt-ffzkn_1768243520_0000000000014D0B,Download,39.866126078289319,158.47,0.00032872597104943984,Taipei City,Taipei,25.053,121.5259,50,"Far EastTone Telecommunication Co., Ltd.",9674
2026-01-14 08:26:59.639595 UTC,2026,16:26:59,ndt-ffzkn_1768243520_000000000000ACC3,Download,10.171342257853153,26.688,0.0,Taipei City,Taipei,25.053,121.5259,20,"Taiwan Mobile Co., Ltd.",24158
2026-01-14 08:25:04.258729 UTC,2026,16:25:04,ndt-vh7vp_1768330240_000000000000F496,Download,15.278971971756606,26.315,0.0,Taipei City,Taipei,25.053,121.5259,20,"Taiwan Mobile Co., Ltd.",24158
2026-01-14 08:24:52.764826 UTC,2026,16:24:52,ndt-vh7vp_1768330240_000000000000F495,Download,3.6116361753633206,28.771,0.0012130288937351656,Taipei City,Taipei,25.053,121.5259,10,Mobile Business Group,17421
2026-01-14 08:21:45.946090 UTC,2026,16:21:45,ndt-virtual-zr6lw_1768241594_000000000001EAEE,Download,44.426656865402585,26.812,0.0,Taipei City,Taipei,25.053,121.5259,20,"Taiwan Mobile Co., Ltd.",24158
2026-01-14 08:20:16.674347 UTC,2026,16:20:16,ndt-ffzkn_1768243520_000000000001BBC8,Download,40.1522396377767,160.547,0.00027609655235644252,Taipei City,Taipei,25.053,121.5259,50,"Far EastTone Telecommunication Co., Ltd.",9674
2026-01-14 08:19:23.223593 UTC,2026,16:19:23,ndt-ffzkn_1768243520_000000000000EE7D,Download,37.444891310117242,157.82,0.00044719305562213111,Taipei City,Taipei,25.053,121.5259,50,"Far EastTone Telecommunication Co., Ltd.",9674
2026-01-14 08:18:45.395466 UTC,2026,16:18:45,ndt-ffzkn_1768243520_000000000000BEA2,Download,32.3177962947155,155.323,0.000600883845781364,Taipei City,Taipei,25.053,121.5259,50,"Far EastTone Telecommunication Co., Ltd.",9674
2026-01-14 08:16:07.468850 UTC,2026,16:16:07,ndt-vh7vp_1768330240_000000000000F488,Download,50.806426886917976,162.08,0.00019372718548481125,Taipei City,Taipei,25.053,121.5259,100,"Far EastTone Telecommunication Co., Ltd.",9674
2026-01-14 08:12:53.779212 UTC,2026,16:12:53,ndt-dws54_1765750705_00000000002546D1,Download,333.92822705409804,16.795,0.00026117095297021,Taipei City,Taipei,25.053,121.5259,5,"Taiwan Mobile Co., Ltd.",24158
2026-01-14 08:04:12.273497 UTC,2026,16:04:12,ndt-dws54_1765750705_00000000002573B4,Download,90.767495128645166,153.079,0.0,Taipei City,Taipei,25.053,121.5259,100,"Far EastTone Telecommunication Co., Ltd.",9674
2026-01-14 08:02:55.835748 UTC,2026,16:02:55,ndt-ffzkn_1768243520_0000000000018CA1,Download,121.78877817489541,157.564,0.0,Taipei City,Taipei,25.053,121.5259,5,Mobile Business Group,17421
2026-01-14 08:01:44.525708 UTC,2026,16:01:44,ndt-vh7vp_1768330240_000000000001F453,Download,134.40250334291139,17.563,0.00012230346694585084,Taipei City,Taipei,25.053,121.5259,50,"Far EastTone Telecommunication Co., Ltd.",9674
2026-01-14 07:53:10.912963 UTC,2026,15:53:10,ndt-vh7vp_1768330240_000000000001046C,Download,18.348015874494209,154.041,0.00092471790383805846,Taipei City,Taipei,25.053,121.5259,5,"Far EastTone Telecommunication Co., Ltd.",9674
2026-01-14 07:41:38.850267 UTC,2026,15:41:38,ndt-ffzkn_1768243520_0000000000017C55,Download,9.3347490806058513,34.005,0.0,Taipei City,Taipei,25.053,121.5259,20,"Taiwan Mobile Co., Ltd.",24158
2026-01-14 07:38:19.180017 UTC,2026,15:38:19,ndt-vh7vp_1768330240_000000000001E4EC,Download,4.0120655699530969,29.0,0.10350302878253867,Taipei City,Taipei,25.053,121.5259,20,"Taiwan Mobile Co., Ltd.",24158
2026-01-14 07:38:10.703845 UTC,2026,15:38:10,ndt-vh7vp_1768330240_0000000000004467,Download,54.782530549379857,21.512,0.0,Taipei City,Taipei,25.053,121.5259,20,"Taiwan Mobile Co., Ltd.",24158
2026-01-14 07:36:45.253488 UTC,2026,15:36:45,ndt-dws54_1765750705_000000000025468E,Download,12.076885726846161,26.334,0.0,Taipei City,Taipei,25.053,121.5259,20,"Taiwan Mobile Co., Ltd.",24158
2026-01-14 07:34:08.177881 UTC,2026,15:34:08,ndt-vh7vp_1768330240_000000000000F44F,Download,5.8561408738139145,158.782,0.0,Taipei City,Taipei,25.053,121.5259,5,Mobile Business Group,17421
2026-01-14 07:34:07.666002 UTC,2026,15:34:07,ndt-ffzkn_1768243520_000000000000CE8B,Download,4.307258587615526,27.76,0.0035024780604578074,Taipei City,Taipei,25.053,121.5259,20,"Taiwan Mobile Co., Ltd.",24158
2026-01-14 07:33:59.677417 UTC,2026,15:33:59,ndt-ffzkn_1768243520_000000000001BB8E,Download,209.45705941089983,21.925,0.0067823299122869553,Taipei City,Taipei,25.053,121.5259,5,"Taiwan Mobile Co., Ltd.",24158
2026-01-14 07:17:01.930306 UTC,2026,15:17:01,ndt-ffzkn_1768243520_0000000000015C9A,Download,33.160230117663673,16.488,0.00013261193070039084,Taipei City,Taipei,25.053,121.5259,100,"Far EastTone Telecommunication Co., Ltd.",18412
2026-01-14 07:12:10.182105 UTC,2026,15:12:10,ndt-ffzkn_1768243520_0000000000002C39,Download,0.25895810006821657,169.754,0.50153151700789944,Taipei City,Taipei,25.053,121.5259,50,"Far EastTone Telecommunication Co., Ltd.",9674
2026-01-14 07:12:02.871275 UTC,2026,15:12:02,ndt-ffzkn_1768243520_0000000000018C59,Download,42.764055960767671,24.856,0.11549968485201878,Taipei City,Taipei,25.053,121.5259,5,"Taiwan Mobile Co., Ltd.",24158
2026-01-14 07:10:17.562086 UTC,2026,15:10:17,ndt-dws54_1765750705_000000000025D042,Download,15.903198870320198,158.334,0.0,Taipei City,Taipei,25.053,121.5259,5,Mobile Business Group,17421
2026-01-14 07:10:07.378070 UTC,2026,15:10:07,ndt-ffzkn_1768243520_000000000001DC65,Download,55.929663021139511,19.471,0.052277764023164114,Taipei City,Taipei,25.053,121.5259,5,"Taiwan Mobile Co., Ltd.",24158
2026-01-14 07:09:45.075968 UTC,2026,15:09:45,ndt-vh7vp_1768330240_000000000001840C,Download,1.9467942764493837,148.103,0.0,Taipei City,Taipei,25.053,121.5259,5,Mobile Business Group,17421
2026-01-14 07:09:33.505861 UTC,2026,15:09:33,ndt-dws54_1765750705_00000000002526C9,Download,90.762435873046968,11.722,0.00016306372751909368,Taipei City,Taipei,25.053,121.5259,5,Mobile Business Group,17421
2026-01-14 07:05:20.049307 UTC,2026,15:05:20,ndt-ffzkn_1768243520_0000000000010E37,Download,3.1978928657529515,70.444,0.0,Taipei City,Taipei,25.053,121.5259,20,"Taiwan Mobile Co., Ltd.",24158
2026-01-14 07:00:41.109498 UTC,2026,15:00:41,ndt-dws54_1765750705_000000000025D02A,Download,88.703705244296543,22.367,0.0,Taipei City,Taipei,25.053,121.5259,20,"Taiwan Mobile Co., Ltd.",24158
2026-01-14 06:56:46.672248 UTC,2026,14:56:46,ndt-vh7vp_1768330240_0000000000010416,Download,98.884688802366327,163.866,0.0,Taipei City,Taipei,25.053,121.5259,100,"Far EastTone Telecommunication Co., Ltd.",9674
2026-01-14 06:53:18.122454 UTC,2026,14:53:18,ndt-vh7vp_1768330240_0000000000015442,Download,1.4921650637100545,20.809,0.0016975796699719085,Taipei City,Taipei,25.053,121.5259,10,"Taiwan Mobile Co., Ltd.",24158
2026-01-14 06:53:16.275107 UTC,2026,14:53:16,ndt-ffzkn_1768243520_0000000000003CAD,Download,11.643013471765638,149.534,0.00051626433665004964,Taipei City,Taipei,25.053,121.5259,5,Mobile Business Group,17421
2026-01-14 06:45:49.488614 UTC,2026,14:45:49,ndt-vh7vp_1768330240_00000000000173D6,Download,35.299640551487691,30.336,0.0016732665388242203,Taipei City,Taipei,25.053,121.5259,100,"Far EastTone Telecommunication Co., Ltd.",9674
2026-01-14 06:42:13.574832 UTC,2026,14:42:13,ndt-ffzkn_1768243520_0000000000006C7F,Download,24.299558147463905,160.042,0.00083695100775093309,Taipei City,Taipei,25.053,121.5259,100,"Far EastTone Telecommunication Co., Ltd.",9674
2026-01-14 06:40:30.425610 UTC,2026,14:40:30,ndt-dws54_1765750705_000000000025B190,Download,2.35644643503399,30.001,0.02010715609992629,Taipei City,Taipei,25.053,121.5259,20,"Taiwan Mobile Co., Ltd.",24158
2026-01-14 06:40:19.689548 UTC,2026,14:40:19,ndt-vh7vp_1768330240_0000000000011386,Download,35.444800056236176,154.99,0.29332502077670625,Taipei City,Taipei,25.053,121.5259,20,"Far EastTone Telecommunication Co., Ltd.",9674
2026-01-14 06:39:14.066900 UTC,2026,14:39:14,ndt-vh7vp_1768330240_0000000000012412,Download,16.510947644332209,23.75,0.0017423954206767867,Taipei City,Taipei,25.053,121.5259,20,"Taiwan Mobile Co., Ltd.",24158
2026-01-14 06:37:07.726537 UTC,2026,14:37:07,ndt-vh7vp_1768330240_000000000000B3B9,Download,8.2204618308916668,156.522,0.0,Taipei City,Taipei,25.053,121.5259,5,Mobile Business Group,17421
2026-01-14 06:31:20.979193 UTC,2026,14:31:20,ndt-vh7vp_1768330240_0000000000011372,Download,61.645035573744408,154.535,0.0,Taipei City,Taipei,25.053,121.5259,5,Mobile Business Group,17421
2026-01-14 06:28:12.917097 UTC,2026,14:28:12,ndt-vh7vp_1768330240_00000000000173B6,Download,11.181272175339885,28.414,0.0,Taipei City,Taipei,25.053,121.5259,20,"Taiwan Mobile Co., Ltd.",24158
2026-01-14 06:25:09.356567 UTC,2026,14:25:09,ndt-vh7vp_1768330240_00000000000103DF,Download,22.341986940892848,157.639,0.0,Taipei City,Taipei,25.053,121.5259,5,Mobile Business Group,17421
2026-01-14 06:23:53.036844 UTC,2026,14:23:53,ndt-mcnzr_1763541608_000000000048BD4C,Download,1.8998092517234786,306.001,0.0,Taipei City,Taipei,25.053,121.5259,5,Mobile Business Group,17421
2026-01-14 06:18:09.646297 UTC,2026,14:18:09,ndt-vh7vp_1768330240_00000000000183C0,Download,20.0584445310247,155.043,0.082810499661631148,Taipei City,Taipei,25.053,121.5259,5,Mobile Business Group,17421
2026-01-14 06:14:56.702762 UTC,2026,14:14:56,ndt-ffzkn_1768243520_000000000001FC10,Download,1.9814482115941998,173.054,0.00055705786067936091,Taipei City,Taipei,25.053,121.5259,50,"Far EastTone Telecommunication Co., Ltd.",9674
2026-01-14 06:11:14.650869 UTC,2026,14:11:14,ndt-dws54_1765750705_0000000000253657,Download,14.079040175582048,20.116,0.0,Taipei City,Taipei,25.053,121.5259,20,"Taiwan Mobile Co., Ltd.",24158
2026-01-14 06:03:57.992314 UTC,2026,14:03:57,ndt-ffzkn_1768243520_0000000000016C52,Download,105.18243235507252,157.362,0.0,Taipei City,Taipei,25.053,121.5259,20,"Far EastTone Telecommunication Co., Ltd.",9674
2026-01-14 06:03:09.557453 UTC,2026,14:03:09,ndt-dws54_1765750705_000000000024BFA4,Download,35.004313338971627,165.014,0.00036017664339306758,Taipei City,Taipei,25.053,121.5259,20,"Far EastTone Telecommunication Co., Ltd.",9674
2026-01-14 05:57:27.146684 UTC,2026,13:57:27,ndt-ffzkn_1768243520_000000000001FBF6,Download,40.843733338026517,20.592,5.518603173499214e-05,Taipei City,Taipei,25.053,121.5259,5,"Taiwan Mobile Co., Ltd.",24158
2026-01-14 05:57:05.262034 UTC,2026,13:57:05,ndt-dws54_1765750705_0000000000253632,Download,20.322565320506225,26.157,0.0,Taipei City,Taipei,25.053,121.5259,5,"Taiwan Mobile Co., Ltd.",24158
2026-01-14 05:49:58.591152 UTC,2026,13:49:58,ndt-vh7vp_1768330240_0000000000014381,Download,61.429631719785547,159.939,0.0,Taipei City,Taipei,25.053,121.5259,5,Mobile Business Group,17421
2026-01-14 05:41:12.913528 UTC,2026,13:41:12,ndt-lx7mc_1763696170_00000000005217C5,Download,25.943537833550533,92.671,0.0,Taipei City,Taipei,25.053,121.5259,5,"Taiwan Mobile Co., Ltd.",24158
2026-01-14 05:36:33.712379 UTC,2026,13:36:33,ndt-dws54_1765750705_000000000023DA91,Download,104.94368443404099,27.277,0.0,Taipei City,Taipei,25.053,121.5259,5,"Taiwan Mobile Co., Ltd.",24158
2026-01-14 05:27:03.788522 UTC,2026,13:27:03,ndt-dws54_1765750705_000000000025725E,Download,28.219439819509113,159.076,0.000538647587175661,Taipei City,Taipei,25.053,121.5259,50,"Far EastTone Telecommunication Co., Ltd.",9674
2026-01-14 05:26:45.287958 UTC,2026,13:26:45,ndt-ffzkn_1768243520_0000000000016C28,Download,23.6569097166066,153.738,0.1954071332814464,Taipei City,Taipei,25.053,121.5259,5,Mobile Business Group,17421
2026-01-14 05:22:13.035159 UTC,2026,13:22:13,ndt-ffzkn_1768243520_000000000001BAE1,Download,7.9880153803438549,23.939,0.00071825650214343926,Taipei City,Taipei,25.053,121.5259,50,"Far EastTone Telecommunication Co., Ltd.",9674
2026-01-14 05:17:44.086535 UTC,2026,13:17:44,ndt-vh7vp_1768330240_00000000000023B6,Download,13.334024918021845,166.977,0.049755134140020377,Taipei City,Taipei,25.053,121.5259,50,"Far EastTone Telecommunication Co., Ltd.",9674
2026-01-14 05:17:15.967080 UTC,2026,13:17:15,ndt-vh7vp_1768330240_0000000000011304,Download,45.921800029705594,22.007,0.0,Taipei City,Taipei,25.053,121.5259,20,"Taiwan Mobile Co., Ltd.",24158
2026-01-14 05:15:09.080497 UTC,2026,13:15:09,ndt-vh7vp_1768330240_000000000000533E,Download,43.751448224182681,157.316,0.2502324305124683,Taipei City,Taipei,25.053,121.5259,50,"Far EastTone Telecommunication Co., Ltd.",9674
2026-01-14 05:14:19.124495 UTC,2026,13:14:19,ndt-vh7vp_1768330240_000000000001F379,Download,86.007397087103215,17.038,0.0,Taipei City,Taipei,25.053,121.5259,5,"Taiwan Mobile Co., Ltd.",24158
2026-01-14 05:14:05.515146 UTC,2026,13:14:05,ndt-dws54_1765750705_000000000024A7A7,Download,96.126701552847479,157.932,0.0,Taipei City,Taipei,25.053,121.5259,50,"Far EastTone Telecommunication Co., Ltd.",9674
2026-01-14 05:13:06.440273 UTC,2026,13:13:06,ndt-ffzkn_1768243520_0000000000014BFC,Download,11.349935434822225,159.975,0.34696651173444876,Taipei City,Taipei,25.053,121.5259,50,"Far EastTone Telecommunication Co., Ltd.",9674
2026-01-14 05:12:37.546295 UTC,2026,13:12:37,ndt-ffzkn_1768243520_0000000000004C37,Download,63.735430219207068,18.046,0.0,Taipei City,Taipei,25.053,121.5259,5,"Taiwan Mobile Co., Ltd.",24158
2026-01-14 05:11:58.138721 UTC,2026,13:11:58,ndt-dws54_1765750705_00000000002515E3,Download,12.271700722823226,159.291,0.34033506296158533,Taipei City,Taipei,25.053,121.5259,50,"Far EastTone Telecommunication Co., Ltd.",9674
2026-01-14 05:11:17.569515 UTC,2026,13:11:17,ndt-dws54_1765750705_00000000002535C4,Download,107.00339471009175,150.305,0.00012526502221919033,Taipei City,Taipei,25.053,121.5259,100,"Far EastTone Telecommunication Co., Ltd.",9674
2026-01-14 05:10:11.495614 UTC,2026,13:10:11,ndt-ffzkn_1768243520_000000000001DBBE,Download,86.781065310417972,151.888,0.0005710382667351735,Taipei City,Taipei,25.053,121.5259,100,"Far EastTone Telecommunication Co., Ltd.",9674
2026-01-14 05:09:29.240206 UTC,2026,13:09:29,ndt-ffzkn_1768243520_000000000000AB99,Download,19.380932715605013,149.948,0.0010805469474401601,Taipei City,Taipei,25.053,121.5259,100,"Far EastTone Telecommunication Co., Ltd.",9674
2026-01-14 05:06:42.914601 UTC,2026,13:06:42,ndt-vh7vp_1768330240_0000000000006343,Download,23.075452559761917,167.995,0.054423801598486365,Taipei City,Taipei,25.053,121.5259,20,"Far EastTone Telecommunication Co., Ltd.",9674
2026-01-14 05:05:41.986435 UTC,2026,13:05:41,ndt-vh7vp_1768330240_000000000000F38A,Download,99.827958617656364,152.477,1.1172197176793597e-05,Taipei City,Taipei,25.053,121.5259,100,"Far EastTone Telecommunication Co., Ltd.",9674
2026-01-14 05:05:00.043580 UTC,2026,13:05:00,ndt-ffzkn_1768243520_0000000000007C0F,Download,100.42615536641077,147.481,0.0068694384952361553,Taipei City,Taipei,25.053,121.5259,100,"Far EastTone Telecommunication Co., Ltd.",9674
2026-01-14 05:04:20.197765 UTC,2026,13:04:20,ndt-dws54_1765750705_00000000002438CC,Download,11.842813502556162,160.882,0.34793828275855787,Taipei City,Taipei,25.053,121.5259,50,"Far EastTone Telecommunication Co., Ltd.",9674
2026-01-14 05:03:20.462915 UTC,2026,13:03:20,ndt-dws54_1765750705_0000000000250580,Download,37.886234001263432,153.612,0.21157032899525582,Taipei City,Taipei,25.053,121.5259,50,"Far EastTone Telecommunication Co., Ltd.",9674
2026-01-14 05:02:34.803977 UTC,2026,13:02:34,ndt-vh7vp_1768330240_000000000001036B,Download,92.29630442398242,161.572,1.2350342903638266e-05,Taipei City,Taipei,25.053,121.5259,50,"Far EastTone Telecommunication Co., Ltd.",9674
2026-01-14 05:01:52.690752 UTC,2026,13:01:52,ndt-vh7vp_1768330240_0000000000014338,Download,11.7410696819209,159.589,0.28782352580051918,Taipei City,Taipei,25.053,121.5259,50,"Far EastTone Telecommunication Co., Ltd.",9674
2026-01-14 05:01:06.271924 UTC,2026,13:01:06,ndt-vh7vp_1768330240_000000000001F35F,Download,9.7706434056581966,159.15,0.30853291537188821,Taipei City,Taipei,25.053,121.5259,50,"Far EastTone Telecommunication Co., Ltd.",9674
2026-01-14 04:59:46.521281 UTC,2026,12:59:46,ndt-ffzkn_1768243520_0000000000014BEB,Download,7.8112085555613575,193.916,0.0021565478144172524,Taipei City,Taipei,25.053,121.5259,50,Mobile Business Group,17421
2026-01-14 04:51:08.433966 UTC,2026,12:51:08,ndt-vh7vp_1768330240_0000000000000388,Download,91.6702361361338,165.711,1.2063072331220745e-05,Taipei City,Taipei,25.053,121.5259,50,"Far EastTone Telecommunication Co., Ltd.",9674
2026-01-14 04:50:24.228591 UTC,2026,12:50:24,ndt-vh7vp_1768330240_000000000000B33C,Download,15.446397206912822,155.136,0.0,Taipei City,Taipei,25.053,121.5259,5,Mobile Business Group,17421
2026-01-14 04:49:32.849356 UTC,2026,12:49:32,ndt-ffzkn_1768243520_000000000001CE39,Download,24.478191582488147,19.934,0.065016825587261143,Taipei City,Taipei,25.053,121.5259,5,"Taiwan Mobile Co., Ltd.",24158
2026-01-14 04:49:13.640564 UTC,2026,12:49:13,ndt-dws54_1765750705_000000000023BB0C,Download,43.8973069053454,149.513,0.22171550475923918,Taipei City,Taipei,25.053,121.5259,20,"Far EastTone Telecommunication Co., Ltd.",9674
2026-01-14 04:49:01.174994 UTC,2026,12:49:01,ndt-ffzkn_1768243520_0000000000010D4D,Download,92.070171570587775,159.551,0.00014127530743579531,Taipei City,Taipei,25.053,121.5259,50,"Far EastTone Telecommunication Co., Ltd.",9674
2026-01-14 04:47:54.153500 UTC,2026,12:47:54,ndt-ffzkn_1768243520_000000000000CD9A,Download,41.921036053223361,153.561,0.28186530534885434,Taipei City,Taipei,25.053,121.5259,20,"Far EastTone Telecommunication Co., Ltd.",9674
2026-01-14 04:47:44.536356 UTC,2026,12:47:44,ndt-ffzkn_1768243520_0000000000007BF9,Download,0.75939696143476254,172.879,0.0,Taipei City,Taipei,25.053,121.5259,5,Mobile Business Group,17421
2026-01-14 04:42:13.996807 UTC,2026,12:42:13,ndt-vh7vp_1768330240_000000000001730F,Download,112.77667048828526,156.684,0.0,Taipei City,Taipei,25.053,121.5259,5,Mobile Business Group,17421
2026-01-14 04:38:10.403880 UTC,2026,12:38:10,ndt-ffzkn_1768243520_0000000000003BF2,Download,40.446938870239705,164.987,0.000273147427307015,Taipei City,Taipei,25.053,121.5259,50,"Far EastTone Telecommunication Co., Ltd.",9674
2026-01-14 04:33:55.128094 UTC,2026,12:33:55,ndt-vh7vp_1768330240_0000000000017307,Download,49.015795830243448,153.109,0.028264616450833273,Taipei City,Taipei,25.053,121.5259,5,"Far EastTone Telecommunication Co., Ltd.",9674
2026-01-14 04:31:09.800025 UTC,2026,12:31:09,ndt-ffzkn_1768243520_000000000001DB8D,Download,114.7528821325381,154.801,6.6094551499068214e-06,Taipei City,Taipei,25.053,121.5259,50,"Far EastTone Telecommunication Co., Ltd.",9674
2026-01-14 04:25:32.522912 UTC,2026,12:25:32,ndt-ffzkn_1768243520_000000000000AB63,Download,46.969710230202253,21.16,7.9075035653041189e-06,Taipei City,Taipei,25.053,121.5259,5,"Taiwan Mobile Co., Ltd.",24158
2026-01-14 04:22:34.496890 UTC,2026,12:22:34,ndt-dws54_1765750705_000000000024F762,Download,13.006990704210139,164.709,0.00070173818545510964,Taipei City,Taipei,25.053,121.5259,50,"Far EastTone Telecommunication Co., Ltd.",9674
2026-01-14 04:18:22.704303 UTC,2026,12:18:22,ndt-vh7vp_1768330240_0000000000018318,Download,90.834037067487486,164.961,0.0009388989375147199,Taipei City,Taipei,25.053,121.5259,5,Mobile Business Group,17421
2026-01-14 04:17:01.572408 UTC,2026,12:17:01,ndt-vh7vp_1768330240_00000000000052E5,Download,103.14287257028077,153.136,0.0010017915990144538,Taipei City,Taipei,25.053,121.5259,20,"Far EastTone Telecommunication Co., Ltd.",9674
2026-01-14 04:16:13.032387 UTC,2026,12:16:13,ndt-ffzkn_1768243520_0000000000015B8B,Download,106.17812241990448,154.687,2.1111230884329283e-05,Taipei City,Taipei,25.053,121.5259,20,"Far EastTone Telecommunication Co., Ltd.",9674
2026-01-14 04:11:34.125832 UTC,2026,12:11:34,ndt-dws54_1765750705_000000000025B021,Download,0.7848337993724207,168.176,0.0,Taipei City,Taipei,25.053,121.5259,100,"Far EastTone Telecommunication Co., Ltd.",9674
2026-01-14 04:10:37.704690 UTC,2026,12:10:37,ndt-ffzkn_1768243520_0000000000019C7F,Download,58.75264150222327,159.398,0.0001122033315039179,Taipei City,Taipei,25.053,121.5259,50,"Far EastTone Telecommunication Co., Ltd.",9674
2026-01-14 04:02:57.679019 UTC,2026,12:02:57,ndt-ffzkn_1768243520_0000000000003BBB,Download,6.8502285142863713,168.585,0.0028982855415378662,Taipei City,Taipei,25.053,121.5259,50,"Far EastTone Telecommunication Co., Ltd.",9674
2026-01-14 04:01:46.771468 UTC,2026,12:01:46,ndt-dws54_1765750705_0000000000257180,Download,40.174104356126556,22.487,0.0,Taipei City,Taipei,25.053,121.5259,5,"Taiwan Mobile Co., Ltd.",24158
2026-01-14 04:01:25.533652 UTC,2026,12:01:25,ndt-vh7vp_1768330240_0000000000007305,Download,0.93333249883841285,199.708,0.00052640577336656737,Taipei City,Taipei,25.053,121.5259,50,"Far EastTone Telecommunication Co., Ltd.",9674
2026-01-08 03:59:19.951231 UTC,2026,11:59:19,ndt-ffzkn_1765736381_00000000001D4232,Download,0.335362178444809,41.352,0.22766101694915256,Taipei City,Taipei,25.053,121.5259,20,"Taiwan Mobile Co., Ltd.",24158
2026-01-08 03:58:35.082278 UTC,2026,11:58:35,ndt-dws54_1765750705_00000000001DFF05,Download,1.3491563711944674,164.077,0.027186903513146354,Taipei City,Taipei,25.053,121.5259,5,"Far EastTone Telecommunication Co., Ltd.",9674
2026-01-08 03:57:26.061521 UTC,2026,11:57:26,ndt-vh7vp_1765631114_00000000001E1A7E,Download,19.397749784739883,153.0,0.2050016652938795,Taipei City,Taipei,25.053,121.5259,50,"Far EastTone Telecommunication Co., Ltd.",9674
2026-01-08 03:52:21.392112 UTC,2026,11:52:21,ndt-ffzkn_1765736381_00000000001AF83B,Download,26.912295416385927,51.986,0.012713618341025386,Taipei City,Taipei,25.053,121.5259,10,"Taiwan Mobile Co., Ltd.",24158
2026-01-08 03:51:42.557724 UTC,2026,11:51:42,ndt-dws54_1765750705_00000000001E7B29,Download,13.89516498216013,50.449,0.12133543093240201,Taipei City,Taipei,25.053,121.5259,10,"Taiwan Mobile Co., Ltd.",24158
2026-01-08 03:49:32.685034 UTC,2026,11:49:32,ndt-ffzkn_1765736381_00000000001CBA71,Download,7.7953775103869551,29.903,0.0,Taipei City,Taipei,25.053,121.5259,5,"Taiwan Mobile Co., Ltd.",24158
2026-01-08 03:47:54.077739 UTC,2026,11:47:54,ndt-ffzkn_1765736381_00000000001C7DDE,Download,63.431519400764884,156.016,0.0,Taipei City,Taipei,25.053,121.5259,5,Mobile Business Group,17421
2026-01-08 03:46:02.286216 UTC,2026,11:46:02,ndt-ffzkn_1765736381_00000000001CF611,Download,47.479568398941971,147.741,0.019146947831935716,Taipei City,Taipei,25.053,121.5259,5,Mobile Business Group,17421
2026-01-08 03:43:16.510439 UTC,2026,11:43:16,ndt-vh7vp_1765631114_00000000001E0A9C,Download,67.090904363638259,160.976,0.00014660487709892538,Taipei City,Taipei,25.053,121.5259,50,"Far EastTone Telecommunication Co., Ltd.",9674
2026-01-08 03:42:14.773522 UTC,2026,11:42:14,ndt-ffzkn_1765736381_00000000001D610F,Download,187.01177848339978,27.126,4.3801385780038512e-05,Taipei City,Taipei,25.053,121.5259,100,"Far EastTone Telecommunication Co., Ltd.",9674
2026-01-08 03:42:12.008379 UTC,2026,11:42:12,ndt-ffzkn_1765736381_00000000001CBA65,Download,63.056509814289868,158.603,7.0571295392465356e-05,Taipei City,Taipei,25.053,121.5259,50,"Far EastTone Telecommunication Co., Ltd.",9674
2026-01-08 03:39:43.172445 UTC,2026,11:39:43,ndt-ffzkn_1765736381_00000000001C3F48,Download,28.018878282076329,163.572,0.00020927766171432253,Taipei City,Taipei,25.053,121.5259,50,"Far EastTone Telecommunication Co., Ltd.",9674
2026-01-08 03:38:49.663650 UTC,2026,11:38:49,ndt-dws54_1765750705_00000000001E7B11,Download,24.602560644852115,19.039,0.079935553639046475,Taipei City,Taipei,25.053,121.5259,5,"Taiwan Mobile Co., Ltd.",24158
2026-01-08 03:37:21.605847 UTC,2026,11:37:21,ndt-vh7vp_1765631114_00000000001EC364,Download,10.697472009797076,27.343,0.0,Taipei City,Taipei,25.053,121.5259,5,"Taiwan Mobile Co., Ltd.",24158
2026-01-08 03:32:45.529212 UTC,2026,11:32:45,ndt-dws54_1765750705_00000000001DFEC2,Download,74.963166777795252,18.779,0.0,Taipei City,Taipei,25.053,121.5259,10,"Taiwan Mobile Co., Ltd.",24158
2026-01-08 03:31:17.117798 UTC,2026,11:31:17,ndt-dws54_1765750705_00000000001D69E4,Download,1.4979918043406639,160.311,0.0,Taipei City,Taipei,25.053,121.5259,50,"Far EastTone Telecommunication Co., Ltd.",9674
2026-01-08 03:21:33.309317 UTC,2026,11:21:33,ndt-mcnzr_1763541608_00000000004077A9,Download,1.982834707435517,135.874,0.0,Taipei City,Taipei,25.053,121.5259,5,"Taiwan Mobile Co., Ltd.",24158
2026-01-08 03:16:54.171357 UTC,2026,11:16:54,ndt-dws54_1765750705_00000000001E0D8C,Download,68.187282872860223,156.417,0.0071507231988561862,Taipei City,Taipei,25.053,121.5259,100,"Far EastTone Telecommunication Co., Ltd.",9674
2026-01-08 03:10:53.344748 UTC,2026,11:10:53,ndt-dws54_1765750705_00000000001E0D79,Download,90.431165022535325,160.767,2.4516557058513786e-05,Taipei City,Taipei,25.053,121.5259,5,"Far EastTone Telecommunication Co., Ltd.",9674
2026-01-08 03:08:34.347090 UTC,2026,11:08:34,ndt-vh7vp_1765631114_00000000001E83C7,Download,9.0599802962239586,159.907,0.00082292194919551885,Taipei City,Taipei,25.053,121.5259,50,"Far EastTone Telecommunication Co., Ltd.",9674
2026-01-08 03:02:28.010262 UTC,2026,11:02:28,ndt-dws54_1765750705_00000000001E3C18,Download,6.3985344490959557,29.641,0.0,Taipei City,Taipei,25.053,121.5259,5,"Taiwan Mobile Co., Ltd.",24158
2026-01-08 03:02:09.980845 UTC,2026,11:02:09,ndt-virtual-mlclw_1763486473_00000000003AB553,Download,142.38538788968117,14.891,1.5332208529524111e-05,Taipei City,Taipei,25.053,121.5259,5,"Taiwan Mobile Co., Ltd.",24158
2026-01-08 02:59:48.278116 UTC,2026,10:59:48,ndt-dws54_1765750705_00000000001ED463,Download,24.030935559484064,153.929,0.24418239667524239,Taipei City,Taipei,25.053,121.5259,5,Mobile Business Group,17421
2026-01-08 02:57:36.590609 UTC,2026,10:57:36,ndt-virtual-zcnvr_1763486519_0000000000388897,Download,0.64071340348736594,27.592,0.29858798735511066,Taipei City,Taipei,25.053,121.5259,10,"Taiwan Mobile Co., Ltd.",24158
2026-01-08 02:57:10.452541 UTC,2026,10:57:10,ndt-ffzkn_1765736381_00000000001B7664,Download,152.42805067398174,18.623,0.0,Taipei City,Taipei,25.053,121.5259,5,"Taiwan Mobile Co., Ltd.",24158
2026-01-08 02:56:27.700755 UTC,2026,10:56:27,ndt-dws54_1765750705_00000000001DFE77,Download,347.32144975543969,18.247,0.0,Taipei City,Taipei,25.053,121.5259,5,"Taiwan Mobile Co., Ltd.",24158
2026-01-08 02:54:51.376776 UTC,2026,10:54:51,ndt-dws54_1765750705_00000000001C5C2C,Download,18.853144727477218,26.917,0.10159797380820913,Taipei City,Taipei,25.053,121.5259,20,"Taiwan Mobile Co., Ltd.",24158
2026-01-08 02:54:22.092363 UTC,2026,10:54:22,ndt-ffzkn_1765736381_00000000001CB9F4,Download,93.456658932223817,162.008,0.0,Taipei City,Taipei,25.053,121.5259,5,Mobile Business Group,17421
2026-01-08 02:51:32.224115 UTC,2026,10:51:32,ndt-dws54_1765750705_00000000001E0D44,Download,103.25546391164987,153.954,0.0004985543192227793,Taipei City,Taipei,25.053,121.5259,100,"Far EastTone Telecommunication Co., Ltd.",9674
2026-01-08 02:49:42.945514 UTC,2026,10:49:42,ndt-virtual-mlclw_1763486473_00000000003AA79B,Download,151.92420992086383,19.213,0.0,Taipei City,Taipei,25.053,121.5259,5,Mobile Business Group,17421
2026-01-08 02:49:33.449517 UTC,2026,10:49:33,ndt-ffzkn_1765736381_00000000001C3EC8,Download,81.366429991310881,29.25,0.0,Taipei City,Taipei,25.053,121.5259,20,"Taiwan Mobile Co., Ltd.",24158
2026-01-08 02:26:49.454599 UTC,2026,10:26:49,ndt-vh7vp_1765631114_00000000001DDD1C,Download,5.1845540293448229,22.606,0.0,Taipei City,Taipei,25.053,121.5259,5,"Taiwan Mobile Co., Ltd.",24158
2026-01-08 02:14:24.036667 UTC,2026,10:14:24,ndt-ffzkn_1765736381_00000000001D2285,Download,104.66522126157426,152.276,0.0012679831195549999,Taipei City,Taipei,25.053,121.5259,100,"Far EastTone Telecommunication Co., Ltd.",9674
2026-01-08 02:11:00.016526 UTC,2026,10:11:00,ndt-dws54_1765750705_00000000001DB895,Download,76.552872622491876,155.047,1.4418592083853684e-05,Taipei City,Taipei,25.053,121.5259,5,Mobile Business Group,17421
2026-01-08 02:10:28.877376 UTC,2026,10:10:28,ndt-dws54_1765750705_00000000001DFE28,Download,6.49026074066472,19.78,0.00039144294691482312,Taipei City,Taipei,25.053,121.5259,20,"Far EastTone Telecommunication Co., Ltd.",9674
2026-01-08 02:09:46.957484 UTC,2026,10:09:46,ndt-dws54_1765750705_00000000001E9946,Download,1.1561610977525458,45.087,0.0,Taipei City,Taipei,25.053,121.5259,5,"Taiwan Mobile Co., Ltd.",24158
2026-01-08 02:07:21.935014 UTC,2026,10:07:21,ndt-ffzkn_1765736381_00000000001C6BE2,Download,87.157790758241688,157.496,8.6877157668631872e-06,Taipei City,Taipei,25.053,121.5259,5,Mobile Business Group,17421
2026-01-08 01:59:52.383550 UTC,2026,09:59:52,ndt-ffzkn_1765736381_00000000001D03F4,Download,7.2076525951411758,22.168,0.0,Taipei City,Taipei,25.053,121.5259,5,"Taiwan Mobile Co., Ltd.",24158
2026-01-08 01:58:43.801135 UTC,2026,09:58:43,ndt-ffzkn_1765736381_00000000001C4E87,Download,3.0095215580708281,225.594,0.01127246203832637,Taipei City,Taipei,25.053,121.5259,5,"Taiwan Mobile Co., Ltd.",24158
2026-01-08 01:57:40.295628 UTC,2026,09:57:40,ndt-vh7vp_1765631114_00000000001E9331,Download,3.6774568301558559,134.601,0.0027150325763982217,Taipei City,Taipei,25.053,121.5259,5,"Taiwan Mobile Co., Ltd.",24158
2026-01-08 01:57:13.110560 UTC,2026,09:57:13,ndt-vh7vp_1765631114_00000000001F60EB,Download,6.5433737923412156,24.068,0.0,Taipei City,Taipei,25.053,121.5259,5,"Taiwan Mobile Co., Ltd.",24158
2026-01-08 01:51:10.002985 UTC,2026,09:51:10,ndt-dws54_1765750705_00000000001E4B7B,Download,46.756923097844862,22.0,0.08171969738419374,Taipei City,Taipei,25.053,121.5259,5,"Taiwan Mobile Co., Ltd.",24158
2026-01-08 01:48:28.979375 UTC,2026,09:48:28,ndt-ffzkn_1765736381_00000000001CF517,Download,6.1123087689297169,22.828,0.0,Taipei City,Taipei,25.053,121.5259,5,"Taiwan Mobile Co., Ltd.",24158
2026-01-08 01:46:33.452571 UTC,2026,09:46:33,ndt-vh7vp_1765631114_00000000001E6484,Download,18.728256048175346,161.0,0.25917567728578472,Taipei City,Taipei,25.053,121.5259,50,"Far EastTone Telecommunication Co., Ltd.",9674
2026-01-08 01:46:00.495500 UTC,2026,09:46:00,ndt-ffzkn_1765736381_00000000001D03DC,Download,17.832445155288539,163.0,0.19938229379271494,Taipei City,Taipei,25.053,121.5259,50,"Far EastTone Telecommunication Co., Ltd.",9674
2026-01-08 01:45:53.836467 UTC,2026,09:45:53,ndt-dws54_1765750705_00000000001E0CC3,Download,4.5686215002691757,159.079,0.0,Taipei City,Taipei,25.053,121.5259,5,"Far EastTone Telecommunication Co., Ltd.",9674
2026-01-08 01:19:19.402777 UTC,2026,09:19:19,ndt-vh7vp_1765631114_00000000001F8028,Download,39.516431267151475,155.522,0.00039051037901657561,Taipei City,Taipei,25.053,121.5259,50,"Far EastTone Telecommunication Co., Ltd.",9674
2026-01-08 01:19:01.529185 UTC,2026,09:19:01,ndt-vh7vp_1765631114_00000000001EC2AC,Download,24.494086539592796,157.949,0.000768754395158212,Taipei City,Taipei,25.053,121.5259,50,"Far EastTone Telecommunication Co., Ltd.",9674
2026-01-08 01:18:25.881771 UTC,2026,09:18:25,ndt-ffzkn_1765736381_00000000001CB92A,Download,1.4353611194329203,21.755,0.090706989012418179,Taipei City,Taipei,25.053,121.5259,10,"Taiwan Mobile Co., Ltd.",24158
2026-01-08 01:10:32.701973 UTC,2026,09:10:32,ndt-dws54_1765750705_00000000001D791D,Download,0.44462504315826695,192.056,0.0,Taipei City,Taipei,25.053,121.5259,50,"Far EastTone Telecommunication Co., Ltd.",9674
2026-01-08 01:08:19.914317 UTC,2026,09:08:19,ndt-vh7vp_1765631114_00000000001F215D,Download,0.82661378300034283,207.904,0.0,Taipei City,Taipei,25.053,121.5259,50,"Far EastTone Telecommunication Co., Ltd.",9674
2026-01-08 01:01:09.707384 UTC,2026,09:01:09,ndt-dws54_1765750705_00000000001EC4EB,Download,11.949681497514986,23.548,0.0,Taipei City,Taipei,25.053,121.5259,10,Mobile Business Group,17421
2026-01-08 01:00:26.106982 UTC,2026,09:00:26,ndt-dws54_1765750705_00000000001EE07E,Download,102.72900271213375,161.911,6.4966589786249679e-05,Taipei City,Taipei,25.053,121.5259,50,"Far EastTone Telecommunication Co., Ltd.",9674
2026-01-08 01:00:21.658079 UTC,2026,09:00:21,ndt-mcnzr_1763541608_000000000041370B,Download,174.147671258465,104.594,0.0003037978877681902,Taipei City,Taipei,25.053,121.5259,50,"Far EastTone Telecommunication Co., Ltd.",9674
2026-01-08 00:51:41.394879 UTC,2026,08:51:41,ndt-dws54_1765750705_00000000001E3B3A,Download,66.625288386157465,19.347,0.0019494076647704206,Taipei City,Taipei,25.053,121.5259,5,"Taiwan Mobile Co., Ltd.",24158
2026-01-08 00:46:17.489846 UTC,2026,08:46:17,ndt-dws54_1765750705_00000000001E0C47,Download,20.139296338627467,23.0,0.15933411994049146,Taipei City,Taipei,25.053,121.5259,5,"Taiwan Mobile Co., Ltd.",24158
2026-01-08 00:46:15.088485 UTC,2026,08:46:15,ndt-dws54_1765750705_00000000001E0C45,Download,11.039448497891625,25.951,0.0,Taipei City,Taipei,25.053,121.5259,5,"Taiwan Mobile Co., Ltd.",24158
2026-01-08 00:43:53.471756 UTC,2026,08:43:53,ndt-ffzkn_1765736381_00000000001C0F49,Download,10.0530202826823,36.158,0.0,Taipei City,Taipei,25.053,121.5259,10,"Taiwan Mobile Co., Ltd.",24158
2026-01-08 00:32:03.192504 UTC,2026,08:32:03,ndt-vh7vp_1765631114_00000000001F312D,Download,12.497712113126335,20.596,0.0039524191808496586,Taipei City,Taipei,25.053,121.5259,100,"Far EastTone Telecommunication Co., Ltd.",9674
2026-01-08 00:28:49.044837 UTC,2026,08:28:49,ndt-dws54_1765750705_00000000001EC4A1,Download,10.827257893969691,25.227,0.0020793409887192031,Taipei City,Taipei,25.053,121.5259,100,"Far EastTone Telecommunication Co., Ltd.",9674
2026-01-08 00:25:47.915120 UTC,2026,08:25:47,ndt-ffzkn_1765736381_00000000001B5623,Download,174.64239095737676,15.003,0.000136038226433151,Taipei City,Taipei,25.053,121.5259,5,"Taiwan Mobile Co., Ltd.",24158
2026-01-08 00:25:11.195857 UTC,2026,08:25:11,ndt-dws54_1765750705_00000000001E4AB6,Download,129.50214642742725,16.879,0.0014318711025768467,Taipei City,Taipei,25.053,121.5259,5,"Taiwan Mobile Co., Ltd.",24158
2026-01-08 00:18:24.520344 UTC,2026,08:18:24,ndt-ffzkn_1765736381_00000000001D02EA,Download,103.18968358092425,154.793,0.0009318796138836859,Taipei City,Taipei,25.053,121.5259,100,"Far EastTone Telecommunication Co., Ltd.",9674
2026-01-08 00:16:55.964441 UTC,2026,08:16:55,ndt-vh7vp_1765631114_00000000001E463B,Download,112.69059198832758,154.361,0.00058486680670602562,Taipei City,Taipei,25.053,121.5259,100,"Far EastTone Telecommunication Co., Ltd.",9674
2026-01-08 00:15:42.966248 UTC,2026,08:15:42,ndt-dws54_1765750705_00000000001E3AFB,Download,92.549885011831037,155.394,0.00090777708963443076,Taipei City,Taipei,25.053,121.5259,100,"Far EastTone Telecommunication Co., Ltd.",9674
2026-01-08 00:15:08.915879 UTC,2026,08:15:08,ndt-vh7vp_1765631114_00000000001DDC81,Download,104.66949454994646,153.362,0.0002450125814378322,Taipei City,Taipei,25.053,121.5259,100,"Far EastTone Telecommunication Co., Ltd.",9674
2026-01-08 00:13:39.180731 UTC,2026,08:13:39,ndt-ffzkn_1765736381_00000000001CC8B1,Download,78.794092794568911,153.572,0.0,Taipei City,Taipei,25.053,121.5259,5,Mobile Business Group,17421
2026-01-08 00:13:08.155095 UTC,2026,08:13:08,ndt-ffzkn_1765736381_00000000001CF442,Download,29.266305891680812,156.943,0.0010216485028342161,Taipei City,Taipei,25.053,121.5259,100,"Far EastTone Telecommunication Co., Ltd.",9674
2026-01-08 00:10:51.348527 UTC,2026,08:10:51,ndt-ffzkn_1765736381_00000000001C6AE0,Download,84.927590835519624,151.966,0.0,Taipei City,Taipei,25.053,121.5259,5,Mobile Business Group,17421
2026-01-08 00:10:49.867343 UTC,2026,08:10:49,ndt-ffzkn_1765736381_00000000001C2F3E,Download,31.58851456854611,155.562,0.0014444717012066161,Taipei City,Taipei,25.053,121.5259,100,"Far EastTone Telecommunication Co., Ltd.",9674
2026-01-08 00:09:37.821173 UTC,2026,08:09:37,ndt-ffzkn_1765736381_00000000001C6ADD,Download,88.584637764108365,157.062,0.000410488334079037,Taipei City,Taipei,25.053,121.5259,100,"Far EastTone Telecommunication Co., Ltd.",9674
2026-01-08 00:03:50.356672 UTC,2026,08:03:50,ndt-ffzkn_1765736381_00000000001CB897,Download,70.035368556032779,22.445,0.0,Taipei City,Taipei,25.053,121.5259,5,"Taiwan Mobile Co., Ltd.",24158
2026-01-07 23:37:20.108765 UTC,2026,07:37:20,ndt-dws54_1765750705_00000000001ED2B6,Download,22.028397559893556,22.846,0.0,Taipei City,Taipei,25.053,121.5259,20,"Taiwan Mobile Co., Ltd.",24158
2026-01-07 23:30:26.335979 UTC,2026,07:30:26,ndt-ffzkn_1765736381_00000000001D029C,Download,83.136012590360551,17.198,0.001886148656854092,Taipei City,Taipei,25.053,121.5259,5,"Taiwan Mobile Co., Ltd.",24158
2026-01-07 23:29:53.325409 UTC,2026,07:29:53,ndt-vh7vp_1765631114_00000000001EC201,Download,94.800767596162018,13.208,0.0,Taipei City,Taipei,25.053,121.5259,10,"Taiwan Mobile Co., Ltd.",24158
2026-01-07 23:27:57.625825 UTC,2026,07:27:57,ndt-ffzkn_1765736381_00000000001CB85D,Download,250.81749157789585,17.319,0.0,Taipei City,Taipei,25.053,121.5259,5,"Taiwan Mobile Co., Ltd.",24158
2026-01-07 23:21:11.833718 UTC,2026,07:21:11,ndt-vh7vp_1765631114_00000000001F20B3,Download,384.81560283333363,15.807,0.0,Taipei City,Taipei,25.053,121.5259,5,"Taiwan Mobile Co., Ltd.",24158
2026-01-07 23:19:10.174763 UTC,2026,07:19:10,ndt-ffzkn_1765736381_00000000001CC84B,Download,377.2496609488353,15.0,0.0,Taipei City,Taipei,25.053,121.5259,5,"Taiwan Mobile Co., Ltd.",24158
2026-01-07 23:11:35.996795 UTC,2026,07:11:35,ndt-dws54_1765750705_00000000001DEF80,Download,1.5352950227940427,173.193,0.0,Taipei City,Taipei,25.053,121.5259,5,"Far EastTone Telecommunication Co., Ltd.",9674
2026-01-07 23:00:21.776614 UTC,2026,07:00:21,ndt-dws54_1765750705_00000000001EB562,Download,6.3320344464793674,162.01,0.0,Taipei City,Taipei,25.053,121.5259,5,"Far EastTone Telecommunication Co., Ltd.",9674
2026-01-07 22:34:30.946190 UTC,2026,06:34:30,ndt-dws54_1765750705_00000000001DEF02,Download,122.91392844443217,151.92,0.0,Taipei City,Taipei,25.053,121.5259,5,Mobile Business Group,17421
2026-01-07 22:31:27.287557 UTC,2026,06:31:27,ndt-dws54_1765750705_00000000001E498C,Download,38.026232328882251,159.964,0.002451116676558133,Taipei City,Taipei,25.053,121.5259,5,Mobile Business Group,17421
2026-01-07 22:27:50.222312 UTC,2026,06:27:50,ndt-vh7vp_1765631114_00000000001E26DF,Download,115.90445586970866,155.864,0.0,Taipei City,Taipei,25.053,121.5259,5,Mobile Business Group,17421
2026-01-07 22:14:50.318923 UTC,2026,06:14:50,ndt-dws54_1765750705_00000000001E8876,Download,416.47317961476932,17.008,0.00066087837501333565,Taipei City,Taipei,25.053,121.5259,5,"Taiwan Mobile Co., Ltd.",24158
2026-01-07 22:14:05.175444 UTC,2026,06:14:05,ndt-ffzkn_1765736381_00000000001C2E48,Download,29.195255312375366,18.941,0.0,Taipei City,Taipei,25.053,121.5259,5,"Taiwan Mobile Co., Ltd.",24158
2026-01-07 22:07:43.321469 UTC,2026,06:07:43,ndt-ffzkn_1765736381_00000000001C0E17,Download,26.103557576189672,25.197,0.038291588135396855,Taipei City,Taipei,25.053,121.5259,5,"Taiwan Mobile Co., Ltd.",24158
2026-01-07 20:20:01.824433 UTC,2026,04:20:01,ndt-vh7vp_1765631114_00000000001EB0DF,Download,42.28988165905902,164.062,0.00030951786956336086,Taipei City,Taipei,25.053,121.5259,20,"Far EastTone Telecommunication Co., Ltd.",9674
2026-01-07 20:19:31.475260 UTC,2026,04:19:31,ndt-dws54_1765750705_00000000001EB3FC,Download,29.193608122503072,159.465,0.011064885218746228,Taipei City,Taipei,25.053,121.5259,20,"Far EastTone Telecommunication Co., Ltd.",9674
2026-01-07 20:18:45.598393 UTC,2026,04:18:45,ndt-dws54_1765750705_00000000001E4894,Download,37.229436467571091,162.263,0.00035082134183635606,Taipei City,Taipei,25.053,121.5259,20,"Far EastTone Telecommunication Co., Ltd.",9674
2026-01-07 20:17:01.530343 UTC,2026,04:17:01,ndt-dws54_1765750705_00000000001E38C1,Download,38.103848796857754,162.276,0.00040941011706217275,Taipei City,Taipei,25.053,121.5259,20,"Far EastTone Telecommunication Co., Ltd.",9674
2026-01-07 20:16:13.078190 UTC,2026,04:16:13,ndt-virtual-mlclw_1763486473_00000000003A586B,Download,28.312246425394882,27.482,3.8958612705133376e-05,Taipei City,Taipei,25.053,121.5259,20,"Far EastTone Telecommunication Co., Ltd.",9674
2026-01-07 20:15:19.260602 UTC,2026,04:15:19,ndt-vh7vp_1765631114_00000000001EE0AD,Download,44.132197310813162,163.258,0.00027329664706874995,Taipei City,Taipei,25.053,121.5259,20,"Far EastTone Telecommunication Co., Ltd.",9674
2026-01-07 20:13:16.686530 UTC,2026,04:13:16,ndt-dws54_1765750705_00000000001EC288,Download,35.145567157159881,164.183,0.00036444477149572295,Taipei City,Taipei,25.053,121.5259,20,"Far EastTone Telecommunication Co., Ltd.",9674
2026-01-07 20:08:24.609529 UTC,2026,04:08:24,ndt-ffzkn_1765736381_00000000001C6947,Download,14.687486632291316,24.167,0.0,Taipei City,Taipei,25.053,121.5259,100,"Taiwan Mobile Co., Ltd.",24158
2026-01-07 19:41:29.433255 UTC,2026,03:41:29,ndt-vh7vp_1765631114_00000000001CCE62,Download,63.541318092145062,155.0,0.0024826190889778539,Taipei City,Taipei,25.053,121.5259,100,"Far EastTone Telecommunication Co., Ltd.",9674
2026-01-07 19:36:38.748882 UTC,2026,03:36:38,ndt-dws54_1765750705_00000000001E3868,Download,5.5768241428694481,158.198,0.18302593145901483,Taipei City,Taipei,25.053,121.5259,50,"Far EastTone Telecommunication Co., Ltd.",9674
2026-01-07 19:28:11.188354 UTC,2026,03:28:11,ndt-dws54_1765750705_00000000001E385D,Download,5.3488575587161273,156.0,0.29608072605511832,Taipei City,Taipei,25.053,121.5259,5,Mobile Business Group,17421
2026-01-07 19:18:34.013408 UTC,2026,03:18:34,ndt-dws54_1765750705_00000000001ED06A,Download,355.59211290995432,20.206,0.0,Taipei City,Taipei,25.053,121.5259,20,"Taiwan Mobile Co., Ltd.",24158
2026-01-07 19:16:56.423139 UTC,2026,03:16:56,ndt-vh7vp_1765631114_00000000001E6295,Download,338.40489928832881,17.432,0.0,Taipei City,Taipei,25.053,121.5259,20,"Taiwan Mobile Co., Ltd.",24158
2026-01-07 19:15:01.955809 UTC,2026,03:15:01,ndt-dws54_1765750705_00000000001E4817,Download,96.367717968128886,165.887,1.1559562410012693e-05,Taipei City,Taipei,25.053,121.5259,50,"Far EastTone Telecommunication Co., Ltd.",9674
2026-01-07 19:10:17.739964 UTC,2026,03:10:17,ndt-virtual-zcnvr_1763486519_000000000038350D,Download,6.2769637151674589,32.763,0.12969954036599382,Taipei City,Taipei,25.053,121.5259,5,"Far EastTone Telecommunication Co., Ltd.",9674
2026-01-07 18:24:38.551396 UTC,2026,02:24:38,ndt-ffzkn_1765736381_00000000001BEDBB,Download,13.071593940930466,17.752,0.0,Taipei City,Taipei,25.053,121.5259,5,"Taiwan Mobile Co., Ltd.",24158
2026-01-07 18:16:35.759644 UTC,2026,02:16:35,ndt-dws54_1765750705_00000000001E47B3,Download,66.85771128438644,155.527,0.00011565901316249555,Taipei City,Taipei,25.053,121.5259,50,"Far EastTone Telecommunication Co., Ltd.",9674
2026-01-07 18:15:32.885527 UTC,2026,02:15:32,ndt-vh7vp_1765631114_00000000001E441E,Download,0.32390791933039836,43.032,0.23201783869751275,Taipei City,Taipei,25.053,121.5259,5,"Taiwan Mobile Co., Ltd.",24158
2026-01-07 18:15:05.647808 UTC,2026,02:15:05,ndt-ffzkn_1765736381_00000000001C0CAC,Download,0.70740506683518789,23.187,0.22329450693582159,Taipei City,Taipei,25.053,121.5259,5,"Taiwan Mobile Co., Ltd.",24158
2026-01-07 18:09:20.414253 UTC,2026,02:09:20,ndt-dws54_1765750705_00000000001EA3D2,Download,5.7243809932585394,23.828,0.0012224649892105645,Taipei City,Taipei,25.053,121.5259,5,"Taiwan Mobile Co., Ltd.",24158
2026-01-07 18:06:07.280109 UTC,2026,02:06:07,ndt-vh7vp_1765631114_00000000001DBF24,Download,89.831680837818126,155.796,0.00082831887128662714,Taipei City,Taipei,25.053,121.5259,5,Mobile Business Group,17421
2026-01-07 18:05:40.837054 UTC,2026,02:05:40,ndt-dws54_1765750705_00000000001D9FEA,Download,5.839620894024435,25.941,0.01343133466678789,Taipei City,Taipei,25.053,121.5259,5,"Taiwan Mobile Co., Ltd.",24158
2026-01-07 17:46:15.789776 UTC,2026,01:46:15,ndt-ffzkn_1765736381_00000000001CF182,Download,59.061441689351547,161.227,0.0003687286880369902,Taipei City,Taipei,25.053,121.5259,50,"Far EastTone Telecommunication Co., Ltd.",9674
2026-01-07 17:38:15.953485 UTC,2026,01:38:15,ndt-dws54_1765750705_00000000001E282C,Download,56.615527069486973,155.97,0.00019300604221093504,Taipei City,Taipei,25.053,121.5259,50,"Far EastTone Telecommunication Co., Ltd.",9674
2026-01-07 17:31:32.042850 UTC,2026,01:31:32,ndt-dws54_1765750705_00000000001EC169,Download,36.5678964791959,161.138,0.00044876658013907867,Taipei City,Taipei,25.053,121.5259,50,"Far EastTone Telecommunication Co., Ltd.",9674
2026-01-07 17:27:31.807854 UTC,2026,01:27:31,ndt-ffzkn_1765736381_00000000001C78BE,Download,55.375518559344947,162.17,0.0001761886590416365,Taipei City,Taipei,25.053,121.5259,20,"Far EastTone Telecommunication Co., Ltd.",9674
2026-01-07 17:18:34.108624 UTC,2026,01:18:34,ndt-vh7vp_1765631114_00000000001DBEE4,Download,45.694541648075365,24.735,0.096249285951298919,Taipei City,Taipei,25.053,121.5259,5,"Taiwan Mobile Co., Ltd.",24158
2026-01-07 17:16:51.826906 UTC,2026,01:16:51,ndt-dws54_1765750705_00000000001E950E,Download,8.403379804394195,25.03,0.058847586357993135,Taipei City,Taipei,25.053,121.5259,20,"Taiwan Mobile Co., Ltd.",24158
2026-01-07 17:06:38.182977 UTC,2026,01:06:38,ndt-dws54_1765750705_00000000001E3729,Download,26.089577907207126,53.099,0.0,Taipei City,Taipei,25.053,121.5259,10,"Taiwan Mobile Co., Ltd.",24158
2026-01-07 16:29:57.288143 UTC,2026,00:29:57,ndt-dws54_1765750705_00000000001EB2B7,Download,59.4751276113314,22.921,0.0078062144494207486,Taipei City,Taipei,25.053,121.5259,20,"Taiwan Mobile Co., Ltd.",24158
2026-01-07 16:23:18.287994 UTC,2026,00:23:18,ndt-dws54_1765750705_00000000001DEBA9,Download,35.706393074346416,24.856,0.0,Taipei City,Taipei,25.053,121.5259,20,"Taiwan Mobile Co., Ltd.",24158
2026-01-07 16:21:14.701073 UTC,2026,00:21:14,ndt-ffzkn_1765736381_00000000001AF578,Download,37.57705556018567,164.167,0.0014265178479559736,Taipei City,Taipei,25.053,121.5259,20,"Far EastTone Telecommunication Co., Ltd.",9674
2026-01-07 16:13:17.887972 UTC,2026,00:13:17,ndt-ffzkn_1765736381_00000000001BAD4D,Download,8.4942471991115234,20.258,0.0037562439664673682,Taipei City,Taipei,25.053,121.5259,20,"Taiwan Mobile Co., Ltd.",24158
2026-01-07 16:06:47.256607 UTC,2026,00:06:47,ndt-ffzkn_1765736381_00000000001BDAC8,Download,17.2497551063352,153.332,0.40430411597760846,Taipei City,Taipei,25.053,121.5259,100,"Far EastTone Telecommunication Co., Ltd.",9674
2026-01-07 16:05:32.263310 UTC,2026,00:05:32,ndt-dws54_1765750705_00000000001E4418,Download,10.956445244231416,22.794,0.0011952415325340057,Taipei City,Taipei,25.053,121.5259,20,"Taiwan Mobile Co., Ltd.",24158
2026-01-07 16:00:08.652881 UTC,2026,00:00:08,ndt-ffzkn_1765736381_00000000001AF4C5,Download,56.849748767149,27.248,0.055945651913950081,Taipei City,Taipei,25.053,121.5259,100,"Far EastTone Telecommunication Co., Ltd.",9674
2026-01-07 15:53:04.680204 UTC,2026,23:53:04,ndt-vh7vp_1765631114_00000000001C5E1D,Download,13.895505454773859,24.001,0.0,Taipei City,Taipei,25.053,121.5259,5,"Taiwan Mobile Co., Ltd.",24158
2026-01-07 15:50:49.680493 UTC,2026,23:50:49,ndt-ffzkn_1765736381_00000000001C2601,Download,2.7130645722870841,36.253,0.0079656056819676444,Taipei City,Taipei,25.053,121.5259,20,"Taiwan Mobile Co., Ltd.",24158
2026-01-07 15:49:27.639423 UTC,2026,23:49:27,ndt-ffzkn_1765736381_00000000001C5357,Download,10.247295954691083,26.241,0.0,Taipei City,Taipei,25.053,121.5259,20,"Taiwan Mobile Co., Ltd.",24158
2026-01-07 15:48:47.854350 UTC,2026,23:48:47,ndt-dws54_1765750705_00000000001DB58D,Download,1.715017821836039,19.728,0.0070186413111472537,Taipei City,Taipei,25.053,121.5259,20,"Taiwan Mobile Co., Ltd.",24158
2026-01-07 15:48:05.971722 UTC,2026,23:48:05,ndt-vh7vp_1765631114_00000000001DDA51,Download,275.46611393135004,18.445,0.0,Taipei City,Taipei,25.053,121.5259,5,"Taiwan Mobile Co., Ltd.",24158
2026-01-07 15:32:11.471376 UTC,2026,23:32:11,ndt-vh7vp_1765631114_00000000001CDC6A,Download,144.15175975201416,56.089,0.0,Taipei City,Taipei,25.053,121.5259,20,"Taiwan Mobile Co., Ltd.",24158
2026-01-07 15:28:09.468862 UTC,2026,23:28:09,ndt-ffzkn_1765736381_00000000001B1F3E,Download,0.62539498605072374,18.843,0.41248865126601431,Taipei City,Taipei,25.053,121.5259,10,"Taiwan Mobile Co., Ltd.",24158
2026-01-07 15:25:17.628478 UTC,2026,23:25:17,ndt-virtual-mlclw_1763486473_00000000003A0DE8,Download,27.743385691001105,18.899,0.0008556914578812389,Taipei City,Taipei,25.053,121.5259,50,"Far EastTone Telecommunication Co., Ltd.",9674
2026-01-07 15:23:52.116019 UTC,2026,23:23:52,ndt-ffzkn_1765736381_00000000001C25D7,Download,4.9578255046863147,160.097,0.037026349321476394,Taipei City,Taipei,25.053,121.5259,50,"Far EastTone Telecommunication Co., Ltd.",9674
2026-01-07 15:20:02.243776 UTC,2026,23:20:02,ndt-virtual-mlclw_1763486473_00000000003A257D,Download,24.969581291158519,25.85,0.0010808506751510908,Taipei City,Taipei,25.053,121.5259,50,"Far EastTone Telecommunication Co., Ltd.",9674
2026-01-07 15:04:47.608950 UTC,2026,23:04:47,ndt-vh7vp_1765631114_00000000001E33A2,Download,4.9278029979448306,70.224,0.046933992842432527,Taipei City,Taipei,25.053,121.5259,100,"Taiwan Mobile Co., Ltd.",24158
2026-01-07 15:00:54.829273 UTC,2026,23:00:54,ndt-vh7vp_1765631114_00000000001E339C,Download,18.852115573344317,158.706,0.0059329150719670829,Taipei City,Taipei,25.053,121.5259,5,Mobile Business Group,17421
2026-01-07 15:00:34.294652 UTC,2026,23:00:34,ndt-vh7vp_1765631114_00000000001E4306,Download,9.2230647869008315,160.017,0.030468644101505765,Taipei City,Taipei,25.053,121.5259,5,Mobile Business Group,17421
2026-01-07 14:59:36.933108 UTC,2026,22:59:36,ndt-mcnzr_1763541608_0000000000404950,Download,0.61987625353719,574.535,0.0177333478213626,Taipei City,Taipei,25.053,121.5259,5,Mobile Business Group,17421
2026-01-07 14:59:26.056525 UTC,2026,22:59:26,ndt-dws54_1765750705_00000000001E6255,Download,24.966946885040134,159.145,0.0070554212393864361,Taipei City,Taipei,25.053,121.5259,5,Mobile Business Group,17421
2026-01-07 14:59:01.233519 UTC,2026,22:59:01,ndt-vh7vp_1765631114_00000000001DF785,Download,1.1748078342111776,472.177,0.055136817177319865,Taipei City,Taipei,25.053,121.5259,5,Mobile Business Group,17421
2026-01-07 14:57:28.425838 UTC,2026,22:57:28,ndt-ffzkn_1765736381_00000000001B1EFC,Download,9.7513661668359166,165.163,0.0021737446663988133,Taipei City,Taipei,25.053,121.5259,50,"Far EastTone Telecommunication Co., Ltd.",9674
2026-01-07 14:56:07.821489 UTC,2026,22:56:07,ndt-dws54_1765750705_00000000001E9045,Download,36.399361900722077,26.931,0.1000808529041235,Taipei City,Taipei,25.053,121.5259,5,"Taiwan Mobile Co., Ltd.",24158
2026-01-07 14:48:50.240306 UTC,2026,22:48:50,ndt-vh7vp_1765631114_00000000001E24AE,Download,4.823637368001668,175.119,0.048822957187714726,Taipei City,Taipei,25.053,121.5259,50,"Far EastTone Telecommunication Co., Ltd.",9674
2026-01-07 14:46:21.883829 UTC,2026,22:46:21,ndt-vh7vp_1765631114_00000000001D7F4E,Download,58.905757822049573,149.0,0.010545863336253607,Taipei City,Taipei,25.053,121.5259,5,Mobile Business Group,17421
2026-01-07 14:46:14.752737 UTC,2026,22:46:14,ndt-vh7vp_1765631114_00000000001DE8FC,Download,116.03570705459457,155.121,4.848626985978769e-05,Taipei City,Taipei,25.053,121.5259,100,"Far EastTone Telecommunication Co., Ltd.",9674
2026-01-07 14:44:16.340021 UTC,2026,22:44:16,ndt-dws54_1765750705_00000000001E528B,Download,99.76945910494706,150.215,0.00012338085795158995,Taipei City,Taipei,25.053,121.5259,100,"Far EastTone Telecommunication Co., Ltd.",9674
2026-01-07 14:43:06.428023 UTC,2026,22:43:06,ndt-ffzkn_1765736381_00000000001B72E0,Download,3.4265906973391655,161.0,0.024374027696724282,Taipei City,Taipei,25.053,121.5259,100,"Far EastTone Telecommunication Co., Ltd.",9674
2026-01-07 14:42:49.165190 UTC,2026,22:42:49,ndt-vh7vp_1765631114_00000000001E3388,Download,48.97268626286948,151.972,0.094653213211893683,Taipei City,Taipei,25.053,121.5259,5,Mobile Business Group,17421
2026-01-07 14:42:30.781729 UTC,2026,22:42:30,ndt-vh7vp_1765631114_00000000001DCEE0,Download,3.5008229671394018,159.603,0.18995172479938616,Taipei City,Taipei,25.053,121.5259,100,"Far EastTone Telecommunication Co., Ltd.",9674
2026-01-07 14:39:25.796301 UTC,2026,22:39:25,ndt-dws54_1765750705_00000000001D4F05,Download,93.005270046104712,151.682,0.001671550725045601,Taipei City,Taipei,25.053,121.5259,100,"Far EastTone Telecommunication Co., Ltd.",9674
2026-01-07 14:38:02.478653 UTC,2026,22:38:02,ndt-ffzkn_1765736381_00000000001BD831,Download,63.194037632063136,155.0,0.014289776846002515,Taipei City,Taipei,25.053,121.5259,100,"Far EastTone Telecommunication Co., Ltd.",9674
2026-01-07 14:34:14.513980 UTC,2026,22:34:14,ndt-vh7vp_1765631114_00000000001DE8EB,Download,37.839058413309772,157.754,0.00040534552135668036,Taipei City,Taipei,25.053,121.5259,50,"Far EastTone Telecommunication Co., Ltd.",9674
2026-01-07 14:33:02.299275 UTC,2026,22:33:02,ndt-vh7vp_1765631114_00000000001DF75D,Download,9.6397822833127087,24.307,0.0010169835908750112,Taipei City,Taipei,25.053,121.5259,20,"Taiwan Mobile Co., Ltd.",24158
2026-01-07 14:29:18.338550 UTC,2026,22:29:18,ndt-vh7vp_1765631114_00000000001DF75A,Download,9.1227798608521642,31.083,0.024659243037862932,Taipei City,Taipei,25.053,121.5259,5,"Taiwan Mobile Co., Ltd.",24158
2026-01-07 14:28:27.054705 UTC,2026,22:28:27,ndt-virtual-mlclw_1763486473_000000000039FF06,Download,36.264594091700843,19.531,0.020341898191584103,Taipei City,Taipei,25.053,121.5259,5,Mobile Business Group,17421
2026-01-07 14:28:06.639756 UTC,2026,22:28:06,ndt-vh7vp_1765631114_00000000001DCED2,Download,2.5058787519691785,245.672,0.0,Taipei City,Taipei,25.053,121.5259,50,"Far EastTone Telecommunication Co., Ltd.",9674
2026-01-07 14:27:41.490191 UTC,2026,22:27:41,ndt-dws54_1765750705_00000000001DD3E6,Download,2.1160522752008508,169.763,0.0013235313892085128,Taipei City,Taipei,25.053,121.5259,50,"Far EastTone Telecommunication Co., Ltd.",9674
2026-01-07 14:23:24.575418 UTC,2026,22:23:24,ndt-lnvj8_1763439197_0000000000511A08,Download,8.35501077238278,77.204,0.0046376771043547295,Taipei City,Taipei,25.053,121.5259,20,"Far EastTone Telecommunication Co., Ltd.",9674
2026-01-07 14:22:44.619508 UTC,2026,22:22:44,ndt-dws54_1765750705_00000000001CE710,Download,11.834271070494113,173.081,0.16678414182350551,Taipei City,Taipei,25.053,121.5259,100,"Far EastTone Telecommunication Co., Ltd.",9674
2026-01-07 14:22:15.426242 UTC,2026,22:22:15,ndt-ffzkn_1765736381_00000000001C341A,Download,8.09868051700333,34.063,0.048889022028927094,Taipei City,Taipei,25.053,121.5259,5,"Taiwan Mobile Co., Ltd.",24158
2026-01-07 14:22:04.557412 UTC,2026,22:22:04,ndt-mcnzr_1763541608_000000000040A59C,Download,13.546337308185672,134.191,0.21505160722231834,Taipei City,Taipei,25.053,121.5259,100,"Far EastTone Telecommunication Co., Ltd.",9674
2026-01-07 14:20:57.591647 UTC,2026,22:20:57,ndt-virtual-mlclw_1763486473_000000000039FE8F,Download,38.6725553332434,17.375,0.0022620489143631958,Taipei City,Taipei,25.053,121.5259,50,"Far EastTone Telecommunication Co., Ltd.",9674
2026-01-07 14:18:39.081556 UTC,2026,22:18:39,ndt-ffzkn_1765736381_00000000001BB809,Download,1.8091085178168753,49.848,0.01631260495242157,Taipei City,Taipei,25.053,121.5259,5,"Taiwan Mobile Co., Ltd.",24158
2026-01-07 14:12:18.397410 UTC,2026,22:12:18,ndt-vh7vp_1765631114_00000000001DCEB8,Download,2.9063974053719344,24.421,0.00794894301206697,Taipei City,Taipei,25.053,121.5259,5,"Taiwan Mobile Co., Ltd.",24158
2026-01-07 14:11:03.233083 UTC,2026,22:11:03,ndt-vh7vp_1765631114_00000000001E42C3,Download,98.745460472920414,154.056,2.2773824378664525e-05,Taipei City,Taipei,25.053,121.5259,100,"Far EastTone Telecommunication Co., Ltd.",9674
2026-01-07 14:10:38.732910 UTC,2026,22:10:38,ndt-dws54_1765750705_00000000001C683A,Download,164.10373898845418,19.829,0.0,Taipei City,Taipei,25.053,121.5259,5,Mobile Business Group,17421
2026-01-07 14:09:33.923978 UTC,2026,22:09:33,ndt-vh7vp_1765631114_00000000001C4EC0,Download,89.4650603269316,20.925,0.0,Taipei City,Taipei,25.053,121.5259,5,"Taiwan Mobile Co., Ltd.",24158
2026-01-07 14:07:21.451449 UTC,2026,22:07:21,ndt-ffzkn_1765736381_00000000001BD7F7,Download,13.25583019409833,159.967,0.085708915737267341,Taipei City,Taipei,25.053,121.5259,5,Mobile Business Group,17421
2026-01-07 14:02:45.735558 UTC,2026,22:02:45,ndt-ffzkn_1765736381_00000000001C05F1,Download,25.480681446162944,20.951,0.0,Taipei City,Taipei,25.053,121.5259,20,"Taiwan Mobile Co., Ltd.",24158
2026-01-07 14:01:31.808924 UTC,2026,22:01:31,ndt-ffzkn_1765736381_00000000001C6194,Download,26.25047685566901,24.288,0.098666879916442962,Taipei City,Taipei,25.053,121.5259,10,"Taiwan Mobile Co., Ltd.",24158
2026-01-07 14:01:23.849661 UTC,2026,22:01:23,ndt-dws54_1765750705_00000000001E5237,Download,64.570713441661724,24.008,0.0,Taipei City,Taipei,25.053,121.5259,10,"Taiwan Mobile Co., Ltd.",24158
2026-01-07 14:00:12.670818 UTC,2026,22:00:12,ndt-ffzkn_1765736381_00000000001BC79B,Download,5.6083242683702288,28.492,0.0,Taipei City,Taipei,25.053,121.5259,5,"Taiwan Mobile Co., Ltd.",24158
2026-01-07 13:57:18.949118 UTC,2026,21:57:18,ndt-dws54_1765750705_00000000001D4EA4,Download,4.4178021554121347,157.965,0.055878318034084946,Taipei City,Taipei,25.053,121.5259,100,"Far EastTone Telecommunication Co., Ltd.",9674
2026-01-07 13:56:01.030029 UTC,2026,21:56:01,ndt-vh7vp_1765631114_00000000001E51B3,Download,5.332984665282229,158.0,0.045653962850009527,Taipei City,Taipei,25.053,121.5259,100,"Far EastTone Telecommunication Co., Ltd.",9674
2026-01-07 13:54:45.726525 UTC,2026,21:54:45,ndt-dws54_1765750705_00000000001D1E4E,Download,218.26561478863573,18.584,0.0,Taipei City,Taipei,25.053,121.5259,5,Mobile Business Group,17421
2026-01-07 13:50:29.572235 UTC,2026,21:50:29,ndt-ffzkn_1765736381_00000000001C617F,Download,15.216263474187897,177.144,0.0,Taipei City,Taipei,25.053,121.5259,50,"Far EastTone Telecommunication Co., Ltd.",9674
2026-01-07 13:41:13.946988 UTC,2026,21:41:13,ndt-ffzkn_1765736381_00000000001C7144,Download,27.406917655791929,157.232,0.39624077845670286,Taipei City,Taipei,25.053,121.5259,50,"Far EastTone Telecommunication Co., Ltd.",9674
2026-01-07 13:36:36.046828 UTC,2026,21:36:36,ndt-dws54_1765750705_00000000001E51FD,Download,20.094902627602124,25.4,0.066628644112421587,Taipei City,Taipei,25.053,121.5259,20,"Taiwan Mobile Co., Ltd.",24158
2026-01-07 13:32:07.059673 UTC,2026,21:32:07,ndt-vh7vp_1765631114_00000000001D7EEE,Download,37.86916723697194,23.088,0.001078232468085776,Taipei City,Taipei,25.053,121.5259,50,"Far EastTone Telecommunication Co., Ltd.",9674
2026-01-07 13:31:47.663217 UTC,2026,21:31:47,ndt-vh7vp_1765631114_00000000001D5F44,Download,34.327372473740795,111.397,0.0,Taipei City,Taipei,25.053,121.5259,20,Mobile Business Group,17421
2026-01-07 13:26:27.307056 UTC,2026,21:26:27,ndt-ffzkn_1765736381_00000000001BD780,Download,72.969314770745271,21.96,0.0,Taipei City,Taipei,25.053,121.5259,5,"Taiwan Mobile Co., Ltd.",24158
2026-01-07 13:21:44.056200 UTC,2026,21:21:44,ndt-vh7vp_1765631114_00000000001DF6E7,Download,56.346966061494129,22.087,0.0,Taipei City,Taipei,25.053,121.5259,20,"Taiwan Mobile Co., Ltd.",24158
2026-01-07 13:21:13.316194 UTC,2026,21:21:13,ndt-ffzkn_1765736381_00000000001C24CA,Download,20.288017730894495,21.07,0.0,Taipei City,Taipei,25.053,121.5259,20,"Taiwan Mobile Co., Ltd.",24158
2026-01-07 13:17:47.308695 UTC,2026,21:17:47,ndt-dws54_1765750705_00000000001D9A22,Download,14.27183773315666,155.18,0.00083814281893874088,Taipei City,Taipei,25.053,121.5259,50,"Far EastTone Telecommunication Co., Ltd.",9674
2026-01-07 13:13:45.443570 UTC,2026,21:13:45,ndt-dws54_1765750705_00000000001D2F8B,Download,34.637674977048377,25.372,0.0,Taipei City,Taipei,25.053,121.5259,5,"Taiwan Mobile Co., Ltd.",24158
2026-01-07 13:12:39.968578 UTC,2026,21:12:39,ndt-ffzkn_1765736381_00000000001BD63D,Download,6.6913966715305859,23.353,0.0047854737870156958,Taipei City,Taipei,25.053,121.5259,20,"Taiwan Mobile Co., Ltd.",24158
2026-01-07 13:12:39.012205 UTC,2026,21:12:39,ndt-virtual-mlclw_1763486473_000000000039EF4A,Download,4.7037159883915738,22.0,0.12359294499917227,Taipei City,Taipei,25.053,121.5259,50,"Far EastTone Telecommunication Co., Ltd.",9674
2026-01-07 13:07:45.219141 UTC,2026,21:07:45,ndt-dws54_1765750705_00000000001DA506,Download,0.35080231562219449,31.843,0.24869637766808037,Taipei City,Taipei,25.053,121.5259,100,"Taiwan Mobile Co., Ltd.",24158
2026-01-07 13:07:30.173977 UTC,2026,21:07:30,ndt-dws54_1765750705_00000000001D2F82,Download,54.160932275693959,156.807,0.0080776510323648434,Taipei City,Taipei,25.053,121.5259,20,"Far EastTone Telecommunication Co., Ltd.",9674
2026-01-07 13:05:25.646290 UTC,2026,21:05:25,ndt-dws54_1765750705_00000000001D2F7C,Download,0.54681221091581866,164.148,0.035042944785276073,Taipei City,Taipei,25.053,121.5259,5,Mobile Business Group,17421
2026-01-07 13:04:22.034967 UTC,2026,21:04:22,ndt-ffzkn_1765736381_000000000019A9C7,Download,4.8236524159223126,161.425,0.0,Taipei City,Taipei,25.053,121.5259,100,"Far EastTone Telecommunication Co., Ltd.",9674
2026-01-07 12:56:20.376434 UTC,2026,20:56:20,ndt-vh7vp_1765631114_00000000001D4F7E,Download,8.4947828418085809,35.01,0.035067013327661607,Taipei City,Taipei,25.053,121.5259,5,"Taiwan Mobile Co., Ltd.",24158
2026-01-07 12:52:58.007051 UTC,2026,20:52:58,ndt-dws54_1765750705_00000000001C582C,Download,10.609100266434423,29.206,0.0,Taipei City,Taipei,25.053,121.5259,5,"Taiwan Mobile Co., Ltd.",24158
2026-01-07 12:41:20.677139 UTC,2026,20:41:20,ndt-ffzkn_1765736381_00000000001ADBB2,Download,8.7313711495843265,50.066,0.031318783294280138,Taipei City,Taipei,25.053,121.5259,5,"Taiwan Mobile Co., Ltd.",24158
2026-01-07 12:40:22.759806 UTC,2026,20:40:22,ndt-ffzkn_1765736381_00000000001ACC05,Download,6.2042247983836507,50.05,0.010333265851507577,Taipei City,Taipei,25.053,121.5259,5,"Taiwan Mobile Co., Ltd.",24158
2026-01-07 12:38:32.928940 UTC,2026,20:38:32,ndt-ffzkn_1765736381_00000000001B9538,Download,16.451095540569444,24.931,0.0002001937798976448,Taipei City,Taipei,25.053,121.5259,20,"Taiwan Mobile Co., Ltd.",24158
2026-01-07 12:34:34.352220 UTC,2026,20:34:34,ndt-dws54_1765750705_00000000001D1DB7,Download,17.531421578618502,30.579,0.0,Taipei City,Taipei,25.053,121.5259,5,"Taiwan Mobile Co., Ltd.",24158
2026-01-07 12:32:34.737575 UTC,2026,20:32:34,ndt-ffzkn_1765736381_00000000001AEAE5,Download,18.684737126032616,24.601,0.0017049134862847106,Taipei City,Taipei,25.053,121.5259,5,Mobile Business Group,17421
2026-01-07 12:31:53.685905 UTC,2026,20:31:53,ndt-dws54_1765750705_00000000001D4E00,Download,3.5377639451131184,162.028,0.11317312303668983,Taipei City,Taipei,25.053,121.5259,5,Mobile Business Group,17421
2026-01-07 12:29:43.348128 UTC,2026,20:29:43,ndt-dws54_1765750705_00000000001E60EB,Download,22.1249008149691,38.88,3.8019406950366922e-05,Taipei City,Taipei,25.053,121.5259,5,"Taiwan Mobile Co., Ltd.",24158
2026-01-07 12:28:36.925432 UTC,2026,20:28:36,ndt-vh7vp_1765631114_00000000001E6092,Download,2.3435619531361196,166.711,0.0,Taipei City,Taipei,25.053,121.5259,20,"Far EastTone Telecommunication Co., Ltd.",9674
2026-01-07 12:24:41.958555 UTC,2026,20:24:41,ndt-zgzcg_1763678053_000000000047F8CE,Download,13.88524665947684,91.592,0.0,Taipei City,Taipei,25.053,121.5259,20,"Taiwan Mobile Co., Ltd.",24158
2026-01-07 12:24:01.967063 UTC,2026,20:24:01,ndt-dws54_1765750705_00000000001CFFD1,Download,29.08730881188092,160.0,0.082276266631603825,Taipei City,Taipei,25.053,121.5259,5,Mobile Business Group,17421
2026-01-07 12:08:28.337327 UTC,2026,20:08:28,ndt-vh7vp_1765631114_00000000001DF683,Download,0.93287571754415444,152.874,0.32097322842824128,Taipei City,Taipei,25.053,121.5259,100,"Far EastTone Telecommunication Co., Ltd.",9674
2026-01-07 12:08:17.453374 UTC,2026,20:08:17,ndt-ffzkn_1765736381_00000000001AE7AD,Download,109.6196326110101,152.382,0.00064982583996275336,Taipei City,Taipei,25.053,121.5259,100,"Far EastTone Telecommunication Co., Ltd.",9674
2026-01-07 12:06:53.292188 UTC,2026,20:06:53,ndt-ffzkn_1765736381_00000000001AD82C,Download,19.544370597555663,155.544,0.20153491459738768,Taipei City,Taipei,25.053,121.5259,20,"Far EastTone Telecommunication Co., Ltd.",9674
2026-01-07 12:06:11.943801 UTC,2026,20:06:11,ndt-mcnzr_1763541608_00000000003FAF1C,Download,13.49995938158011,117.199,0.03161112979793556,Taipei City,Taipei,25.053,121.5259,50,"Far EastTone Telecommunication Co., Ltd.",9674
2026-01-07 12:05:14.115145 UTC,2026,20:05:14,ndt-ffzkn_1765736381_00000000001A8C2F,Download,10.514906352364941,30.494,0.00021637399608829755,Taipei City,Taipei,25.053,121.5259,5,"Taiwan Mobile Co., Ltd.",24158
2026-01-07 12:03:57.532016 UTC,2026,20:03:57,ndt-ffzkn_1765736381_00000000001B9116,Download,23.906441681765646,155.941,0.1075305705011851,Taipei City,Taipei,25.053,121.5259,5,Mobile Business Group,17421
2026-01-07 12:01:18.481881 UTC,2026,20:01:18,ndt-dws54_1765750705_00000000001E21D0,Download,24.660834149015876,146.941,0.14975323447988817,Taipei City,Taipei,25.053,121.5259,5,Mobile Business Group,17421
2026-01-07 12:00:58.718410 UTC,2026,20:00:58,ndt-dws54_1765750705_00000000001BCC07,Download,216.05468305398315,18.584,0.0,Taipei City,Taipei,25.053,121.5259,5,Mobile Business Group,17421
2026-01-07 12:00:29.371688 UTC,2026,20:00:29,ndt-dws54_1765750705_00000000001C67C4,Download,6.6200323043430283,154.613,0.10062967312651983,Taipei City,Taipei,25.053,121.5259,5,Mobile Business Group,17421
2026-01-07 11:59:09.037505 UTC,2026,19:59:09,ndt-ffzkn_1765736381_00000000001AE618,Download,69.953835868835156,150.057,0.0030651407832272162,Taipei City,Taipei,25.053,121.5259,100,"Far EastTone Telecommunication Co., Ltd.",9674
2026-01-07 11:58:30.514156 UTC,2026,19:58:30,ndt-ffzkn_1765736381_00000000001B13DA,Download,16.014942208339232,17.484,0.0,Taipei City,Taipei,25.053,121.5259,10,"Taiwan Mobile Co., Ltd.",24158
2026-01-07 11:52:49.462555 UTC,2026,19:52:49,ndt-dws54_1765750705_00000000001D8ACC,Download,0.89772382444678822,152.681,0.0,Taipei City,Taipei,25.053,121.5259,100,"Far EastTone Telecommunication Co., Ltd.",9674
2026-01-07 11:52:29.057627 UTC,2026,19:52:29,ndt-ffzkn_1765736381_00000000001A4D00,Download,11.651627725408131,18.918,0.0,Taipei City,Taipei,25.053,121.5259,10,Mobile Business Group,17421
2026-01-07 11:48:08.189308 UTC,2026,19:48:08,ndt-virtual-zcnvr_1763486519_000000000037E1EA,Download,40.765538374975364,34.114,0.0,Taipei City,Taipei,25.053,121.5259,5,"Taiwan Mobile Co., Ltd.",24158
2026-01-07 11:45:01.445294 UTC,2026,19:45:01,ndt-dws54_1765750705_00000000001D4D99,Download,21.615321020348983,163.766,0.0024259838812151309,Taipei City,Taipei,25.053,121.5259,50,"Far EastTone Telecommunication Co., Ltd.",9674
2026-01-07 11:43:11.165311 UTC,2026,19:43:11,ndt-vh7vp_1765631114_00000000001DD907,Download,37.992693928228988,153.975,0.0011008967711471072,Taipei City,Taipei,25.053,121.5259,50,"Far EastTone Telecommunication Co., Ltd.",9674
2026-01-07 11:37:45.329641 UTC,2026,19:37:45,ndt-ffzkn_1765736381_000000000018BD8A,Download,16.211910635539034,159.726,0.17609396965849589,Taipei City,Taipei,25.053,121.5259,50,"Far EastTone Telecommunication Co., Ltd.",9674
2026-01-07 11:31:18.749168 UTC,2026,19:31:18,ndt-dws54_1765750705_00000000001D8AAA,Download,22.113212992081007,26.844,0.15494408206578181,Taipei City,Taipei,25.053,121.5259,20,"Taiwan Mobile Co., Ltd.",24158
2026-01-07 11:20:54.834085 UTC,2026,19:20:54,ndt-ffzkn_1765736381_00000000001AD5DD,Download,13.058943500435573,30.654,0.0,Taipei City,Taipei,25.053,121.5259,5,"Taiwan Mobile Co., Ltd.",24158
2026-01-07 11:19:41.731935 UTC,2026,19:19:41,ndt-ffzkn_1765736381_00000000001A8A24,Download,66.643676692032315,156.641,0.0,Taipei City,Taipei,25.053,121.5259,5,Mobile Business Group,17421
2026-01-07 11:19:40.980995 UTC,2026,19:19:40,ndt-ffzkn_1765736381_00000000001AE52A,Download,75.240721663607772,155.168,0.0,Taipei City,Taipei,25.053,121.5259,5,Mobile Business Group,17421
2026-01-07 11:18:40.861462 UTC,2026,19:18:40,ndt-dws54_1765750705_00000000001D2E72,Download,11.584081036101484,14.87,0.10010472532048319,Taipei City,Taipei,25.053,121.5259,5,"Taiwan Mobile Co., Ltd.",24158
2026-01-07 11:17:38.862888 UTC,2026,19:17:38,ndt-ffzkn_1765736381_00000000001AE524,Download,34.485785762424648,165.763,0.00042043100836767323,Taipei City,Taipei,25.053,121.5259,50,"Far EastTone Telecommunication Co., Ltd.",9674
2026-01-07 11:06:30.745395 UTC,2026,19:06:30,ndt-virtual-mlclw_1763486473_000000000039DDD8,Download,11.532853636524123,14.0,0.078699679172477624,Taipei City,Taipei,25.053,121.5259,5,"Taiwan Mobile Co., Ltd.",24158
2026-01-07 11:06:16.231447 UTC,2026,19:06:16,ndt-ffzkn_1765736381_00000000001A5C55,Download,39.433811621383164,26.747,0.0,Taipei City,Taipei,25.053,121.5259,5,"Taiwan Mobile Co., Ltd.",24158
2026-01-07 11:05:09.650740 UTC,2026,19:05:09,ndt-ffzkn_1765736381_0000000000184F33,Download,44.653751285742167,19.395,0.0,Taipei City,Taipei,25.053,121.5259,10,"Taiwan Mobile Co., Ltd.",24158
2026-01-07 11:03:48.407485 UTC,2026,19:03:48,ndt-ffzkn_1765736381_00000000001A5C51,Download,74.5432196614593,151.411,0.0110584231876393,Taipei City,Taipei,25.053,121.5259,5,Mobile Business Group,17421
2026-01-07 10:53:00.144587 UTC,2026,18:53:00,ndt-ffzkn_1765736381_00000000001A1F08,Download,0.30003907280566122,67.998,0.19931263524537995,Taipei City,Taipei,25.053,121.5259,5,"Taiwan Mobile Co., Ltd.",24158
2026-01-07 10:48:44.428846 UTC,2026,18:48:44,ndt-dws54_1765750705_00000000001D2E41,Download,22.801632779748303,20.447,0.1057800114660481,Taipei City,Taipei,25.053,121.5259,10,"Taiwan Mobile Co., Ltd.",24158
2026-01-07 10:45:31.090819 UTC,2026,18:45:31,ndt-dws54_1765750705_00000000001E4085,Download,4.0233701856210926,29.878,0.0,Taipei City,Taipei,25.053,121.5259,5,Mobile Business Group,17421
2026-01-07 10:44:54.580812 UTC,2026,18:44:54,ndt-vh7vp_1765631114_00000000001D9700,Download,21.634946328812369,30.291,0.0,Taipei City,Taipei,25.053,121.5259,5,"Taiwan Mobile Co., Ltd.",24158
2026-01-07 10:43:47.866884 UTC,2026,18:43:47,ndt-dws54_1765750705_00000000001E11B7,Download,133.05349078444567,147.144,0.0,Taipei City,Taipei,25.053,121.5259,5,Mobile Business Group,17421
2026-01-07 10:37:36.787398 UTC,2026,18:37:36,ndt-vh7vp_1765631114_00000000001D3F1C,Download,7.8030297354090106,13.299,0.13916773321120793,Taipei City,Taipei,25.053,121.5259,5,"Taiwan Mobile Co., Ltd.",24158
2026-01-07 10:36:10.586899 UTC,2026,18:36:10,ndt-dws54_1765750705_00000000001DF366,Download,217.38442676587394,26.202,0.0,Taipei City,Taipei,25.053,121.5259,5,"Taiwan Mobile Co., Ltd.",24158
2026-01-07 10:35:58.582813 UTC,2026,18:35:58,ndt-ffzkn_1765736381_00000000001B129E,Download,118.09895611394192,22.046,0.00059809143736951585,Taipei City,Taipei,25.053,121.5259,20,"Taiwan Mobile Co., Ltd.",24158
2026-01-07 10:35:27.011431 UTC,2026,18:35:27,ndt-vh7vp_1765631114_00000000001D5E5D,Download,193.28598729254691,23.08,0.0,Taipei City,Taipei,25.053,121.5259,5,"Taiwan Mobile Co., Ltd.",24158
2026-01-07 10:33:57.993371 UTC,2026,18:33:57,ndt-dws54_1765750705_00000000001D8A36,Download,51.42060725705484,22.124,0.0,Taipei City,Taipei,25.053,121.5259,5,"Taiwan Mobile Co., Ltd.",24158
2026-01-07 10:28:58.396948 UTC,2026,18:28:58,ndt-dws54_1765750705_00000000001DF350,Download,36.665590190590059,20.542,0.0,Taipei City,Taipei,25.053,121.5259,5,"Taiwan Mobile Co., Ltd.",24158
2026-01-07 10:20:50.284914 UTC,2026,18:20:50,ndt-ffzkn_1765736381_00000000001A9882,Download,87.171222646347715,163.041,0.0,Taipei City,Taipei,25.053,121.5259,20,"Far EastTone Telecommunication Co., Ltd.",9674
2026-01-07 10:19:31.672695 UTC,2026,18:19:31,ndt-vh7vp_1765631114_00000000001D3F09,Download,103.97034463828504,22.324,0.0,Taipei City,Taipei,25.053,121.5259,20,"Taiwan Mobile Co., Ltd.",24158
2026-01-07 10:18:09.074768 UTC,2026,18:18:09,ndt-ffzkn_1765736381_00000000001A056D,Download,3.8299255866044524,156.712,0.0098033615919121443,Taipei City,Taipei,25.053,121.5259,50,"Far EastTone Telecommunication Co., Ltd.",9674
2026-01-07 10:16:57.048612 UTC,2026,18:16:57,ndt-dws54_1765750705_00000000001E20E4,Download,19.521945234780642,160.957,0.25364068512103555,Taipei City,Taipei,25.053,121.5259,50,"Far EastTone Telecommunication Co., Ltd.",9674
2026-01-07 10:10:17.569768 UTC,2026,18:10:17,ndt-ffzkn_1765736381_00000000001A8976,Download,18.552019582128086,163.51,0.22571035115980595,Taipei City,Taipei,25.053,121.5259,50,"Far EastTone Telecommunication Co., Ltd.",9674
2026-01-07 10:09:55.186201 UTC,2026,18:09:55,ndt-ffzkn_1765736381_00000000001AD530,Download,10.967745294321857,25.835,0.040235344359568909,Taipei City,Taipei,25.053,121.5259,20,"Taiwan Mobile Co., Ltd.",24158
2026-01-07 10:09:16.498973 UTC,2026,18:09:16,ndt-dws54_1765750705_00000000001D2DC8,Download,341.26351128244357,17.689,0.0,Taipei City,Taipei,25.053,121.5259,5,"Taiwan Mobile Co., Ltd.",24158
2026-01-07 10:09:13.872522 UTC,2026,18:09:13,ndt-ffzkn_1765736381_00000000001A1EB0,Download,18.656426040757307,162.897,0.28850767970811009,Taipei City,Taipei,25.053,121.5259,50,"Far EastTone Telecommunication Co., Ltd.",9674
2026-01-07 10:09:00.820790 UTC,2026,18:09:00,ndt-vh7vp_1765631114_00000000001D2FC8,Download,0.74484954003677262,31.065,0.21897215431734524,Taipei City,Taipei,25.053,121.5259,20,"Taiwan Mobile Co., Ltd.",24158
2026-01-07 10:08:43.950266 UTC,2026,18:08:43,ndt-dws54_1765750705_00000000001E402C,Download,18.31871974321945,161.955,0.30303169327755652,Taipei City,Taipei,25.053,121.5259,50,"Far EastTone Telecommunication Co., Ltd.",9674
2026-01-07 10:08:41.082565 UTC,2026,18:08:41,ndt-ffzkn_1765736381_00000000001A986A,Download,18.606621603864063,185.0,0.15767370054763061,Taipei City,Taipei,25.053,121.5259,100,"Far EastTone Telecommunication Co., Ltd.",9674
2026-01-07 10:08:22.553848 UTC,2026,18:08:22,ndt-ffzkn_1765736381_00000000001B1252,Download,226.11544850265798,21.839,0.00021016625578432457,Taipei City,Taipei,25.053,121.5259,5,"Taiwan Mobile Co., Ltd.",24158
2026-01-07 10:07:07.844067 UTC,2026,18:07:07,ndt-vh7vp_1765631114_00000000001DBCB7,Download,61.444256521973031,23.178,0.0,Taipei City,Taipei,25.053,121.5259,5,"Taiwan Mobile Co., Ltd.",24158
2026-01-07 10:06:42.558489 UTC,2026,18:06:42,ndt-dws54_1765750705_00000000001CFEBB,Download,19.445269330024857,158.705,0.1796005207761347,Taipei City,Taipei,25.053,121.5259,50,"Far EastTone Telecommunication Co., Ltd.",9674
2026-01-07 10:06:27.707437 UTC,2026,18:06:27,ndt-dws54_1765750705_00000000001E1151,Download,1.7094403091481549,35.076,0.11970286522815705,Taipei City,Taipei,25.053,121.5259,20,"Taiwan Mobile Co., Ltd.",24158
2026-01-07 10:03:01.629698 UTC,2026,18:03:01,ndt-vh7vp_1765631114_00000000001D96AD,Download,234.71690045851767,17.284,0.0,Taipei City,Taipei,25.053,121.5259,5,"Taiwan Mobile Co., Ltd.",24158
2026-01-07 10:02:58.187868 UTC,2026,18:02:58,ndt-dws54_1765750705_00000000001E1147,Download,18.383325405303847,160.97,0.19397763953827529,Taipei City,Taipei,25.053,121.5259,50,"Far EastTone Telecommunication Co., Ltd.",9674
2026-01-07 10:01:44.413920 UTC,2026,18:01:44,ndt-dws54_1765750705_00000000001E113E,Download,44.422644347113057,26.684,0.00012795857611710884,Taipei City,Taipei,25.053,121.5259,20,"Taiwan Mobile Co., Ltd.",24158
2026-01-07 09:59:29.262224 UTC,2026,17:59:29,ndt-ffzkn_1765736381_00000000001AA790,Download,3.6265030095537782,166.927,0.0041427284408276591,Taipei City,Taipei,25.053,121.5259,50,"Far EastTone Telecommunication Co., Ltd.",9674
2026-01-07 09:56:43.692253 UTC,2026,17:56:43,ndt-ffzkn_1765736381_00000000001A9855,Download,42.796200618501594,24.249,0.0,Taipei City,Taipei,25.053,121.5259,50,"Taiwan Mobile Co., Ltd.",24158
2026-01-07 09:55:41.271933 UTC,2026,17:55:41,ndt-vh7vp_1765631114_00000000001E3210,Download,40.972304718674309,28.489,0.0,Taipei City,Taipei,25.053,121.5259,5,"Taiwan Mobile Co., Ltd.",24158
2026-01-07 09:52:16.599807 UTC,2026,17:52:16,ndt-ffzkn_1765736381_00000000001A893A,Download,15.853455265032029,27.24,0.0,Taipei City,Taipei,25.053,121.5259,5,"Taiwan Mobile Co., Ltd.",24158
2026-01-07 09:48:54.597021 UTC,2026,17:48:54,ndt-vh7vp_1765631114_00000000001DBCA1,Download,21.5000340671017,48.472,0.0,Taipei City,Taipei,25.053,121.5259,5,"Taiwan Mobile Co., Ltd.",24158
2026-01-07 09:46:26.763317 UTC,2026,17:46:26,ndt-dws54_1765750705_00000000001D4C71,Download,123.3905444418627,23.699,0.0,Taipei City,Taipei,25.053,121.5259,20,"Taiwan Mobile Co., Ltd.",24158
2026-01-07 09:45:42.419200 UTC,2026,17:45:42,ndt-vh7vp_1765631114_00000000001D3ED4,Download,127.30283691489255,19.911,0.0,Taipei City,Taipei,25.053,121.5259,20,"Taiwan Mobile Co., Ltd.",24158
2026-01-07 09:40:12.043491 UTC,2026,17:40:12,ndt-vh7vp_1765631114_00000000001E414A,Download,1.5058137584261579,25.124,0.068768305112129627,Taipei City,Taipei,25.053,121.5259,20,"Taiwan Mobile Co., Ltd.",24158
2026-01-07 09:39:24.889399 UTC,2026,17:39:24,ndt-virtual-mlclw_1763486473_000000000039F0BA,Download,76.226233574108278,18.893,0.0,Taipei City,Taipei,25.053,121.5259,5,Mobile Business Group,17421
2026-01-07 09:37:32.420861 UTC,2026,17:37:32,ndt-dws54_1765750705_00000000001DD2C2,Download,142.67378639919795,27.164,0.0,Taipei City,Taipei,25.053,121.5259,5,"Taiwan Mobile Co., Ltd.",24158
2026-01-07 09:36:59.966261 UTC,2026,17:36:59,ndt-dws54_1765750705_00000000001DD2C0,Download,43.498894218931696,24.8,0.0,Taipei City,Taipei,25.053,121.5259,5,Mobile Business Group,17421
2026-01-07 09:36:55.764439 UTC,2026,17:36:55,ndt-dws54_1765750705_00000000001CDECE,Download,32.051424309726947,18.724,0.0,Taipei City,Taipei,25.053,121.5259,5,Mobile Business Group,17421
2026-01-07 09:34:41.534694 UTC,2026,17:34:41,ndt-vh7vp_1765631114_00000000001E4141,Download,17.698265278500134,32.197,0.0,Taipei City,Taipei,25.053,121.5259,5,"Taiwan Mobile Co., Ltd.",24158
2026-01-07 09:34:25.012441 UTC,2026,17:34:25,ndt-dws54_1765750705_00000000001C8FDE,Download,14.603424537474048,166.804,0.0009961692594816292,Taipei City,Taipei,25.053,121.5259,50,"Far EastTone Telecommunication Co., Ltd.",9674
2026-01-07 09:16:31.281014 UTC,2026,17:16:31,ndt-vh7vp_1765631114_00000000001E4115,Download,28.359599745707676,22.899,4.8257550954972328e-05,Taipei City,Taipei,25.053,121.5259,5,"Taiwan Mobile Co., Ltd.",24158
2026-01-07 09:15:57.572355 UTC,2026,17:15:57,ndt-vh7vp_1765631114_00000000001D7D89,Download,0.56647404276908464,33.651,0.0020118152464473679,Taipei City,Taipei,25.053,121.5259,5,"Taiwan Mobile Co., Ltd.",24158
2026-01-07 09:15:05.004071 UTC,2026,17:15:05,ndt-vh7vp_1765631114_00000000001D3EB4,Download,0.341896526138162,40.721,0.006942313593126726,Taipei City,Taipei,25.053,121.5259,5,"Taiwan Mobile Co., Ltd.",24158
2026-01-07 09:07:49.404143 UTC,2026,17:07:49,ndt-dws54_1765750705_00000000001C8FA0,Download,131.34501989290987,18.676,8.52650306142361e-06,Taipei City,Taipei,25.053,121.5259,5,"Taiwan Mobile Co., Ltd.",24158
2026-01-07 09:04:21.496258 UTC,2026,17:04:21,ndt-dws54_1765750705_00000000001CFE39,Download,16.771151940269164,158.919,0.031188837204244119,Taipei City,Taipei,25.053,121.5259,100,"Far EastTone Telecommunication Co., Ltd.",9674
2026-01-07 09:00:00.314124 UTC,2026,17:00:00,ndt-ffzkn_1765736381_00000000001A2C18,Download,27.696254268282651,164.775,0.023718074018172573,Taipei City,Taipei,25.053,121.5259,100,"Far EastTone Telecommunication Co., Ltd.",9674
2026-01-07 08:55:09.392428 UTC,2026,16:55:09,ndt-ffzkn_1765736381_00000000001A6B38,Download,4.0371606558771385,160.964,0.0027547288225399061,Taipei City,Taipei,25.053,121.5259,5,Mobile Business Group,17421
2026-01-07 08:54:11.785494 UTC,2026,16:54:11,ndt-vh7vp_1765631114_00000000001DE74C,Download,20.918273014212929,21.233,0.0,Taipei City,Taipei,25.053,121.5259,5,"Taiwan Mobile Co., Ltd.",24158
2026-01-07 08:51:56.760739 UTC,2026,16:51:56,ndt-vh7vp_1765631114_00000000001D2F57,Download,4.7094973175215955,173.14,0.033503813764825183,Taipei City,Taipei,25.053,121.5259,100,"Far EastTone Telecommunication Co., Ltd.",9674
2026-01-07 08:51:24.614479 UTC,2026,16:51:24,ndt-dws54_1765750705_00000000001BF9ED,Download,104.00143119456146,153.18,0.00071505321514634985,Taipei City,Taipei,25.053,121.5259,100,"Far EastTone Telecommunication Co., Ltd.",9674
2026-01-07 08:50:09.249270 UTC,2026,16:50:09,ndt-vh7vp_1765631114_00000000001E31BB,Download,6.1662059299458418,164.0,0.35641869607662069,Taipei City,Taipei,25.053,121.5259,20,"Far EastTone Telecommunication Co., Ltd.",9674
2026-01-07 08:42:34.222663 UTC,2026,16:42:34,ndt-ffzkn_1765736381_00000000001A4B5D,Download,21.459851133920704,165.768,0.00068887546646320523,Taipei City,Taipei,25.053,121.5259,100,"Far EastTone Telecommunication Co., Ltd.",9674
2026-01-07 08:42:22.468523 UTC,2026,16:42:22,ndt-dws54_1765750705_00000000001D4BE6,Download,99.496413687642985,154.421,0.0018246805291701313,Taipei City,Taipei,25.053,121.5259,100,"Far EastTone Telecommunication Co., Ltd.",9674
2026-01-07 08:16:10.946954 UTC,2026,16:16:10,ndt-dws54_1765750705_00000000001DA3A5,Download,53.095255711296275,167.641,0.0002039065185710694,Taipei City,Taipei,25.053,121.5259,50,"Far EastTone Telecommunication Co., Ltd.",9674
2026-01-07 08:12:55.813749 UTC,2026,16:12:55,ndt-dws54_1765750705_00000000001DF22C,Download,19.516974235894324,156.83,0.2366880399133173,Taipei City,Taipei,25.053,121.5259,50,"Far EastTone Telecommunication Co., Ltd.",9674
2026-01-07 08:12:18.044874 UTC,2026,16:12:18,ndt-ffzkn_1765736381_00000000001A6AE1,Download,19.446993189944138,157.797,0.2138395984301629,Taipei City,Taipei,25.053,121.5259,50,"Far EastTone Telecommunication Co., Ltd.",9674
2026-01-07 08:09:21.714406 UTC,2026,16:09:21,ndt-dws54_1765750705_00000000001CCF84,Download,27.878279208208028,21.305,0.062334385478672844,Taipei City,Taipei,25.053,121.5259,20,"Taiwan Mobile Co., Ltd.",24158
2026-01-07 08:06:41.283631 UTC,2026,16:06:41,ndt-ffzkn_1765736381_00000000001AC4CA,Download,57.148261618099575,157.123,0.0,Taipei City,Taipei,25.053,121.5259,5,Mobile Business Group,17421
2026-01-07 08:04:04.737059 UTC,2026,16:04:04,ndt-vh7vp_1765631114_00000000001DD7F8,Download,11.690768429033259,162.094,0.00031578578028327155,Taipei City,Taipei,25.053,121.5259,50,"Far EastTone Telecommunication Co., Ltd.",9674
2026-01-07 07:50:54.324912 UTC,2026,15:50:54,ndt-ffzkn_1765736381_00000000001AD3C5,Download,38.4675664850002,168.968,0.00536527257365861,Taipei City,Taipei,25.053,121.5259,50,"Far EastTone Telecommunication Co., Ltd.",9674
2026-01-07 07:50:26.041564 UTC,2026,15:50:26,ndt-virtual-mlclw_1763486473_000000000039C799,Download,365.45867533791238,14.337,0.0,Taipei City,Taipei,25.053,121.5259,5,"Far EastTone Telecommunication Co., Ltd.",9674
2026-01-07 07:49:39.269793 UTC,2026,15:49:39,ndt-vh7vp_1765631114_00000000001D4DD9,Download,108.34651836365661,154.267,0.0,Taipei City,Taipei,25.053,121.5259,5,"Far EastTone Telecommunication Co., Ltd.",9674
2026-01-07 07:49:05.510677 UTC,2026,15:49:05,ndt-vh7vp_1765631114_00000000001D4DD6,Download,123.99957760202751,149.323,0.0,Taipei City,Taipei,25.053,121.5259,5,"Far EastTone Telecommunication Co., Ltd.",9674
2026-01-07 07:47:29.016347 UTC,2026,15:47:29,ndt-vh7vp_1765631114_00000000001CB998,Download,55.587818324703974,164.578,7.8697883989977757e-05,Taipei City,Taipei,25.053,121.5259,100,"Far EastTone Telecommunication Co., Ltd.",9674
2026-01-07 07:44:26.010409 UTC,2026,15:44:26,ndt-ffzkn_1765736381_00000000001B0269,Download,104.53493114890361,151.89,0.0034392039467134416,Taipei City,Taipei,25.053,121.5259,100,"Far EastTone Telecommunication Co., Ltd.",9674
2026-01-07 07:37:10.273349 UTC,2026,15:37:10,ndt-ffzkn_1765736381_00000000001A3A7C,Download,37.507277744039847,166.84,0.018026420880958297,Taipei City,Taipei,25.053,121.5259,50,"Far EastTone Telecommunication Co., Ltd.",9674
2026-01-07 07:36:45.033785 UTC,2026,15:36:45,ndt-vh7vp_1765631114_00000000001DF51C,Download,62.296689996232175,155.444,0.0,Taipei City,Taipei,25.053,121.5259,5,Mobile Business Group,17421
2026-01-07 07:35:50.386573 UTC,2026,15:35:50,ndt-vh7vp_1765631114_00000000001D2EEB,Download,46.786427983072826,156.673,0.0,Taipei City,Taipei,25.053,121.5259,5,Mobile Business Group,17421
2026-01-07 07:34:50.553384 UTC,2026,15:34:50,ndt-vh7vp_1765631114_00000000001D5D5E,Download,31.401991636849594,153.646,0.0,Taipei City,Taipei,25.053,121.5259,5,Mobile Business Group,17421
2026-01-07 07:25:39.326965 UTC,2026,15:25:39,ndt-vh7vp_1765631114_00000000001D1F8B,Download,118.82869329104311,150.321,0.0012732937054045811,Taipei City,Taipei,25.053,121.5259,5,Mobile Business Group,17421
2026-01-07 07:15:39.049637 UTC,2026,15:15:39,ndt-dws54_1765750705_00000000001CBE44,Download,44.24803997503021,29.003,0.0,Taipei City,Taipei,25.053,121.5259,20,"Taiwan Mobile Co., Ltd.",24158
2026-01-07 07:13:19.548129 UTC,2026,15:13:19,ndt-dws54_1765750705_00000000001C3665,Download,250.41837164793296,17.41,8.8843848687054427e-06,Taipei City,Taipei,25.053,121.5259,5,Mobile Business Group,17421
2026-01-07 07:10:05.082919 UTC,2026,15:10:05,ndt-vh7vp_1765631114_00000000001D5D33,Download,55.946198387123971,156.557,0.0,Taipei City,Taipei,25.053,121.5259,5,Mobile Business Group,17421
2026-01-07 07:03:48.321150 UTC,2026,15:03:48,ndt-ffzkn_1765736381_00000000001A1CEB,Download,7.5746120361501541,36.316,0.0,Taipei City,Taipei,25.053,121.5259,5,"Taiwan Mobile Co., Ltd.",24158
2026-01-07 07:02:38.658214 UTC,2026,15:02:38,ndt-dws54_1765750705_00000000001DB34C,Download,56.728165381704855,155.881,0.0,Taipei City,Taipei,25.053,121.5259,5,Mobile Business Group,17421
2026-01-07 07:00:49.569727 UTC,2026,15:00:49,ndt-ffzkn_1765736381_00000000001AC41F,Download,4.5399247784897057,22.823,0.1224116217652106,Taipei City,Taipei,25.053,121.5259,10,"Taiwan Mobile Co., Ltd.",24158
2026-01-07 07:00:30.448468 UTC,2026,15:00:30,ndt-ffzkn_1765736381_00000000001AB609,Download,11.924999335886735,23.059,0.00010054203823708146,Taipei City,Taipei,25.053,121.5259,10,"Taiwan Mobile Co., Ltd.",24158
2026-01-07 06:59:32.773132 UTC,2026,14:59:32,ndt-vh7vp_1765631114_00000000001D5D2D,Download,10.016013874837403,163.373,0.0019668764905919523,Taipei City,Taipei,25.053,121.5259,50,"Far EastTone Telecommunication Co., Ltd.",9674
2026-01-07 06:57:03.426706 UTC,2026,14:57:03,ndt-ffzkn_1765736381_00000000001A78A4,Download,34.164984333486935,155.706,0.0,Taipei City,Taipei,25.053,121.5259,5,Mobile Business Group,17421
2026-01-07 06:55:32.434786 UTC,2026,14:55:32,ndt-vh7vp_1765631114_00000000001D5D20,Download,207.21578719961991,22.668,0.0,Taipei City,Taipei,25.053,121.5259,10,"Taiwan Mobile Co., Ltd.",24158
2026-01-07 06:50:03.089512 UTC,2026,14:50:03,ndt-vh7vp_1765631114_00000000001DD7A8,Download,35.10964371554909,27.363,0.071078424225104034,Taipei City,Taipei,25.053,121.5259,20,"Taiwan Mobile Co., Ltd.",24158
2026-01-07 06:48:27.715820 UTC,2026,14:48:27,ndt-vh7vp_1765631114_00000000001DCC2F,Download,41.173874561865269,155.565,0.0,Taipei City,Taipei,25.053,121.5259,5,Mobile Business Group,17421
2026-01-07 06:46:08.598830 UTC,2026,14:46:08,ndt-dws54_1765750705_00000000001C7FA8,Download,105.37156391981569,18.946,0.0,Taipei City,Taipei,25.053,121.5259,10,"Taiwan Mobile Co., Ltd.",24158
2026-01-07 06:45:50.683912 UTC,2026,14:45:50,ndt-mcnzr_1763541608_00000000003F2EE2,Download,25.138485907671246,100.877,0.11691490519609404,Taipei City,Taipei,25.053,121.5259,20,"Taiwan Mobile Co., Ltd.",24158
2026-01-07 06:39:08.265819 UTC,2026,14:39:08,ndt-vh7vp_1765631114_00000000001DCC20,Download,0.44870862146173207,21.825,0.23682475334570674,Taipei City,Taipei,25.053,121.5259,20,"Taiwan Mobile Co., Ltd.",24158
2026-01-07 06:38:07.622141 UTC,2026,14:38:07,ndt-ffzkn_1765736381_00000000001A59ED,Download,2.558111694973551,30.13,0.16226816803973415,Taipei City,Taipei,25.053,121.5259,5,"Taiwan Mobile Co., Ltd.",24158
2026-01-07 06:31:34.010984 UTC,2026,14:31:34,ndt-ffzkn_1765736381_00000000001A69DE,Download,128.81380262603167,21.927,0.0,Taipei City,Taipei,25.053,121.5259,20,"Taiwan Mobile Co., Ltd.",24158
2026-01-07 06:27:08.322426 UTC,2026,14:27:08,ndt-vh7vp_1765631114_00000000001D1F32,Download,14.71935652966623,161.793,0.0013215275025559481,Taipei City,Taipei,25.053,121.5259,50,"Far EastTone Telecommunication Co., Ltd.",9674
2026-01-07 06:26:30.814426 UTC,2026,14:26:30,ndt-vh7vp_1765631114_00000000001D5CE8,Download,10.710084102658485,162.635,0.0531167072383548,Taipei City,Taipei,25.053,121.5259,50,"Far EastTone Telecommunication Co., Ltd.",9674
2026-01-07 06:25:27.207408 UTC,2026,14:25:27,ndt-vh7vp_1765631114_00000000001E30E1,Download,15.558797754984711,160.884,0.0013053398271247422,Taipei City,Taipei,25.053,121.5259,50,"Far EastTone Telecommunication Co., Ltd.",9674
2026-01-07 06:24:51.640818 UTC,2026,14:24:51,ndt-vh7vp_1765631114_00000000001D4D5F,Download,19.299508242362656,156.817,0.00099928078530469428,Taipei City,Taipei,25.053,121.5259,50,"Far EastTone Telecommunication Co., Ltd.",9674
2026-01-07 06:23:51.923021 UTC,2026,14:23:51,ndt-ffzkn_1765736381_00000000001AA5AB,Download,17.837541813502398,157.925,0.0011613592674653225,Taipei City,Taipei,25.053,121.5259,50,"Far EastTone Telecommunication Co., Ltd.",9674
2026-01-07 06:22:02.862331 UTC,2026,14:22:02,ndt-dws54_1765750705_00000000001CBDF5,Download,15.095883325339974,162.347,0.00048386102119975396,Taipei City,Taipei,25.053,121.5259,50,"Far EastTone Telecommunication Co., Ltd.",9674
2026-01-07 06:18:31.880932 UTC,2026,14:18:31,ndt-vh7vp_1765631114_00000000001DCC07,Download,23.608288221789376,158.189,0.00060023641664743929,Taipei City,Taipei,25.053,121.5259,50,"Far EastTone Telecommunication Co., Ltd.",9674
2026-01-07 06:17:41.287314 UTC,2026,14:17:41,ndt-dws54_1765750705_00000000001C7F69,Download,25.548245808566747,157.799,0.00078029566378552554,Taipei City,Taipei,25.053,121.5259,50,"Far EastTone Telecommunication Co., Ltd.",9674
2026-01-07 06:15:57.591838 UTC,2026,14:15:57,ndt-vh7vp_1765631114_00000000001E30D5,Download,80.134465685932312,149.926,4.1155091222459628e-05,Taipei City,Taipei,25.053,121.5259,5,Mobile Business Group,17421
2026-01-07 06:15:24.356697 UTC,2026,14:15:24,ndt-dws54_1765750705_00000000001CAE2B,Download,94.556855592138987,148.641,0.0,Taipei City,Taipei,25.053,121.5259,5,Mobile Business Group,17421
2026-01-07 06:09:41.741704 UTC,2026,14:09:41,ndt-vh7vp_1765631114_00000000001D5CD6,Download,18.15778258257016,36.811,0.00026431929424323487,Taipei City,Taipei,25.053,121.5259,5,"Taiwan Mobile Co., Ltd.",24158
2026-01-07 05:59:07.810980 UTC,2026,13:59:07,ndt-ffzkn_1765736381_00000000001AC3AB,Download,152.9437376145323,18.999,0.0,Taipei City,Taipei,25.053,121.5259,5,Mobile Business Group,17421
2026-01-07 05:52:58.759048 UTC,2026,13:52:58,ndt-vh7vp_1765631114_00000000001D3D94,Download,8.11593261502458,164.746,0.0,Taipei City,Taipei,25.053,121.5259,5,Mobile Business Group,17421
2026-01-07 05:52:16.146198 UTC,2026,13:52:16,ndt-ffzkn_1765736381_00000000001A6983,Download,116.70873707965119,149.661,0.00023906035699465693,Taipei City,Taipei,25.053,121.5259,100,"Far EastTone Telecommunication Co., Ltd.",9674
2026-01-07 05:50:15.988800 UTC,2026,13:50:15,ndt-dws54_1765750705_00000000001D87F9,Download,402.53340749977144,11.602,0.0062756368652120238,Taipei City,Taipei,25.053,121.5259,5,Mobile Business Group,17421
2026-01-07 05:49:06.641266 UTC,2026,13:49:06,ndt-vh7vp_1765631114_00000000001DABB2,Download,14.734454367624007,21.33,0.040561547267578477,Taipei City,Taipei,25.053,121.5259,5,"Taiwan Mobile Co., Ltd.",24158
2026-01-07 05:46:57.339866 UTC,2026,13:46:57,ndt-dws54_1765750705_00000000001BF8F7,Download,3.1699364712078841,22.005,0.02005816587176118,Taipei City,Taipei,25.053,121.5259,5,"Taiwan Mobile Co., Ltd.",24158
2026-01-07 05:46:55.045278 UTC,2026,13:46:55,ndt-ffzkn_1765736381_00000000001A1C60,Download,8.0334987250538461,27.131,0.0,Taipei City,Taipei,25.053,121.5259,5,"Taiwan Mobile Co., Ltd.",24158
2026-01-07 05:46:02.617267 UTC,2026,13:46:02,ndt-vh7vp_1765631114_00000000001E30B0,Download,1.1367761417374376,88.002,0.011233656917195047,Taipei City,Taipei,25.053,121.5259,5,"Taiwan Mobile Co., Ltd.",24158
2026-01-07 05:45:18.412256 UTC,2026,13:45:18,ndt-ffzkn_1765736381_00000000001AC395,Download,110.67002608164279,153.991,0.0,Taipei City,Taipei,25.053,121.5259,5,Mobile Business Group,17421
2026-01-07 05:45:11.190671 UTC,2026,13:45:11,ndt-ffzkn_1765736381_00000000001A696C,Download,29.292817473204845,161.68,0.000576270488776648,Taipei City,Taipei,25.053,121.5259,50,"Far EastTone Telecommunication Co., Ltd.",9674
2026-01-07 05:45:02.408892 UTC,2026,13:45:02,ndt-ffzkn_1765736381_000000000019FFF6,Download,5.7691070724233136,17.73,0.018069658185360597,Taipei City,Taipei,25.053,121.5259,5,"Taiwan Mobile Co., Ltd.",24158
2026-01-07 05:43:27.700512 UTC,2026,13:43:27,ndt-ffzkn_1765736381_00000000001A398C,Download,5.4985864049179032,24.626,0.037341051235768585,Taipei City,Taipei,25.053,121.5259,5,"Taiwan Mobile Co., Ltd.",24158
2026-01-07 05:41:19.021974 UTC,2026,13:41:19,ndt-vh7vp_1765631114_00000000001D0FD3,Download,57.462228368851775,154.524,0.038492069633867372,Taipei City,Taipei,25.053,121.5259,5,"Far EastTone Telecommunication Co., Ltd.",9674
2026-01-07 05:40:22.853095 UTC,2026,13:40:22,ndt-ffzkn_1765736381_00000000001A3981,Download,61.530551287335754,161.812,0.00015487622783149792,Taipei City,Taipei,25.053,121.5259,50,"Far EastTone Telecommunication Co., Ltd.",9674
2026-01-07 05:21:30.331180 UTC,2026,13:21:30,ndt-ffzkn_1765736381_00000000001A6946,Download,42.698248179620386,18.987,0.0,Taipei City,Taipei,25.053,121.5259,10,"Taiwan Mobile Co., Ltd.",24158
2026-01-07 05:16:58.716651 UTC,2026,13:16:58,ndt-ffzkn_1765736381_00000000001A77F2,Download,12.842201783306047,43.781,0.0,Taipei City,Taipei,25.053,121.5259,5,"Taiwan Mobile Co., Ltd.",24158
2026-01-07 05:05:50.422947 UTC,2026,13:05:50,ndt-dws54_1765750705_00000000001C65F1,Download,2.0642907676411597,168.102,0.016021277932522147,Taipei City,Taipei,25.053,121.5259,100,"Far EastTone Telecommunication Co., Ltd.",9674
2026-01-07 05:05:39.586988 UTC,2026,13:05:39,ndt-ffzkn_1765736381_00000000001A5907,Download,8.7825702482667118,165.777,0.00035763672305948391,Taipei City,Taipei,25.053,121.5259,100,"Far EastTone Telecommunication Co., Ltd.",9674
2026-01-07 05:04:59.292670 UTC,2026,13:04:59,ndt-ffzkn_1765736381_00000000001A691F,Download,21.48057784107198,161.196,0.00087794677340998818,Taipei City,Taipei,25.053,121.5259,100,"Far EastTone Telecommunication Co., Ltd.",9674
2026-01-07 05:00:49.901311 UTC,2026,13:00:49,ndt-vh7vp_1765631114_00000000001E306A,Download,0.15023058507704318,160.575,0.27022304974940381,Taipei City,Taipei,25.053,121.5259,50,"Far EastTone Telecommunication Co., Ltd.",9674
2026-01-07 04:47:08.981041 UTC,2026,12:47:08,ndt-dws54_1765750705_00000000001CAD82,Download,3.6732969051080224,163.153,0.037202364337536653,Taipei City,Taipei,25.053,121.5259,100,"Far EastTone Telecommunication Co., Ltd.",9674
2026-01-07 04:47:01.908045 UTC,2026,12:47:01,ndt-dws54_1765750705_00000000001D8775,Download,93.565505090602926,156.785,0.0,Taipei City,Taipei,25.053,121.5259,5,Mobile Business Group,17421
2026-01-07 04:46:33.886453 UTC,2026,12:46:33,ndt-ffzkn_1765736381_00000000001AE1CB,Download,5.8122491030591572,161.758,0.0012697870705798873,Taipei City,Taipei,25.053,121.5259,100,"Far EastTone Telecommunication Co., Ltd.",9674
2026-01-07 04:45:17.376060 UTC,2026,12:45:17,ndt-ffzkn_1765736381_00000000001AB502,Download,3.5515459454205511,169.645,0.0018873310917972468,Taipei City,Taipei,25.053,121.5259,100,"Far EastTone Telecommunication Co., Ltd.",9674
2026-01-07 04:39:59.490295 UTC,2026,12:39:59,ndt-vh7vp_1765631114_00000000001DCB6C,Download,5.7929796201454868,23.406,0.0,Taipei City,Taipei,25.053,121.5259,20,"Taiwan Mobile Co., Ltd.",24158
2026-01-07 04:33:47.283636 UTC,2026,12:33:47,ndt-dws54_1765750705_00000000001C9D73,Download,17.357192177007988,41.733,0.0,Taipei City,Taipei,25.053,121.5259,5,"Taiwan Mobile Co., Ltd.",24158
2026-01-07 04:31:44.672683 UTC,2026,12:31:44,ndt-vh7vp_1765631114_00000000001DBACA,Download,1.0338956300827302,162.883,0.17622518396986322,Taipei City,Taipei,25.053,121.5259,5,Mobile Business Group,17421
2026-01-07 04:25:30.883839 UTC,2026,12:25:30,ndt-ffzkn_1765736381_00000000001AB46E,Download,55.784303716564054,156.605,0.0,Taipei City,Taipei,25.053,121.5259,5,Mobile Business Group,17421
2026-01-07 04:13:31.145643 UTC,2026,12:13:31,ndt-dws54_1765750705_00000000001BCA19,Download,71.452906401458819,161.602,0.00030085044806502608,Taipei City,Taipei,25.053,121.5259,100,"Far EastTone Telecommunication Co., Ltd.",9674
2026-01-07 04:10:42.708453 UTC,2026,12:10:42,ndt-dws54_1765750705_00000000001D49CB,Download,52.4890395527228,159.181,0.00021083911175962675,Taipei City,Taipei,25.053,121.5259,20,"Far EastTone Telecommunication Co., Ltd.",9674
2026-01-07 04:07:37.629808 UTC,2026,12:07:37,ndt-ffzkn_1765736381_00000000001AD0A6,Download,0.603294385750982,168.35,0.026656312767403139,Taipei City,Taipei,25.053,121.5259,20,"Far EastTone Telecommunication Co., Ltd.",9674
2026-01-07 04:00:02.159613 UTC,2026,12:00:02,ndt-vh7vp_1765631114_00000000001DAB0F,Download,76.423941292172557,151.63,5.7591968485416733e-05,Taipei City,Taipei,25.053,121.5259,50,"Far EastTone Telecommunication Co., Ltd.",9674