TestTime,DataYear,LocalTime,UUID,Direction,MeanThroughputMbps,MinRTT,LossRate,Subdivision1Name,City,Latitude,Longitude,AccuracyRadiusKm,ASName,ASNumber
2025-12-18 03:58:08.025293 UTC,2025,11:58:08,ndt-lvdqj_1765750705_000000000003047F,Download,72.745851849777807,156.72,0.015990437644451738,Taipei City,Taipei,25.053,121.5259,5,"Far EastTone Telecommunication Co., Ltd.",9674
2025-12-18 03:57:28.771660 UTC,2025,11:57:28,ndt-v97g4_1765631114_0000000000037A9C,Download,182.6482066396286,12.857,1.4525861997995807e-05,Taipei City,Taipei,25.053,121.5259,5,Mobile Business Group,17421
2025-12-18 03:52:11.162601 UTC,2025,11:52:11,ndt-lvdqj_1765750705_000000000004B42C,Download,33.636211945929716,39.454,0.00020111030600332831,Taipei City,Taipei,25.053,121.5259,50,"Far EastTone Telecommunication Co., Ltd.",9674
2025-12-18 03:49:36.100857 UTC,2025,11:49:36,ndt-8wq6c_1763541608_000000000024DF82,Download,28.232184227064252,170.269,0.13818838731907077,Taipei City,Taipei,25.053,121.5259,20,"Taiwan Mobile Co., Ltd.",24158
2025-12-18 03:48:30.262015 UTC,2025,11:48:30,ndt-v97g4_1765631114_000000000004E89B,Download,4.5643732763362124,165.862,0.14585138601714182,Taipei City,Taipei,25.053,121.5259,50,"Far EastTone Telecommunication Co., Ltd.",9674
2025-12-18 03:43:33.301333 UTC,2025,11:43:33,ndt-lvdqj_1765750705_0000000000032370,Download,29.4188120913798,21.605,0.061060647732796354,Taipei City,Taipei,25.053,121.5259,20,"Taiwan Mobile Co., Ltd.",24158
2025-12-18 03:31:32.251631 UTC,2025,11:31:32,ndt-d8597_1765736381_000000000003C65F,Download,18.423722715581018,31.967,0.012243289485537285,Taipei City,Taipei,25.053,121.5259,5,Mobile Business Group,17421
2025-12-18 03:28:17.570875 UTC,2025,11:28:17,ndt-lvdqj_1765750705_0000000000041242,Download,71.853684808174549,160.995,3.0793940235603833e-05,Taipei City,Taipei,25.053,121.5259,100,"Far EastTone Telecommunication Co., Ltd.",9674
2025-12-18 03:26:07.990197 UTC,2025,11:26:07,ndt-lvdqj_1765750705_0000000000038321,Download,2.13493199488352,165.291,0.087170390686720223,Taipei City,Taipei,25.053,121.5259,100,"Far EastTone Telecommunication Co., Ltd.",9674
2025-12-18 03:25:33.325589 UTC,2025,11:25:33,ndt-virtual-hrhtg_1763486473_0000000000220CB0,Download,3.41446017000395,29.536,0.0010397652787315064,Taipei City,Taipei,25.053,121.5259,100,"Far EastTone Telecommunication Co., Ltd.",9674
2025-12-18 03:18:31.056959 UTC,2025,11:18:31,ndt-v97g4_1765631114_0000000000042921,Download,1.873743357302907,25.813,0.0,Taipei City,Taipei,25.053,121.5259,5,"Taiwan Mobile Co., Ltd.",24158
2025-12-18 03:17:19.367800 UTC,2025,11:17:19,ndt-d8597_1765736381_00000000000376AA,Download,0.10646129475794605,448.454,0.3248149032720325,Taipei City,Taipei,25.053,121.5259,5,"Taiwan Mobile Co., Ltd.",24158
2025-12-18 03:15:07.232240 UTC,2025,11:15:07,ndt-v97g4_1765631114_00000000000468D4,Download,48.3225397391695,154.862,0.0,Taipei City,Taipei,25.053,121.5259,5,Mobile Business Group,17421
2025-12-18 03:13:46.917891 UTC,2025,11:13:46,ndt-d8597_1765736381_000000000003961F,Download,20.974415853131532,24.7,0.00099129245949985175,Taipei City,Taipei,25.053,121.5259,5,"Taiwan Mobile Co., Ltd.",24158
2025-12-18 03:11:43.470354 UTC,2025,11:11:43,ndt-lvdqj_1765750705_000000000003A2BB,Download,83.842220345669091,21.86,0.0,Taipei City,Taipei,25.053,121.5259,10,"Far EastTone Telecommunication Co., Ltd.",9674
2025-12-18 03:11:19.196280 UTC,2025,11:11:19,ndt-v97g4_1765631114_0000000000037A71,Download,68.894949641608562,19.748,3.254567154715751e-05,Taipei City,Taipei,25.053,121.5259,10,"Far EastTone Telecommunication Co., Ltd.",9674
2025-12-18 02:49:51.750672 UTC,2025,10:49:51,ndt-v97g4_1765631114_00000000000534E3,Download,10.313689447189313,153.85,0.23438528059417899,Taipei City,Taipei,25.053,121.5259,100,"Far EastTone Telecommunication Co., Ltd.",9674
2025-12-18 02:45:14.948489 UTC,2025,10:45:14,ndt-d8597_1765736381_0000000000036638,Download,109.1992501260826,151.767,0.0,Taipei City,Taipei,25.053,121.5259,5,Mobile Business Group,17421
2025-12-18 02:44:50.022412 UTC,2025,10:44:50,ndt-d8597_1765736381_000000000003C5FC,Download,112.76236649447739,151.363,0.0,Taipei City,Taipei,25.053,121.5259,5,Mobile Business Group,17421
2025-12-18 02:43:57.008565 UTC,2025,10:43:57,ndt-lvdqj_1765750705_000000000003535D,Download,16.96374684190145,161.326,0.00064510900309245744,Taipei City,Taipei,25.053,121.5259,100,"Far EastTone Telecommunication Co., Ltd.",9674
2025-12-18 02:41:36.387616 UTC,2025,10:41:36,ndt-d8597_1765736381_00000000000316EA,Download,38.11649417763924,21.081,0.0,Taipei City,Taipei,25.053,121.5259,10,"Taiwan Mobile Co., Ltd.",24158
2025-12-18 02:40:02.760451 UTC,2025,10:40:02,ndt-v97g4_1765631114_000000000004D81A,Download,104.31958333408332,160.761,0.00010697768385583291,Taipei City,Taipei,25.053,121.5259,50,"Far EastTone Telecommunication Co., Ltd.",9674
2025-12-18 02:37:53.053405 UTC,2025,10:37:53,ndt-v97g4_1765631114_0000000000045858,Download,3.5229395022930725,162.522,0.0,Taipei City,Taipei,25.053,121.5259,5,Mobile Business Group,17421
2025-12-18 02:21:22.618834 UTC,2025,10:21:22,ndt-v97g4_1765631114_000000000004887E,Download,4.5260537350066476,165.0,0.068836995283561492,Taipei City,Taipei,25.053,121.5259,100,"Far EastTone Telecommunication Co., Ltd.",9674
2025-12-18 02:18:21.396131 UTC,2025,10:18:21,ndt-lvdqj_1765750705_0000000000035340,Download,14.058073597742119,167.632,0.00015554208540763625,Taipei City,Taipei,25.053,121.5259,5,Mobile Business Group,17421
2025-12-18 02:14:48.484180 UTC,2025,10:14:48,ndt-v97g4_1765631114_0000000000043890,Download,46.615313299296666,158.828,0.0,Taipei City,Taipei,25.053,121.5259,5,Mobile Business Group,17421
2025-12-18 02:13:37.876803 UTC,2025,10:13:37,ndt-lvdqj_1765750705_000000000003D259,Download,69.523200291379283,151.031,0.0017681930412586327,Taipei City,Taipei,25.053,121.5259,5,"Far EastTone Telecommunication Co., Ltd.",9674
2025-12-18 02:13:22.894763 UTC,2025,10:13:22,ndt-d8597_1765736381_000000000003E54A,Download,409.233801585408,16.568,0.0,Taipei City,Taipei,25.053,121.5259,5,"Taiwan Mobile Co., Ltd.",24158
2025-12-18 02:11:56.092809 UTC,2025,10:11:56,ndt-v97g4_1765631114_00000000000428E8,Download,37.771908387182677,157.858,0.0,Taipei City,Taipei,25.053,121.5259,5,Mobile Business Group,17421
2025-12-18 02:09:22.908921 UTC,2025,10:09:22,ndt-v97g4_1765631114_000000000004F674,Download,11.557973120845086,17.232,0.12634008424210952,Taipei City,Taipei,25.053,121.5259,5,"Taiwan Mobile Co., Ltd.",24158
2025-12-18 01:53:20.155813 UTC,2025,09:53:20,ndt-lvdqj_1765750705_00000000000332EF,Download,25.123625620701873,156.579,0.0,Taipei City,Taipei,25.053,121.5259,5,Mobile Business Group,17421
2025-12-18 01:52:38.867054 UTC,2025,09:52:38,ndt-lvdqj_1765750705_00000000000322F0,Download,119.95184415584934,154.862,0.0,Taipei City,Taipei,25.053,121.5259,100,"Far EastTone Telecommunication Co., Ltd.",9674
2025-12-18 01:50:12.281472 UTC,2025,09:50:12,ndt-lvdqj_1765750705_000000000003D23F,Download,385.03912838177155,17.038,7.0785940373093828e-05,Taipei City,Taipei,25.053,121.5259,5,"Taiwan Mobile Co., Ltd.",24158
2025-12-18 01:39:15.658760 UTC,2025,09:39:15,ndt-v97g4_1765631114_000000000004B81A,Download,66.191596298692971,21.207,0.0,Taipei City,Taipei,25.053,121.5259,5,"Taiwan Mobile Co., Ltd.",24158
2025-12-18 01:39:06.599277 UTC,2025,09:39:06,ndt-v97g4_1765631114_00000000000428BD,Download,63.48814902008781,160.048,0.00012143940390601168,Taipei City,Taipei,25.053,121.5259,50,"Far EastTone Telecommunication Co., Ltd.",9674
2025-12-18 01:36:25.875142 UTC,2025,09:36:25,ndt-v97g4_1765631114_000000000004A814,Download,70.363266023627688,22.072,0.010521445752856056,Taipei City,Taipei,25.053,121.5259,10,"Far EastTone Telecommunication Co., Ltd.",9674
2025-12-18 01:35:33.211912 UTC,2025,09:35:33,ndt-lvdqj_1765750705_00000000000362E2,Download,15.510738174369369,20.833,0.040239459408420088,Taipei City,Taipei,25.053,121.5259,10,"Far EastTone Telecommunication Co., Ltd.",9674
2025-12-18 01:32:29.279927 UTC,2025,09:32:29,ndt-d8597_1765736381_0000000000035637,Download,0.061531854973610231,18.957,0.67649439132726041,Taipei City,Taipei,25.053,121.5259,10,"Taiwan Mobile Co., Ltd.",24158
2025-12-18 01:32:06.933712 UTC,2025,09:32:06,ndt-lvdqj_1765750705_000000000004E112,Download,2.644508868168157,159.292,0.0010922326249409497,Taipei City,Taipei,25.053,121.5259,50,"Far EastTone Telecommunication Co., Ltd.",9674
2025-12-18 01:17:17.532161 UTC,2025,09:17:17,ndt-v97g4_1765631114_000000000004F64B,Download,1.01206509696062,32.206,0.0003671393129651733,Taipei City,Taipei,25.053,121.5259,5,"Taiwan Mobile Co., Ltd.",24158
2025-12-18 01:14:58.663099 UTC,2025,09:14:58,ndt-v97g4_1765631114_000000000004E7F5,Download,90.79998696106658,22.04,0.0,Taipei City,Taipei,25.053,121.5259,10,"Far EastTone Telecommunication Co., Ltd.",9674
2025-12-18 01:13:23.137934 UTC,2025,09:13:23,ndt-v97g4_1765631114_00000000000478C8,Download,122.24430891825375,147.403,0.0,Taipei City,Taipei,25.053,121.5259,5,Mobile Business Group,17421
2025-12-18 01:05:26.044095 UTC,2025,09:05:26,ndt-d8597_1765736381_000000000003E4C3,Download,73.493970655600648,20.766,0.0,Taipei City,Taipei,25.053,121.5259,10,"Far EastTone Telecommunication Co., Ltd.",9674
2025-12-18 01:01:50.210385 UTC,2025,09:01:50,ndt-d8597_1765736381_0000000000039524,Download,16.648644865060476,17.843,0.056175707812062,Taipei City,Taipei,25.053,121.5259,5,"Taiwan Mobile Co., Ltd.",24158
2025-12-18 00:56:32.045950 UTC,2025,08:56:32,ndt-d8597_1765736381_0000000000038598,Download,34.740711400581233,23.929,0.0,Taipei City,Taipei,25.053,121.5259,5,Mobile Business Group,17421
2025-12-18 00:55:58.962105 UTC,2025,08:55:58,ndt-d8597_1765736381_000000000004D021,Download,15.500269064117752,25.268,0.0,Taipei City,Taipei,25.053,121.5259,5,"Taiwan Mobile Co., Ltd.",24158
2025-12-18 00:31:11.842590 UTC,2025,08:31:11,ndt-d8597_1765736381_000000000003B512,Download,81.04693748200296,27.03,0.0,Taipei City,Taipei,25.053,121.5259,5,"Taiwan Mobile Co., Ltd.",24158
2025-12-18 00:30:30.176909 UTC,2025,08:30:30,ndt-d8597_1765736381_00000000000335AE,Download,10.257265579552479,161.196,0.25423236503465568,Taipei City,Taipei,25.053,121.5259,100,"Far EastTone Telecommunication Co., Ltd.",9674
2025-12-18 00:24:40.806493 UTC,2025,08:24:40,ndt-virtual-hrhtg_1763486473_000000000021E700,Download,32.883568629581369,17.161,0.12371686213227109,Taipei City,Taipei,25.053,121.5259,20,"Taiwan Mobile Co., Ltd.",24158
2025-12-18 00:23:55.844534 UTC,2025,08:23:55,ndt-lvdqj_1765750705_0000000000038273,Download,106.5544988639121,156.839,3.2971846245600389e-05,Taipei City,Taipei,25.053,121.5259,20,"Far EastTone Telecommunication Co., Ltd.",9674
2025-12-18 00:22:30.718089 UTC,2025,08:22:30,ndt-lvdqj_1765750705_000000000003A220,Download,118.81902901736049,22.261,0.0,Taipei City,Taipei,25.053,121.5259,10,"Taiwan Mobile Co., Ltd.",24158
2025-12-18 00:11:07.214380 UTC,2025,08:11:07,ndt-lvdqj_1765750705_0000000000038260,Download,215.069752783501,20.088,0.0,Taipei City,Taipei,25.053,121.5259,5,"Taiwan Mobile Co., Ltd.",24158
2025-12-17 23:59:34.031493 UTC,2025,07:59:34,ndt-d8597_1765736381_0000000000038538,Download,19.191039643792898,165.872,0.2650560854447252,Taipei City,Taipei,25.053,121.5259,50,"Far EastTone Telecommunication Co., Ltd.",9674
2025-12-17 23:31:24.769973 UTC,2025,07:31:24,ndt-d8597_1765736381_00000000000364DB,Download,53.644413763975336,156.28,0.043511497900389433,Taipei City,Taipei,25.053,121.5259,5,Mobile Business Group,17421
2025-12-17 23:28:26.763410 UTC,2025,07:28:26,ndt-v97g4_1765631114_000000000004F5EF,Download,104.21311816865568,155.45,2.1538117188473307e-05,Taipei City,Taipei,25.053,121.5259,20,"Far EastTone Telecommunication Co., Ltd.",9674
2025-12-17 23:26:31.464557 UTC,2025,07:26:31,ndt-d8597_1765736381_0000000000035522,Download,81.661505762720537,155.335,0.00013653052250259644,Taipei City,Taipei,25.053,121.5259,20,"Far EastTone Telecommunication Co., Ltd.",9674
2025-12-17 23:13:51.265115 UTC,2025,07:13:51,ndt-v97g4_1765631114_000000000004180E,Download,11.510011692105497,21.599,0.1046369513900126,Taipei City,Taipei,25.053,121.5259,10,"Taiwan Mobile Co., Ltd.",24158
2025-12-17 22:54:24.700101 UTC,2025,06:54:24,ndt-v97g4_1765631114_0000000000047859,Download,8.2889825863504889,27.32,0.0,Taipei City,Taipei,25.053,121.5259,10,Mobile Business Group,17421
2025-12-17 22:52:35.771781 UTC,2025,06:52:35,ndt-v97g4_1765631114_000000000004A787,Download,97.16116414066623,157.34,0.00017125875045666,Taipei City,Taipei,25.053,121.5259,20,"Far EastTone Telecommunication Co., Ltd.",9674
2025-12-17 22:49:48.225747 UTC,2025,06:49:48,ndt-v97g4_1765631114_000000000004C786,Download,89.074899466472274,154.751,0.00012494659473674371,Taipei City,Taipei,25.053,121.5259,20,"Far EastTone Telecommunication Co., Ltd.",9674
2025-12-17 22:40:26.549841 UTC,2025,06:40:26,ndt-lvdqj_1765750705_0000000000033232,Download,77.3135348349539,18.842,1.1242866703690165e-05,Taipei City,Taipei,25.053,121.5259,10,"Taiwan Mobile Co., Ltd.",24158
2025-12-17 22:38:44.039642 UTC,2025,06:38:44,ndt-lvdqj_1765750705_000000000003222C,Download,46.538345918194189,164.432,0.00021578936781673847,Taipei City,Taipei,25.053,121.5259,20,"Far EastTone Telecommunication Co., Ltd.",9674
2025-12-17 22:38:32.983160 UTC,2025,06:38:32,ndt-lvdqj_1765750705_000000000003A1C9,Download,56.322058211133296,162.381,0.00019602726316426714,Taipei City,Taipei,25.053,121.5259,100,"Far EastTone Telecommunication Co., Ltd.",9674
2025-12-17 22:37:48.279907 UTC,2025,06:37:48,ndt-v97g4_1765631114_00000000000497BD,Download,60.312727608651372,160.936,7.7241392888953455e-05,Taipei City,Taipei,25.053,121.5259,20,"Far EastTone Telecommunication Co., Ltd.",9674
2025-12-17 22:36:01.594088 UTC,2025,06:36:01,ndt-lvdqj_1765750705_000000000003C1B8,Download,33.336850649983589,162.725,0.00048529418083194305,Taipei City,Taipei,25.053,121.5259,20,"Far EastTone Telecommunication Co., Ltd.",9674
2025-12-17 22:34:42.579521 UTC,2025,06:34:42,ndt-d8597_1765736381_00000000000354AC,Download,56.593642580191641,164.311,9.8745917170956578e-05,Taipei City,Taipei,25.053,121.5259,20,"Far EastTone Telecommunication Co., Ltd.",9674
2025-12-17 22:24:36.264755 UTC,2025,06:24:36,ndt-v97g4_1765631114_0000000000045776,Download,22.452879481939345,19.511,0.0,Taipei City,Taipei,25.053,121.5259,50,"Taiwan Mobile Co., Ltd.",24158
2025-12-17 22:23:16.427396 UTC,2025,06:23:16,ndt-d8597_1765736381_000000000003B40F,Download,9.9383646435269757,21.754,0.0,Taipei City,Taipei,25.053,121.5259,5,"Taiwan Mobile Co., Ltd.",24158
2025-12-17 21:58:49.685288 UTC,2025,05:58:49,ndt-v97g4_1765631114_000000000004C75E,Download,211.58167893037125,18.847,0.00014771325330188766,Taipei City,Taipei,25.053,121.5259,10,"Taiwan Mobile Co., Ltd.",24158
2025-12-17 21:55:00.668043 UTC,2025,05:55:00,ndt-v97g4_1765631114_00000000000437C9,Download,113.99603112941625,156.897,0.0,Taipei City,Taipei,25.053,121.5259,20,"Far EastTone Telecommunication Co., Ltd.",9674
2025-12-17 21:53:54.743835 UTC,2025,05:53:54,ndt-v97g4_1765631114_0000000000048787,Download,106.91231478819545,154.629,0.0,Taipei City,Taipei,25.053,121.5259,20,"Far EastTone Telecommunication Co., Ltd.",9674
2025-12-17 21:53:24.203220 UTC,2025,05:53:24,ndt-d8597_1765736381_00000000000304CF,Download,117.43189294591031,154.478,0.0,Taipei City,Taipei,25.053,121.5259,20,"Far EastTone Telecommunication Co., Ltd.",9674
2025-12-17 21:45:20.158516 UTC,2025,05:45:20,ndt-lvdqj_1765750705_0000000000031208,Download,21.247996390698489,18.6,0.0089372719204170621,Taipei City,Taipei,25.053,121.5259,10,"Taiwan Mobile Co., Ltd.",24158
2025-12-17 21:44:51.958182 UTC,2025,05:44:51,ndt-lvdqj_1765750705_000000000003919F,Download,26.836116885726035,18.104,0.011452123080583356,Taipei City,Taipei,25.053,121.5259,10,"Taiwan Mobile Co., Ltd.",24158
2025-12-17 21:44:24.285375 UTC,2025,05:44:24,ndt-lvdqj_1765750705_00000000000381CE,Download,27.078120333019143,18.736,0.026090342008293094,Taipei City,Taipei,25.053,121.5259,10,"Taiwan Mobile Co., Ltd.",24158
2025-12-17 21:38:41.526276 UTC,2025,05:38:41,ndt-d8597_1765736381_00000000000314B9,Download,114.27050925239881,154.989,0.0,Taipei City,Taipei,25.053,121.5259,20,"Far EastTone Telecommunication Co., Ltd.",9674
2025-12-17 21:37:27.366038 UTC,2025,05:37:27,ndt-d8597_1765736381_000000000000EF5B,Download,113.52577155063672,154.429,0.0,Taipei City,Taipei,25.053,121.5259,20,"Far EastTone Telecommunication Co., Ltd.",9674
2025-12-17 21:36:54.242977 UTC,2025,05:36:54,ndt-d8597_1765736381_000000000003343C,Download,117.03109775931307,154.945,0.0,Taipei City,Taipei,25.053,121.5259,20,"Far EastTone Telecommunication Co., Ltd.",9674
2025-12-17 21:36:24.617569 UTC,2025,05:36:24,ndt-d8597_1765736381_0000000000038415,Download,115.47033786913987,154.446,0.0,Taipei City,Taipei,25.053,121.5259,20,"Far EastTone Telecommunication Co., Ltd.",9674
2025-12-17 21:35:33.009383 UTC,2025,05:35:33,ndt-lvdqj_1765750705_00000000000311FC,Download,109.14623858054813,155.788,0.0,Taipei City,Taipei,25.053,121.5259,20,"Far EastTone Telecommunication Co., Ltd.",9674
2025-12-17 21:34:59.903110 UTC,2025,05:34:59,ndt-d8597_1765736381_00000000000344B0,Download,107.45358442808039,158.875,0.0,Taipei City,Taipei,25.053,121.5259,20,"Far EastTone Telecommunication Co., Ltd.",9674
2025-12-17 21:20:45.016260 UTC,2025,05:20:45,ndt-v97g4_1765631114_000000000004A74B,Download,56.079620324345285,168.065,6.0408530028503544e-05,Taipei City,Taipei,25.053,121.5259,100,"Far EastTone Telecommunication Co., Ltd.",9674
2025-12-17 19:27:18.763467 UTC,2025,03:27:18,ndt-v97g4_1765631114_00000000000446EA,Download,11.957315454936086,160.698,0.29773151234897,Taipei City,Taipei,25.053,121.5259,20,"Far EastTone Telecommunication Co., Ltd.",9674
2025-12-17 19:18:09.602634 UTC,2025,03:18:09,ndt-v97g4_1765631114_000000000004D69B,Download,91.043977832447055,159.861,0.00011014725029842474,Taipei City,Taipei,25.053,121.5259,50,"Far EastTone Telecommunication Co., Ltd.",9674
2025-12-17 19:17:35.896033 UTC,2025,03:17:35,ndt-lvdqj_1765750705_0000000000031182,Download,94.506737958263642,161.118,0.00023480422835717513,Taipei City,Taipei,25.053,121.5259,50,"Far EastTone Telecommunication Co., Ltd.",9674
2025-12-17 18:58:15.990693 UTC,2025,02:58:15,ndt-v97g4_1765631114_000000000004D690,Download,110.69908518420816,153.987,0.0,Taipei City,Taipei,25.053,121.5259,5,Mobile Business Group,17421
2025-12-17 18:57:16.689625 UTC,2025,02:57:16,ndt-lvdqj_1765750705_000000000003A110,Download,202.60497715455449,19.033,0.0,Taipei City,Taipei,25.053,121.5259,5,"Taiwan Mobile Co., Ltd.",24158
2025-12-17 18:28:03.398204 UTC,2025,02:28:03,ndt-lvdqj_1765750705_000000000003B0C1,Download,42.943849178107072,22.288,0.048183186184816873,Taipei City,Taipei,25.053,121.5259,100,"Far EastTone Telecommunication Co., Ltd.",9674
2025-12-17 18:14:34.622596 UTC,2025,02:14:34,ndt-lvdqj_1765750705_000000000003C0B8,Download,30.320160502684768,169.916,0.00050595891367342472,Taipei City,Taipei,25.053,121.5259,50,"Far EastTone Telecommunication Co., Ltd.",9674
2025-12-17 17:37:32.523952 UTC,2025,01:37:32,ndt-d8597_1765736381_00000000000302F7,Download,149.42709918219975,25.441,0.0,Taipei City,Taipei,25.053,121.5259,5,"Taiwan Mobile Co., Ltd.",24158
2025-12-17 17:31:36.647132 UTC,2025,01:31:36,ndt-v97g4_1765631114_00000000000416EC,Download,7.8192518562665638,168.148,0.0016172103800444393,Taipei City,Taipei,25.053,121.5259,100,"Far EastTone Telecommunication Co., Ltd.",9674
2025-12-17 17:31:21.192356 UTC,2025,01:31:21,ndt-v97g4_1765631114_0000000000037846,Download,10.187506317448294,166.765,0.0016750006158090499,Taipei City,Taipei,25.053,121.5259,100,"Far EastTone Telecommunication Co., Ltd.",9674
2025-12-17 17:30:27.656664 UTC,2025,01:30:27,ndt-lvdqj_1765750705_000000000003C086,Download,22.530387718677819,156.144,0.19845891165945095,Taipei City,Taipei,25.053,121.5259,5,Mobile Business Group,17421
2025-12-17 17:28:06.023718 UTC,2025,01:28:06,ndt-d8597_1765736381_000000000003B1CE,Download,221.1507550294904,15.9,0.0,Taipei City,Taipei,25.053,121.5259,5,"Taiwan Mobile Co., Ltd.",24158
2025-12-17 17:27:05.333092 UTC,2025,01:27:05,ndt-d8597_1765736381_000000000003C1A2,Download,88.72163944205758,154.885,0.0,Taipei City,Taipei,25.053,121.5259,10,Mobile Business Group,17421
2025-12-17 17:19:24.851792 UTC,2025,01:19:24,ndt-d8597_1765736381_000000000003B1BD,Download,23.375353137145808,154.914,0.097372954807104187,Taipei City,Taipei,25.053,121.5259,5,Mobile Business Group,17421
2025-12-17 17:16:47.895230 UTC,2025,01:16:47,ndt-lvdqj_1765750705_0000000000033105,Download,22.381450270521221,170.294,0.0058127244523966974,Taipei City,Taipei,25.053,121.5259,50,"Far EastTone Telecommunication Co., Ltd.",9674
2025-12-17 17:16:12.424502 UTC,2025,01:16:12,ndt-lvdqj_1765750705_0000000000041014,Download,18.562601722451266,167.079,0.050338472779130006,Taipei City,Taipei,25.053,121.5259,50,"Far EastTone Telecommunication Co., Ltd.",9674
2025-12-17 17:05:59.331052 UTC,2025,01:05:59,ndt-lvdqj_1765750705_000000000003C070,Download,27.362286749876684,168.021,0.00011529458884332157,Taipei City,Taipei,25.053,121.5259,100,"Far EastTone Telecommunication Co., Ltd.",9674
2025-12-17 16:51:46.820909 UTC,2025,00:51:46,ndt-d8597_1765736381_000000000003B17D,Download,32.749902475302328,165.688,0.038133450395352479,Taipei City,Taipei,25.053,121.5259,20,"Far EastTone Telecommunication Co., Ltd.",9674
2025-12-17 16:47:48.515755 UTC,2025,00:47:48,ndt-d8597_1765736381_00000000000351EA,Download,64.311213874543256,22.16,0.0,Taipei City,Taipei,25.053,121.5259,5,"Taiwan Mobile Co., Ltd.",24158
2025-12-17 16:44:16.086853 UTC,2025,00:44:16,ndt-lvdqj_1765750705_00000000000310F4,Download,42.903359676146685,157.176,0.0,Taipei City,Taipei,25.053,121.5259,5,Mobile Business Group,17421
2025-12-17 16:43:59.017649 UTC,2025,00:43:59,ndt-d8597_1765736381_0000000000032267,Download,28.439110238758261,22.003,0.0,Taipei City,Taipei,25.053,121.5259,20,"Taiwan Mobile Co., Ltd.",24158
2025-12-17 16:41:49.888043 UTC,2025,00:41:49,ndt-lvdqj_1765750705_0000000000019F57,Download,20.03598627930355,20.004,0.0,Taipei City,Taipei,25.053,121.5259,5,"Taiwan Mobile Co., Ltd.",24158
2025-12-17 16:39:42.036364 UTC,2025,00:39:42,ndt-lvdqj_1765750705_000000000003C05B,Download,8.0482135101627641,177.0,0.20917706645771245,Taipei City,Taipei,25.053,121.5259,100,"Far EastTone Telecommunication Co., Ltd.",9674
2025-12-17 16:27:53.544946 UTC,2025,00:27:53,ndt-lvdqj_1765750705_0000000000022F64,Download,66.210553557439368,157.204,0.0,Taipei City,Taipei,25.053,121.5259,5,Mobile Business Group,17421
2025-12-17 16:27:49.992850 UTC,2025,00:27:49,ndt-lvdqj_1765750705_000000000003A084,Download,31.302613283222229,155.958,0.0,Taipei City,Taipei,25.053,121.5259,5,Mobile Business Group,17421
2025-12-17 16:27:02.050059 UTC,2025,00:27:02,ndt-virtual-hrhtg_1763486473_0000000000219038,Download,27.127531649145446,24.778,0.0,Taipei City,Taipei,25.053,121.5259,5,Mobile Business Group,17421
2025-12-17 16:24:59.988804 UTC,2025,00:24:59,ndt-lvdqj_1765750705_00000000000340C8,Download,2.5540716541561217,163.313,0.12196582621139931,Taipei City,Taipei,25.053,121.5259,100,"Far EastTone Telecommunication Co., Ltd.",9674
2025-12-17 16:24:49.615297 UTC,2025,00:24:49,ndt-lvdqj_1765750705_00000000000340C7,Download,8.6323670618410251,166.978,0.0,Taipei City,Taipei,25.053,121.5259,5,Mobile Business Group,17421
2025-12-17 16:24:43.270025 UTC,2025,00:24:43,ndt-d8597_1765736381_0000000000030266,Download,8.7330529204680118,27.419,0.0,Taipei City,Taipei,25.053,121.5259,10,"Taiwan Mobile Co., Ltd.",24158
2025-12-17 16:23:21.627936 UTC,2025,00:23:21,ndt-lvdqj_1765750705_00000000000340C5,Download,19.079945212788402,156.88,0.0,Taipei City,Taipei,25.053,121.5259,5,Mobile Business Group,17421
2025-12-17 16:22:08.542063 UTC,2025,00:22:08,ndt-lvdqj_1765750705_000000000003C040,Download,1.3917326302901973,35.212,0.084168518434538112,Taipei City,Taipei,25.053,121.5259,20,"Taiwan Mobile Co., Ltd.",24158
2025-12-17 16:19:58.726917 UTC,2025,00:19:58,ndt-v97g4_1765631114_00000000000476EC,Download,9.8590376820201175,164.986,0.00011415191125312419,Taipei City,Taipei,25.053,121.5259,5,Mobile Business Group,17421
2025-12-17 16:16:56.208027 UTC,2025,00:16:56,ndt-lvdqj_1765750705_00000000000340BC,Download,7.1801555149052536,179.95,0.1172907932053716,Taipei City,Taipei,25.053,121.5259,100,"Far EastTone Telecommunication Co., Ltd.",9674
2025-12-17 16:14:27.200587 UTC,2025,00:14:27,ndt-lvdqj_1765750705_000000000001BFD2,Download,3.2033383449418551,167.549,0.0,Taipei City,Taipei,25.053,121.5259,5,Mobile Business Group,17421
2025-12-17 16:13:57.402365 UTC,2025,00:13:57,ndt-d8597_1765736381_00000000000341C1,Download,60.476481420272904,25.64,0.0,Taipei City,Taipei,25.053,121.5259,10,"Taiwan Mobile Co., Ltd.",24158
2025-12-17 16:12:06.823300 UTC,2025,00:12:06,ndt-v97g4_1765631114_000000000004B603,Download,19.127209855818684,161.402,0.21470828466200678,Taipei City,Taipei,25.053,121.5259,100,"Far EastTone Telecommunication Co., Ltd.",9674
2025-12-17 16:12:04.101820 UTC,2025,00:12:04,ndt-d8597_1765736381_000000000003120F,Download,27.39900742299411,157.442,0.0,Taipei City,Taipei,25.053,121.5259,5,Mobile Business Group,17421
2025-12-17 16:11:21.126897 UTC,2025,00:11:21,ndt-d8597_1765736381_00000000000331BA,Download,18.387820250667083,161.444,0.27933474994562218,Taipei City,Taipei,25.053,121.5259,100,"Far EastTone Telecommunication Co., Ltd.",9674
2025-12-17 16:03:52.265667 UTC,2025,00:03:52,ndt-d8597_1765736381_0000000000036191,Download,18.156059460252603,69.841,0.0,Taipei City,Taipei,25.053,121.5259,5,"Taiwan Mobile Co., Ltd.",24158
2025-12-17 16:03:46.173421 UTC,2025,00:03:46,ndt-v97g4_1765631114_00000000000377F2,Download,25.107173585925253,28.046,0.0,Taipei City,Taipei,25.053,121.5259,5,"Taiwan Mobile Co., Ltd.",24158
2025-12-17 16:01:24.626222 UTC,2025,00:01:24,ndt-virtual-hrhtg_1763486473_0000000000215EED,Download,41.160011416143846,21.488,0.00029232565506851675,Taipei City,Taipei,25.053,121.5259,5,"Taiwan Mobile Co., Ltd.",24158
2025-12-17 16:00:57.361353 UTC,2025,00:00:57,ndt-d8597_1765736381_0000000000030230,Download,12.399197311144327,23.773,0.0,Taipei City,Taipei,25.053,121.5259,20,"Taiwan Mobile Co., Ltd.",24158
2025-12-17 15:57:57.727557 UTC,2025,23:57:57,ndt-v97g4_1765631114_0000000000044633,Download,486.73630235139007,18.965,0.00017298397892391435,Taipei City,Taipei,25.053,121.5259,5,"Taiwan Mobile Co., Ltd.",24158
2025-12-17 15:55:42.466228 UTC,2025,23:55:42,ndt-lvdqj_1765750705_000000000003C02C,Download,19.153281089696343,18.184,0.039124434234408881,Taipei City,Taipei,25.053,121.5259,5,Mobile Business Group,17421
2025-12-17 15:55:32.078098 UTC,2025,23:55:32,ndt-lvdqj_1765750705_000000000003B031,Download,21.0586912592123,17.878,0.058762667997406114,Taipei City,Taipei,25.053,121.5259,5,Mobile Business Group,17421
2025-12-17 15:53:50.703230 UTC,2025,23:53:50,ndt-d8597_1765736381_000000000003318A,Download,18.964221794992046,162.879,0.25355335249662758,Taipei City,Taipei,25.053,121.5259,100,"Far EastTone Telecommunication Co., Ltd.",9674
2025-12-17 15:52:09.989253 UTC,2025,23:52:09,ndt-lvdqj_1765750705_00000000000360A1,Download,18.241886888401098,164.594,0.14042282323365221,Taipei City,Taipei,25.053,121.5259,100,"Far EastTone Telecommunication Co., Ltd.",9674
2025-12-17 15:49:04.793122 UTC,2025,23:49:04,ndt-d8597_1765736381_000000000003317D,Download,10.172942608766569,29.639,0.0,Taipei City,Taipei,25.053,121.5259,5,"Taiwan Mobile Co., Ltd.",24158
2025-12-17 15:47:01.457399 UTC,2025,23:47:01,ndt-lvdqj_1765750705_000000000003905D,Download,0.70706154026394019,253.348,0.01402784940691078,Taipei City,Taipei,25.053,121.5259,5,"Taiwan Mobile Co., Ltd.",24158
2025-12-17 15:44:50.275068 UTC,2025,23:44:50,ndt-d8597_1765736381_000000000003B0D5,Download,12.418741776431013,174.0,0.20781835951296296,Taipei City,Taipei,25.053,121.5259,100,"Far EastTone Telecommunication Co., Ltd.",9674
2025-12-17 15:41:48.976991 UTC,2025,23:41:48,ndt-d8597_1765736381_0000000000038128,Download,22.762159330706815,164.753,0.000618523128430277,Taipei City,Taipei,25.053,121.5259,50,"Far EastTone Telecommunication Co., Ltd.",9674
2025-12-17 15:40:12.920802 UTC,2025,23:40:12,ndt-d8597_1765736381_0000000000035140,Download,23.758231373657875,158.826,0.023565999621055139,Taipei City,Taipei,25.053,121.5259,50,"Far EastTone Telecommunication Co., Ltd.",9674
2025-12-17 15:36:27.092865 UTC,2025,23:36:27,ndt-lvdqj_1765750705_0000000000019F13,Download,20.111725792688254,26.154,0.0,Taipei City,Taipei,25.053,121.5259,100,"Far EastTone Telecommunication Co., Ltd.",9674
2025-12-17 15:33:55.054093 UTC,2025,23:33:55,ndt-d8597_1765736381_0000000000034164,Download,27.367021038768442,161.26,0.00064020988841832066,Taipei City,Taipei,25.053,121.5259,5,"Far EastTone Telecommunication Co., Ltd.",9674
2025-12-17 15:33:08.150558 UTC,2025,23:33:08,ndt-d2hpb_1763462662_00000000002626F7,Download,20.386096683779172,58.429,0.23118828727541982,Taipei City,Taipei,25.053,121.5259,100,"Far EastTone Telecommunication Co., Ltd.",9674
2025-12-17 15:32:47.726345 UTC,2025,23:32:47,ndt-lvdqj_1765750705_000000000003D00D,Download,55.857845841662069,152.773,0.018564384380463962,Taipei City,Taipei,25.053,121.5259,100,"Far EastTone Telecommunication Co., Ltd.",9674
2025-12-17 15:29:25.504651 UTC,2025,23:29:25,ndt-lvdqj_1765750705_000000000001BFA6,Download,47.920415748774786,160.612,0.00020775970872903581,Taipei City,Taipei,25.053,121.5259,50,"Far EastTone Telecommunication Co., Ltd.",9674
2025-12-17 15:26:48.741260 UTC,2025,23:26:48,ndt-lvdqj_1765750705_0000000000030151,Download,23.146669836805938,161.988,0.00072989771975965506,Taipei City,Taipei,25.053,121.5259,5,"Far EastTone Telecommunication Co., Ltd.",9674
2025-12-17 15:23:26.620949 UTC,2025,23:23:26,ndt-lvdqj_1765750705_000000000001BFA4,Download,19.59044098361467,21.087,0.19491218852896233,Taipei City,Taipei,25.053,121.5259,5,"Taiwan Mobile Co., Ltd.",24158
2025-12-17 15:14:16.078437 UTC,2025,23:14:16,ndt-lvdqj_1765750705_000000000003A03A,Download,26.596901615331241,160.087,0.00057292294298181569,Taipei City,Taipei,25.053,121.5259,100,"Far EastTone Telecommunication Co., Ltd.",9674
2025-12-17 15:07:04.301833 UTC,2025,23:07:04,ndt-v97g4_1765631114_000000000004B5C8,Download,48.574653182073561,18.234,0.00069827871968003137,Taipei City,Taipei,25.053,121.5259,20,Mobile Business Group,17421
2025-12-17 15:05:56.016184 UTC,2025,23:05:56,ndt-lvdqj_1765750705_0000000000008FF7,Download,46.675375437236767,23.714,0.0,Taipei City,Taipei,25.053,121.5259,5,"Taiwan Mobile Co., Ltd.",24158
2025-12-17 15:03:15.126123 UTC,2025,23:03:15,ndt-d8597_1765736381_000000000002EF3D,Download,234.72425358755982,17.853,0.0,Taipei City,Taipei,25.053,121.5259,10,"Taiwan Mobile Co., Ltd.",24158
2025-12-17 14:56:38.995069 UTC,2025,22:56:38,ndt-virtual-hrhtg_1763486473_0000000000217AD6,Download,48.535147305005061,12.727,0.081480402565864959,Taipei City,Taipei,25.053,121.5259,100,"Far EastTone Telecommunication Co., Ltd.",9674
2025-12-17 14:56:08.691849 UTC,2025,22:56:08,ndt-d8597_1765736381_00000000000380B8,Download,33.720472962189504,22.653,0.00039037880745836084,Taipei City,Taipei,25.053,121.5259,50,"Far EastTone Telecommunication Co., Ltd.",9674
2025-12-17 14:55:00.891458 UTC,2025,22:55:00,ndt-v97g4_1765631114_000000000004165C,Download,253.49766160198709,17.455,0.0,Taipei City,Taipei,25.053,121.5259,10,"Taiwan Mobile Co., Ltd.",24158
2025-12-17 14:54:13.482114 UTC,2025,22:54:13,ndt-d2hpb_1763462662_000000000024FF36,Download,9.8368096676085415,60.0,0.23932339546855996,Taipei City,Taipei,25.053,121.5259,100,"Far EastTone Telecommunication Co., Ltd.",9674
2025-12-17 14:53:16.747515 UTC,2025,22:53:16,ndt-v97g4_1765631114_0000000000044603,Download,18.348151421549563,159.649,0.31581755987598004,Taipei City,Taipei,25.053,121.5259,50,"Far EastTone Telecommunication Co., Ltd.",9674
2025-12-17 14:51:42.409687 UTC,2025,22:51:42,ndt-d8597_1765736381_0000000000039090,Download,138.35708262297658,14.9,2.42961459996827e-05,Taipei City,Taipei,25.053,121.5259,5,"Far EastTone Telecommunication Co., Ltd.",9674
2025-12-17 14:48:28.901626 UTC,2025,22:48:28,ndt-virtual-hrhtg_1763486473_000000000021852F,Download,45.219383670797804,20.273,0.0,Taipei City,Taipei,25.053,121.5259,10,"Taiwan Mobile Co., Ltd.",24158
2025-12-17 14:46:10.953426 UTC,2025,22:46:10,ndt-virtual-hrhtg_1763486473_0000000000217A4B,Download,3.5957203492631304,25.66,0.0,Taipei City,Taipei,25.053,121.5259,10,"Taiwan Mobile Co., Ltd.",24158
2025-12-17 14:43:33.983307 UTC,2025,22:43:33,ndt-v97g4_1765631114_000000000004F429,Download,35.298357070492344,27.443,0.0,Taipei City,Taipei,25.053,121.5259,5,"Taiwan Mobile Co., Ltd.",24158
2025-12-17 14:42:24.491972 UTC,2025,22:42:24,ndt-lvdqj_1765750705_0000000000028F0B,Download,20.649846978941785,25.274,0.0,Taipei City,Taipei,25.053,121.5259,5,"Taiwan Mobile Co., Ltd.",24158
2025-12-17 14:41:47.456860 UTC,2025,22:41:47,ndt-d8597_1765736381_0000000000008E33,Download,37.713443111210218,23.738,0.0,Taipei City,Taipei,25.053,121.5259,5,"Taiwan Mobile Co., Ltd.",24158
2025-12-17 14:39:56.652561 UTC,2025,22:39:56,ndt-d8597_1765736381_0000000000032145,Download,9.3073349771256861,174.0,0.20469645330750308,Taipei City,Taipei,25.053,121.5259,100,"Far EastTone Telecommunication Co., Ltd.",9674
2025-12-17 14:38:33.483889 UTC,2025,22:38:33,ndt-v97g4_1765631114_0000000000037790,Download,37.417051618052113,159.962,0.020969170824336889,Taipei City,Taipei,25.053,121.5259,10,"Taiwan Mobile Co., Ltd.",24158
2025-12-17 14:37:30.192995 UTC,2025,22:37:30,ndt-v97g4_1765631114_000000000004A5E7,Download,109.10662281521894,159.202,0.0,Taipei City,Taipei,25.053,121.5259,50,"Far EastTone Telecommunication Co., Ltd.",9674
2025-12-17 14:36:40.716996 UTC,2025,22:36:40,ndt-lvdqj_1765750705_0000000000039020,Download,38.984075356129146,154.791,0.026449516994547565,Taipei City,Taipei,25.053,121.5259,10,"Taiwan Mobile Co., Ltd.",24158
2025-12-17 14:32:41.967166 UTC,2025,22:32:41,ndt-lvdqj_1765750705_0000000000038041,Download,12.712618648576218,23.258,0.0,Taipei City,Taipei,25.053,121.5259,5,"Taiwan Mobile Co., Ltd.",24158
2025-12-17 14:31:52.250062 UTC,2025,22:31:52,ndt-v97g4_1765631114_000000000003778B,Download,2.3229023252765528,166.007,0.0014210493258521061,Taipei City,Taipei,25.053,121.5259,10,"Taiwan Mobile Co., Ltd.",24158
2025-12-17 14:30:44.930890 UTC,2025,22:30:44,ndt-d8597_1765736381_00000000000350B5,Download,20.547574727630977,23.086,0.074774080269749688,Taipei City,Neihu District,25.0811,121.5839,100,"Far EastTone Telecommunication Co., Ltd.",9674
2025-12-17 14:29:23.958747 UTC,2025,22:29:23,ndt-lvdqj_1765750705_0000000000005FD5,Download,13.495417798818012,22.591,0.0,Taipei City,Taipei,25.053,121.5259,5,"Taiwan Mobile Co., Ltd.",24158
2025-12-17 14:28:38.077222 UTC,2025,22:28:38,ndt-d8597_1765736381_000000000003211F,Download,18.831294372692621,153.877,0.026180512970662574,Taipei City,Taipei,25.053,121.5259,10,"Taiwan Mobile Co., Ltd.",24158
2025-12-17 14:27:12.936387 UTC,2025,22:27:12,ndt-lvdqj_1765750705_0000000000035069,Download,14.70415372301024,227.699,0.12156440745298079,Taipei City,Taipei,25.053,121.5259,10,"Taiwan Mobile Co., Ltd.",24158
2025-12-17 14:20:42.123188 UTC,2025,22:20:42,ndt-v97g4_1765631114_000000000004C5B3,Download,15.706910663125635,220.0,0.092702627280839,Taipei City,Taipei,25.053,121.5259,10,"Taiwan Mobile Co., Ltd.",24158
2025-12-17 14:19:02.626051 UTC,2025,22:19:02,ndt-lvdqj_1765750705_0000000000004FDE,Download,27.411490018546345,161.892,0.021311921962227511,Taipei City,Taipei,25.053,121.5259,10,"Taiwan Mobile Co., Ltd.",24158
2025-12-17 14:19:00.745735 UTC,2025,22:19:00,ndt-d8597_1765736381_00000000000330D5,Download,22.117492621210943,20.94,0.10140779919821327,Taipei City,Taipei,25.053,121.5259,10,"Taiwan Mobile Co., Ltd.",24158
2025-12-17 14:16:29.173326 UTC,2025,22:16:29,ndt-lvdqj_1765750705_0000000000004FDB,Download,0.95389979392976121,39.837,0.115780267377452,Taipei City,Taipei,25.053,121.5259,20,"Taiwan Mobile Co., Ltd.",24158
2025-12-17 14:13:57.643406 UTC,2025,22:13:57,ndt-v97g4_1765631114_000000000004E594,Download,1.2135690016166756,170.646,0.00740006025234499,Taipei City,Taipei,25.053,121.5259,50,"Far EastTone Telecommunication Co., Ltd.",9674
2025-12-17 14:07:59.538540 UTC,2025,22:07:59,ndt-v97g4_1765631114_000000000004E590,Download,40.353519167233109,157.013,0.0,Taipei City,Taipei,25.053,121.5259,10,Mobile Business Group,17421
2025-12-17 13:55:58.373326 UTC,2025,21:55:58,ndt-virtual-hrhtg_1763486473_0000000000215876,Download,4.2423385094152595,19.826,0.00037547874893077829,Taipei City,Taipei,25.053,121.5259,5,"Taiwan Mobile Co., Ltd.",24158
2025-12-17 13:53:01.131372 UTC,2025,21:53:01,ndt-d8597_1765736381_0000000000031104,Download,9.8320549202534266,162.047,0.0,Taipei City,Taipei,25.053,121.5259,50,"Far EastTone Telecommunication Co., Ltd.",9674
2025-12-17 13:44:49.618206 UTC,2025,21:44:49,ndt-v97g4_1765631114_00000000000435CD,Download,52.481793166663273,161.583,0.0025089478676061819,Taipei City,Taipei,25.053,121.5259,100,"Far EastTone Telecommunication Co., Ltd.",9674
2025-12-17 13:43:22.564914 UTC,2025,21:43:22,ndt-v97g4_1765631114_0000000000040C57,Download,21.457179345001535,23.65,0.12604274946814653,Taipei City,Taipei,25.053,121.5259,20,"Taiwan Mobile Co., Ltd.",24158
2025-12-17 13:41:28.651456 UTC,2025,21:41:28,ndt-d8597_1765736381_000000000002BF2F,Download,15.691545513367423,172.0,0.20679877042692252,Taipei City,Taipei,25.053,121.5259,100,"Far EastTone Telecommunication Co., Ltd.",9674
2025-12-17 13:41:24.819319 UTC,2025,21:41:24,ndt-d8597_1765736381_0000000000038017,Download,2.7064283475070536,32.334,0.0,Taipei City,Taipei,25.053,121.5259,5,"Taiwan Mobile Co., Ltd.",24158
2025-12-17 13:40:58.389874 UTC,2025,21:40:58,ndt-v97g4_1765631114_0000000000037744,Download,15.626422203800818,167.036,0.10852552961446216,Taipei City,Taipei,25.053,121.5259,100,"Far EastTone Telecommunication Co., Ltd.",9674
2025-12-17 13:37:20.632303 UTC,2025,21:37:20,ndt-d8597_1765736381_00000000000320B9,Download,12.461914391201384,156.624,0.098866259009390556,Taipei City,Taipei,25.053,121.5259,100,"Far EastTone Telecommunication Co., Ltd.",9674
2025-12-17 13:35:25.206776 UTC,2025,21:35:25,ndt-v97g4_1765631114_000000000004859B,Download,8.3030111110652047,154.51,0.01947596957902651,Taipei City,Taipei,25.053,121.5259,5,Mobile Business Group,17421
2025-12-17 13:29:14.597960 UTC,2025,21:29:14,ndt-d8597_1765736381_000000000003701F,Download,0.435534392945075,177.321,0.042390576192089122,Taipei City,Taipei,25.053,121.5259,5,"Taiwan Mobile Co., Ltd.",24158
2025-12-17 13:26:35.285029 UTC,2025,21:26:35,ndt-v97g4_1765631114_000000000004D555,Download,17.516438613709749,23.434,0.0,Taipei City,Taipei,25.053,121.5259,20,"Taiwan Mobile Co., Ltd.",24158
2025-12-17 13:26:10.470837 UTC,2025,21:26:10,ndt-lvdqj_1765750705_0000000000017FD8,Download,2.8593153937538882,29.92,0.0011880753179848646,Taipei City,Taipei,25.053,121.5259,20,"Taiwan Mobile Co., Ltd.",24158
2025-12-17 13:25:34.041048 UTC,2025,21:25:34,ndt-lvdqj_1765750705_0000000000034006,Download,6.3244140458451241,28.879,0.0039659974046046395,Taipei City,Taipei,25.053,121.5259,20,"Taiwan Mobile Co., Ltd.",24158
2025-12-17 13:24:39.504976 UTC,2025,21:24:39,ndt-d8597_1765736381_0000000000037015,Download,4.3869437455163549,26.284,0.0,Taipei City,Taipei,25.053,121.5259,20,"Taiwan Mobile Co., Ltd.",24158
2025-12-17 13:24:09.769531 UTC,2025,21:24:09,ndt-d8597_1765736381_0000000000037014,Download,23.833732958594236,20.22,0.019868989937263843,Taipei City,Taipei,25.053,121.5259,5,"Taiwan Mobile Co., Ltd.",24158
2025-12-17 13:22:21.320606 UTC,2025,21:22:21,ndt-v97g4_1765631114_000000000004B54D,Download,11.81555835889808,23.148,0.0,Taipei City,Taipei,25.053,121.5259,20,"Taiwan Mobile Co., Ltd.",24158
2025-12-17 13:21:14.417697 UTC,2025,21:21:14,ndt-d8597_1765736381_000000000003502B,Download,3.5506345537165016,29.0,0.0073135973044851079,Taipei City,Taipei,25.053,121.5259,20,"Taiwan Mobile Co., Ltd.",24158
2025-12-17 13:19:56.262568 UTC,2025,21:19:56,ndt-v97g4_1765631114_00000000000465C6,Download,5.4171281493877093,23.714,0.0028320163044220051,Taipei City,Taipei,25.053,121.5259,20,"Taiwan Mobile Co., Ltd.",24158
2025-12-17 13:19:27.165522 UTC,2025,21:19:27,ndt-d8597_1765736381_000000000002FF4A,Download,5.342726562264132,31.791,0.0,Taipei City,Taipei,25.053,121.5259,20,"Taiwan Mobile Co., Ltd.",24158
2025-12-17 13:18:42.288231 UTC,2025,21:18:42,ndt-d8597_1765736381_0000000000029FA2,Download,22.2803010432921,25.677,0.0078878034580437718,Taipei City,Taipei,25.053,121.5259,20,"Taiwan Mobile Co., Ltd.",24158
2025-12-17 13:10:52.020229 UTC,2025,21:10:52,ndt-lvdqj_1765750705_0000000000005F7D,Download,10.581721298691329,157.9,0.27993891517130909,Taipei City,Taipei,25.053,121.5259,5,"Far EastTone Telecommunication Co., Ltd.",9674
2025-12-17 13:07:55.824575 UTC,2025,21:07:55,ndt-lvdqj_1765750705_000000000001BF27,Download,37.043645157022787,30.0,0.14494747057612403,Taipei City,Taipei,25.053,121.5259,50,"Far EastTone Telecommunication Co., Ltd.",9674
2025-12-17 13:04:00.069502 UTC,2025,21:04:00,ndt-v97g4_1765631114_00000000000465B2,Download,27.101885828804271,27.035,0.0,Taipei City,Taipei,25.053,121.5259,5,"Far EastTone Telecommunication Co., Ltd.",9674
2025-12-17 12:57:53.726512 UTC,2025,20:57:53,ndt-v97g4_1765631114_000000000004C537,Download,24.469241948980439,158.771,0.00063496835269197575,Taipei City,Taipei,25.053,121.5259,100,"Far EastTone Telecommunication Co., Ltd.",9674
2025-12-17 12:56:08.136249 UTC,2025,20:56:08,ndt-v97g4_1765631114_000000000004259A,Download,25.946083447597811,165.188,0.00056862976193699534,Taipei City,Taipei,25.053,121.5259,50,"Far EastTone Telecommunication Co., Ltd.",9674
2025-12-17 12:55:50.480730 UTC,2025,20:55:50,ndt-v97g4_1765631114_00000000000465A4,Download,112.56390973158197,19.635,0.0022696205636316851,Taipei City,Taipei,25.053,121.5259,50,"Far EastTone Telecommunication Co., Ltd.",9674
2025-12-17 12:54:14.016258 UTC,2025,20:54:14,ndt-lvdqj_1765750705_0000000000000FF7,Download,0.36792829787959225,20.609,0.35033538289547234,Taipei City,Taipei,25.053,121.5259,5,"Taiwan Mobile Co., Ltd.",24158
2025-12-17 12:51:42.755611 UTC,2025,20:51:42,ndt-v97g4_1765631114_000000000004A555,Download,12.723886515034685,157.527,0.0,Taipei City,Taipei,25.053,121.5259,5,Mobile Business Group,17421
2025-12-17 12:47:21.287098 UTC,2025,20:47:21,ndt-v97g4_1765631114_000000000003BC76,Download,141.12339357980025,26.175,0.0,Taipei City,Taipei,25.053,121.5259,5,"Taiwan Mobile Co., Ltd.",24158
2025-12-17 12:42:36.463322 UTC,2025,20:42:36,ndt-lvdqj_1765750705_0000000000019E5F,Download,59.044953185244353,167.404,0.00018697619641101529,Taipei City,Taipei,25.053,121.5259,100,"Far EastTone Telecommunication Co., Ltd.",9674
2025-12-17 12:42:29.871513 UTC,2025,20:42:29,ndt-lvdqj_1765750705_000000000001AFFE,Download,54.310364164761666,165.146,0.0,Taipei City,Taipei,25.053,121.5259,100,"Far EastTone Telecommunication Co., Ltd.",9674
2025-12-17 12:33:14.138119 UTC,2025,20:33:14,ndt-lvdqj_1765750705_0000000000015FC8,Download,5.6773381321602869,151.358,0.31726249388730171,Taipei City,Taipei,25.053,121.5259,5,Mobile Business Group,17421
2025-12-17 12:33:08.251711 UTC,2025,20:33:08,ndt-v97g4_1765631114_0000000000048558,Download,4.8041642793819745,30.023,0.0,Taipei City,Taipei,25.053,121.5259,20,"Taiwan Mobile Co., Ltd.",24158
2025-12-17 12:32:32.660334 UTC,2025,20:32:32,ndt-d8597_1765736381_0000000000029F4A,Download,25.006142515356288,28.561,0.0031159985505555179,Taipei City,Taipei,25.053,121.5259,20,"Taiwan Mobile Co., Ltd.",24158
2025-12-17 12:30:58.656803 UTC,2025,20:30:58,ndt-v97g4_1765631114_0000000000042572,Download,0.36308746346143178,190.24,0.30329016806040432,Taipei City,Taipei,25.053,121.5259,100,"Far EastTone Telecommunication Co., Ltd.",9674
2025-12-17 12:30:19.150832 UTC,2025,20:30:19,ndt-v97g4_1765631114_0000000000042571,Download,20.975784888208722,156.8,0.0736178234209621,Taipei City,Taipei,25.053,121.5259,10,"Taiwan Mobile Co., Ltd.",24158
2025-12-17 12:23:51.542589 UTC,2025,20:23:51,ndt-v97g4_1765631114_0000000000030F82,Download,13.308681425288842,24.748,0.0015519236603918473,Taipei City,Taipei,25.053,121.5259,20,"Taiwan Mobile Co., Ltd.",24158
2025-12-17 12:21:08.394823 UTC,2025,20:21:08,ndt-lvdqj_1765750705_000000000001AFEE,Download,15.36132727912266,24.896,0.00070563810030660425,Taipei City,Taipei,25.053,121.5259,5,"Taiwan Mobile Co., Ltd.",24158
2025-12-17 12:20:27.798711 UTC,2025,20:20:27,ndt-d8597_1765736381_0000000000013E00,Download,3.1069059631533413,25.439,0.0022056745147284377,Taipei City,Taipei,25.053,121.5259,5,"Taiwan Mobile Co., Ltd.",24158
2025-12-17 12:17:40.354268 UTC,2025,20:17:40,ndt-lvdqj_1765750705_0000000000019E43,Download,0.95770283273509271,188.67,0.21461172060217684,Taipei City,Taipei,25.053,121.5259,100,"Far EastTone Telecommunication Co., Ltd.",9674
2025-12-17 12:17:07.608144 UTC,2025,20:17:07,ndt-lvdqj_1765750705_0000000000015FB3,Download,0.29730511641964508,189.379,0.28314935987570261,Taipei City,Taipei,25.053,121.5259,100,"Far EastTone Telecommunication Co., Ltd.",9674
2025-12-17 12:16:59.070591 UTC,2025,20:16:59,ndt-v97g4_1765631114_0000000000049578,Download,1.010947178670311,186.356,0.21066802740291182,Taipei City,Taipei,25.053,121.5259,100,"Far EastTone Telecommunication Co., Ltd.",9674
2025-12-17 12:16:05.696380 UTC,2025,20:16:05,ndt-lvdqj_1765750705_0000000000003FC7,Download,114.27727278726633,155.996,3.7753328981289567e-05,Taipei City,Taipei,25.053,121.5259,5,Mobile Business Group,17421
2025-12-17 12:14:56.990062 UTC,2025,20:14:56,ndt-v97g4_1765631114_000000000004F390,Download,88.735857286771051,18.649,0.0,Taipei City,Taipei,25.053,121.5259,5,"Taiwan Mobile Co., Ltd.",24158
2025-12-17 12:14:56.181839 UTC,2025,20:14:56,ndt-v97g4_1765631114_000000000004B501,Download,37.281930067084126,160.818,0.00030454131958900665,Taipei City,Taipei,25.053,121.5259,100,"Far EastTone Telecommunication Co., Ltd.",9674
2025-12-17 12:14:21.958373 UTC,2025,20:14:21,ndt-lvdqj_1765750705_0000000000015FAE,Download,12.172386532134944,22.581,0.0809212782581116,Taipei City,Taipei,25.053,121.5259,20,"Taiwan Mobile Co., Ltd.",24158
2025-12-17 12:13:06.983019 UTC,2025,20:13:06,ndt-lvdqj_1765750705_0000000000009FBB,Download,3.6619424898166955,175.564,0.280871183174597,Taipei City,Taipei,25.053,121.5259,100,"Far EastTone Telecommunication Co., Ltd.",9674
2025-12-17 12:11:20.126776 UTC,2025,20:11:20,ndt-v97g4_1765631114_000000000004A532,Download,83.229992909187487,153.339,9.0504340779310955e-06,Taipei City,Taipei,25.053,121.5259,10,Mobile Business Group,17421
2025-12-17 12:11:06.538566 UTC,2025,20:11:06,ndt-lvdqj_1765750705_000000000001BEEF,Download,28.026513667200632,161.452,0.0019079376588932344,Taipei City,Taipei,25.053,121.5259,100,"Far EastTone Telecommunication Co., Ltd.",9674
2025-12-17 12:09:45.369506 UTC,2025,20:09:45,ndt-d8597_1765736381_0000000000031033,Download,17.765696478190474,154.708,0.19651164493563678,Taipei City,Taipei,25.053,121.5259,100,"Far EastTone Telecommunication Co., Ltd.",9674
2025-12-17 12:08:59.459815 UTC,2025,20:08:59,ndt-d8597_1765736381_0000000000023F45,Download,118.07626912139976,26.736,0.0,Taipei City,Taipei,25.053,121.5259,5,"Taiwan Mobile Co., Ltd.",24158
2025-12-17 12:05:23.543211 UTC,2025,20:05:23,ndt-lvdqj_1765750705_0000000000026C91,Download,5.918676121323811,158.505,0.35679998055585938,Taipei City,Taipei,25.053,121.5259,100,"Far EastTone Telecommunication Co., Ltd.",9674
2025-12-17 12:05:15.222540 UTC,2025,20:05:15,ndt-d8597_1765736381_000000000002FEB9,Download,30.405899091995618,35.291,0.00462738429309146,Taipei City,Taipei,25.053,121.5259,20,"Far EastTone Telecommunication Co., Ltd.",9674
2025-12-17 12:05:01.950954 UTC,2025,20:05:01,ndt-v97g4_1765631114_000000000004356F,Download,40.537353710802684,156.941,0.000230619617956546,Taipei City,Taipei,25.053,121.5259,10,Mobile Business Group,17421
2025-12-17 12:02:40.814952 UTC,2025,20:02:40,ndt-v97g4_1765631114_00000000000376D4,Download,11.826950409382695,167.619,0.0346321769108351,Taipei City,Taipei,25.053,121.5259,100,"Far EastTone Telecommunication Co., Ltd.",9674
2025-12-17 12:01:07.366878 UTC,2025,20:01:07,ndt-v97g4_1765631114_000000000003FC3C,Download,400.3545387797468,18.404,0.0,Taipei City,Taipei,25.053,121.5259,5,"Taiwan Mobile Co., Ltd.",24158
2025-12-17 12:00:46.533612 UTC,2025,20:00:46,ndt-v97g4_1765631114_000000000004D4FE,Download,1.9905539589694941,30.94,0.0012031838874466971,Taipei City,Taipei,25.053,121.5259,5,"Taiwan Mobile Co., Ltd.",24158
2025-12-17 12:00:46.243933 UTC,2025,20:00:46,ndt-d8597_1765736381_000000000002DF8B,Download,4.3890343057770949,45.172,0.0084341887835526763,Taipei City,Taipei,25.053,121.5259,5,"Taiwan Mobile Co., Ltd.",24158
2025-12-17 11:57:13.273152 UTC,2025,19:57:13,ndt-lvdqj_1765750705_000000000003006C,Download,43.242426438826755,26.538,0.0,Taipei City,Taipei,25.053,121.5259,5,"Taiwan Mobile Co., Ltd.",24158
2025-12-17 11:56:43.859362 UTC,2025,19:56:43,ndt-lvdqj_1765750705_0000000000019E32,Download,20.419562644322664,17.89,0.0,Taipei City,Taipei,25.053,121.5259,5,Mobile Business Group,17421
2025-12-17 11:56:28.576504 UTC,2025,19:56:28,ndt-lvdqj_1765750705_0000000000009FAB,Download,50.2452242095114,25.672,0.0,Taipei City,Taipei,25.053,121.5259,5,"Taiwan Mobile Co., Ltd.",24158
2025-12-17 11:56:09.082439 UTC,2025,19:56:09,ndt-d8597_1765736381_0000000000030041,Download,48.265667716756063,22.845,0.0,Taipei City,Taipei,25.053,121.5259,10,"Taiwan Mobile Co., Ltd.",24158
2025-12-17 11:52:01.405382 UTC,2025,19:52:01,ndt-d8597_1765736381_000000000002AF8F,Download,5.352700566758779,26.869,0.0042424507104768033,Taipei City,Taipei,25.053,121.5259,5,"Taiwan Mobile Co., Ltd.",24158
2025-12-17 11:51:00.161791 UTC,2025,19:51:00,ndt-lvdqj_1765750705_0000000000009F9E,Download,11.800970334868023,176.638,0.11600959833018873,Taipei City,Taipei,25.053,121.5259,50,"Far EastTone Telecommunication Co., Ltd.",9674
2025-12-17 11:50:05.856587 UTC,2025,19:50:05,ndt-lvdqj_1765750705_000000000001BEDA,Download,5.5876133735147846,28.003,0.0035060864164016721,Taipei City,Taipei,25.053,121.5259,5,"Taiwan Mobile Co., Ltd.",24158
2025-12-17 11:49:31.719710 UTC,2025,19:49:31,ndt-v97g4_1765631114_0000000000035CEA,Download,5.9736030339721973,30.034,0.0092801452344298731,Taipei City,Taipei,25.053,121.5259,10,"Taiwan Mobile Co., Ltd.",24158
2025-12-17 11:48:00.231483 UTC,2025,19:48:00,ndt-d8597_1765736381_000000000002FE9B,Download,19.425043461080346,27.326,0.019240663052047888,Taipei City,Taipei,25.053,121.5259,5,"Taiwan Mobile Co., Ltd.",24158
2025-12-17 11:47:43.466270 UTC,2025,19:47:43,ndt-v97g4_1765631114_000000000004553A,Download,3.6959162839414703,26.411,0.0033090107978912325,Taipei City,Taipei,25.053,121.5259,5,"Taiwan Mobile Co., Ltd.",24158
2025-12-17 11:45:59.710544 UTC,2025,19:45:59,ndt-v97g4_1765631114_0000000000047590,Download,15.89270229566494,171.3,0.16988383714363506,Taipei City,Taipei,25.053,121.5259,100,"Far EastTone Telecommunication Co., Ltd.",9674
2025-12-17 11:41:57.920378 UTC,2025,19:41:57,ndt-v97g4_1765631114_000000000004E4E7,Download,8.35517070941163,23.671,0.070747130273242378,Taipei City,Taipei,25.053,121.5259,5,"Taiwan Mobile Co., Ltd.",24158
2025-12-17 11:40:07.275634 UTC,2025,19:40:07,ndt-lvdqj_1765750705_0000000000005F1A,Download,33.704309431253485,30.879,0.0026897604436821737,Taipei City,Taipei,25.053,121.5259,50,"Far EastTone Telecommunication Co., Ltd.",9674
2025-12-17 11:37:26.686379 UTC,2025,19:37:26,ndt-d8597_1765736381_0000000000030019,Download,73.114188787451468,154.217,0.0,Taipei City,Taipei,25.053,121.5259,10,"Taiwan Mobile Co., Ltd.",24158
2025-12-17 11:36:50.990102 UTC,2025,19:36:50,ndt-lvdqj_1765750705_0000000000009F95,Download,8.16091541017093,157.199,0.10108396431852731,Taipei City,Taipei,25.053,121.5259,10,"Taiwan Mobile Co., Ltd.",24158
2025-12-17 11:35:36.390639 UTC,2025,19:35:36,ndt-v97g4_1765631114_000000000004954A,Download,0.91183501659865962,29.132,0.00780340853635647,Taipei City,Taipei,25.053,121.5259,5,"Taiwan Mobile Co., Ltd.",24158
2025-12-17 11:34:42.690360 UTC,2025,19:34:42,ndt-v97g4_1765631114_000000000004453B,Download,15.320958589024698,27.097,0.033288498235866062,Taipei City,Taipei,25.053,121.5259,10,"Taiwan Mobile Co., Ltd.",24158
2025-12-17 11:34:30.280862 UTC,2025,19:34:30,ndt-d8597_1765736381_0000000000029ED7,Download,3.8710693727892558,21.89,0.030228560970922434,Taipei City,Taipei,25.053,121.5259,50,"Far EastTone Telecommunication Co., Ltd.",9674
2025-12-17 11:34:03.553943 UTC,2025,19:34:03,ndt-v97g4_1765631114_000000000004C4E7,Download,7.7954778835318237,38.282,0.0013090598076699628,Taipei City,Taipei,25.053,121.5259,5,"Taiwan Mobile Co., Ltd.",24158
2025-12-17 11:33:05.722736 UTC,2025,19:33:05,ndt-d8597_1765736381_0000000000024FC2,Download,37.671429864309438,163.213,0.00044337957252372,Taipei City,Taipei,25.053,121.5259,50,"Far EastTone Telecommunication Co., Ltd.",9674
2025-12-17 11:30:33.345014 UTC,2025,19:30:33,ndt-d8597_1765736381_0000000000029EC6,Download,8.6622745667517318,166.461,0.055365920370926067,Taipei City,Taipei,25.053,121.5259,100,"Far EastTone Telecommunication Co., Ltd.",9674
2025-12-17 11:30:33.023154 UTC,2025,19:30:33,ndt-lvdqj_1765750705_0000000000020DC5,Download,11.492006096934624,162.693,0.0016764952547642961,Taipei City,Taipei,25.053,121.5259,50,"Far EastTone Telecommunication Co., Ltd.",9674
2025-12-17 11:29:42.163100 UTC,2025,19:29:42,ndt-d8597_1765736381_000000000002CECE,Download,8.4064892648712313,162.59,0.0016405040320180268,Taipei City,Taipei,25.053,121.5259,50,"Far EastTone Telecommunication Co., Ltd.",9674
2025-12-17 11:28:45.963023 UTC,2025,19:28:45,ndt-lvdqj_1765750705_0000000000003F91,Download,16.401218244680063,162.905,0.000910613324857036,Taipei City,Taipei,25.053,121.5259,50,"Far EastTone Telecommunication Co., Ltd.",9674
2025-12-17 11:27:04.208375 UTC,2025,19:27:04,ndt-d2hpb_1763462662_0000000000257849,Download,39.549148577152565,52.867,0.11783563913800221,Taipei City,Taipei,25.053,121.5259,100,"Far EastTone Telecommunication Co., Ltd.",9674
2025-12-17 11:26:26.827226 UTC,2025,19:26:26,ndt-virtual-bdxlf_1763486519_00000000002062C6,Download,31.506502523782871,52.031,0.12759091556484992,Taipei City,Taipei,25.053,121.5259,100,"Far EastTone Telecommunication Co., Ltd.",9674
2025-12-17 11:26:19.660238 UTC,2025,19:26:19,ndt-d8597_1765736381_0000000000020F27,Download,35.448312733358286,22.503,9.9482024684917854e-05,Taipei City,Taipei,25.053,121.5259,5,"Taiwan Mobile Co., Ltd.",24158
2025-12-17 11:26:03.168735 UTC,2025,19:26:03,ndt-d8597_1765736381_000000000002ED9D,Download,14.283779173902131,22.706,0.00032176836643072208,Taipei City,Taipei,25.053,121.5259,50,"Far EastTone Telecommunication Co., Ltd.",9674
2025-12-17 11:25:37.781415 UTC,2025,19:25:37,ndt-d8597_1765736381_000000000002AF40,Download,45.344893563406728,23.469,0.0,Taipei City,Taipei,25.053,121.5259,5,"Taiwan Mobile Co., Ltd.",24158
2025-12-17 11:25:02.534219 UTC,2025,19:25:02,ndt-lvdqj_1765750705_000000000000DF5D,Download,37.245811691017565,23.648,0.0,Taipei City,Taipei,25.053,121.5259,5,"Taiwan Mobile Co., Ltd.",24158
2025-12-17 11:24:46.091864 UTC,2025,19:24:46,ndt-v97g4_1765631114_0000000000044533,Download,3.050202905172728,35.845,0.020169041079099413,Taipei City,Taipei,25.053,121.5259,10,"Taiwan Mobile Co., Ltd.",24158
2025-12-17 11:23:28.064287 UTC,2025,19:23:28,ndt-lvdqj_1765750705_000000000000DF5B,Download,98.8886295146386,157.993,6.50499053464083e-05,Taipei City,Taipei,25.053,121.5259,50,"Far EastTone Telecommunication Co., Ltd.",9674
2025-12-17 11:23:14.966521 UTC,2025,19:23:14,ndt-lvdqj_1765750705_0000000000017F55,Download,26.331765078710959,27.126,0.0012258924005012425,Taipei City,Taipei,25.053,121.5259,50,"Far EastTone Telecommunication Co., Ltd.",9674
2025-12-17 11:22:49.322848 UTC,2025,19:22:49,ndt-lvdqj_1765750705_0000000000019E17,Download,2.0767361540014768,163.77,0.00985085394861391,Taipei City,Taipei,25.053,121.5259,50,"Far EastTone Telecommunication Co., Ltd.",9674
2025-12-17 11:22:38.705203 UTC,2025,19:22:38,ndt-lvdqj_1765750705_000000000001BEC0,Download,21.245812906391141,22.973,0.0074704399728688269,Taipei City,Taipei,25.053,121.5259,5,"Taiwan Mobile Co., Ltd.",24158
2025-12-17 11:22:10.194578 UTC,2025,19:22:10,ndt-v97g4_1765631114_000000000004953A,Download,19.045669471724377,158.795,0.0014810025883156691,Taipei City,Taipei,25.053,121.5259,50,"Far EastTone Telecommunication Co., Ltd.",9674
2025-12-17 11:20:16.868493 UTC,2025,19:20:16,ndt-v97g4_1765631114_000000000004C4DD,Download,20.97835881183666,22.434,0.050205960157758932,Taipei City,Taipei,25.053,121.5259,5,"Taiwan Mobile Co., Ltd.",24158
2025-12-17 11:19:12.464018 UTC,2025,19:19:12,ndt-d8597_1765736381_0000000000020F15,Download,54.951164200786884,165.267,0.013528277037606909,Taipei City,Taipei,25.053,121.5259,50,"Far EastTone Telecommunication Co., Ltd.",9674
2025-12-17 11:17:13.299208 UTC,2025,19:17:13,ndt-d8597_1765736381_000000000002BE30,Download,0.55419913599123571,30.084,0.015554625585227421,Taipei City,Taipei,25.053,121.5259,5,"Taiwan Mobile Co., Ltd.",24158
2025-12-17 11:15:09.227732 UTC,2025,19:15:09,ndt-virtual-hrhtg_1763486473_0000000000216035,Download,50.212405399094948,30.962,0.00025979178668643447,Taipei City,Taipei,25.053,121.5259,50,"Far EastTone Telecommunication Co., Ltd.",9674
2025-12-17 11:14:37.547587 UTC,2025,19:14:37,ndt-v97g4_1765631114_0000000000046541,Download,7.31996271537279,157.101,0.0,Taipei City,Taipei,25.053,121.5259,5,Mobile Business Group,17421
2025-12-17 11:14:10.130153 UTC,2025,19:14:10,ndt-v97g4_1765631114_00000000000376A8,Download,7.1598534108028513,181.589,0.45277234018895157,Taipei City,Taipei,25.053,121.5259,100,"Far EastTone Telecommunication Co., Ltd.",9674
2025-12-17 11:08:38.480070 UTC,2025,19:08:38,ndt-v97g4_1765631114_000000000004C4D6,Download,8.1948610842986174,166.828,0.0015487475895717662,Taipei City,Taipei,25.053,121.5259,100,"Far EastTone Telecommunication Co., Ltd.",9674
2025-12-17 11:04:47.524539 UTC,2025,19:04:47,ndt-v97g4_1765631114_0000000000045509,Download,14.061551190249283,165.868,0.0013299875833190464,Taipei City,Taipei,25.053,121.5259,100,"Far EastTone Telecommunication Co., Ltd.",9674
2025-12-17 10:57:22.652357 UTC,2025,18:57:22,ndt-d8597_1765736381_0000000000029E7E,Download,0.84554801857744111,149.398,0.31912209617875126,Taipei City,Taipei,25.053,121.5259,5,Mobile Business Group,17421
2025-12-17 10:47:14.736697 UTC,2025,18:47:14,ndt-lvdqj_1765750705_0000000000000F88,Download,21.312381528969258,27.172,0.097166979635967848,Taipei City,Taipei,25.053,121.5259,100,"Far EastTone Telecommunication Co., Ltd.",9674
2025-12-17 10:47:00.466876 UTC,2025,18:47:00,ndt-lvdqj_1765750705_000000000001BE9C,Download,3.0775455862406624,26.961,0.079567890489201043,Taipei City,Neihu District,25.0811,121.5839,100,"Far EastTone Telecommunication Co., Ltd.",9674
2025-12-17 10:46:28.789082 UTC,2025,18:46:28,ndt-v97g4_1765631114_0000000000049519,Download,1.6528823739786007,24.852,0.0,Taipei City,Neihu District,25.0811,121.5839,100,"Far EastTone Telecommunication Co., Ltd.",9674
2025-12-17 10:46:25.559180 UTC,2025,18:46:25,ndt-lvdqj_1765750705_0000000000030028,Download,10.310256838140512,166.395,0.31468349847372523,Taipei City,Taipei,25.053,121.5259,100,"Far EastTone Telecommunication Co., Ltd.",9674
2025-12-17 10:45:55.374504 UTC,2025,18:45:55,ndt-v97g4_1765631114_00000000000454F2,Download,10.22544462131799,161.524,0.26827934974838641,Taipei City,Taipei,25.053,121.5259,100,"Far EastTone Telecommunication Co., Ltd.",9674
2025-12-17 10:42:48.042593 UTC,2025,18:42:48,ndt-lvdqj_1765750705_0000000000011EF5,Download,88.694668988365876,151.402,0.013296368946512208,Taipei City,Taipei,25.053,121.5259,5,Mobile Business Group,17421
2025-12-17 10:42:16.016142 UTC,2025,18:42:16,ndt-v97g4_1765631114_0000000000041525,Download,103.55572525308811,154.137,0.0,Taipei City,Taipei,25.053,121.5259,5,Mobile Business Group,17421
2025-12-17 10:34:33.829143 UTC,2025,18:34:33,ndt-v97g4_1765631114_0000000000044507,Download,32.085844101208004,166.985,0.055796707694336763,Taipei City,Taipei,25.053,121.5259,100,"Far EastTone Telecommunication Co., Ltd.",9674
2025-12-17 10:33:42.977015 UTC,2025,18:33:42,ndt-v97g4_1765631114_0000000000034CC9,Download,9.63234109608431,168.79,0.20287112902211968,Taipei City,Taipei,25.053,121.5259,100,"Far EastTone Telecommunication Co., Ltd.",9674
2025-12-17 10:33:30.816666 UTC,2025,18:33:30,ndt-d8597_1765736381_000000000002DEB2,Download,9.1959666977757983,172.931,0.18321690524678236,Taipei City,Taipei,25.053,121.5259,100,"Far EastTone Telecommunication Co., Ltd.",9674
2025-12-17 10:33:25.023930 UTC,2025,18:33:25,ndt-lvdqj_1765750705_0000000000019DE8,Download,11.543450440997333,160.582,0.0016121329941983533,Taipei City,Taipei,25.053,121.5259,20,"Far EastTone Telecommunication Co., Ltd.",9674
2025-12-17 10:33:11.288368 UTC,2025,18:33:11,ndt-lvdqj_1765750705_0000000000004EE4,Download,4.9433379475109049,164.108,0.00026183107934911871,Taipei City,Taipei,25.053,121.5259,100,"Far EastTone Telecommunication Co., Ltd.",9674
2025-12-17 10:32:53.411692 UTC,2025,18:32:53,ndt-d8597_1765736381_0000000000024F4C,Download,4.4169945685476257,168.15,0.0,Taipei City,Taipei,25.053,121.5259,20,"Far EastTone Telecommunication Co., Ltd.",9674
2025-12-17 10:32:36.578662 UTC,2025,18:32:36,ndt-v97g4_1765631114_0000000000041517,Download,11.326239623041863,163.93,0.0013030368148962293,Taipei City,Taipei,25.053,121.5259,20,"Far EastTone Telecommunication Co., Ltd.",9674
2025-12-17 10:32:05.928917 UTC,2025,18:32:05,ndt-d8597_1765736381_000000000002ED30,Download,12.360403157375085,161.92,0.0015639632359118326,Taipei City,Taipei,25.053,121.5259,20,"Far EastTone Telecommunication Co., Ltd.",9674
2025-12-17 10:25:35.195067 UTC,2025,18:25:35,ndt-lvdqj_1765750705_000000000001BE7F,Download,113.92282901416273,151.372,0.0,Taipei City,Taipei,25.053,121.5259,5,Mobile Business Group,17421
2025-12-17 10:24:02.991134 UTC,2025,18:24:02,ndt-lvdqj_1765750705_0000000000005ECF,Download,0.32989288462120159,149.888,0.0070400280045312888,Taipei City,Taipei,25.053,121.5259,20,"Taiwan Mobile Co., Ltd.",24158
2025-12-17 10:23:04.771841 UTC,2025,18:23:04,ndt-d8597_1765736381_0000000000022E81,Download,19.20801433104517,155.148,0.0,Taipei City,Taipei,25.053,121.5259,5,Mobile Business Group,17421
2025-12-17 10:19:37.484440 UTC,2025,18:19:37,ndt-lvdqj_1765750705_000000000003000B,Download,1.5139215752146984,158.389,0.024678663239074552,Taipei City,Taipei,25.053,121.5259,100,"Far EastTone Telecommunication Co., Ltd.",9674
2025-12-17 10:19:32.991488 UTC,2025,18:19:32,ndt-v97g4_1765631114_00000000000484CD,Download,26.147789800797426,19.88,0.0050429064972695864,Taipei City,Taipei,25.053,121.5259,5,Mobile Business Group,17421
2025-12-17 10:16:14.502001 UTC,2025,18:16:14,ndt-v97g4_1765631114_0000000000047536,Download,24.535687924070007,165.594,0.095393605212796592,Taipei City,Taipei,25.053,121.5259,100,"Far EastTone Telecommunication Co., Ltd.",9674
2025-12-17 10:14:36.238508 UTC,2025,18:14:36,ndt-d8597_1765736381_0000000000023E4D,Download,17.413391205642949,25.1,0.0642791595722225,Taipei City,Taipei,25.053,121.5259,20,"Taiwan Mobile Co., Ltd.",24158
2025-12-17 10:14:23.612357 UTC,2025,18:14:23,ndt-d8597_1765736381_0000000000021F67,Download,0.66524104340565116,171.132,0.0,Taipei City,Taipei,25.053,121.5259,100,"Far EastTone Telecommunication Co., Ltd.",9674
2025-12-17 10:12:38.577258 UTC,2025,18:12:38,ndt-virtual-bdxlf_1763486519_0000000000202F98,Download,36.670696908551982,46.722,0.14165683993230391,Taipei City,Taipei,25.053,121.5259,100,"Far EastTone Telecommunication Co., Ltd.",9674
2025-12-17 10:05:18.537199 UTC,2025,18:05:18,ndt-lvdqj_1765750705_0000000000012FF6,Download,10.361600862226993,156.155,0.21791963597728506,Taipei City,Taipei,25.053,121.5259,50,"Far EastTone Telecommunication Co., Ltd.",9674
2025-12-17 10:04:40.827090 UTC,2025,18:04:40,ndt-v97g4_1765631114_0000000000041500,Download,6.5782328576320639,164.815,0.17638462486654061,Taipei City,Taipei,25.053,121.5259,50,"Far EastTone Telecommunication Co., Ltd.",9674
2025-12-17 09:58:53.604071 UTC,2025,17:58:53,ndt-lvdqj_1765750705_0000000000004EBE,Download,18.629247434012719,156.957,0.19091425732436196,Taipei City,Taipei,25.053,121.5259,50,"Far EastTone Telecommunication Co., Ltd.",9674
2025-12-17 09:57:44.802578 UTC,2025,17:57:44,ndt-d2hpb_1763462662_0000000000250DF6,Download,29.058821329492943,45.917,0.0051244213395862416,Taipei City,Taipei,25.053,121.5259,50,"Far EastTone Telecommunication Co., Ltd.",9674
2025-12-17 09:54:55.970591 UTC,2025,17:54:55,ndt-v97g4_1765631114_00000000000414F5,Download,12.68797023171744,159.331,0.0015929743637192002,Taipei City,Taipei,25.053,121.5259,50,"Far EastTone Telecommunication Co., Ltd.",9674
2025-12-17 09:52:35.388649 UTC,2025,17:52:35,ndt-d2hpb_1763462662_000000000025E867,Download,22.47280764374576,44.602,0.0013720030668303847,Taipei City,Taipei,25.053,121.5259,50,"Far EastTone Telecommunication Co., Ltd.",9674
2025-12-17 09:51:51.382044 UTC,2025,17:51:51,ndt-v97g4_1765631114_00000000000444D4,Download,6.6440857761058085,167.738,0.0027416729784317971,Taipei City,Taipei,25.053,121.5259,50,"Far EastTone Telecommunication Co., Ltd.",9674
2025-12-17 09:51:37.911106 UTC,2025,17:51:37,ndt-v97g4_1765631114_000000000003765A,Download,4.4672195046026006,168.364,0.0020937124609782458,Taipei City,Taipei,25.053,121.5259,50,"Far EastTone Telecommunication Co., Ltd.",9674
2025-12-17 09:51:13.235063 UTC,2025,17:51:13,ndt-lvdqj_1765750705_000000000000AEFE,Download,2.4576592915384006,165.222,0.073378532142051228,Taipei City,Taipei,25.053,121.5259,50,"Far EastTone Telecommunication Co., Ltd.",9674
2025-12-17 09:48:55.554980 UTC,2025,17:48:55,ndt-d8597_1765736381_000000000002BD70,Download,5.9290740381818559,149.147,0.351826942457444,Taipei City,Taipei,25.053,121.5259,5,Mobile Business Group,17421
2025-12-17 09:48:10.514779 UTC,2025,17:48:10,ndt-d8597_1765736381_000000000002CDEC,Download,78.751802035847518,155.58,0.0,Taipei City,Taipei,25.053,121.5259,5,Mobile Business Group,17421
2025-12-17 09:44:58.244171 UTC,2025,17:44:58,ndt-d8597_1765736381_0000000000026E98,Download,10.06708978638083,161.275,0.0016837129130815485,Taipei City,Taipei,25.053,121.5259,100,"Far EastTone Telecommunication Co., Ltd.",9674
2025-12-17 09:43:02.624039 UTC,2025,17:43:02,ndt-lvdqj_1765750705_0000000000005EA3,Download,28.038882212536897,29.479,0.090315689978726688,Taipei City,Taipei,25.053,121.5259,20,"Taiwan Mobile Co., Ltd.",24158
2025-12-17 09:43:00.508646 UTC,2025,17:43:00,ndt-d8597_1765736381_0000000000025EDC,Download,25.073047205417822,161.735,0.00039202195664588549,Taipei City,Taipei,25.053,121.5259,5,"Far EastTone Telecommunication Co., Ltd.",9674
2025-12-17 09:42:43.868128 UTC,2025,17:42:43,ndt-v97g4_1765631114_000000000004750F,Download,24.044754513125664,161.314,0.0088748990816130847,Taipei City,Taipei,25.053,121.5259,5,"Far EastTone Telecommunication Co., Ltd.",9674
2025-12-17 09:41:32.963987 UTC,2025,17:41:32,ndt-lvdqj_1765750705_000000000001BE50,Download,35.015042576800134,160.505,0.0056405586073596005,Taipei City,Taipei,25.053,121.5259,100,"Far EastTone Telecommunication Co., Ltd.",9674
2025-12-17 09:40:49.079339 UTC,2025,17:40:49,ndt-lvdqj_1765750705_0000000000004EAD,Download,64.704279101226149,23.174,0.00051569754099429653,Taipei City,Taipei,25.053,121.5259,50,"Far EastTone Telecommunication Co., Ltd.",9674
2025-12-17 09:33:36.766401 UTC,2025,17:33:36,ndt-d8597_1765736381_0000000000023DFC,Download,41.54126681938434,160.52,0.0010053461799975905,Taipei City,Taipei,25.053,121.5259,50,"Far EastTone Telecommunication Co., Ltd.",9674
2025-12-17 09:32:03.425507 UTC,2025,17:32:03,ndt-v97g4_1765631114_000000000004A4A0,Download,8.6460108426810862,285.964,0.15078855730712984,Taipei City,Taipei,25.053,121.5259,100,"Far EastTone Telecommunication Co., Ltd.",9674
2025-12-17 09:27:04.474420 UTC,2025,17:27:04,ndt-d8597_1765736381_0000000000025EC0,Download,58.811598767741167,163.0,0.0008221249720486199,Taipei City,Taipei,25.053,121.5259,100,"Far EastTone Telecommunication Co., Ltd.",9674
2025-12-17 09:14:40.064628 UTC,2025,17:14:40,ndt-d8597_1765736381_000000000002DE1E,Download,1.0236318109455125,29.137,0.092648922862906422,Taipei City,Taipei,25.053,121.5259,20,"Taiwan Mobile Co., Ltd.",24158
2025-12-17 09:11:57.424907 UTC,2025,17:11:57,ndt-lvdqj_1765750705_0000000000012FAC,Download,0.71937261568997213,25.041,0.16045796988395497,Taipei City,Taipei,25.053,121.5259,20,"Taiwan Mobile Co., Ltd.",24158
2025-12-17 09:11:49.365994 UTC,2025,17:11:49,ndt-lvdqj_1765750705_000000000002AB75,Download,189.14369756637623,26.768,0.0,Taipei City,Taipei,25.053,121.5259,5,"Taiwan Mobile Co., Ltd.",24158
2025-12-17 08:47:45.981365 UTC,2025,16:47:45,ndt-d8597_1765736381_0000000000028DBF,Download,15.589042249310285,161.711,0.076710040441314617,Taipei City,Taipei,25.053,121.5259,100,"Far EastTone Telecommunication Co., Ltd.",9674
2025-12-17 08:31:51.623312 UTC,2025,16:31:51,ndt-d8597_1765736381_0000000000024E1C,Download,17.695698590993775,160.552,0.0004593701445251268,Taipei City,Taipei,25.053,121.5259,100,"Far EastTone Telecommunication Co., Ltd.",9674
2025-12-17 08:28:11.879494 UTC,2025,16:28:11,ndt-d8597_1765736381_0000000000014D38,Download,2.6432447047112246,26.176,0.0,Taipei City,Taipei,25.053,121.5259,5,Mobile Business Group,17421
2025-12-17 08:20:45.435314 UTC,2025,16:20:45,ndt-lvdqj_1765750705_0000000000017E97,Download,112.0669144029884,22.68,0.0,Taipei City,Taipei,25.053,121.5259,5,"Taiwan Mobile Co., Ltd.",24158
2025-12-17 08:12:49.549690 UTC,2025,16:12:49,ndt-v97g4_1765631114_000000000004B403,Download,7.3951834812846933,24.804,0.0,Taipei City,Taipei,25.053,121.5259,10,Mobile Business Group,17421
2025-12-17 08:12:45.852071 UTC,2025,16:12:45,ndt-v97g4_1765631114_0000000000041476,Download,82.721835114095953,156.875,0.00011117227337810878,Taipei City,Taipei,25.053,121.5259,100,"Far EastTone Telecommunication Co., Ltd.",9674
2025-12-17 08:12:24.936223 UTC,2025,16:12:24,ndt-d8597_1765736381_0000000000025E32,Download,2.8231857498877551,24.311,0.0004229957799744216,Taipei City,Taipei,25.053,121.5259,10,Mobile Business Group,17421
2025-12-17 08:12:14.812232 UTC,2025,16:12:14,ndt-d2hpb_1763462662_0000000000253A16,Download,77.582834213016028,39.991,0.00012002263410031515,Taipei City,Taipei,25.053,121.5259,100,"Far EastTone Telecommunication Co., Ltd.",9674
2025-12-17 08:11:59.856886 UTC,2025,16:11:59,ndt-v97g4_1765631114_000000000004C416,Download,78.2281080716999,19.771,0.0,Taipei City,Taipei,25.053,121.5259,5,"Taiwan Mobile Co., Ltd.",24158
2025-12-17 08:11:14.811377 UTC,2025,16:11:14,ndt-d8597_1765736381_0000000000025E2B,Download,79.243349739249481,17.646,0.0,Taipei City,Taipei,25.053,121.5259,5,"Taiwan Mobile Co., Ltd.",24158
2025-12-17 08:09:44.191035 UTC,2025,16:09:44,ndt-d8597_1765736381_0000000000028D78,Download,88.585959230276785,18.346,0.0,Taipei City,Taipei,25.053,121.5259,5,"Taiwan Mobile Co., Ltd.",24158
2025-12-17 08:02:48.447308 UTC,2025,16:02:48,ndt-lvdqj_1765750705_000000000001BDDB,Download,215.27332406085119,16.192,2.1069344635453087e-05,Taipei City,Taipei,25.053,121.5259,5,"Taiwan Mobile Co., Ltd.",24158
2025-12-17 07:56:23.547245 UTC,2025,15:56:23,ndt-lvdqj_1765750705_000000000002FA34,Download,93.831188248309886,161.155,0.0,Taipei City,Taipei,25.053,121.5259,100,"Far EastTone Telecommunication Co., Ltd.",9674
2025-12-17 07:45:57.238576 UTC,2025,15:45:57,ndt-d8597_1765736381_0000000000021E2E,Download,10.104191385667281,159.19,0.27815450961616295,Taipei City,Taipei,25.053,121.5259,50,"Far EastTone Telecommunication Co., Ltd.",9674
2025-12-17 07:45:52.720411 UTC,2025,15:45:52,ndt-lvdqj_1765750705_0000000000003EBC,Download,96.042617137985658,159.975,0.0,Taipei City,Taipei,25.053,121.5259,50,"Far EastTone Telecommunication Co., Ltd.",9674
2025-12-17 07:44:46.148383 UTC,2025,15:44:46,ndt-v97g4_1765631114_000000000004D3D7,Download,9.84087815646733,156.97,0.265937664495002,Taipei City,Taipei,25.053,121.5259,50,"Far EastTone Telecommunication Co., Ltd.",9674
2025-12-17 07:44:45.484958 UTC,2025,15:44:45,ndt-d8597_1765736381_0000000000028D3C,Download,9.116280356951723,26.03,0.0001269337395212998,Taipei City,Taipei,25.053,121.5259,5,"Taiwan Mobile Co., Ltd.",24158
2025-12-17 07:44:15.815081 UTC,2025,15:44:15,ndt-d8597_1765736381_000000000002BC7B,Download,19.475991219856631,162.883,0.24747495503363728,Taipei City,Taipei,25.053,121.5259,100,"Far EastTone Telecommunication Co., Ltd.",9674
2025-12-17 07:43:13.778173 UTC,2025,15:43:13,ndt-d8597_1765736381_0000000000029D05,Download,93.374978157276217,154.203,0.0,Taipei City,Taipei,25.053,121.5259,5,Mobile Business Group,17421
2025-12-17 07:40:43.921397 UTC,2025,15:40:43,ndt-lvdqj_1765750705_0000000000026A69,Download,19.286760938263441,158.547,0.26304453911494186,Taipei City,Taipei,25.053,121.5259,100,"Far EastTone Telecommunication Co., Ltd.",9674
2025-12-17 07:40:06.482628 UTC,2025,15:40:06,ndt-d8597_1765736381_000000000002FC6D,Download,106.66744876292864,154.926,7.0848452314825765e-06,Taipei City,Taipei,25.053,121.5259,5,Mobile Business Group,17421
2025-12-17 07:39:27.784223 UTC,2025,15:39:27,ndt-d8597_1765736381_0000000000027CF4,Download,48.035031427675555,25.901,0.0,Taipei City,Taipei,25.053,121.5259,5,"Taiwan Mobile Co., Ltd.",24158
2025-12-17 07:38:40.613724 UTC,2025,15:38:40,ndt-d8597_1765736381_000000000002EBE1,Download,9.8293176301259333,156.156,0.26427838680582133,Taipei City,Taipei,25.053,121.5259,50,"Far EastTone Telecommunication Co., Ltd.",9674
2025-12-17 07:36:54.684006 UTC,2025,15:36:54,ndt-v97g4_1765631114_000000000004842B,Download,8.2557902006909831,159.57,0.15999546016314822,Taipei City,Taipei,25.053,121.5259,50,"Far EastTone Telecommunication Co., Ltd.",9674
2025-12-17 07:36:03.762095 UTC,2025,15:36:03,ndt-d8597_1765736381_000000000002CCDF,Download,9.6242743609156776,159.254,0.22010691591189308,Taipei City,Taipei,25.053,121.5259,50,"Far EastTone Telecommunication Co., Ltd.",9674
2025-12-17 07:04:39.045673 UTC,2025,15:04:39,ndt-v97g4_1765631114_0000000000049428,Download,39.708538108904641,163.235,0.00034150058720791489,Taipei City,Taipei,25.053,121.5259,100,"Far EastTone Telecommunication Co., Ltd.",9674
2025-12-17 06:56:57.406458 UTC,2025,14:56:57,ndt-lvdqj_1765750705_000000000001AEAB,Download,422.79954134633925,14.715,0.00691410384220139,Taipei City,Taipei,25.053,121.5259,5,Mobile Business Group,17421
2025-12-17 06:53:55.682464 UTC,2025,14:53:55,ndt-v97g4_1765631114_000000000004643C,Download,81.923083095157835,158.7,0.0,Taipei City,Taipei,25.053,121.5259,10,Mobile Business Group,17421
2025-12-17 06:49:05.911624 UTC,2025,14:49:05,ndt-d8597_1765736381_000000000002DCF3,Download,62.063222371035906,157.417,0.0,Taipei City,Taipei,25.053,121.5259,10,Mobile Business Group,17421
2025-12-17 06:45:03.941516 UTC,2025,14:45:03,ndt-v97g4_1765631114_000000000004D39E,Download,10.384408078650626,160.238,0.24694179144908529,Taipei City,Taipei,25.053,121.5259,50,"Far EastTone Telecommunication Co., Ltd.",9674
2025-12-17 06:44:14.675813 UTC,2025,14:44:14,ndt-lvdqj_1765750705_0000000000019D1D,Download,19.449163044354616,22.312,0.073307307936057664,Taipei City,Taipei,25.053,121.5259,100,"Far EastTone Telecommunication Co., Ltd.",9674
2025-12-17 06:35:10.817183 UTC,2025,14:35:10,ndt-lvdqj_1765750705_0000000000003E69,Download,24.698625634457745,19.662,0.11103446085510212,Taipei City,Taipei,25.053,121.5259,100,"Taiwan Mobile Co., Ltd.",24158
2025-12-17 06:29:43.518461 UTC,2025,14:29:43,ndt-d8597_1765736381_0000000000025D55,Download,1.2886966055810836,165.181,0.0065107372452468878,Taipei City,Taipei,25.053,121.5259,100,"Far EastTone Telecommunication Co., Ltd.",9674
2025-12-17 06:28:00.038401 UTC,2025,14:28:00,ndt-v97g4_1765631114_00000000000453DC,Download,88.216413708230846,154.847,0.00013121606472767182,Taipei City,Taipei,25.053,121.5259,100,"Far EastTone Telecommunication Co., Ltd.",9674
2025-12-17 06:27:20.478213 UTC,2025,14:27:20,ndt-v97g4_1765631114_0000000000047427,Download,198.35999384438227,18.898,0.0,Taipei City,Taipei,25.053,121.5259,5,"Taiwan Mobile Co., Ltd.",24158
2025-12-17 06:27:14.599515 UTC,2025,14:27:14,ndt-lvdqj_1765750705_0000000000005DEE,Download,118.58126122354604,150.448,0.0,Taipei City,Taipei,25.053,121.5259,5,Mobile Business Group,17421
2025-12-17 06:25:18.723834 UTC,2025,14:25:18,ndt-d8597_1765736381_000000000002ACAC,Download,4.1515490701019742,25.0,0.082388414718977274,Taipei City,Taipei,25.053,121.5259,5,Mobile Business Group,17421
2025-12-17 06:16:48.297849 UTC,2025,14:16:48,ndt-v97g4_1765631114_000000000003754F,Download,52.599564377989843,155.801,0.00016855647681434397,Taipei City,Taipei,25.053,121.5259,100,"Far EastTone Telecommunication Co., Ltd.",9674
2025-12-17 06:15:11.698021 UTC,2025,14:15:11,ndt-v97g4_1765631114_000000000004B38C,Download,14.079218539288231,156.913,0.0003854395825073914,Taipei City,Taipei,25.053,121.5259,100,"Far EastTone Telecommunication Co., Ltd.",9674
2025-12-17 06:14:29.609196 UTC,2025,14:14:29,ndt-v97g4_1765631114_00000000000453CD,Download,4.3358643033062467,155.822,0.017769753409036918,Taipei City,Taipei,25.053,121.5259,100,"Far EastTone Telecommunication Co., Ltd.",9674
2025-12-17 06:10:08.396675 UTC,2025,14:10:08,ndt-v97g4_1765631114_000000000004D378,Download,114.00417378067489,78.98,0.0,Taipei City,Taipei,25.053,121.5259,5,"Taiwan Mobile Co., Ltd.",24158
2025-12-17 06:09:10.240205 UTC,2025,14:09:10,ndt-lvdqj_1765750705_0000000000000E66,Download,102.23692667747581,154.724,0.0,Taipei City,Taipei,25.053,121.5259,5,Mobile Business Group,17421
2025-12-17 06:08:36.753503 UTC,2025,14:08:36,ndt-lvdqj_1765750705_0000000000012EE2,Download,55.425394980455465,21.786,0.0,Taipei City,Taipei,25.053,121.5259,10,"Taiwan Mobile Co., Ltd.",24158
2025-12-17 05:52:15.379323 UTC,2025,13:52:15,ndt-d8597_1765736381_000000000000BBB8,Download,104.22077364842998,22.16,0.0,Taipei City,Taipei,25.053,121.5259,5,"Taiwan Mobile Co., Ltd.",24158
2025-12-17 05:52:06.829243 UTC,2025,13:52:06,ndt-d8597_1765736381_0000000000023C9A,Download,37.544642930102583,155.556,0.0003207086750541589,Taipei City,Taipei,25.053,121.5259,100,"Far EastTone Telecommunication Co., Ltd.",9674
2025-12-17 05:35:40.026651 UTC,2025,13:35:40,ndt-v97g4_1765631114_000000000004E367,Download,29.743648194912925,24.439,0.0,Taipei City,Taipei,25.053,121.5259,10,Mobile Business Group,17421
2025-12-17 05:24:35.739115 UTC,2025,13:24:35,ndt-d8597_1765736381_0000000000028C24,Download,54.057914902558643,23.084,3.4974529386185e-05,Taipei City,Taipei,25.053,121.5259,50,"Far EastTone Telecommunication Co., Ltd.",9674
2025-12-17 05:04:08.193935 UTC,2025,13:04:08,ndt-v97g4_1765631114_0000000000030BDF,Download,51.397559286714568,162.064,0.00036881720954756611,Taipei City,Taipei,25.053,121.5259,100,"Far EastTone Telecommunication Co., Ltd.",9674
2025-12-17 05:04:05.509845 UTC,2025,13:04:05,ndt-lvdqj_1765750705_0000000000018DFC,Download,61.616800394802453,22.248,0.0,Taipei City,Taipei,25.053,121.5259,5,"Taiwan Mobile Co., Ltd.",24158
2025-12-17 05:01:30.769922 UTC,2025,13:01:30,ndt-d8597_1765736381_0000000000012D22,Download,40.030997128327975,158.585,0.0449986729411561,Taipei City,Taipei,25.053,121.5259,100,"Far EastTone Telecommunication Co., Ltd.",9674
2025-12-17 04:57:41.486753 UTC,2025,12:57:41,ndt-virtual-hrhtg_1763486473_000000000020EC1F,Download,43.4973140754467,28.398,0.0,Taipei City,Taipei,25.053,121.5259,20,"Far EastTone Telecommunication Co., Ltd.",9674
2025-12-17 04:52:21.136314 UTC,2025,12:52:21,ndt-d8597_1765736381_0000000000021CC7,Download,57.8423638443849,22.815,0.0,Taipei City,Taipei,25.053,121.5259,5,"Taiwan Mobile Co., Ltd.",24158
2025-12-17 04:50:18.260401 UTC,2025,12:50:18,ndt-d8597_1765736381_0000000000025CAC,Download,48.876340228592547,159.643,0.00050291902262548092,Taipei City,Taipei,25.053,121.5259,50,"Far EastTone Telecommunication Co., Ltd.",9674
2025-12-17 04:44:49.320972 UTC,2025,12:44:49,ndt-d8597_1765736381_000000000002CB9F,Download,54.268412345992338,157.0,0.00841605569484847,Taipei City,Taipei,25.053,121.5259,50,"Far EastTone Telecommunication Co., Ltd.",9674
2025-12-17 04:42:34.064759 UTC,2025,12:42:34,ndt-lvdqj_1765750705_000000000001AE11,Download,10.213827234747566,153.965,0.0,Taipei City,Taipei,25.053,121.5259,5,Mobile Business Group,17421
2025-12-17 04:41:49.114577 UTC,2025,12:41:49,ndt-lvdqj_1765750705_000000000000ADC6,Download,8.7582131001000167,168.381,0.090445706790626731,Taipei City,Taipei,25.053,121.5259,50,"Far EastTone Telecommunication Co., Ltd.",9674
2025-12-17 04:36:57.255033 UTC,2025,12:36:57,ndt-v97g4_1765631114_000000000004A354,Download,5.7764834677564814,107.824,0.017902977712132891,Taipei City,Taipei,25.053,121.5259,100,"Far EastTone Telecommunication Co., Ltd.",9674
2025-12-17 04:36:10.043319 UTC,2025,12:36:10,ndt-v97g4_1765631114_0000000000042399,Download,1.6385149854001373,81.399,0.028682876906019814,Taipei City,Taipei,25.053,121.5259,100,"Far EastTone Telecommunication Co., Ltd.",9674
2025-12-17 04:34:53.490375 UTC,2025,12:34:53,ndt-v97g4_1765631114_000000000004E329,Download,10.785095744842751,23.943,0.00048092513739811035,Taipei City,Taipei,25.053,121.5259,100,"Far EastTone Telecommunication Co., Ltd.",9674
2025-12-17 04:31:14.547269 UTC,2025,12:31:14,ndt-v97g4_1765631114_0000000000045358,Download,16.25013991023388,172.136,0.032473517802385089,Taipei City,Taipei,25.053,121.5259,50,"Far EastTone Telecommunication Co., Ltd.",9674
2025-12-17 04:13:10.846913 UTC,2025,12:13:10,ndt-v97g4_1765631114_000000000004936B,Download,20.633649354145124,28.828,0.039874443689018491,Taipei City,Taipei,25.053,121.5259,5,"Taiwan Mobile Co., Ltd.",24158
2025-12-17 04:08:07.225370 UTC,2025,12:08:07,ndt-v97g4_1765631114_000000000004D313,Download,3.4070175707614268,25.018,0.0,Taipei City,Taipei,25.053,121.5259,5,"Taiwan Mobile Co., Ltd.",24158
2025-12-17 04:07:27.309580 UTC,2025,12:07:27,ndt-v97g4_1765631114_0000000000048354,Download,19.487623643992261,159.222,0.18722301493741508,Taipei City,Taipei,25.053,121.5259,50,"Far EastTone Telecommunication Co., Ltd.",9674
2025-12-17 04:05:36.314048 UTC,2025,12:05:36,ndt-lvdqj_1765750705_0000000000008D4F,Download,113.0649674090576,153.539,0.0,Taipei City,Taipei,25.053,121.5259,100,"Far EastTone Telecommunication Co., Ltd.",9674
2025-12-17 04:05:35.904792 UTC,2025,12:05:35,ndt-v97g4_1765631114_000000000004533C,Download,0.69609878578622009,163.0,0.012436993206223976,Taipei City,Taipei,25.053,121.5259,5,"Taiwan Mobile Co., Ltd.",24158
2025-12-11 03:57:01.124387 UTC,2025,11:57:01,ndt-d8597_1763604679_000000000015F73C,Download,43.4278122942422,17.842,0.079052818448114556,Taipei City,Taipei,25.053,121.5259,5,"Taiwan Mobile Co., Ltd.",24158
2025-12-11 03:56:54.418370 UTC,2025,11:56:54,ndt-d8597_1763604679_0000000000156E60,Download,24.578664256019692,27.916,0.0,Taipei City,Taipei,25.053,121.5259,5,"Taiwan Mobile Co., Ltd.",24158
2025-12-11 03:55:48.515496 UTC,2025,11:55:48,ndt-v97g4_1763480129_000000000017A764,Download,31.151984098398007,29.821,0.0,Taipei City,Taipei,25.053,121.5259,5,"Taiwan Mobile Co., Ltd.",24158
2025-12-11 03:55:18.292255 UTC,2025,11:55:18,ndt-v97g4_1763480129_00000000001891FC,Download,30.053748476246209,28.162,0.0,Taipei City,Taipei,25.053,121.5259,5,"Taiwan Mobile Co., Ltd.",24158
2025-12-11 03:42:09.201438 UTC,2025,11:42:09,ndt-d8597_1763604679_0000000000159AFB,Download,47.399338483263193,163.013,0.00048223019210299334,Taipei City,Taipei,25.053,121.5259,50,"Far EastTone Telecommunication Co., Ltd.",9674
2025-12-11 03:37:58.391425 UTC,2025,11:37:58,ndt-d8597_1763604679_0000000000153EF0,Download,29.750631345655052,25.508,0.0,Taipei City,Taipei,25.053,121.5259,20,"Taiwan Mobile Co., Ltd.",24158
2025-12-11 03:37:46.017455 UTC,2025,11:37:46,ndt-v97g4_1763480129_000000000018E00C,Download,64.185036625631838,158.232,0.0014631847014540543,Taipei City,Taipei,25.053,121.5259,100,"Far EastTone Telecommunication Co., Ltd.",9674
2025-12-11 03:31:57.743878 UTC,2025,11:31:57,ndt-d8597_1763604679_000000000015C9F4,Download,126.79785710683107,16.884,0.0,Taipei City,Taipei,25.053,121.5259,5,Mobile Business Group,17421
2025-12-11 03:24:13.349758 UTC,2025,11:24:13,ndt-v97g4_1763480129_000000000018A1AC,Download,115.86457220942506,150.495,0.0,Taipei City,Taipei,25.053,121.5259,5,Mobile Business Group,17421
2025-12-11 03:15:31.844047 UTC,2025,11:15:31,ndt-d8597_1763604679_0000000000150F3A,Download,74.9319014858594,164.249,0.00010322607081609999,Taipei City,Taipei,25.053,121.5259,5,Mobile Business Group,17421
2025-12-11 03:11:17.098641 UTC,2025,11:11:17,ndt-d8597_1763604679_000000000015D92E,Download,72.621904678755371,160.955,0.0,Taipei City,Taipei,25.053,121.5259,10,Mobile Business Group,17421
2025-12-11 03:09:34.311668 UTC,2025,11:09:34,ndt-d8597_1763604679_0000000000153EB4,Download,12.62068235732206,170.847,0.0011695751690194885,Taipei City,Taipei,25.053,121.5259,100,"Far EastTone Telecommunication Co., Ltd.",9674
2025-12-11 03:05:35.447067 UTC,2025,11:05:35,ndt-lvdqj_1763512125_000000000017AB60,Download,14.849909781956612,16.997,0.1220060305195034,Taipei City,Neihu District,25.0811,121.5839,10,Mobile Business Group,17421
2025-12-11 03:04:29.691360 UTC,2025,11:04:29,ndt-lvdqj_1763512125_000000000017F589,Download,13.706764079593766,153.292,0.26850040285350146,Taipei City,Taipei,25.053,121.5259,5,Mobile Business Group,17421
2025-12-11 03:03:31.331183 UTC,2025,11:03:31,ndt-virtual-hrhtg_1763486473_000000000019FC82,Download,3.9806810792338809,21.187,0.0,Taipei City,Taipei,25.053,121.5259,100,"Far EastTone Telecommunication Co., Ltd.",9674
2025-12-11 03:00:14.415120 UTC,2025,11:00:14,ndt-v97g4_1763480129_000000000017B67E,Download,6.7574323387373916,64.687,0.0025277181287896321,Taipei City,Taipei,25.053,121.5259,100,"Far EastTone Telecommunication Co., Ltd.",9674
2025-12-11 02:59:16.068605 UTC,2025,10:59:16,ndt-v97g4_1763480129_000000000016CFD4,Download,99.209555976645149,149.411,0.0,Taipei City,Taipei,25.053,121.5259,5,Mobile Business Group,17421
2025-12-11 02:59:15.826131 UTC,2025,10:59:15,ndt-d8597_1763604679_0000000000158AD0,Download,50.020192926937106,26.796,0.0,Taipei City,Taipei,25.053,121.5259,20,"Taiwan Mobile Co., Ltd.",24158
2025-12-11 02:58:43.416012 UTC,2025,10:58:43,ndt-lvdqj_1763512125_0000000000178BF6,Download,46.899508920843743,24.471,0.0,Taipei City,Taipei,25.053,121.5259,20,"Taiwan Mobile Co., Ltd.",24158
2025-12-11 02:54:05.272925 UTC,2025,10:54:05,ndt-d8597_1763604679_0000000000142D13,Download,9.16805479047527,157.597,0.0002869238192439508,Taipei City,Taipei,25.053,121.5259,10,Mobile Business Group,17421
2025-12-11 02:50:56.514724 UTC,2025,10:50:56,ndt-lvdqj_1763512125_00000000001841A1,Download,120.17246921270475,151.929,0.0,Taipei City,Taipei,25.053,121.5259,5,Mobile Business Group,17421
2025-12-11 02:50:04.652679 UTC,2025,10:50:04,ndt-d8597_1763604679_000000000015F6B1,Download,37.671787869307529,157.642,0.0,Taipei City,Taipei,25.053,121.5259,10,Mobile Business Group,17421
2025-12-11 02:45:58.488354 UTC,2025,10:45:58,ndt-v97g4_1763480129_000000000017D649,Download,7.50007918996788,159.903,0.16175672265000599,Taipei City,Taipei,25.053,121.5259,10,Mobile Business Group,17421
2025-12-11 02:45:45.599353 UTC,2025,10:45:45,ndt-d8597_1763604679_0000000000154EE2,Download,19.445045092958328,158.508,0.23720545925165981,Taipei City,Taipei,25.053,121.5259,50,"Far EastTone Telecommunication Co., Ltd.",9674
2025-12-11 02:44:57.070374 UTC,2025,10:44:57,ndt-lvdqj_1763512125_0000000000177B49,Download,14.203057328796582,159.799,0.14679170612698547,Taipei City,Taipei,25.053,121.5259,10,Mobile Business Group,17421
2025-12-11 02:43:59.629060 UTC,2025,10:43:59,ndt-v97g4_1763480129_0000000000179672,Download,59.270061215470058,157.354,0.0029406433691483731,Taipei City,Taipei,25.053,121.5259,10,Mobile Business Group,17421
2025-12-11 02:38:16.568016 UTC,2025,10:38:16,ndt-d8597_1763604679_000000000015E737,Download,0.28058054651026931,380.321,0.0087915362837133072,Taipei City,Taipei,25.053,121.5259,10,Mobile Business Group,17421
2025-12-11 02:35:47.177209 UTC,2025,10:35:47,ndt-d8597_1763604679_0000000000150EF4,Download,2.874457310582847,160.069,0.00241692893533411,Taipei City,Taipei,25.053,121.5259,10,Mobile Business Group,17421
2025-12-11 02:32:43.835922 UTC,2025,10:32:43,ndt-lvdqj_1763512125_000000000017AB25,Download,10.899820275106173,19.66,0.0,Taipei City,Taipei,25.053,121.5259,5,"Taiwan Mobile Co., Ltd.",24158
2025-12-11 02:12:36.205075 UTC,2025,10:12:36,ndt-v97g4_1763480129_000000000017399E,Download,3.4658282439031178,160.474,0.00097959457532730042,Taipei City,Taipei,25.053,121.5259,10,Mobile Business Group,17421
2025-12-11 02:12:23.101608 UTC,2025,10:12:23,ndt-v97g4_1763480129_0000000000189172,Download,248.98650388693488,17.07,0.0,Taipei City,Taipei,25.053,121.5259,5,"Taiwan Mobile Co., Ltd.",24158
2025-12-11 02:07:55.399482 UTC,2025,10:07:55,ndt-v97g4_1763480129_0000000000184378,Download,9.64537518919924,21.146,0.073454376506713215,Taipei City,Taipei,25.053,121.5259,5,"Taiwan Mobile Co., Ltd.",24158
2025-12-11 02:07:09.077118 UTC,2025,10:07:09,ndt-v97g4_1763480129_000000000018728D,Download,326.3615072037606,23.988,0.0,Taipei City,Taipei,25.053,121.5259,5,"Taiwan Mobile Co., Ltd.",24158
2025-12-11 02:06:25.233898 UTC,2025,10:06:25,ndt-lvdqj_1763512125_0000000000170EBD,Download,115.06132196392191,25.551,7.5467485443898351e-05,Taipei City,Taipei,25.053,121.5259,100,"Far EastTone Telecommunication Co., Ltd.",9674
2025-12-11 02:06:09.049718 UTC,2025,10:06:09,ndt-v97g4_1763480129_000000000017A6AB,Download,4.5714088053513748,184.642,0.0038284323434168155,Taipei City,Taipei,25.053,121.5259,100,"Far EastTone Telecommunication Co., Ltd.",9674
2025-12-11 02:04:51.873699 UTC,2025,10:04:51,ndt-lvdqj_1763512125_0000000000179A41,Download,143.603403081793,26.415,5.3705418698936018e-05,Taipei City,Taipei,25.053,121.5259,100,"Far EastTone Telecommunication Co., Ltd.",9674
2025-12-11 02:04:24.623507 UTC,2025,10:04:24,ndt-lvdqj_1763512125_00000000001804E4,Download,134.99516508122042,26.082,1.6154829363748171e-05,Taipei City,Taipei,25.053,121.5259,100,"Far EastTone Telecommunication Co., Ltd.",9674
2025-12-11 02:04:24.556016 UTC,2025,10:04:24,ndt-v97g4_1763480129_0000000000173988,Download,4.955585806120129,167.035,0.0,Taipei City,Taipei,25.053,121.5259,10,Mobile Business Group,17421
2025-12-11 02:03:23.566725 UTC,2025,10:03:23,ndt-v97g4_1763480129_0000000000184371,Download,0.29161792265148512,169.578,0.021806287479556607,Taipei City,Taipei,25.053,121.5259,10,Mobile Business Group,17421
2025-12-11 02:03:09.578101 UTC,2025,10:03:09,ndt-lvdqj_1763512125_000000000017AAEE,Download,103.51892404146415,26.228,0.00012581222228841814,Taipei City,Taipei,25.053,121.5259,100,"Far EastTone Telecommunication Co., Ltd.",9674
2025-12-11 02:00:39.047596 UTC,2025,10:00:39,ndt-d8597_1763604679_0000000000155DED,Download,1.3143691326746363,171.385,0.0030725429318629789,Taipei City,Taipei,25.053,121.5259,10,Mobile Business Group,17421
2025-12-11 01:57:50.480630 UTC,2025,09:57:50,ndt-lvdqj_1763512125_00000000001860F8,Download,183.30719624195027,29.058,0.0,Taipei City,Taipei,25.053,121.5259,5,"Taiwan Mobile Co., Ltd.",24158
2025-12-11 01:57:18.975069 UTC,2025,09:57:18,ndt-lvdqj_1763512125_000000000017C955,Download,199.66473139971956,21.671,0.0,Taipei City,Taipei,25.053,121.5259,5,"Taiwan Mobile Co., Ltd.",24158
2025-12-11 01:57:12.283560 UTC,2025,09:57:12,ndt-v97g4_1763480129_000000000017A69A,Download,1.3534319290695092,63.106,0.0,Taipei City,Taipei,25.053,121.5259,20,"Taiwan Mobile Co., Ltd.",24158
2025-12-11 01:52:47.854893 UTC,2025,09:52:47,ndt-virtual-hrhtg_1763486473_00000000001A0836,Download,105.55374479514249,14.491,0.0,Taipei City,Taipei,25.053,121.5259,100,"Far EastTone Telecommunication Co., Ltd.",9674
2025-12-11 01:51:57.510415 UTC,2025,09:51:57,ndt-d8597_1763604679_0000000000157A7B,Download,6.8672126358627219,22.108,0.077275143429911416,Taipei City,Taipei,25.053,121.5259,10,"Taiwan Mobile Co., Ltd.",24158
2025-12-11 01:51:29.027513 UTC,2025,09:51:29,ndt-lvdqj_1763512125_000000000017B9A9,Download,1.5109192071403732,159.841,0.02504539477803519,Taipei City,Taipei,25.053,121.5259,100,"Far EastTone Telecommunication Co., Ltd.",9674
2025-12-11 01:49:53.910861 UTC,2025,09:49:53,ndt-virtual-hrhtg_1763486473_00000000001A0816,Download,84.059079632957065,19.304,6.5069203347992412e-05,Taipei City,Taipei,25.053,121.5259,50,"Far EastTone Telecommunication Co., Ltd.",9674
2025-12-11 01:48:09.494075 UTC,2025,09:48:09,ndt-d8597_1763604679_0000000000159A2E,Download,81.534934901925183,159.875,0.0,Taipei City,Taipei,25.053,121.5259,20,"Far EastTone Telecommunication Co., Ltd.",9674
2025-12-11 01:47:42.867580 UTC,2025,09:47:42,ndt-lvdqj_1763512125_0000000000168F78,Download,108.14121005219143,157.825,0.0,Taipei City,Taipei,25.053,121.5259,100,"Far EastTone Telecommunication Co., Ltd.",9674
2025-12-11 01:45:42.777835 UTC,2025,09:45:42,ndt-lvdqj_1763512125_0000000000175DA6,Download,130.44652007110358,149.0,0.00040391815292771212,Taipei City,Taipei,25.053,121.5259,100,"Far EastTone Telecommunication Co., Ltd.",9674
2025-12-11 01:40:36.230489 UTC,2025,09:40:36,ndt-v97g4_1763480129_0000000000178742,Download,229.75498294417616,16.455,0.0,Taipei City,Taipei,25.053,121.5259,5,"Taiwan Mobile Co., Ltd.",24158
2025-12-11 01:39:10.923143 UTC,2025,09:39:10,ndt-d8597_1763604679_000000000015C91E,Download,38.396484270164379,156.701,0.0,Taipei City,Taipei,25.053,121.5259,50,"Far EastTone Telecommunication Co., Ltd.",9674
2025-12-11 01:39:02.141638 UTC,2025,09:39:02,ndt-v97g4_1763480129_000000000018C044,Download,5.6108293833957736,162.378,0.0,Taipei City,Taipei,25.053,121.5259,10,Mobile Business Group,17421
2025-12-11 01:30:12.634337 UTC,2025,09:30:12,ndt-v97g4_1763480129_00000000001795F7,Download,49.957199840217946,154.574,0.0003216130923554899,Taipei City,Taipei,25.053,121.5259,50,"Far EastTone Telecommunication Co., Ltd.",9674
2025-12-11 01:24:33.125524 UTC,2025,09:24:33,ndt-d8597_1763604679_0000000000158A08,Download,65.932610009123238,159.947,1.6104934551946718e-05,Taipei City,Taipei,25.053,121.5259,10,Mobile Business Group,17421
2025-12-11 01:23:59.118573 UTC,2025,09:23:59,ndt-lvdqj_1763512125_0000000000170E6E,Download,54.1307639782475,154.438,0.0,Taipei City,Taipei,25.053,121.5259,5,Mobile Business Group,17421
2025-12-11 01:23:20.199184 UTC,2025,09:23:20,ndt-lvdqj_1763512125_0000000000167F58,Download,18.429169313553306,158.308,0.00097458590336353939,Taipei City,Taipei,25.053,121.5259,50,"Far EastTone Telecommunication Co., Ltd.",9674
2025-12-11 01:23:06.412176 UTC,2025,09:23:06,ndt-d8597_1763604679_0000000000155D97,Download,10.522007530314394,19.636,0.0,Taipei City,Taipei,25.053,121.5259,20,"Far EastTone Telecommunication Co., Ltd.",9674
2025-12-11 01:22:31.393642 UTC,2025,09:22:31,ndt-v97g4_1763480129_00000000001777AE,Download,0.79954702012444434,50.164,0.021709145427286358,Taipei City,Taipei,25.053,121.5259,5,Mobile Business Group,17421
2025-12-11 01:21:07.299840 UTC,2025,09:21:07,ndt-lvdqj_1763512125_000000000016CE98,Download,64.286029688016114,25.089,0.0,Taipei City,Taipei,25.053,121.5259,5,"Taiwan Mobile Co., Ltd.",24158
2025-12-11 01:20:04.615494 UTC,2025,09:20:04,ndt-v97g4_1763480129_000000000017391F,Download,67.364709696324354,147.966,0.02633218946924407,Taipei City,Taipei,25.053,121.5259,10,"Taiwan Mobile Co., Ltd.",24158
2025-12-11 01:18:08.169814 UTC,2025,09:18:08,ndt-virtual-hrhtg_1763486473_000000000019F6E1,Download,90.248201438489218,17.153,0.00019504282431846067,Taipei City,Taipei,25.053,121.5259,50,"Far EastTone Telecommunication Co., Ltd.",9674
2025-12-11 01:16:04.275666 UTC,2025,09:16:04,ndt-d8597_1763604679_0000000000154E26,Download,12.695642864724642,22.298,0.0,Taipei City,Taipei,25.053,121.5259,5,Mobile Business Group,17421
2025-12-11 01:14:51.679183 UTC,2025,09:14:51,ndt-d8597_1763604679_000000000015E698,Download,52.104104774949022,22.498,0.0,Taipei City,Taipei,25.053,121.5259,10,"Taiwan Mobile Co., Ltd.",24158
2025-12-11 01:10:48.888856 UTC,2025,09:10:48,ndt-lvdqj_1763512125_0000000000180469,Download,0.93139548238965886,38.307,0.036322534012965209,Taipei City,Taipei,25.053,121.5259,5,Mobile Business Group,17421
2025-12-11 01:07:29.979254 UTC,2025,09:07:29,ndt-lvdqj_1763512125_0000000000177A8F,Download,0.91173624984751489,28.804,0.0064809761587805159,Taipei City,Taipei,25.053,121.5259,5,Mobile Business Group,17421
2025-12-11 01:04:42.794345 UTC,2025,09:04:42,ndt-lvdqj_1763512125_0000000000177A88,Download,158.80043366150227,25.647,0.0,Taipei City,Taipei,25.053,121.5259,50,"Taiwan Mobile Co., Ltd.",24158
2025-12-11 00:53:16.462471 UTC,2025,08:53:16,ndt-v97g4_1763480129_000000000017777C,Download,9.8326759169613425,24.076,0.0,Taipei City,Taipei,25.053,121.5259,5,"Taiwan Mobile Co., Ltd.",24158
2025-12-11 00:49:53.883051 UTC,2025,08:49:53,ndt-v97g4_1763480129_000000000017C578,Download,94.362349940694784,148.601,6.0043350006380847e-05,Taipei City,Taipei,25.053,121.5259,5,Mobile Business Group,17421
2025-12-11 00:37:18.005184 UTC,2025,08:37:18,ndt-lvdqj_1763512125_0000000000164FC1,Download,1.0577551112081474,24.89,0.14158914869827807,Taipei City,Taipei,25.053,121.5259,5,Mobile Business Group,17421
2025-12-11 00:34:29.027658 UTC,2025,08:34:29,ndt-lvdqj_1763512125_000000000018125A,Download,3.9501974010164518,24.994,0.0062591738952027295,Taipei City,Taipei,25.053,121.5259,10,"Taiwan Mobile Co., Ltd.",24158
2025-12-11 00:32:39.160438 UTC,2025,08:32:39,ndt-v97g4_1763480129_000000000016BFD0,Download,2.8745996689091489,31.979,0.0030633563234928256,Taipei City,Taipei,25.053,121.5259,5,"Taiwan Mobile Co., Ltd.",24158
2025-12-11 00:30:13.861680 UTC,2025,08:30:13,ndt-v97g4_1763480129_000000000017775B,Download,70.178135196070031,28.885,0.00018772326745267043,Taipei City,Taipei,25.053,121.5259,5,"Taiwan Mobile Co., Ltd.",24158
2025-12-11 00:30:01.929962 UTC,2025,08:30:01,ndt-lvdqj_1763512125_000000000017B91C,Download,100.58423914528845,157.106,0.00098975995721877884,Taipei City,Taipei,25.053,121.5259,100,"Far EastTone Telecommunication Co., Ltd.",9674
2025-12-11 00:27:31.004792 UTC,2025,08:27:31,ndt-d8597_1763604679_00000000001599B5,Download,19.566092722859647,28.044,0.0,Taipei City,Taipei,25.053,121.5259,5,"Taiwan Mobile Co., Ltd.",24158
2025-12-11 00:25:22.538067 UTC,2025,08:25:22,ndt-v97g4_1763480129_00000000001823A5,Download,81.38537326871959,24.876,2.7072214938584537e-05,Taipei City,Taipei,25.053,121.5259,5,"Taiwan Mobile Co., Ltd.",24158
2025-12-11 00:24:11.474335 UTC,2025,08:24:11,ndt-v97g4_1763480129_00000000001890BC,Download,183.30664438720822,13.888,0.0,Taipei City,Taipei,25.053,121.5259,20,"Taiwan Mobile Co., Ltd.",24158
2025-12-11 00:18:25.409706 UTC,2025,08:18:25,ndt-lvdqj_1763512125_0000000000172D9B,Download,83.808833833746249,157.094,3.971535180422282e-05,Taipei City,Taipei,25.053,121.5259,100,"Far EastTone Telecommunication Co., Ltd.",9674
2025-12-11 00:16:55.210515 UTC,2025,08:16:55,ndt-v97g4_1763480129_00000000001871CB,Download,105.12874913577056,161.439,0.0,Taipei City,Taipei,25.053,121.5259,100,"Far EastTone Telecommunication Co., Ltd.",9674
2025-12-11 00:14:06.812395 UTC,2025,08:14:06,ndt-v97g4_1763480129_00000000001842B7,Download,43.688713316884957,21.985,0.0,Taipei City,Taipei,25.053,121.5259,20,"Taiwan Mobile Co., Ltd.",24158
2025-12-11 00:13:39.910504 UTC,2025,08:13:39,ndt-d8597_1763604679_0000000000150DF5,Download,32.682183943848614,166.436,0.000434884207160339,Taipei City,Taipei,25.053,121.5259,100,"Far EastTone Telecommunication Co., Ltd.",9674
2025-12-11 00:01:57.685448 UTC,2025,08:01:57,ndt-d8597_1763604679_0000000000153D4A,Download,43.741957476347345,164.877,0.00025089883453274575,Taipei City,Taipei,25.053,121.5259,5,"Far EastTone Telecommunication Co., Ltd.",9674
2025-12-10 23:59:45.903100 UTC,2025,07:59:45,ndt-v97g4_1763480129_0000000000189099,Download,45.397391524504386,20.404,0.0,Taipei City,Taipei,25.053,121.5259,10,"Taiwan Mobile Co., Ltd.",24158
2025-12-10 23:58:34.699740 UTC,2025,07:58:34,ndt-v97g4_1763480129_000000000018808D,Download,20.248372314249131,159.73,0.000517772630132675,Taipei City,Taipei,25.053,121.5259,50,"Far EastTone Telecommunication Co., Ltd.",9674
2025-12-10 23:52:05.411223 UTC,2025,07:52:05,ndt-lvdqj_1763512125_00000000001803D9,Download,109.49070511401528,151.784,7.1522059035077415e-05,Taipei City,Taipei,25.053,121.5259,100,"Far EastTone Telecommunication Co., Ltd.",9674
2025-12-10 23:51:05.249073 UTC,2025,07:51:05,ndt-v97g4_1763480129_000000000016BF91,Download,41.355151686722579,162.076,0.00021784648188324471,Taipei City,Taipei,25.053,121.5259,100,"Far EastTone Telecommunication Co., Ltd.",9674
2025-12-10 23:45:06.718455 UTC,2025,07:45:06,ndt-v97g4_1763480129_0000000000165FB5,Download,73.339119057671184,165.795,0.00010663769732311451,Taipei City,Taipei,25.053,121.5259,50,"Far EastTone Telecommunication Co., Ltd.",9674
2025-12-10 23:40:07.176989 UTC,2025,07:40:07,ndt-d8597_1763604679_000000000015A8B4,Download,11.502204276418187,13.994,0.095271623121382917,Taipei City,Taipei,25.053,121.5259,5,"Taiwan Mobile Co., Ltd.",24158
2025-12-10 23:38:23.914479 UTC,2025,07:38:23,ndt-d8597_1763604679_000000000015796F,Download,15.668915465646808,21.517,0.0,Taipei City,Taipei,25.053,121.5259,20,"Taiwan Mobile Co., Ltd.",24158
2025-12-10 23:36:40.840220 UTC,2025,07:36:40,ndt-d8597_1763604679_0000000000152D86,Download,100.06763545584818,154.333,0.00012233009200643405,Taipei City,Taipei,25.053,121.5259,50,"Far EastTone Telecommunication Co., Ltd.",9674
2025-12-10 23:35:41.479864 UTC,2025,07:35:41,ndt-v97g4_1763480129_000000000018718B,Download,100.81965089903159,153.12,0.0,Taipei City,Taipei,25.053,121.5259,20,"Far EastTone Telecommunication Co., Ltd.",9674
2025-12-10 23:32:23.121139 UTC,2025,07:32:23,ndt-lvdqj_1763512125_0000000000173780,Download,19.650690955297232,161.259,0.00039276732873658822,Taipei City,Taipei,25.053,121.5259,5,"Far EastTone Telecommunication Co., Ltd.",9674
2025-12-10 23:29:41.822350 UTC,2025,07:29:41,ndt-lvdqj_1763512125_000000000017E7B1,Download,189.30174511783406,21.57,0.0,Taipei City,Taipei,25.053,121.5259,5,"Taiwan Mobile Co., Ltd.",24158
2025-12-10 23:23:40.461629 UTC,2025,07:23:40,ndt-lvdqj_1763512125_000000000017F3E7,Download,23.57236952893097,169.457,0.0,Taipei City,Taipei,25.053,121.5259,50,"Far EastTone Telecommunication Co., Ltd.",9674
2025-12-10 23:20:55.303475 UTC,2025,07:20:55,ndt-v97g4_1763480129_0000000000180377,Download,12.060277653309049,165.621,0.24344337626560694,Taipei City,Taipei,25.053,121.5259,100,"Far EastTone Telecommunication Co., Ltd.",9674
2025-12-10 23:13:38.632001 UTC,2025,07:13:38,ndt-d8597_1763604679_000000000015D782,Download,0.50051841636383765,152.851,0.056796551950467108,Taipei City,Taipei,25.053,121.5259,20,"Taiwan Mobile Co., Ltd.",24158
2025-12-10 23:12:11.378257 UTC,2025,07:12:11,ndt-virtual-hrhtg_1763486473_000000000019F01C,Download,19.467352206288602,18.715,0.0878448521626506,Taipei City,Taipei,25.053,121.5259,100,"Far EastTone Telecommunication Co., Ltd.",9674
2025-12-10 23:11:56.201343 UTC,2025,07:11:56,ndt-d2hpb_1763462662_00000000001CEA1D,Download,90.214003158781679,166.581,0.0,Taipei City,Taipei,25.053,121.5259,10,"Taiwan Mobile Co., Ltd.",24158
2025-12-10 23:11:18.582011 UTC,2025,07:11:18,ndt-d8597_1763604679_000000000015F50F,Download,193.90168495919369,16.966,5.97643119026951e-06,Taipei City,Taipei,25.053,121.5259,10,"Taiwan Mobile Co., Ltd.",24158
2025-12-10 23:08:21.374318 UTC,2025,07:08:21,ndt-d8597_1763604679_0000000000152D55,Download,34.590557238977709,155.859,0.0,Taipei City,Taipei,25.053,121.5259,5,Mobile Business Group,17421
2025-12-10 23:07:54.077994 UTC,2025,07:07:54,ndt-v97g4_1763480129_000000000018904D,Download,49.683203295998041,167.091,0.00020474418988178811,Taipei City,Taipei,25.053,121.5259,5,"Far EastTone Telecommunication Co., Ltd.",9674
2025-12-10 22:57:08.888244 UTC,2025,06:57:08,ndt-v97g4_1763480129_000000000017A57D,Download,42.664025382214767,158.0,0.261967443033148,Taipei City,Taipei,25.053,121.5259,100,"Far EastTone Telecommunication Co., Ltd.",9674
2025-12-10 22:55:08.608683 UTC,2025,06:55:08,ndt-d8597_1763604679_0000000000144BAB,Download,43.230122422067076,156.0,0.21638837423371077,Taipei City,Taipei,25.053,121.5259,100,"Far EastTone Telecommunication Co., Ltd.",9674
2025-12-10 22:50:55.640533 UTC,2025,06:50:55,ndt-lvdqj_1763512125_0000000000183135,Download,76.025575755349337,23.287,0.0,Taipei City,Taipei,25.053,121.5259,20,"Taiwan Mobile Co., Ltd.",24158
2025-12-10 22:50:14.485974 UTC,2025,06:50:14,ndt-lvdqj_1763512125_0000000000186013,Download,70.714347385436767,22.004,0.0,Taipei City,Taipei,25.053,121.5259,20,"Taiwan Mobile Co., Ltd.",24158
2025-12-10 22:49:59.003705 UTC,2025,06:49:59,ndt-v97g4_1763480129_000000000017C4C5,Download,10.887045501839133,161.809,0.0013485271459734872,Taipei City,Taipei,25.053,121.5259,100,"Far EastTone Telecommunication Co., Ltd.",9674
2025-12-10 22:49:34.911724 UTC,2025,06:49:34,ndt-d8597_1763604679_000000000015791C,Download,73.0390606465101,24.715,0.0,Taipei City,Taipei,25.053,121.5259,20,"Taiwan Mobile Co., Ltd.",24158
2025-12-10 22:48:56.252894 UTC,2025,06:48:56,ndt-lvdqj_1763512125_0000000000177985,Download,67.918382031809429,24.537,0.0,Taipei City,Taipei,25.053,121.5259,20,"Taiwan Mobile Co., Ltd.",24158
2025-12-10 22:48:21.681926 UTC,2025,06:48:21,ndt-v97g4_1763480129_000000000017952D,Download,65.006036073980454,23.87,0.0,Taipei City,Taipei,25.053,121.5259,20,"Taiwan Mobile Co., Ltd.",24158
2025-12-10 22:46:55.462283 UTC,2025,06:46:55,ndt-lvdqj_1763512125_000000000017B839,Download,62.456254133987372,29.525,0.0,Taipei City,Taipei,25.053,121.5259,20,"Taiwan Mobile Co., Ltd.",24158
2025-12-10 22:45:27.414185 UTC,2025,06:45:27,ndt-d8597_1763604679_000000000015E595,Download,20.407105034831943,29.874,0.0,Taipei City,Taipei,25.053,121.5259,10,"Taiwan Mobile Co., Ltd.",24158
2025-12-10 22:45:08.031520 UTC,2025,06:45:08,ndt-lvdqj_1763512125_0000000000178A03,Download,70.532976414280867,22.56,0.0,Taipei City,Taipei,25.053,121.5259,20,"Taiwan Mobile Co., Ltd.",24158
2025-12-10 22:44:43.044655 UTC,2025,06:44:43,ndt-d8597_1763604679_00000000001598D9,Download,42.6558293452477,156.489,0.25110167824593421,Taipei City,Taipei,25.053,121.5259,100,"Far EastTone Telecommunication Co., Ltd.",9674
2025-12-10 22:44:36.353017 UTC,2025,06:44:36,ndt-v97g4_1763480129_000000000016EE7C,Download,66.444984905901521,23.935,0.0,Taipei City,Taipei,25.053,121.5259,20,"Taiwan Mobile Co., Ltd.",24158
2025-12-10 22:43:44.665270 UTC,2025,06:43:44,ndt-lvdqj_1763512125_0000000000177977,Download,43.696002873161738,153.0,0.28968364414793607,Taipei City,Taipei,25.053,121.5259,100,"Far EastTone Telecommunication Co., Ltd.",9674
2025-12-10 22:43:25.951922 UTC,2025,06:43:25,ndt-d8597_1763604679_000000000015E58A,Download,67.89745705720533,25.045,0.0,Taipei City,Taipei,25.053,121.5259,20,"Taiwan Mobile Co., Ltd.",24158
2025-12-10 22:42:55.383819 UTC,2025,06:42:55,ndt-d8597_1763604679_00000000001588C7,Download,34.610031289988939,163.688,0.00035070261643843723,Taipei City,Taipei,25.053,121.5259,50,"Far EastTone Telecommunication Co., Ltd.",9674
2025-12-10 22:42:53.232613 UTC,2025,06:42:53,ndt-d8597_1763604679_00000000001578FD,Download,73.805805612813288,25.066,0.0,Taipei City,Taipei,25.053,121.5259,20,"Taiwan Mobile Co., Ltd.",24158
2025-12-10 22:42:00.827351 UTC,2025,06:42:00,ndt-v97g4_1763480129_0000000000165F4D,Download,118.20920115859442,151.586,0.0,Taipei City,Taipei,25.053,121.5259,100,"Far EastTone Telecommunication Co., Ltd.",9674
2025-12-10 22:40:43.533912 UTC,2025,06:40:43,ndt-lvdqj_1763512125_0000000000170D1B,Download,28.174295588676735,163.852,0.00050089468414049089,Taipei City,Taipei,25.053,121.5259,100,"Far EastTone Telecommunication Co., Ltd.",9674
2025-12-10 22:29:13.584415 UTC,2025,06:29:13,ndt-d8597_1763604679_000000000015B858,Download,2.3663374216220294,20.529,0.11315083446256806,Taipei City,Taipei,25.053,121.5259,5,"Taiwan Mobile Co., Ltd.",24158
2025-12-10 22:14:52.155340 UTC,2025,06:14:52,ndt-d8597_1763604679_000000000015E551,Download,2.8078898502890643,157.942,0.0,Taipei City,Taipei,25.053,121.5259,100,"Far EastTone Telecommunication Co., Ltd.",9674
2025-12-10 22:06:04.074786 UTC,2025,06:06:04,ndt-lvdqj_1763512125_000000000017E70E,Download,45.575178590945711,149.61,0.0,Taipei City,Taipei,25.053,121.5259,20,"Taiwan Mobile Co., Ltd.",24158
2025-12-10 22:05:27.944508 UTC,2025,06:05:27,ndt-lvdqj_1763512125_0000000000176B21,Download,10.203466787617861,161.246,0.22039384022195707,Taipei City,Taipei,25.053,121.5259,100,"Far EastTone Telecommunication Co., Ltd.",9674
2025-12-10 22:02:33.523743 UTC,2025,06:02:33,ndt-lvdqj_1763512125_0000000000172CAC,Download,29.384478275854761,150.553,0.0,Taipei City,Taipei,25.053,121.5259,10,"Taiwan Mobile Co., Ltd.",24158
2025-12-10 21:31:52.039575 UTC,2025,05:31:52,ndt-d8597_1763604679_0000000000157882,Download,117.74632446230598,151.293,6.4892775839272177e-06,Taipei City,Taipei,25.053,121.5259,5,Mobile Business Group,17421
2025-12-10 21:06:59.079421 UTC,2025,05:06:59,ndt-lvdqj_1763512125_000000000017D393,Download,57.333397727505663,158.555,0.00017839524482561136,Taipei City,Taipei,25.053,121.5259,5,"Far EastTone Telecommunication Co., Ltd.",9674
2025-12-10 20:36:19.414469 UTC,2025,04:36:19,ndt-v97g4_1763480129_000000000017D3E1,Download,23.90473383532483,25.047,0.0,Taipei City,Taipei,25.053,121.5259,5,"Taiwan Mobile Co., Ltd.",24158
2025-12-10 18:54:22.801352 UTC,2025,02:54:22,ndt-d8597_1763604679_0000000000154B24,Download,103.54100028858021,159.922,1.1009106327236387e-05,Taipei City,Taipei,25.053,121.5259,100,"Far EastTone Telecommunication Co., Ltd.",9674
2025-12-10 18:35:27.108756 UTC,2025,02:35:27,ndt-v97g4_1763480129_0000000000167FA4,Download,120.86729624363785,151.695,0.0,Taipei City,Taipei,25.053,121.5259,100,"Far EastTone Telecommunication Co., Ltd.",9674
2025-12-10 18:23:28.502751 UTC,2025,02:23:28,ndt-lvdqj_1763512125_00000000001759CD,Download,12.816950063395183,163.964,0.0013924841690859007,Taipei City,Taipei,25.053,121.5259,100,"Far EastTone Telecommunication Co., Ltd.",9674
2025-12-10 18:18:07.170298 UTC,2025,02:18:07,ndt-d8597_1763604679_000000000015F2DA,Download,208.89278282851816,23.434,0.0025597624573910596,Taipei City,Taipei,25.053,121.5259,5,"Taiwan Mobile Co., Ltd.",24158
2025-12-10 18:17:36.332809 UTC,2025,02:17:36,ndt-v97g4_1763480129_000000000017B39D,Download,260.22772391977134,21.934,0.0018427748281707359,Taipei City,Taipei,25.053,121.5259,5,"Taiwan Mobile Co., Ltd.",24158
2025-12-10 18:16:52.263096 UTC,2025,02:16:52,ndt-v97g4_1763480129_0000000000169DBD,Download,189.76806634087143,21.926,0.0038878087823965729,Taipei City,Taipei,25.053,121.5259,5,"Taiwan Mobile Co., Ltd.",24158
2025-12-10 18:16:12.760660 UTC,2025,02:16:12,ndt-v97g4_1763480129_0000000000166E35,Download,119.8119490893158,21.726,0.0058171551936100005,Taipei City,Taipei,25.053,121.5259,5,"Taiwan Mobile Co., Ltd.",24158
2025-12-10 18:11:27.792892 UTC,2025,02:11:27,ndt-virtual-hrhtg_1763486473_000000000019A562,Download,14.815277778232925,24.873,0.0055023898061676152,Taipei City,Taipei,25.053,121.5259,5,"Far EastTone Telecommunication Co., Ltd.",9674
2025-12-10 17:30:07.868235 UTC,2025,01:30:07,ndt-virtual-hrhtg_1763486473_0000000000197FCC,Download,7.2468989790040119,28.785,0.00076253261914572179,Taipei City,Taipei,25.053,121.5259,50,"Far EastTone Telecommunication Co., Ltd.",9674
2025-12-10 17:27:03.950168 UTC,2025,01:27:03,ndt-lvdqj_1763512125_0000000000177721,Download,91.31515564689839,25.143,0.0,Taipei City,Taipei,25.053,121.5259,20,"Taiwan Mobile Co., Ltd.",24158
2025-12-10 17:26:25.949782 UTC,2025,01:26:25,ndt-v97g4_1763480129_0000000000171849,Download,143.5822773156363,24.47,0.0,Taipei City,Taipei,25.053,121.5259,5,"Taiwan Mobile Co., Ltd.",24158
2025-12-10 17:13:29.183116 UTC,2025,01:13:29,ndt-lvdqj_1763512125_000000000017B57E,Download,38.189759969891,154.498,0.0,Taipei City,Taipei,25.053,121.5259,5,Mobile Business Group,17421
2025-12-10 16:57:19.483588 UTC,2025,00:57:19,ndt-lvdqj_1763512125_000000000017A63C,Download,47.9731321419852,27.903,0.0,Taipei City,Taipei,25.053,121.5259,20,"Taiwan Mobile Co., Ltd.",24158
2025-12-10 16:56:29.763618 UTC,2025,00:56:29,ndt-d8597_1763604679_0000000000151544,Download,33.044043124247054,23.07,0.0,Taipei City,Taipei,25.053,121.5259,20,"Taiwan Mobile Co., Ltd.",24158
2025-12-10 16:55:27.562607 UTC,2025,00:55:27,ndt-v97g4_1763480129_0000000000166DC8,Download,1.1770219022002439,161.531,0.0,Taipei City,Taipei,25.053,121.5259,100,"Far EastTone Telecommunication Co., Ltd.",9674
2025-12-10 16:54:59.661952 UTC,2025,00:54:59,ndt-v97g4_1763480129_0000000000173614,Download,2.1744275497562926,161.112,0.0,Taipei City,Taipei,25.053,121.5259,100,"Far EastTone Telecommunication Co., Ltd.",9674
2025-12-10 16:54:51.058070 UTC,2025,00:54:51,ndt-v97g4_1763480129_000000000017C2A5,Download,1.7108440802578186,163.443,0.005327752608299029,Taipei City,Taipei,25.053,121.5259,100,"Far EastTone Telecommunication Co., Ltd.",9674
2025-12-10 16:52:20.506610 UTC,2025,00:52:20,ndt-v97g4_1763480129_0000000000171810,Download,1.7986540208974942,159.962,0.044859857347188149,Taipei City,Taipei,25.053,121.5259,5,Mobile Business Group,17421
2025-12-10 16:50:03.850841 UTC,2025,00:50:03,ndt-virtual-hrhtg_1763486473_0000000000199973,Download,8.7398233136922929,21.034,0.1280909059389656,Taipei City,Taipei,25.053,121.5259,100,"Far EastTone Telecommunication Co., Ltd.",9674
2025-12-10 16:48:49.707900 UTC,2025,00:48:49,ndt-lvdqj_1763512125_00000000001748C0,Download,0.74188647638935867,20.353,0.044336637645117374,Taipei City,Taipei,25.053,121.5259,5,"Taiwan Mobile Co., Ltd.",24158
2025-12-10 16:47:20.249397 UTC,2025,00:47:20,ndt-d8597_1763604679_000000000015F21D,Download,19.526717404590411,162.313,0.28979627587985063,Taipei City,Taipei,25.053,121.5259,100,"Far EastTone Telecommunication Co., Ltd.",9674
2025-12-10 16:47:20.140098 UTC,2025,00:47:20,ndt-v97g4_1763480129_0000000000166DB8,Download,9.2616759046396346,146.243,0.017155788301363696,Taipei City,Taipei,25.053,121.5259,10,"Taiwan Mobile Co., Ltd.",24158
2025-12-10 16:44:37.071969 UTC,2025,00:44:37,ndt-v97g4_1763480129_00000000001708DB,Download,50.138908932659859,25.078,0.0014494525342939545,Taipei City,Taipei,25.053,121.5259,5,Mobile Business Group,17421
2025-12-10 16:41:53.062864 UTC,2025,00:41:53,ndt-d8597_1763604679_00000000001585F4,Download,13.621225994090853,162.425,0.0092060052671354125,Taipei City,Taipei,25.053,121.5259,5,Mobile Business Group,17421
2025-12-10 16:32:27.682162 UTC,2025,00:32:27,ndt-v97g4_1763480129_000000000017D253,Download,23.18581789787526,26.501,0.0,Taipei City,Taipei,25.053,121.5259,5,"Taiwan Mobile Co., Ltd.",24158
2025-12-10 16:32:02.392645 UTC,2025,00:32:02,ndt-d8597_1763604679_0000000000142A9D,Download,2.5823857319206125,30.24,0.086778702383755485,Taipei City,Taipei,25.053,121.5259,5,"Taiwan Mobile Co., Ltd.",24158
2025-12-10 16:31:19.448411 UTC,2025,00:31:19,ndt-lvdqj_1763512125_0000000000179602,Download,9.89424396663096,26.722,0.046416098336329072,Taipei City,Taipei,25.053,121.5259,5,"Taiwan Mobile Co., Ltd.",24158
2025-12-10 16:31:05.202127 UTC,2025,00:31:05,ndt-d8597_1763604679_00000000001549C6,Download,24.375968521048961,170.084,0.0,Taipei City,Taipei,25.053,121.5259,50,"Far EastTone Telecommunication Co., Ltd.",9674
2025-12-10 16:24:57.279793 UTC,2025,00:24:57,ndt-d8597_1763604679_00000000001529CD,Download,53.574447845419989,26.876,0.0,Taipei City,Taipei,25.053,121.5259,5,"Taiwan Mobile Co., Ltd.",24158
2025-12-10 16:24:47.484143 UTC,2025,00:24:47,ndt-d8597_1763604679_000000000015959B,Download,0.95273547036809891,174.971,0.29579414594779152,Taipei City,Taipei,25.053,121.5259,100,"Far EastTone Telecommunication Co., Ltd.",9674
2025-12-10 16:21:29.924178 UTC,2025,00:21:29,ndt-lvdqj_1763512125_00000000001795EF,Download,71.357020619427743,24.427,0.0,Taipei City,Taipei,25.053,121.5259,5,"Taiwan Mobile Co., Ltd.",24158
2025-12-10 16:14:58.844397 UTC,2025,00:14:58,ndt-v97g4_1763480129_000000000017A2FF,Download,104.93441682172873,151.024,0.0,Taipei City,Taipei,25.053,121.5259,5,Mobile Business Group,17421
2025-12-10 16:10:25.629469 UTC,2025,00:10:25,ndt-d8597_1763604679_0000000000157651,Download,23.325148192644406,158.347,0.029584623603286217,Taipei City,Taipei,25.053,121.5259,100,"Far EastTone Telecommunication Co., Ltd.",9674
2025-12-10 16:08:52.249815 UTC,2025,00:08:52,ndt-d8597_1763604679_000000000015C4C4,Download,0.537731858284291,174.872,0.27923942044648586,Taipei City,Taipei,25.053,121.5259,100,"Far EastTone Telecommunication Co., Ltd.",9674
2025-12-10 16:07:20.060017 UTC,2025,00:07:20,ndt-d8597_1763604679_000000000014FD9A,Download,0.58084200987280776,179.0,0.24831651817988745,Taipei City,Taipei,25.053,121.5259,100,"Far EastTone Telecommunication Co., Ltd.",9674
2025-12-10 16:06:43.816149 UTC,2025,00:06:43,ndt-v97g4_1763480129_0000000000160FBC,Download,1.5086978756765248,175.894,0.23580015591449321,Taipei City,Taipei,25.053,121.5259,100,"Far EastTone Telecommunication Co., Ltd.",9674
2025-12-10 16:05:57.964010 UTC,2025,00:05:57,ndt-v97g4_1763480129_00000000001735CF,Download,103.40246736209018,154.867,0.0,Taipei City,Taipei,25.053,121.5259,5,Mobile Business Group,17421
2025-12-10 16:04:59.443725 UTC,2025,00:04:59,ndt-lvdqj_1763512125_0000000000170A0B,Download,0.52980489270653086,43.135,0.23860845597978764,Taipei City,Taipei,25.053,121.5259,5,"Taiwan Mobile Co., Ltd.",24158
2025-12-10 15:59:31.662951 UTC,2025,23:59:31,ndt-lvdqj_1763512125_000000000017C47C,Download,101.30186622291475,156.02,0.0,Taipei City,Taipei,25.053,121.5259,5,Mobile Business Group,17421
2025-12-10 15:59:13.898492 UTC,2025,23:59:13,ndt-lvdqj_1763512125_0000000000177680,Download,94.235212691151759,27.034,0.0,Taipei City,Taipei,25.053,121.5259,5,"Taiwan Mobile Co., Ltd.",24158
2025-12-10 15:55:19.042347 UTC,2025,23:55:19,ndt-v97g4_1763480129_0000000000169CED,Download,12.812455183770476,158.827,0.25527023334388338,Taipei City,Taipei,25.053,121.5259,5,"Far EastTone Telecommunication Co., Ltd.",9674
2025-12-10 15:51:27.448777 UTC,2025,23:51:27,ndt-d8597_1763604679_0000000000150A15,Download,0.37433370553065226,36.861,0.2434188197045391,Taipei City,Taipei,25.053,121.5259,5,"Taiwan Mobile Co., Ltd.",24158
2025-12-10 15:45:32.273916 UTC,2025,23:45:32,ndt-d8597_1763604679_000000000015495F,Download,11.316604642708437,27.365,0.0,Taipei City,Taipei,25.053,121.5259,5,"Taiwan Mobile Co., Ltd.",24158
2025-12-10 15:44:44.021037 UTC,2025,23:44:44,ndt-d8597_1763604679_0000000000153948,Download,15.634454545687419,23.935,0.0,Taipei City,Taipei,25.053,121.5259,5,"Taiwan Mobile Co., Ltd.",24158
2025-12-10 15:44:12.965480 UTC,2025,23:44:12,ndt-v97g4_1763480129_000000000015FF90,Download,16.102346266408727,25.002,0.0,Taipei City,Taipei,25.053,121.5259,5,"Taiwan Mobile Co., Ltd.",24158
2025-12-10 15:36:08.154667 UTC,2025,23:36:08,ndt-lvdqj_1763512125_000000000017959D,Download,35.151711797113229,159.455,0.021160133053726361,Taipei City,Taipei,25.053,121.5259,20,"Far EastTone Telecommunication Co., Ltd.",9674
2025-12-10 15:33:14.250677 UTC,2025,23:33:14,ndt-v97g4_1763480129_0000000000173596,Download,56.24896171287476,22.056,0.0,Taipei City,Taipei,25.053,121.5259,5,"Taiwan Mobile Co., Ltd.",24158
2025-12-10 15:28:49.900369 UTC,2025,23:28:49,ndt-lvdqj_1763512125_00000000001709D4,Download,96.028630469923016,153.615,0.00089242452058843722,Taipei City,Taipei,25.053,121.5259,5,Mobile Business Group,17421
2025-12-10 15:28:02.755542 UTC,2025,23:28:02,ndt-v97g4_1763480129_000000000017A2C2,Download,112.56937676655539,151.95,0.0,Taipei City,Taipei,25.053,121.5259,5,"Far EastTone Telecommunication Co., Ltd.",9674
2025-12-10 15:27:04.802919 UTC,2025,23:27:04,ndt-v97g4_1763480129_000000000017C209,Download,30.95754130447386,166.258,0.0001076596340668975,Taipei City,Taipei,25.053,121.5259,50,"Far EastTone Telecommunication Co., Ltd.",9674
2025-12-10 15:26:37.803918 UTC,2025,23:26:37,ndt-d8597_1763604679_000000000015680B,Download,3.123719012583793,178.65,0.0037450605130182157,Taipei City,Taipei,25.053,121.5259,20,"Far EastTone Telecommunication Co., Ltd.",9674
2025-12-10 15:26:06.381184 UTC,2025,23:26:06,ndt-v97g4_1763480129_00000000001792BB,Download,1.0305695160803245,196.14,0.0,Taipei City,Taipei,25.053,121.5259,20,"Far EastTone Telecommunication Co., Ltd.",9674
2025-12-10 15:26:00.864524 UTC,2025,23:26:00,ndt-d8597_1763604679_0000000000135BAC,Download,5.6439954591669919,155.326,0.25445729235638959,Taipei City,Taipei,25.053,121.5259,10,Mobile Business Group,17421
2025-12-10 15:23:52.651401 UTC,2025,23:23:52,ndt-lvdqj_1763512125_000000000016DFAC,Download,13.279214640164705,26.378,0.0,Taipei City,Taipei,25.053,121.5259,10,"Taiwan Mobile Co., Ltd.",24158
2025-12-10 15:22:22.943932 UTC,2025,23:22:22,ndt-d8597_1763604679_0000000000159517,Download,13.453683726311699,176.492,0.20859018047344793,Taipei City,Taipei,25.053,121.5259,5,"Far EastTone Telecommunication Co., Ltd.",9674
2025-12-10 15:20:08.391878 UTC,2025,23:20:08,ndt-lvdqj_1763512125_000000000017188E,Download,0.74089441789382149,54.818,0.013435721947363147,Taipei City,Taipei,25.053,121.5259,5,"Taiwan Mobile Co., Ltd.",24158
2025-12-10 15:19:39.586901 UTC,2025,23:19:39,ndt-lvdqj_1763512125_000000000016CBB6,Download,23.524890942173428,24.896,1.7569381018014025e-05,Taipei City,Taipei,25.053,121.5259,5,Mobile Business Group,17421
2025-12-10 15:16:27.173685 UTC,2025,23:16:27,ndt-d8597_1763604679_000000000015A4FF,Download,0.32956952138175061,20.506,0.14150562853732881,Taipei City,Taipei,25.053,121.5259,5,"Taiwan Mobile Co., Ltd.",24158
2025-12-10 15:14:09.304968 UTC,2025,23:14:09,ndt-d8597_1763604679_00000000001575D0,Download,4.4059538147998349,160.0,0.40936368877170104,Taipei City,Taipei,25.053,121.5259,50,"Far EastTone Telecommunication Co., Ltd.",9674
2025-12-10 15:11:22.393121 UTC,2025,23:11:22,ndt-d8597_1763604679_000000000015292F,Download,37.887731545642033,153.878,0.0004131262530110721,Taipei City,Taipei,25.053,121.5259,50,"Far EastTone Telecommunication Co., Ltd.",9674
2025-12-10 15:09:28.052890 UTC,2025,23:09:28,ndt-lvdqj_1763512125_000000000017B499,Download,2.3548944467127781,37.777,0.12941456935599224,Taipei City,Taipei,25.053,121.5259,20,"Taiwan Mobile Co., Ltd.",24158
2025-12-10 15:07:38.860093 UTC,2025,23:07:38,ndt-d8597_1763604679_000000000015592C,Download,2.9034330169152809,156.592,0.0021357052224274175,Taipei City,Taipei,25.053,121.5259,5,Mobile Business Group,17421
2025-12-10 15:07:28.308109 UTC,2025,23:07:28,ndt-lvdqj_1763512125_0000000000171877,Download,1.4413388422810438,23.381,0.0011324185046491209,Taipei City,Taipei,25.053,121.5259,5,"Taiwan Mobile Co., Ltd.",24158
2025-12-10 15:04:32.020318 UTC,2025,23:04:32,ndt-virtual-hrhtg_1763486473_0000000000196D37,Download,48.52148064955702,11.109,0.095921499106677091,Taipei City,Taipei,25.053,121.5259,100,"Far EastTone Telecommunication Co., Ltd.",9674
2025-12-10 15:04:22.188545 UTC,2025,23:04:22,ndt-v97g4_1763480129_0000000000166D1B,Download,4.3516735088639891,162.15,0.2584242523909614,Taipei City,Taipei,25.053,121.5259,10,Mobile Business Group,17421
2025-12-10 15:04:19.823957 UTC,2025,23:04:19,ndt-d8597_1763604679_000000000015A4EE,Download,14.540518373972668,19.92,0.0,Taipei City,Taipei,25.053,121.5259,5,"Taiwan Mobile Co., Ltd.",24158
2025-12-10 15:04:01.986107 UTC,2025,23:04:01,ndt-lvdqj_1763512125_000000000017A51D,Download,56.342827545313739,159.467,0.00068562961621409558,Taipei City,Taipei,25.053,121.5259,50,"Far EastTone Telecommunication Co., Ltd.",9674
2025-12-10 15:03:30.440330 UTC,2025,23:03:30,ndt-v97g4_1763480129_000000000017C1DE,Download,4.007722526365713,25.206,0.0,Taipei City,Taipei,25.053,121.5259,5,"Taiwan Mobile Co., Ltd.",24158
2025-12-10 15:01:57.044877 UTC,2025,23:01:57,ndt-d8597_1763604679_00000000001449BA,Download,84.860186734187508,157.138,0.00010430348662525083,Taipei City,Taipei,25.053,121.5259,100,"Far EastTone Telecommunication Co., Ltd.",9674
2025-12-10 15:01:24.002618 UTC,2025,23:01:24,ndt-d8597_1763604679_00000000001509BC,Download,3.7633095384421829,157.7,0.24693595159794657,Taipei City,Taipei,25.053,121.5259,10,Mobile Business Group,17421
2025-12-10 15:00:52.547078 UTC,2025,23:00:52,ndt-d8597_1763604679_000000000015F11B,Download,51.485996194584409,156.081,0.012741900846129476,Taipei City,Taipei,25.053,121.5259,100,"Far EastTone Telecommunication Co., Ltd.",9674
2025-12-10 15:00:22.032599 UTC,2025,23:00:22,ndt-d8597_1763604679_000000000015C455,Download,0.41650790066183935,165.0,0.29750174590226469,Taipei City,Taipei,25.053,121.5259,10,Mobile Business Group,17421
2025-12-10 15:00:00.309138 UTC,2025,23:00:00,ndt-lvdqj_1763512125_0000000000167C40,Download,82.374679237075711,153.61,8.183440334744735e-05,Taipei City,Taipei,25.053,121.5259,100,"Far EastTone Telecommunication Co., Ltd.",9674
2025-12-10 14:59:20.159490 UTC,2025,22:59:20,ndt-d8597_1763604679_0000000000154904,Download,19.795897586594545,146.804,0.0,Taipei City,Taipei,25.053,121.5259,100,"Taiwan Mobile Co., Ltd.",24158
2025-12-10 14:58:49.043019 UTC,2025,22:58:49,ndt-d8597_1763604679_000000000014FD24,Download,60.016464710813146,149.0,0.021568207023571786,Taipei City,Taipei,25.053,121.5259,5,Mobile Business Group,17421
2025-12-10 14:55:46.931931 UTC,2025,22:55:46,ndt-v97g4_1763480129_00000000001745BF,Download,5.5703955119821,162.942,0.0,Taipei City,Taipei,25.053,121.5259,100,"Far EastTone Telecommunication Co., Ltd.",9674
2025-12-10 14:53:33.694980 UTC,2025,22:53:33,ndt-lvdqj_1763512125_000000000017C3FE,Download,5.93569567426789,28.465,0.0,Taipei City,Taipei,25.053,121.5259,20,"Taiwan Mobile Co., Ltd.",24158
2025-12-10 14:53:12.391248 UTC,2025,22:53:12,ndt-d8597_1763604679_000000000015A4DC,Download,86.67100263718207,18.035,0.0026596807059582044,Taipei City,Taipei,25.053,121.5259,5,Mobile Business Group,17421
2025-12-10 14:52:43.468668 UTC,2025,22:52:43,ndt-v97g4_1763480129_000000000016FAB2,Download,0.30936228358473788,159.73,0.2211809043140445,Taipei City,Taipei,25.053,121.5259,100,"Taiwan Mobile Co., Ltd.",24158
2025-12-10 14:52:03.984256 UTC,2025,22:52:03,ndt-v97g4_1763480129_0000000000166D0A,Download,1.0102363567629105,158.168,0.16792456351290466,Taipei City,Taipei,25.053,121.5259,100,"Taiwan Mobile Co., Ltd.",24158
2025-12-10 14:51:25.082013 UTC,2025,22:51:25,ndt-d8597_1763604679_00000000001567B6,Download,26.269480762038725,149.0,0.070257112383942069,Taipei City,Taipei,25.053,121.5259,5,Mobile Business Group,17421
2025-12-10 14:49:23.810920 UTC,2025,22:49:23,ndt-lvdqj_1763512125_00000000001747D5,Download,54.903064187627095,151.0,0.018629925920570146,Taipei City,Taipei,25.053,121.5259,5,Mobile Business Group,17421
2025-12-10 14:46:39.728355 UTC,2025,22:46:39,ndt-lvdqj_1763512125_0000000000170994,Download,2.43854692820631,152.926,0.0462947605453513,Taipei City,Taipei,25.053,121.5259,100,"Taiwan Mobile Co., Ltd.",24158
2025-12-10 14:45:18.722212 UTC,2025,22:45:18,ndt-lvdqj_1763512125_000000000016EFE2,Download,0.91789155519985666,45.61,0.0,Taipei City,Taipei,25.053,121.5259,20,"Taiwan Mobile Co., Ltd.",24158
2025-12-10 14:44:51.882708 UTC,2025,22:44:51,ndt-lvdqj_1763512125_00000000001747D3,Download,15.850508131847198,149.099,0.16214345791308102,Taipei City,Taipei,25.053,121.5259,100,"Taiwan Mobile Co., Ltd.",24158
2025-12-10 14:44:31.438010 UTC,2025,22:44:31,ndt-lvdqj_1763512125_000000000017B46B,Download,0.65579442717013392,162.968,0.020814809416223306,Taipei City,Taipei,25.053,121.5259,100,"Far EastTone Telecommunication Co., Ltd.",9674
2025-12-10 14:43:31.238377 UTC,2025,22:43:31,ndt-d8597_1763604679_00000000001528F4,Download,30.330408373448574,173.718,0.0073056617024567375,Taipei City,Taipei,25.053,121.5259,50,"Far EastTone Telecommunication Co., Ltd.",9674
2025-12-10 14:41:34.502281 UTC,2025,22:41:34,ndt-d8597_1763604679_00000000001558EC,Download,12.658142013817898,147.283,0.16104918810792768,Taipei City,Taipei,25.053,121.5259,100,"Taiwan Mobile Co., Ltd.",24158
2025-12-10 14:40:25.195535 UTC,2025,22:40:25,ndt-lvdqj_1763512125_000000000017B463,Download,0.21299323387133487,41.044,0.14596923076923077,Taipei City,Taipei,25.053,121.5259,20,"Taiwan Mobile Co., Ltd.",24158
2025-12-10 14:34:32.262797 UTC,2025,22:34:32,ndt-v97g4_1763480129_0000000000174580,Download,23.391930280218332,28.803,0.0074986657103200014,Taipei City,Taipei,25.053,121.5259,5,"Taiwan Mobile Co., Ltd.",24158
2025-12-10 14:34:02.411552 UTC,2025,22:34:02,ndt-v97g4_1763480129_000000000017457F,Download,16.432028793645539,31.381,0.0070973398656159923,Taipei City,Taipei,25.053,121.5259,5,"Taiwan Mobile Co., Ltd.",24158
2025-12-10 14:33:30.224628 UTC,2025,22:33:30,ndt-v97g4_1763480129_000000000017A267,Download,24.14590314970382,34.523,0.011063002514194467,Taipei City,Taipei,25.053,121.5259,5,"Taiwan Mobile Co., Ltd.",24158
2025-12-10 14:32:59.262997 UTC,2025,22:32:59,ndt-virtual-hrhtg_1763486473_0000000000196BAA,Download,20.78455310435637,25.069,0.009442662630231512,Taipei City,Taipei,25.053,121.5259,5,"Taiwan Mobile Co., Ltd.",24158
2025-12-10 14:32:18.512797 UTC,2025,22:32:18,ndt-d8597_1763604679_0000000000142A2D,Download,0.43665846018714316,38.672,0.25322298789937026,Taipei City,Taipei,25.053,121.5259,20,"Taiwan Mobile Co., Ltd.",24158
2025-12-10 14:31:55.409905 UTC,2025,22:31:55,ndt-d8597_1763604679_000000000014C8A5,Download,2.0888378223702957,162.913,0.006155692463673655,Taipei City,Taipei,25.053,121.5259,100,"Far EastTone Telecommunication Co., Ltd.",9674
2025-12-10 14:31:01.348484 UTC,2025,22:31:01,ndt-lvdqj_1763512125_0000000000179529,Download,17.502647235388952,30.064,0.011988491797594336,Taipei City,Taipei,25.053,121.5259,5,"Taiwan Mobile Co., Ltd.",24158
2025-12-10 14:30:48.667335 UTC,2025,22:30:48,ndt-v97g4_1763480129_000000000017A263,Download,0.82391830908431418,32.678,0.086940771599347946,Taipei City,Taipei,25.053,121.5259,20,"Taiwan Mobile Co., Ltd.",24158
2025-12-10 14:29:16.257114 UTC,2025,22:29:16,ndt-lvdqj_1763512125_0000000000156F62,Download,15.77227125711655,76.75,0.0031034784665910356,Taipei City,Taipei,25.053,121.5259,5,"Taiwan Mobile Co., Ltd.",24158
2025-12-10 14:29:14.028126 UTC,2025,22:29:14,ndt-lvdqj_1763512125_00000000001728E6,Download,12.271612512335841,29.533,0.0084423754666154757,Taipei City,Taipei,25.053,121.5259,5,"Taiwan Mobile Co., Ltd.",24158
2025-12-10 14:28:06.868256 UTC,2025,22:28:06,ndt-d8597_1763604679_000000000015C417,Download,14.124371876855717,23.731,0.25020618444153542,Taipei City,Taipei,25.053,121.5259,50,"Far EastTone Telecommunication Co., Ltd.",9674
2025-12-10 14:27:26.365548 UTC,2025,22:27:26,ndt-d8597_1763604679_0000000000150974,Download,13.472981156819504,26.405,0.014738787389481528,Taipei City,Taipei,25.053,121.5259,5,"Taiwan Mobile Co., Ltd.",24158
2025-12-10 14:27:16.687978 UTC,2025,22:27:16,ndt-lvdqj_1763512125_0000000000168C3C,Download,14.077461500971223,159.754,0.036507243562452836,Taipei City,Taipei,25.053,121.5259,5,Mobile Business Group,17421
2025-12-10 14:23:50.880608 UTC,2025,22:23:50,ndt-lvdqj_1763512125_000000000017678B,Download,416.14398461536,16.183,0.0,Taipei City,Taipei,25.053,121.5259,5,"Taiwan Mobile Co., Ltd.",24158
2025-12-10 14:20:07.015280 UTC,2025,22:20:07,ndt-v97g4_1763480129_0000000000164FF8,Download,9.5976222414473948,26.601,0.0,Taipei City,Taipei,25.053,121.5259,5,"Taiwan Mobile Co., Ltd.",24158
2025-12-10 14:19:24.705362 UTC,2025,22:19:24,ndt-d8597_1763604679_000000000015F0CA,Download,2.2552199778728843,197.84,0.19904164396321672,Taipei City,Taipei,25.053,121.5259,100,"Far EastTone Telecommunication Co., Ltd.",9674
2025-12-10 14:18:10.620070 UTC,2025,22:18:10,ndt-d8597_1763604679_000000000015F0C7,Download,21.129457908102093,160.49,0.00081676256796934176,Taipei City,Taipei,25.053,121.5259,100,"Far EastTone Telecommunication Co., Ltd.",9674
2025-12-10 14:17:42.011900 UTC,2025,22:17:42,ndt-lvdqj_1763512125_0000000000170963,Download,52.296460009297689,30.487,0.0,Taipei City,Taipei,25.053,121.5259,5,"Taiwan Mobile Co., Ltd.",24158
2025-12-10 14:16:13.215926 UTC,2025,22:16:13,ndt-d8597_1763604679_000000000015F0C0,Download,10.296386757957485,177.144,0.11123295571052562,Taipei City,Taipei,25.053,121.5259,100,"Far EastTone Telecommunication Co., Ltd.",9674
2025-12-10 14:14:30.174808 UTC,2025,22:14:30,ndt-lvdqj_1763512125_000000000016DF2B,Download,11.402104612520469,157.596,0.0383851439574788,Taipei City,Taipei,25.053,121.5259,100,"Far EastTone Telecommunication Co., Ltd.",9674
2025-12-10 14:13:26.619366 UTC,2025,22:13:26,ndt-v97g4_1763480129_000000000017351C,Download,0.56415768225822671,33.811,0.1996015142458657,Taipei City,Taipei,25.053,121.5259,20,"Taiwan Mobile Co., Ltd.",24158
2025-12-10 14:13:19.440378 UTC,2025,22:13:19,ndt-v97g4_1763480129_0000000000160F17,Download,0.62116892270678659,34.852,0.14652014652014653,Taipei City,Taipei,25.053,121.5259,20,"Taiwan Mobile Co., Ltd.",24158
2025-12-10 14:12:02.625575 UTC,2025,22:12:02,ndt-lvdqj_1763512125_0000000000164CE3,Download,21.22627797662064,29.167,0.00030572784896718859,Taipei City,Taipei,25.053,121.5259,20,"Taiwan Mobile Co., Ltd.",24158
2025-12-10 14:11:34.010273 UTC,2025,22:11:34,ndt-v97g4_1763480129_0000000000164FF2,Download,14.537261237049908,156.672,0.032758973194002727,Taipei City,Taipei,25.053,121.5259,10,Mobile Business Group,17421
2025-12-10 14:10:52.805343 UTC,2025,22:10:52,ndt-d8597_1763604679_0000000000156767,Download,1.3497948233606516,23.624,0.0018113607847895731,Taipei City,Taipei,25.053,121.5259,5,Mobile Business Group,17421
2025-12-10 14:08:38.372310 UTC,2025,22:08:38,ndt-lvdqj_1763512125_00000000001775C7,Download,28.850170968267005,160.895,0.035157263402984487,Taipei City,Taipei,25.053,121.5259,10,Mobile Business Group,17421
2025-12-10 14:07:37.037637 UTC,2025,22:07:37,ndt-lvdqj_1763512125_00000000001775C3,Download,3.6250410866147589,158.597,0.280028979033778,Taipei City,Taipei,25.053,121.5259,10,Mobile Business Group,17421
2025-12-10 14:07:04.042030 UTC,2025,22:07:04,ndt-lvdqj_1763512125_000000000017D1D7,Download,0.317993456606979,159.203,0.36339444438385449,Taipei City,Taipei,25.053,121.5259,10,Mobile Business Group,17421
2025-12-10 14:03:02.484384 UTC,2025,22:03:02,ndt-d8597_1763604679_000000000015094A,Download,94.163760196377609,21.548,0.00036578932428942907,Taipei City,Taipei,25.053,121.5259,50,"Far EastTone Telecommunication Co., Ltd.",9674
2025-12-10 14:02:13.332664 UTC,2025,22:02:13,ndt-lvdqj_1763512125_00000000001728B4,Download,39.449965207404169,149.045,0.012517527706771578,Taipei City,Taipei,25.053,121.5259,100,"Far EastTone Telecommunication Co., Ltd.",9674
2025-12-10 14:01:24.887900 UTC,2025,22:01:24,ndt-v97g4_1763480129_000000000017C17D,Download,1.9578795629206343,29.912,0.099207314107863639,Taipei City,Taipei,25.053,121.5259,20,"Taiwan Mobile Co., Ltd.",24158
2025-12-10 14:01:12.435959 UTC,2025,22:01:12,ndt-lvdqj_1763512125_000000000016DF0A,Download,47.346480846311337,150.876,0.046001374450379259,Taipei City,Taipei,25.053,121.5259,5,Mobile Business Group,17421
2025-12-10 14:01:05.625725 UTC,2025,22:01:05,ndt-v97g4_1763480129_000000000017A23A,Download,10.358694567633378,25.082,0.074628821570412923,Taipei City,Taipei,25.053,121.5259,20,"Taiwan Mobile Co., Ltd.",24158
2025-12-10 14:00:46.742347 UTC,2025,22:00:46,ndt-virtual-hrhtg_1763486473_00000000001985D8,Download,189.10997342393185,16.021,0.085399573838948487,Taipei City,Taipei,25.053,121.5259,5,Mobile Business Group,17421
2025-12-10 14:00:34.490960 UTC,2025,22:00:34,ndt-d8597_1763604679_0000000000154885,Download,54.590896805605674,158.336,2.0219341664975169e-05,Taipei City,Taipei,25.053,121.5259,50,"Far EastTone Telecommunication Co., Ltd.",9674
2025-12-10 14:00:20.539187 UTC,2025,22:00:20,ndt-v97g4_1763480129_0000000000167DEA,Download,40.657790190893991,152.0,0.069431681744468676,Taipei City,Taipei,25.053,121.5259,5,Mobile Business Group,17421
2025-12-10 13:59:20.818492 UTC,2025,21:59:20,ndt-lvdqj_1763512125_00000000001775B6,Download,11.989102465385209,154.518,0.043149947495481324,Taipei City,Taipei,25.053,121.5259,5,Mobile Business Group,17421
2025-12-10 13:57:50.511464 UTC,2025,21:57:50,ndt-v97g4_1763480129_0000000000167DE8,Download,6.6206727749548868,155.965,0.04345904604225731,Taipei City,Taipei,25.053,121.5259,5,Mobile Business Group,17421
2025-12-10 13:57:44.765146 UTC,2025,21:57:44,ndt-lvdqj_1763512125_0000000000164CCF,Download,0.59451368863859955,29.856,0.11541289283088522,Taipei City,Taipei,25.053,121.5259,20,"Taiwan Mobile Co., Ltd.",24158
2025-12-10 13:57:14.474114 UTC,2025,21:57:14,ndt-lvdqj_1763512125_0000000000163CF4,Download,0.23777941164363739,44.768,0.23625441586130694,Taipei City,Taipei,25.053,121.5259,20,"Taiwan Mobile Co., Ltd.",24158
2025-12-10 13:54:16.406444 UTC,2025,21:54:16,ndt-lvdqj_1763512125_000000000017C382,Download,37.271019717455346,17.995,0.0,Taipei City,Taipei,25.053,121.5259,5,Mobile Business Group,17421
2025-12-10 13:51:20.617536 UTC,2025,21:51:20,ndt-lvdqj_1763512125_000000000017577C,Download,98.076704804318823,160.807,0.00097487255046482433,Taipei City,Taipei,25.053,121.5259,100,"Far EastTone Telecommunication Co., Ltd.",9674
2025-12-10 13:49:04.507707 UTC,2025,21:49:04,ndt-d8597_1763604679_0000000000157511,Download,35.327530677430829,166.057,0.00074736708097331451,Taipei City,Taipei,25.053,121.5259,100,"Far EastTone Telecommunication Co., Ltd.",9674
2025-12-10 13:47:45.499486 UTC,2025,21:47:45,ndt-virtual-hrhtg_1763486473_00000000001990FA,Download,3.0907552914633643,41.513,0.10844561683211648,Taipei City,Taipei,25.053,121.5259,5,"Taiwan Mobile Co., Ltd.",24158
2025-12-10 13:45:56.397576 UTC,2025,21:45:56,ndt-v97g4_1763480129_000000000017C15F,Download,7.2894503012094241,154.793,0.025057669527629417,Taipei City,Taipei,25.053,121.5259,5,Mobile Business Group,17421
2025-12-10 13:45:23.998729 UTC,2025,21:45:23,ndt-lvdqj_1763512125_0000000000168C0E,Download,39.713159063014125,24.024,0.0,Taipei City,Taipei,25.053,121.5259,5,"Taiwan Mobile Co., Ltd.",24158
2025-12-10 13:44:46.043068 UTC,2025,21:44:46,ndt-d8597_1763604679_0000000000159440,Download,153.42328561480028,18.166,0.00013729570324924687,Taipei City,Taipei,25.053,121.5259,5,Mobile Business Group,17421
2025-12-10 13:44:21.426198 UTC,2025,21:44:21,ndt-v97g4_1763480129_000000000017C15D,Download,23.107832480108488,156.556,0.051394631342829941,Taipei City,Taipei,25.053,121.5259,5,Mobile Business Group,17421
2025-12-10 13:44:20.579722 UTC,2025,21:44:20,ndt-lvdqj_1763512125_0000000000176735,Download,13.892339553981657,156.021,0.037710807479147068,Taipei City,Taipei,25.053,121.5259,5,Mobile Business Group,17421
2025-12-10 13:38:04.987722 UTC,2025,21:38:04,ndt-lvdqj_1763512125_000000000017090E,Download,49.734311135465056,22.394,0.0,Taipei City,Taipei,25.053,121.5259,5,"Taiwan Mobile Co., Ltd.",24158
2025-12-10 13:37:02.007699 UTC,2025,21:37:02,ndt-lvdqj_1763512125_0000000000172878,Download,1.691243929512904,26.475,0.14802736521215129,Taipei City,Taipei,25.053,121.5259,20,"Taiwan Mobile Co., Ltd.",24158
2025-12-10 13:34:26.336121 UTC,2025,21:34:26,ndt-v97g4_1763480129_000000000017A20A,Download,0.1867217534961578,67.736,0.32800958275104813,Taipei City,Taipei,25.053,121.5259,20,"Taiwan Mobile Co., Ltd.",24158
2025-12-10 13:33:15.541963 UTC,2025,21:33:15,ndt-v97g4_1763480129_000000000017078D,Download,0.086344739366805243,163.842,0.28137490007993604,Taipei City,Taipei,25.053,121.5259,20,"Taiwan Mobile Co., Ltd.",24158
2025-12-10 13:32:15.705540 UTC,2025,21:32:15,ndt-v97g4_1763480129_000000000016BBC9,Download,26.01885820302147,153.041,0.04820688804825201,Taipei City,Taipei,25.053,121.5259,5,Mobile Business Group,17421
2025-12-10 13:27:07.799060 UTC,2025,21:27:07,ndt-d8597_1763604679_000000000014FC47,Download,0.64259780675755784,32.673,0.10198160987362935,Taipei City,Taipei,25.053,121.5259,20,"Taiwan Mobile Co., Ltd.",24158
2025-12-10 13:22:33.002214 UTC,2025,21:22:33,ndt-v97g4_1763480129_0000000000161EDC,Download,5.1212530003443222,23.977,0.0041824134029800446,Taipei City,Taipei,25.053,121.5259,5,"Taiwan Mobile Co., Ltd.",24158
2025-12-10 13:22:13.178821 UTC,2025,21:22:13,ndt-lvdqj_1763512125_000000000016DEC0,Download,90.465939175626914,22.203,0.0,Taipei City,Taipei,25.053,121.5259,5,"Taiwan Mobile Co., Ltd.",24158
2025-12-10 13:21:05.511643 UTC,2025,21:21:05,ndt-d8597_1763604679_0000000000158420,Download,2.5340653732131622,195.575,0.1989281417015821,Taipei City,Taipei,25.053,121.5259,100,"Far EastTone Telecommunication Co., Ltd.",9674
2025-12-10 13:20:33.033504 UTC,2025,21:20:33,ndt-d8597_1763604679_0000000000132B7F,Download,8.5946798678531433,200.341,0.21768367715455875,Taipei City,Taipei,25.053,121.5259,100,"Far EastTone Telecommunication Co., Ltd.",9674
2025-12-10 13:17:50.833093 UTC,2025,21:17:50,ndt-lvdqj_1763512125_000000000017C345,Download,17.071750621890548,29.005,0.0,Taipei City,Taipei,25.053,121.5259,5,"Taiwan Mobile Co., Ltd.",24158
2025-12-10 13:17:30.652877 UTC,2025,21:17:30,ndt-d8597_1763604679_00000000001419A8,Download,28.861721009857337,157.0,0.05512580006319355,Taipei City,Taipei,25.053,121.5259,5,Mobile Business Group,17421
2025-12-10 13:15:02.382983 UTC,2025,21:15:02,ndt-d8597_1763604679_000000000015481E,Download,15.201654235217422,159.483,0.024704943653604084,Taipei City,Taipei,25.053,121.5259,50,"Far EastTone Telecommunication Co., Ltd.",9674
2025-12-10 13:13:38.648420 UTC,2025,21:13:38,ndt-v97g4_1763480129_000000000017921B,Download,5.8727472462705137,157.554,0.03283353891879337,Taipei City,Taipei,25.053,121.5259,10,Mobile Business Group,17421
2025-12-10 13:11:50.556906 UTC,2025,21:11:50,ndt-virtual-hrhtg_1763486473_0000000000195F12,Download,17.439600093753025,20.094,0.042081629848281128,Taipei City,Taipei,25.053,121.5259,10,Mobile Business Group,17421
2025-12-10 13:10:22.150771 UTC,2025,21:10:22,ndt-v97g4_1763480129_00000000001734AE,Download,112.67950918812376,153.157,0.0,Taipei City,Taipei,25.053,121.5259,100,"Far EastTone Telecommunication Co., Ltd.",9674
2025-12-10 13:10:19.325002 UTC,2025,21:10:19,ndt-lvdqj_1763512125_0000000000175724,Download,41.93983988166967,154.58,0.038651946685948547,Taipei City,Taipei,25.053,121.5259,5,"Far EastTone Telecommunication Co., Ltd.",9674
2025-12-10 13:09:40.361544 UTC,2025,21:09:40,ndt-lvdqj_1763512125_000000000017C336,Download,3.8077109769799078,158.699,0.026026936400371181,Taipei City,Taipei,25.053,121.5259,10,Mobile Business Group,17421
2025-12-10 13:09:10.719730 UTC,2025,21:09:10,ndt-d8597_1763604679_0000000000158411,Download,24.285390372128155,158.666,0.23502314197551918,Taipei City,Taipei,25.053,121.5259,10,Mobile Business Group,17421
2025-12-10 13:03:44.848587 UTC,2025,21:03:44,ndt-v97g4_1763480129_000000000015BFBB,Download,0.45816754128228487,35.952,0.017945758313604232,Taipei City,Taipei,25.053,121.5259,100,"Far EastTone Telecommunication Co., Ltd.",9674
2025-12-10 13:03:07.525092 UTC,2025,21:03:07,ndt-virtual-hrhtg_1763486473_000000000019673E,Download,0.43202386326140041,24.022,0.040701712537797204,Taipei City,Taipei,25.053,121.5259,100,"Far EastTone Telecommunication Co., Ltd.",9674
2025-12-10 13:01:57.645687 UTC,2025,21:01:57,ndt-d8597_1763604679_00000000001574AD,Download,18.084010581844634,159.646,0.340722054228179,Taipei City,Taipei,25.053,121.5259,50,"Far EastTone Telecommunication Co., Ltd.",9674
2025-12-10 12:59:25.857756 UTC,2025,20:59:25,ndt-lvdqj_1763512125_000000000017E254,Download,49.38294788503655,149.0,0.041574671934960152,Taipei City,Taipei,25.053,121.5259,5,Mobile Business Group,17421
2025-12-10 12:55:02.281853 UTC,2025,20:55:02,ndt-d8597_1763604679_000000000015C370,Download,34.662693598646825,153.0,0.195953946170815,Taipei City,Taipei,25.053,121.5259,100,"Far EastTone Telecommunication Co., Ltd.",9674
2025-12-10 12:54:47.694901 UTC,2025,20:54:47,ndt-v97g4_1763480129_00000000001772D0,Download,30.154078147224091,159.0,0.0277249831683262,Taipei City,Taipei,25.053,121.5259,10,Mobile Business Group,17421
2025-12-10 12:54:35.760789 UTC,2025,20:54:35,ndt-lvdqj_1763512125_000000000017A404,Download,34.060999463000968,152.844,0.32295788455888919,Taipei City,Taipei,25.053,121.5259,100,"Far EastTone Telecommunication Co., Ltd.",9674
2025-12-10 12:54:10.216153 UTC,2025,20:54:10,ndt-d8597_1763604679_00000000001537E9,Download,7.0894025782975829,155.719,0.025068685332868029,Taipei City,Taipei,25.053,121.5259,10,Mobile Business Group,17421
2025-12-10 12:54:03.795936 UTC,2025,20:54:03,ndt-d8597_1763604679_000000000013CA9C,Download,3.5231313502467141,25.991,0.011897934552800294,Taipei City,Taipei,25.053,121.5259,5,"Taiwan Mobile Co., Ltd.",24158
2025-12-10 12:52:42.138447 UTC,2025,20:52:42,ndt-d8597_1763604679_000000000015D271,Download,33.152120439688048,155.546,0.13579712669876712,Taipei City,Taipei,25.053,121.5259,10,Mobile Business Group,17421
2025-12-10 12:51:45.159379 UTC,2025,20:51:45,ndt-d8597_1763604679_000000000014198A,Download,29.465944869156115,157.024,0.1814042170240463,Taipei City,Taipei,25.053,121.5259,10,Mobile Business Group,17421
2025-12-10 12:51:26.103817 UTC,2025,20:51:26,ndt-lvdqj_1763512125_000000000017B38F,Download,18.924910717079538,156.895,0.042217531011558375,Taipei City,Taipei,25.053,121.5259,5,Mobile Business Group,17421
2025-12-10 12:50:05.469953 UTC,2025,20:50:05,ndt-d8597_1763604679_000000000015D26E,Download,19.268098150859313,161.385,0.018516441827377019,Taipei City,Taipei,25.053,121.5259,10,Mobile Business Group,17421
2025-12-10 12:49:38.351535 UTC,2025,20:49:38,ndt-lvdqj_1763512125_0000000000168BBA,Download,10.048462561759893,152.139,0.0017152370222140011,Taipei City,Taipei,25.053,121.5259,50,"Far EastTone Telecommunication Co., Ltd.",9674
2025-12-10 12:49:37.397936 UTC,2025,20:49:37,ndt-d8597_1763604679_00000000001439C2,Download,2.2595974303794457,32.029,0.026600722640370025,Taipei City,Taipei,25.053,121.5259,50,"Far EastTone Telecommunication Co., Ltd.",9674
2025-12-10 12:49:30.715823 UTC,2025,20:49:30,ndt-virtual-bdxlf_1763486519_00000000001887FE,Download,73.084307474353523,43.696,0.0064039617661821062,Taipei City,Taipei,25.053,121.5259,20,"Far EastTone Telecommunication Co., Ltd.",9674
2025-12-10 12:48:54.372569 UTC,2025,20:48:54,ndt-v97g4_1763480129_0000000000161EAA,Download,9.15211925440002,155.084,0.037008469368755244,Taipei City,Taipei,25.053,121.5259,10,Mobile Business Group,17421
2025-12-10 12:46:59.550419 UTC,2025,20:46:59,ndt-v97g4_1763480129_0000000000167D71,Download,50.867109079077309,158.462,0.0011415804697346818,Taipei City,Taipei,25.053,121.5259,100,"Far EastTone Telecommunication Co., Ltd.",9674
2025-12-10 12:46:20.813322 UTC,2025,20:46:20,ndt-v97g4_1763480129_0000000000161EA5,Download,34.3742569144506,158.657,0.045142123759126344,Taipei City,Taipei,25.053,121.5259,5,Mobile Business Group,17421
2025-12-10 12:45:47.565572 UTC,2025,20:45:47,ndt-d8597_1763604679_000000000013DA34,Download,2.7507771966662022,164.917,0.07909045971329709,Taipei City,Taipei,25.053,121.5259,100,"Far EastTone Telecommunication Co., Ltd.",9674
2025-12-10 12:44:38.369229 UTC,2025,20:44:38,ndt-8wq6c_1763541608_00000000001A8898,Download,0.38126520198120728,82.041,0.017596522099161578,Taipei City,Taipei,25.053,121.5259,100,"Far EastTone Telecommunication Co., Ltd.",9674
2025-12-10 12:43:58.119667 UTC,2025,20:43:58,ndt-v97g4_1763480129_000000000017E08E,Download,12.102802026238834,157.393,0.019146498024867033,Taipei City,Taipei,25.053,121.5259,10,Mobile Business Group,17421
2025-12-10 12:43:56.663333 UTC,2025,20:43:56,ndt-d2hpb_1763462662_00000000001C4BA8,Download,1.6248535669299591,46.858,0.007449761065086288,Taipei City,Taipei,25.053,121.5259,100,"Far EastTone Telecommunication Co., Ltd.",9674
2025-12-10 12:43:14.996057 UTC,2025,20:43:14,ndt-d2hpb_1763462662_00000000001B8C47,Download,0.94077643239796971,93.688,0.0,Taipei City,Taipei,25.053,121.5259,100,"Far EastTone Telecommunication Co., Ltd.",9674
2025-12-10 12:41:50.442821 UTC,2025,20:41:50,ndt-d8597_1763604679_000000000015B3B7,Download,2.6267112757737845,157.575,0.023808489133802194,Taipei City,Taipei,25.053,121.5259,10,Mobile Business Group,17421
2025-12-10 12:38:26.073523 UTC,2025,20:38:26,ndt-v97g4_1763480129_00000000001772AF,Download,13.816304487101283,174.651,0.016557232451795197,Taipei City,Taipei,25.053,121.5259,100,"Far EastTone Telecommunication Co., Ltd.",9674
2025-12-10 12:38:22.129314 UTC,2025,20:38:22,ndt-lvdqj_1763512125_000000000017A3DF,Download,91.017756036600176,158.853,1.2406329281754593e-05,Taipei City,Taipei,25.053,121.5259,100,"Far EastTone Telecommunication Co., Ltd.",9674
2025-12-10 12:36:50.448766 UTC,2025,20:36:50,ndt-v97g4_1763480129_000000000017346F,Download,19.51232176127515,161.427,0.0011721975749410208,Taipei City,Taipei,25.053,121.5259,100,"Far EastTone Telecommunication Co., Ltd.",9674
2025-12-10 12:35:21.811746 UTC,2025,20:35:21,ndt-v97g4_1763480129_0000000000166C37,Download,2.3511972580705791,27.582,0.0080513016764383136,Taipei City,Taipei,25.053,121.5259,5,"Taiwan Mobile Co., Ltd.",24158
2025-12-10 12:34:40.823527 UTC,2025,20:34:40,ndt-lvdqj_1763512125_0000000000173446,Download,5.5661056160358982,26.957,0.0,Taipei City,Taipei,25.053,121.5259,5,"Taiwan Mobile Co., Ltd.",24158
2025-12-10 12:33:03.718782 UTC,2025,20:33:03,ndt-8wq6c_1763541608_00000000001B0D1A,Download,30.635589476031768,60.957,0.2236427673934632,Taipei City,Taipei,25.053,121.5259,100,"Far EastTone Telecommunication Co., Ltd.",9674
2025-12-10 12:31:17.218712 UTC,2025,20:31:17,ndt-d8597_1763604679_00000000001439AE,Download,19.59933638639982,162.199,0.013243786522087405,Taipei City,Taipei,25.053,121.5259,20,"Far EastTone Telecommunication Co., Ltd.",9674
2025-12-10 12:30:53.635860 UTC,2025,20:30:53,ndt-v97g4_1763480129_000000000017163F,Download,2.5497356519686369,151.0,0.31392554042833454,Taipei City,Taipei,25.053,121.5259,5,Mobile Business Group,17421
2025-12-10 12:30:08.911091 UTC,2025,20:30:08,ndt-lvdqj_1763512125_0000000000164C69,Download,99.731171124399381,150.013,0.0024988626601655135,Taipei City,Taipei,25.053,121.5259,100,"Far EastTone Telecommunication Co., Ltd.",9674
2025-12-10 12:27:00.965098 UTC,2025,20:27:00,ndt-v97g4_1763480129_0000000000166C23,Download,44.730834519137559,26.293,0.075727342116323218,Taipei City,Taipei,25.053,121.5259,5,"Taiwan Mobile Co., Ltd.",24158
2025-12-10 12:24:31.105419 UTC,2025,20:24:31,ndt-v97g4_1763480129_000000000017A193,Download,69.863536836545919,19.584,0.0,Taipei City,Taipei,25.053,121.5259,5,"Taiwan Mobile Co., Ltd.",24158
2025-12-10 12:24:18.864749 UTC,2025,20:24:18,ndt-d8597_1763604679_00000000001557B9,Download,113.08144230733654,154.392,0.0,Taipei City,Taipei,25.053,121.5259,5,"Far EastTone Telecommunication Co., Ltd.",9674
2025-12-10 12:23:10.827682 UTC,2025,20:23:10,ndt-lvdqj_1763512125_00000000001746C5,Download,16.353681223994695,21.254,0.0,Taipei City,Taipei,25.053,121.5259,10,"Taiwan Mobile Co., Ltd.",24158
2025-12-10 12:22:28.376034 UTC,2025,20:22:28,ndt-lvdqj_1763512125_00000000001774FD,Download,0.99336785514456827,36.412,0.0849376399104573,Taipei City,Taipei,25.053,121.5259,20,"Taiwan Mobile Co., Ltd.",24158
2025-12-10 12:20:54.096401 UTC,2025,20:20:54,ndt-d8597_1763604679_000000000015745D,Download,110.32123984354935,21.832,4.3597135539968154e-05,Taipei City,Taipei,25.053,121.5259,5,"Taiwan Mobile Co., Ltd.",24158
2025-12-10 12:20:22.529394 UTC,2025,20:20:22,ndt-lvdqj_1763512125_0000000000159E4B,Download,130.23438190233438,24.085,0.0,Taipei City,Taipei,25.053,121.5259,5,"Taiwan Mobile Co., Ltd.",24158
2025-12-10 12:16:00.394604 UTC,2025,20:16:00,ndt-lvdqj_1763512125_00000000001727B2,Download,49.716350315811212,160.226,8.9229112022557472e-05,Taipei City,Taipei,25.053,121.5259,100,"Far EastTone Telecommunication Co., Ltd.",9674
2025-12-10 12:11:04.432300 UTC,2025,20:11:04,ndt-d8597_1763604679_000000000014298B,Download,80.213403283787429,26.249,0.0051539835069474519,Taipei City,Taipei,25.053,121.5259,100,"Far EastTone Telecommunication Co., Ltd.",9674
2025-12-10 12:10:35.402782 UTC,2025,20:10:35,ndt-v97g4_1763480129_0000000000167D31,Download,69.246689060809686,157.489,0.00019839969389761513,Taipei City,Taipei,25.053,121.5259,100,"Far EastTone Telecommunication Co., Ltd.",9674
2025-12-10 12:03:38.811919 UTC,2025,20:03:38,ndt-virtual-hrhtg_1763486473_00000000001964C9,Download,1.5065292000629356,44.369,0.29932901295567338,Taipei City,Taipei,25.053,121.5259,100,"Far EastTone Telecommunication Co., Ltd.",9674
2025-12-10 12:02:42.755973 UTC,2025,20:02:42,ndt-lvdqj_1763512125_0000000000164C50,Download,2.9439937975316877,34.133,0.0,Taipei City,Taipei,25.053,121.5259,20,"Taiwan Mobile Co., Ltd.",24158
2025-12-10 12:00:42.855202 UTC,2025,20:00:42,ndt-v97g4_1763480129_0000000000166BF6,Download,79.350897367324535,24.426,0.0,Taipei City,Taipei,25.053,121.5259,5,"Taiwan Mobile Co., Ltd.",24158
2025-12-10 11:57:34.574370 UTC,2025,19:57:34,ndt-lvdqj_1763512125_00000000001716E1,Download,38.8604788243054,168.087,5.6951878846020512e-05,Taipei City,Taipei,25.053,121.5259,10,Mobile Business Group,17421
2025-12-10 11:57:18.593989 UTC,2025,19:57:18,ndt-v97g4_1763480129_000000000015BF64,Download,52.206651780937804,162.71,0.0,Taipei City,Taipei,25.053,121.5259,10,Mobile Business Group,17421
2025-12-10 11:56:16.558380 UTC,2025,19:56:16,ndt-v97g4_1763480129_0000000000165B63,Download,9.5858268845643426,28.099,0.00023617917663771155,Taipei City,Taipei,25.053,121.5259,5,"Taiwan Mobile Co., Ltd.",24158
2025-12-10 11:55:30.930905 UTC,2025,19:55:30,ndt-virtual-hrhtg_1763486473_0000000000193FF9,Download,134.0752876522061,18.937,9.398153640754728e-05,Taipei City,Taipei,25.053,121.5259,5,Mobile Business Group,17421
2025-12-10 11:53:18.163273 UTC,2025,19:53:18,ndt-v97g4_1763480129_000000000016CA7E,Download,3.8603080438516471,167.534,0.17685175721216162,Taipei City,Taipei,25.053,121.5259,100,"Far EastTone Telecommunication Co., Ltd.",9674
2025-12-10 11:52:50.153770 UTC,2025,19:52:50,ndt-v97g4_1763480129_00000000001791A6,Download,1.1766843755308503,173.005,0.16658270871787659,Taipei City,Taipei,25.053,121.5259,100,"Far EastTone Telecommunication Co., Ltd.",9674
2025-12-10 11:52:44.612121 UTC,2025,19:52:44,ndt-v97g4_1763480129_000000000017B15B,Download,90.797619071505309,163.842,0.00037042265783185921,Taipei City,Taipei,25.053,121.5259,100,"Far EastTone Telecommunication Co., Ltd.",9674
2025-12-10 11:51:08.708817 UTC,2025,19:51:08,ndt-v97g4_1763480129_0000000000165B58,Download,18.475226481724714,26.809,0.157805516480253,Taipei City,Taipei,25.053,121.5259,20,"Taiwan Mobile Co., Ltd.",24158
2025-12-10 11:43:20.239241 UTC,2025,19:43:20,ndt-v97g4_1763480129_000000000016CA71,Download,34.092852190826051,35.005,0.0,Taipei City,Taipei,25.053,121.5259,10,"Taiwan Mobile Co., Ltd.",24158
2025-12-10 11:43:16.408342 UTC,2025,19:43:16,ndt-v97g4_1763480129_0000000000161E43,Download,2.5004937375697862,171.133,0.1204882270810224,Taipei City,Taipei,25.053,121.5259,20,"Taiwan Mobile Co., Ltd.",24158
2025-12-10 11:42:59.642814 UTC,2025,19:42:59,ndt-d8597_1763604679_000000000015083B,Download,18.774797917551187,166.637,0.00891794604983548,Taipei City,Taipei,25.053,121.5259,50,"Far EastTone Telecommunication Co., Ltd.",9674
2025-12-10 11:42:41.591477 UTC,2025,19:42:41,ndt-d8597_1763604679_0000000000157400,Download,35.6637302906322,33.897,0.0,Taipei City,Taipei,25.053,121.5259,10,"Taiwan Mobile Co., Ltd.",24158
2025-12-10 11:42:09.582881 UTC,2025,19:42:09,ndt-lvdqj_1763512125_000000000017E1BB,Download,39.911091485703736,36.706,0.0003174823383774785,Taipei City,Taipei,25.053,121.5259,10,"Taiwan Mobile Co., Ltd.",24158
2025-12-10 11:41:29.699657 UTC,2025,19:41:29,ndt-d8597_1763604679_000000000015C2D8,Download,45.008022780668014,31.739,0.0,Taipei City,Taipei,25.053,121.5259,10,"Taiwan Mobile Co., Ltd.",24158
2025-12-10 11:40:03.559711 UTC,2025,19:40:03,ndt-d8597_1763604679_000000000015D1C5,Download,64.708686942664784,27.201,1.809689686882624e-05,Taipei City,Taipei,25.053,121.5259,5,"Taiwan Mobile Co., Ltd.",24158
2025-12-10 11:39:16.327239 UTC,2025,19:39:16,ndt-v97g4_1763480129_0000000000165B41,Download,36.174147204044047,160.834,0.013563914091163552,Taipei City,Taipei,25.053,121.5259,100,"Far EastTone Telecommunication Co., Ltd.",9674
2025-12-10 11:38:31.982941 UTC,2025,19:38:31,ndt-d8597_1763604679_000000000014296D,Download,72.816453107223964,157.082,0.0,Taipei City,Taipei,25.053,121.5259,5,Mobile Business Group,17421
2025-12-10 11:34:13.238371 UTC,2025,19:34:13,ndt-d8597_1763604679_000000000014FB5B,Download,50.406757105314469,159.408,0.00071250689192092255,Taipei City,Taipei,25.053,121.5259,100,"Far EastTone Telecommunication Co., Ltd.",9674
2025-12-10 11:33:47.309640 UTC,2025,19:33:47,ndt-d8597_1763604679_000000000015575E,Download,62.950030494881069,158.041,0.00024908192294876094,Taipei City,Taipei,25.053,121.5259,100,"Far EastTone Telecommunication Co., Ltd.",9674
2025-12-10 11:31:53.032364 UTC,2025,19:31:53,ndt-d8597_1763604679_000000000015372E,Download,37.179687597091188,27.369,3.1261579426938468e-05,Taipei City,Taipei,25.053,121.5259,5,"Taiwan Mobile Co., Ltd.",24158
2025-12-10 11:31:47.778148 UTC,2025,19:31:47,ndt-d8597_1763604679_0000000000143972,Download,5.7305639668274715,210.395,0.0018054512490233115,Taipei City,Taipei,25.053,121.5259,100,"Far EastTone Telecommunication Co., Ltd.",9674
2025-12-10 11:25:05.501330 UTC,2025,19:25:05,ndt-virtual-hrhtg_1763486473_0000000000193E98,Download,126.98731684176781,89.19,0.0,Taipei City,Taipei,25.053,121.5259,20,Mobile Business Group,17421
2025-12-10 11:22:14.103537 UTC,2025,19:22:14,ndt-lvdqj_1763512125_0000000000156E42,Download,0.29809128319889139,270.585,0.0,Taipei City,Taipei,25.053,121.5259,100,"Far EastTone Telecommunication Co., Ltd.",9674
2025-12-10 11:21:53.186205 UTC,2025,19:21:53,ndt-lvdqj_1763512125_0000000000178440,Download,40.425934354420761,163.947,0.0014621804102427942,Taipei City,Taipei,25.053,121.5259,50,"Far EastTone Telecommunication Co., Ltd.",9674
2025-12-10 11:21:16.227063 UTC,2025,19:21:16,ndt-virtual-hrhtg_1763486473_0000000000193E5A,Download,115.86223342627223,20.093,0.00021230209433837453,Taipei City,Taipei,25.053,121.5259,50,"Far EastTone Telecommunication Co., Ltd.",9674
2025-12-10 11:21:03.306570 UTC,2025,19:21:03,ndt-lvdqj_1763512125_0000000000177488,Download,17.577189560756633,22.783,0.0526515521379228,Taipei City,Taipei,25.053,121.5259,10,"Taiwan Mobile Co., Ltd.",24158
2025-12-10 11:20:46.826320 UTC,2025,19:20:46,ndt-d8597_1763604679_0000000000155747,Download,10.669770548499519,148.706,0.13279441781767495,Taipei City,Taipei,25.053,121.5259,10,"Taiwan Mobile Co., Ltd.",24158
2025-12-10 11:17:46.269160 UTC,2025,19:17:46,ndt-lvdqj_1763512125_0000000000164C11,Download,23.890660122134033,27.662,0.0,Taipei City,Taipei,25.053,121.5259,20,"Taiwan Mobile Co., Ltd.",24158
2025-12-10 11:16:37.749998 UTC,2025,19:16:37,ndt-lvdqj_1763512125_000000000016EE71,Download,20.080491912351864,159.505,0.00084051809288033944,Taipei City,Taipei,25.053,121.5259,100,"Far EastTone Telecommunication Co., Ltd.",9674
2025-12-10 11:13:39.827696 UTC,2025,19:13:39,ndt-d8597_1763604679_000000000015A339,Download,49.866818181818182,22.631,0.0,Taipei City,Taipei,25.053,121.5259,5,"Taiwan Mobile Co., Ltd.",24158
2025-12-10 11:08:49.474025 UTC,2025,19:08:49,ndt-lvdqj_1763512125_000000000016FC8D,Download,2.262357428777511,166.204,0.0,Taipei City,Taipei,25.053,121.5259,5,Mobile Business Group,17421
2025-12-10 10:56:49.266570 UTC,2025,18:56:49,ndt-d8597_1763604679_0000000000132AF5,Download,4.44574213372264,23.434,0.054848410035575376,Taipei City,Taipei,25.053,121.5259,5,"Taiwan Mobile Co., Ltd.",24158
2025-12-10 10:56:26.245999 UTC,2025,18:56:26,ndt-d8597_1763604679_000000000015273D,Download,5.5861050541357447,29.556,0.0,Taipei City,Taipei,25.053,121.5259,5,"Taiwan Mobile Co., Ltd.",24158
2025-12-10 10:56:11.009800 UTC,2025,18:56:11,ndt-lvdqj_1763512125_00000000001793A6,Download,1.2841883076794118,23.713,0.0,Taipei City,Taipei,25.053,121.5259,5,"Taiwan Mobile Co., Ltd.",24158
2025-12-10 10:55:32.198776 UTC,2025,18:55:32,ndt-d8597_1763604679_000000000015E034,Download,0.89705043548108,178.078,0.00135297400598691,Taipei City,Taipei,25.053,121.5259,5,"Taiwan Mobile Co., Ltd.",24158
2025-12-10 10:54:57.555270 UTC,2025,18:54:57,ndt-virtual-hrhtg_1763486473_0000000000195831,Download,14.775443696659966,21.0,0.0650415191928061,Taipei City,Taipei,25.053,121.5259,10,Mobile Business Group,17421
2025-12-10 10:52:05.966411 UTC,2025,18:52:05,ndt-d8597_1763604679_00000000001507ED,Download,34.993464975780824,159.217,0.000414278486058951,Taipei City,Taipei,25.053,121.5259,50,"Far EastTone Telecommunication Co., Ltd.",9674
2025-12-10 10:51:39.411922 UTC,2025,18:51:39,ndt-v97g4_1763480129_000000000017159C,Download,19.093732741758867,19.184,0.0,Taipei City,Taipei,25.053,121.5259,5,Mobile Business Group,17421
2025-12-10 10:45:01.367817 UTC,2025,18:45:01,ndt-d8597_1763604679_00000000001565E2,Download,1.6456511723371685,25.317,0.0,Taipei City,Taipei,25.053,121.5259,5,"Taiwan Mobile Co., Ltd.",24158
2025-12-10 10:43:52.302158 UTC,2025,18:43:52,ndt-lvdqj_1763512125_00000000001733CC,Download,7.8431041244698347,23.198,0.11128007692370989,Taipei City,Taipei,25.053,121.5259,5,"Taiwan Mobile Co., Ltd.",24158
2025-12-10 10:43:37.569474 UTC,2025,18:43:37,ndt-d8597_1763604679_000000000014EEF1,Download,9.0647904037227036,28.33,0.0,Taipei City,Taipei,25.053,121.5259,10,"Taiwan Mobile Co., Ltd.",24158
2025-12-10 10:43:07.815090 UTC,2025,18:43:07,ndt-d8597_1763604679_0000000000152722,Download,4.2963097303368851,35.55,0.0,Taipei City,Taipei,25.053,121.5259,10,"Taiwan Mobile Co., Ltd.",24158
2025-12-10 10:32:19.179185 UTC,2025,18:32:19,ndt-d8597_1763604679_000000000015C246,Download,117.23648095754798,154.071,0.0,Taipei City,Taipei,25.053,121.5259,100,"Far EastTone Telecommunication Co., Ltd.",9674
2025-12-10 10:26:45.458264 UTC,2025,18:26:45,ndt-d8597_1763604679_00000000001565C6,Download,0.38460231971895126,70.789,0.014436524406749075,Taipei City,Taipei,25.053,121.5259,5,"Taiwan Mobile Co., Ltd.",24158
2025-12-10 10:25:59.122030 UTC,2025,18:25:59,ndt-d8597_1763604679_000000000015734B,Download,2.9804533569600187,34.18,0.014977213942603769,Taipei City,Taipei,25.053,121.5259,5,"Taiwan Mobile Co., Ltd.",24158
2025-12-10 10:25:17.544753 UTC,2025,18:25:17,ndt-v97g4_1763480129_000000000017911F,Download,55.31104058975918,17.049,0.0068950828901744214,Taipei City,Taipei,25.053,121.5259,5,"Taiwan Mobile Co., Ltd.",24158
2025-12-10 10:22:42.384034 UTC,2025,18:22:42,ndt-d8597_1763604679_0000000000157346,Download,25.216174806475131,29.081,0.0029276202248165874,Taipei City,Taipei,25.053,121.5259,20,"Taiwan Mobile Co., Ltd.",24158
2025-12-10 10:21:11.903168 UTC,2025,18:21:11,ndt-v97g4_1763480129_0000000000160DBA,Download,4.5869524480871418,29.769,0.0,Taipei City,Taipei,25.053,121.5259,20,"Taiwan Mobile Co., Ltd.",24158
2025-12-10 10:20:44.079211 UTC,2025,18:20:44,ndt-v97g4_1763480129_000000000017C02B,Download,11.454788780924815,151.685,0.43080308667308043,Taipei City,Taipei,25.053,121.5259,100,"Far EastTone Telecommunication Co., Ltd.",9674
2025-12-10 10:19:52.172568 UTC,2025,18:19:52,ndt-d8597_1763604679_000000000015469F,Download,80.473215648146379,16.942,1.4509274540009293e-05,Taipei City,Taipei,25.053,121.5259,5,Mobile Business Group,17421
2025-12-10 10:18:49.115761 UTC,2025,18:18:49,ndt-v97g4_1763480129_000000000016BA92,Download,51.242622154159122,167.002,6.9148322037035964e-05,Taipei City,Taipei,25.053,121.5259,100,"Far EastTone Telecommunication Co., Ltd.",9674
2025-12-10 10:16:35.283207 UTC,2025,18:16:35,ndt-v97g4_1763480129_0000000000164EAD,Download,2.7156868837881549,172.282,0.19686512407504744,Taipei City,Taipei,25.053,121.5259,100,"Far EastTone Telecommunication Co., Ltd.",9674
2025-12-10 10:13:48.722595 UTC,2025,18:13:48,ndt-8wq6c_1763541608_00000000001B4A47,Download,2.3796742850897123,172.695,0.12288960780251477,Taipei City,Taipei,25.053,121.5259,5,"Taiwan Mobile Co., Ltd.",24158
2025-12-10 10:11:33.574614 UTC,2025,18:11:33,ndt-v97g4_1763480129_00000000001781F7,Download,19.844792475806745,164.557,0.0007052239204048869,Taipei City,Taipei,25.053,121.5259,20,"Far EastTone Telecommunication Co., Ltd.",9674
2025-12-10 10:11:05.150859 UTC,2025,18:11:05,ndt-v97g4_1763480129_000000000016C9D9,Download,21.735962995484964,171.646,0.00058646751171948419,Taipei City,Taipei,25.053,121.5259,20,"Far EastTone Telecommunication Co., Ltd.",9674
2025-12-10 10:07:44.544297 UTC,2025,18:07:44,ndt-v97g4_1763480129_0000000000179102,Download,9.3887107101022949,152.0,0.30902062378678286,Taipei City,Taipei,25.053,121.5259,100,"Far EastTone Telecommunication Co., Ltd.",9674
2025-12-10 10:05:57.718250 UTC,2025,18:05:57,ndt-lvdqj_1763512125_000000000016AA62,Download,62.501350201272174,152.085,0.00329119983341562,Taipei City,Taipei,25.053,121.5259,100,"Far EastTone Telecommunication Co., Ltd.",9674
2025-12-10 10:05:55.953494 UTC,2025,18:05:55,ndt-v97g4_1763480129_000000000017A0C5,Download,83.150499632390662,157.702,0.0,Taipei City,Taipei,25.053,121.5259,100,"Far EastTone Telecommunication Co., Ltd.",9674
2025-12-10 10:00:02.427737 UTC,2025,18:00:02,ndt-lvdqj_1763512125_000000000016DD80,Download,32.092518269342307,28.846,0.0,Taipei City,Taipei,25.053,121.5259,10,"Taiwan Mobile Co., Ltd.",24158
2025-12-10 09:50:20.807460 UTC,2025,17:50:20,ndt-v97g4_1763480129_000000000015FD73,Download,2.5897632316225256,163.098,0.0012551528948501814,Taipei City,Taipei,25.053,121.5259,5,Mobile Business Group,17421
2025-12-10 09:50:06.236432 UTC,2025,17:50:06,ndt-d8597_1763604679_000000000015567C,Download,29.367172936671185,26.594,0.0,Taipei City,Taipei,25.053,121.5259,10,"Taiwan Mobile Co., Ltd.",24158
2025-12-10 09:50:03.616185 UTC,2025,17:50:03,ndt-lvdqj_1763512125_00000000001773AD,Download,20.164814451350651,162.607,0.029807361852771167,Taipei City,Taipei,25.053,121.5259,50,"Far EastTone Telecommunication Co., Ltd.",9674
2025-12-10 09:42:30.283919 UTC,2025,17:42:30,ndt-v97g4_1763480129_0000000000173372,Download,1.430046535822955,30.129,0.081662302977097589,Taipei City,Taipei,25.053,121.5259,20,"Taiwan Mobile Co., Ltd.",24158
2025-12-10 09:40:32.204590 UTC,2025,17:40:32,ndt-d8597_1763604679_000000000014EE7A,Download,7.6086173313285261,162.039,0.0,Taipei City,Taipei,25.053,121.5259,5,Mobile Business Group,17421
2025-12-10 09:38:03.446266 UTC,2025,17:38:03,ndt-v97g4_1763480129_0000000000173368,Download,4.535376367645247,28.775,8.5567058357462027e-05,Taipei City,Taipei,25.053,121.5259,5,"Taiwan Mobile Co., Ltd.",24158
2025-12-10 09:37:26.168228 UTC,2025,17:37:26,ndt-d8597_1763604679_000000000015A273,Download,51.999136916202552,158.047,0.014660394092799071,Taipei City,Taipei,25.053,121.5259,50,"Far EastTone Telecommunication Co., Ltd.",9674
2025-12-10 09:37:21.330818 UTC,2025,17:37:21,ndt-d8597_1763604679_00000000001582C4,Download,31.979647980924817,29.019,0.0,Taipei City,Taipei,25.053,121.5259,10,"Taiwan Mobile Co., Ltd.",24158
2025-12-10 09:36:58.192151 UTC,2025,17:36:58,ndt-v97g4_1763480129_0000000000165A9B,Download,140.22697036516146,14.035,0.0,Taipei City,Taipei,25.053,121.5259,5,Mobile Business Group,17421
2025-12-10 09:36:51.946621 UTC,2025,17:36:51,ndt-8wq6c_1763541608_00000000001BD34C,Download,131.7615691053384,42.682,0.0017476700265101027,Taipei City,Taipei,25.053,121.5259,50,"Far EastTone Telecommunication Co., Ltd.",9674
2025-12-10 09:36:48.222450 UTC,2025,17:36:48,ndt-d8597_1763604679_00000000001582C2,Download,39.391451671567658,26.591,0.0,Taipei City,Taipei,25.053,121.5259,10,"Taiwan Mobile Co., Ltd.",24158
2025-12-10 09:35:55.665895 UTC,2025,17:35:55,ndt-v97g4_1763480129_000000000015AFD8,Download,20.857137958790947,29.777,0.0,Taipei City,Taipei,25.053,121.5259,10,"Taiwan Mobile Co., Ltd.",24158
2025-12-10 09:35:22.521418 UTC,2025,17:35:22,ndt-lvdqj_1763512125_0000000000170723,Download,14.478650270028186,28.76,2.5580558949363992e-05,Taipei City,Taipei,25.053,121.5259,10,"Taiwan Mobile Co., Ltd.",24158
2025-12-10 09:32:41.508098 UTC,2025,17:32:41,ndt-d8597_1763604679_000000000015C1D6,Download,32.114846223405024,28.708,0.0,Taipei City,Taipei,25.053,121.5259,5,"Taiwan Mobile Co., Ltd.",24158
2025-12-10 09:32:20.783815 UTC,2025,17:32:20,ndt-lvdqj_1763512125_0000000000179309,Download,168.88513400499514,18.107,0.0,Taipei City,Taipei,25.053,121.5259,5,"Taiwan Mobile Co., Ltd.",24158
2025-12-10 09:32:03.320470 UTC,2025,17:32:03,ndt-v97g4_1763480129_000000000015AFD1,Download,0.97703191398834721,29.985,0.12974521727738736,Taipei City,Taipei,25.053,121.5259,20,"Taiwan Mobile Co., Ltd.",24158
2025-12-10 09:31:44.036182 UTC,2025,17:31:44,ndt-d8597_1763604679_000000000015B218,Download,43.095396888039268,28.133,0.0,Taipei City,Taipei,25.053,121.5259,5,"Taiwan Mobile Co., Ltd.",24158
2025-12-10 09:31:13.779418 UTC,2025,17:31:13,ndt-v97g4_1763480129_000000000015FD55,Download,27.602853885046876,26.008,0.0,Taipei City,Taipei,25.053,121.5259,5,"Taiwan Mobile Co., Ltd.",24158
2025-12-10 09:30:35.359473 UTC,2025,17:30:35,ndt-d8597_1763604679_000000000014DF9C,Download,36.116627892890428,28.743,0.0,Taipei City,Taipei,25.053,121.5259,5,"Taiwan Mobile Co., Ltd.",24158
2025-12-10 09:30:03.256080 UTC,2025,17:30:03,ndt-lvdqj_1763512125_000000000017E0CA,Download,35.86932783275568,28.673,0.0,Taipei City,Taipei,25.053,121.5259,5,"Taiwan Mobile Co., Ltd.",24158
2025-12-10 09:28:21.669977 UTC,2025,17:28:21,ndt-v97g4_1763480129_0000000000169AB7,Download,0.77872576022118067,23.941,0.027079208795003661,Taipei City,Taipei,25.053,121.5259,20,"Taiwan Mobile Co., Ltd.",24158
2025-12-10 09:27:29.424575 UTC,2025,17:27:29,ndt-d8597_1763604679_000000000014FA4E,Download,1.5186721178635092,139.584,0.16613204231849918,Taipei City,Taipei,25.053,121.5259,20,"Taiwan Mobile Co., Ltd.",24158
2025-12-10 09:27:13.379224 UTC,2025,17:27:13,ndt-d8597_1763604679_0000000000152683,Download,1.2794123938039617,30.334,0.014440355905163337,Taipei City,Taipei,25.053,121.5259,20,"Taiwan Mobile Co., Ltd.",24158
2025-12-10 09:27:07.807330 UTC,2025,17:27:07,ndt-lvdqj_1763512125_00000000001792F8,Download,0.56555700978243129,32.026,0.11559597335019209,Taipei City,Taipei,25.053,121.5259,20,"Taiwan Mobile Co., Ltd.",24158
2025-12-10 09:24:41.449584 UTC,2025,17:24:41,ndt-lvdqj_1763512125_0000000000168AB8,Download,101.18704576453857,155.691,5.6162017373361263e-05,Taipei City,Taipei,25.053,121.5259,10,Mobile Business Group,17421
2025-12-10 09:24:31.297062 UTC,2025,17:24:31,ndt-lvdqj_1763512125_0000000000170711,Download,39.605248892397704,165.712,0.00036841071737560489,Taipei City,Taipei,25.053,121.5259,100,"Far EastTone Telecommunication Co., Ltd.",9674
2025-12-10 09:19:24.064330 UTC,2025,17:19:24,ndt-v97g4_1763480129_000000000016C989,Download,22.656519436690143,164.865,0.00064430294969206633,Taipei City,Taipei,25.053,121.5259,100,"Far EastTone Telecommunication Co., Ltd.",9674
2025-12-10 09:16:24.586731 UTC,2025,17:16:24,ndt-d8597_1763604679_0000000000152671,Download,0.13889155475107259,149.983,0.29190213077001675,Taipei City,Taipei,25.053,121.5259,20,"Taiwan Mobile Co., Ltd.",24158
2025-12-10 09:15:05.130442 UTC,2025,17:15:05,ndt-v97g4_1763480129_0000000000160D62,Download,9.5913194211274746,22.779,0.08755259708270835,Taipei City,Taipei,25.053,121.5259,5,"Taiwan Mobile Co., Ltd.",24158
2025-12-10 09:14:14.664410 UTC,2025,17:14:14,ndt-d8597_1763604679_0000000000155624,Download,90.771568784074773,26.043,0.0,Taipei City,Taipei,25.053,121.5259,10,"Taiwan Mobile Co., Ltd.",24158
2025-12-10 09:11:50.756936 UTC,2025,17:11:50,ndt-lvdqj_1763512125_0000000000156D96,Download,25.258541537582765,22.35,0.0,Taipei City,Taipei,25.053,121.5259,5,Mobile Business Group,17421
2025-12-10 09:07:44.340550 UTC,2025,17:07:44,ndt-lvdqj_1763512125_000000000015EC02,Download,2.511253841666409,38.927,0.086018370607028757,Taipei City,Taipei,25.053,121.5259,20,"Taiwan Mobile Co., Ltd.",24158
2025-12-10 09:07:34.419407 UTC,2025,17:07:34,ndt-lvdqj_1763512125_0000000000159D73,Download,41.657570455472452,29.811,0.0,Taipei City,Taipei,25.053,121.5259,20,"Taiwan Mobile Co., Ltd.",24158
2025-12-10 09:02:06.735696 UTC,2025,17:02:06,ndt-lvdqj_1763512125_0000000000178338,Download,2.3454186073481962,28.013,0.18439005901781363,Taipei City,Taipei,25.053,121.5259,5,"Taiwan Mobile Co., Ltd.",24158
2025-12-10 09:00:24.244598 UTC,2025,17:00:24,ndt-v97g4_1763480129_0000000000165A55,Download,1.6709143082509417,32.061,0.0,Taipei City,Taipei,25.053,121.5259,5,Mobile Business Group,17421
2025-12-10 08:56:29.459674 UTC,2025,16:56:29,ndt-d8597_1763604679_000000000014C775,Download,10.045899752824889,160.45,0.0,Taipei City,Taipei,25.053,121.5259,5,Mobile Business Group,17421
2025-12-10 08:55:55.911068 UTC,2025,16:55:55,ndt-d8597_1763604679_000000000015651A,Download,41.326393275896052,160.412,0.0044789264888174512,Taipei City,Taipei,25.053,121.5259,50,"Far EastTone Telecommunication Co., Ltd.",9674
2025-12-10 08:55:52.712149 UTC,2025,16:55:52,ndt-v97g4_1763480129_000000000015AF9E,Download,70.124497039810734,157.576,0.0,Taipei City,Taipei,25.053,121.5259,5,Mobile Business Group,17421
2025-12-10 08:31:42.451769 UTC,2025,16:31:42,ndt-v97g4_1763480129_0000000000165A2F,Download,48.022286052337584,18.918,0.076439304813644721,Taipei City,Taipei,25.053,121.5259,20,"Taiwan Mobile Co., Ltd.",24158
2025-12-10 08:31:01.129404 UTC,2025,16:31:01,ndt-lvdqj_1763512125_0000000000174549,Download,0.36458695850828776,156.634,0.20772002293151298,Taipei City,Taipei,25.053,121.5259,100,"Far EastTone Telecommunication Co., Ltd.",9674
2025-12-10 08:16:57.918598 UTC,2025,16:16:57,ndt-v97g4_1763480129_0000000000159F63,Download,0.58220299471966519,157.65,0.0,Taipei City,Taipei,25.053,121.5259,5,Mobile Business Group,17421
2025-12-10 08:15:55.946238 UTC,2025,16:15:55,ndt-lvdqj_1763512125_000000000015EBC8,Download,0.74282094783814778,168.796,0.0,Taipei City,Taipei,25.053,121.5259,5,Mobile Business Group,17421
2025-12-10 08:15:13.975187 UTC,2025,16:15:13,ndt-v97g4_1763480129_0000000000161CF7,Download,0.98577713571956282,161.193,0.0,Taipei City,Taipei,25.053,121.5259,5,Mobile Business Group,17421
2025-12-10 08:15:12.227088 UTC,2025,16:15:12,ndt-lvdqj_1763512125_000000000017B18D,Download,0.72952878774498664,201.023,0.0,Taipei City,Taipei,25.053,121.5259,50,"Far EastTone Telecommunication Co., Ltd.",9674
2025-12-10 08:13:23.311348 UTC,2025,16:13:23,ndt-v97g4_1763480129_000000000017711C,Download,5.6175462339995619,166.229,0.037183732117198727,Taipei City,Taipei,25.053,121.5259,50,"Far EastTone Telecommunication Co., Ltd.",9674
2025-12-10 08:10:56.275508 UTC,2025,16:10:56,ndt-lvdqj_1763512125_0000000000174520,Download,76.62590874454402,20.135,0.0,Taipei City,Taipei,25.053,121.5259,5,"Taiwan Mobile Co., Ltd.",24158
2025-12-10 08:10:46.973171 UTC,2025,16:10:46,ndt-lvdqj_1763512125_00000000001772DE,Download,6.6426176958060967,159.364,0.083834261440580468,Taipei City,Taipei,25.053,121.5259,5,Mobile Business Group,17421
2025-12-10 08:07:55.150745 UTC,2025,16:07:55,ndt-d8597_1763604679_0000000000154581,Download,84.464887007408834,163.97,0.00032774593531694352,Taipei City,Taipei,25.053,121.5259,50,"Far EastTone Telecommunication Co., Ltd.",9674
2025-12-10 08:05:13.398898 UTC,2025,16:05:13,ndt-v97g4_1763480129_00000000001714C6,Download,0.56021791209319083,170.368,0.035454927379666309,Taipei City,Taipei,25.053,121.5259,50,"Far EastTone Telecommunication Co., Ltd.",9674
2025-12-10 08:03:55.097969 UTC,2025,16:03:55,ndt-lvdqj_1763512125_000000000017549E,Download,34.990045628173256,160.804,0.0030319644585931858,Taipei City,Taipei,25.053,121.5259,10,Mobile Business Group,17421
2025-12-10 07:59:01.418622 UTC,2025,15:59:01,ndt-v97g4_1763480129_0000000000179057,Download,32.017317259366436,22.908,0.00020875224424724231,Taipei City,Taipei,25.053,121.5259,50,"Far EastTone Telecommunication Co., Ltd.",9674
2025-12-10 07:56:36.569918 UTC,2025,15:56:36,ndt-lvdqj_1763512125_000000000017E010,Download,6.0854317768758861,166.654,0.000674652753928568,Taipei City,Taipei,25.053,121.5259,50,"Far EastTone Telecommunication Co., Ltd.",9674
2025-12-10 07:52:06.667964 UTC,2025,15:52:06,ndt-d2hpb_1763462662_00000000001C1B52,Download,127.78388570579448,36.973,5.2808449559021404e-05,Taipei City,Taipei,25.053,121.5259,20,"Far EastTone Telecommunication Co., Ltd.",9674
2025-12-10 07:47:53.413019 UTC,2025,15:47:53,ndt-v97g4_1763480129_00000000001780F8,Download,44.160071880136279,168.813,0.00047061132601661861,Taipei City,Taipei,25.053,121.5259,50,"Far EastTone Telecommunication Co., Ltd.",9674
2025-12-10 07:45:04.171972 UTC,2025,15:45:04,ndt-v97g4_1763480129_000000000016ACA3,Download,9.1162712445738,25.264,0.0,Taipei City,Taipei,25.053,121.5259,10,"Taiwan Mobile Co., Ltd.",24158
2025-12-10 07:38:51.341371 UTC,2025,15:38:51,ndt-virtual-hrhtg_1763486473_000000000019414F,Download,83.019651668063915,20.223,5.291057051564929e-05,Taipei City,Taipei,25.053,121.5259,5,"Taiwan Mobile Co., Ltd.",24158
2025-12-10 07:38:43.455637 UTC,2025,15:38:43,ndt-v97g4_1763480129_000000000017903E,Download,101.40737989165456,25.048,0.0,Taipei City,Taipei,25.053,121.5259,100,"Far EastTone Telecommunication Co., Ltd.",9674
2025-12-10 07:36:33.536675 UTC,2025,15:36:33,ndt-d8597_1763604679_00000000001571F1,Download,56.395242981882284,156.937,0.00080517800179337668,Taipei City,Taipei,25.053,121.5259,5,Mobile Business Group,17421
2025-12-10 07:25:04.184337 UTC,2025,15:25:04,ndt-lvdqj_1763512125_00000000001732D7,Download,66.295847542724658,153.595,0.0,Taipei City,Taipei,25.053,121.5259,5,Mobile Business Group,17421
2025-12-10 07:20:51.151220 UTC,2025,15:20:51,ndt-lvdqj_1763512125_00000000001714CF,Download,6.59506978891829,26.286,0.0,Taipei City,Taipei,25.053,121.5259,5,"Taiwan Mobile Co., Ltd.",24158
2025-12-10 07:14:25.020362 UTC,2025,15:14:25,ndt-v97g4_1763480129_0000000000159F04,Download,27.283521506315768,22.948,0.0,Taipei City,Taipei,25.053,121.5259,5,"Taiwan Mobile Co., Ltd.",24158
2025-12-10 07:13:10.153328 UTC,2025,15:13:10,ndt-lvdqj_1763512125_000000000017540A,Download,18.103364936028438,19.705,0.055749321489234609,Taipei City,Taipei,25.053,121.5259,5,"Taiwan Mobile Co., Ltd.",24158
2025-12-10 07:07:53.279287 UTC,2025,15:07:53,ndt-v97g4_1763480129_00000000001659B3,Download,42.307045615456353,156.268,0.0,Taipei City,Taipei,25.053,121.5259,5,Mobile Business Group,17421
2025-12-10 07:06:20.598781 UTC,2025,15:06:20,ndt-lvdqj_1763512125_0000000000178225,Download,2.8685300615127027,249.915,0.18709600129445542,Taipei City,Taipei,25.053,121.5259,50,Mobile Business Group,17421
2025-12-10 07:05:48.373392 UTC,2025,15:05:48,ndt-lvdqj_1763512125_0000000000164AD8,Download,117.03814072180825,151.427,0.0,Taipei City,Taipei,25.053,121.5259,5,"Far EastTone Telecommunication Co., Ltd.",9674
2025-12-10 06:39:27.057188 UTC,2025,14:39:27,ndt-v97g4_1763480129_0000000000161C5F,Download,58.30453653344253,24.457,0.0,Taipei City,Taipei,25.053,121.5259,5,"Taiwan Mobile Co., Ltd.",24158
2025-12-10 06:37:02.670299 UTC,2025,14:37:02,ndt-lvdqj_1763512125_0000000000163ABB,Download,71.299247505321631,20.841,0.0,Taipei City,Taipei,25.053,121.5259,10,"Taiwan Mobile Co., Ltd.",24158
2025-12-10 06:29:37.179868 UTC,2025,14:29:37,ndt-v97g4_1763480129_0000000000167B1B,Download,7.6357714840470514,23.847,0.0,Taipei City,Taipei,25.053,121.5259,5,"Taiwan Mobile Co., Ltd.",24158
2025-12-10 06:26:36.579739 UTC,2025,14:26:36,ndt-d8597_1763604679_00000000001447FD,Download,216.07946835234688,23.601,0.0,Taipei City,Taipei,25.053,121.5259,5,"Taiwan Mobile Co., Ltd.",24158
2025-12-10 06:20:06.499338 UTC,2025,14:20:06,ndt-d8597_1763604679_000000000013D8B8,Download,5.5335167201455135,163.45,0.000666372173157884,Taipei City,Taipei,25.053,121.5259,5,Mobile Business Group,17421
2025-12-10 06:18:41.092022 UTC,2025,14:18:41,ndt-lvdqj_1763512125_0000000000160B5B,Download,2.9552052873090364,42.459,0.00036436585902401404,Taipei City,Taipei,25.053,121.5259,5,Mobile Business Group,17421
2025-12-10 06:12:25.363315 UTC,2025,14:12:25,ndt-v97g4_1763480129_0000000000163D29,Download,108.89263442609131,156.419,0.0,Taipei City,Taipei,25.053,121.5259,5,Mobile Business Group,17421
2025-12-10 06:11:34.593142 UTC,2025,14:11:34,ndt-d8597_1763604679_00000000001563B0,Download,172.19759267365913,19.72,0.0025628255194655,Taipei City,Taipei,25.053,121.5259,5,"Taiwan Mobile Co., Ltd.",24158
2025-12-10 06:10:44.824789 UTC,2025,14:10:44,ndt-d8597_1763604679_0000000000157145,Download,21.452981850216034,23.294,0.14447154188797398,Taipei City,Taipei,25.053,121.5259,5,"Taiwan Mobile Co., Ltd.",24158
2025-12-10 06:06:40.046228 UTC,2025,14:06:40,ndt-d8597_1763604679_000000000014ECCB,Download,23.587030234173586,23.038,0.081054723721355415,Taipei City,Taipei,25.053,121.5259,5,"Taiwan Mobile Co., Ltd.",24158
2025-12-10 06:04:29.077482 UTC,2025,14:04:29,ndt-lvdqj_1763512125_0000000000164A7A,Download,38.481346969693185,26.614,0.0,Taipei City,Taipei,25.053,121.5259,10,"Taiwan Mobile Co., Ltd.",24158
2025-12-10 06:03:49.324351 UTC,2025,14:03:49,ndt-v97g4_1763480129_0000000000177054,Download,14.202901431736839,35.961,0.0029144995192697536,Taipei City,Taipei,25.053,121.5259,10,"Taiwan Mobile Co., Ltd.",24158
2025-12-10 05:57:17.782224 UTC,2025,13:57:17,ndt-v97g4_1763480129_0000000000167AEC,Download,30.963633951463777,159.188,0.0030932762292424981,Taipei City,Taipei,25.053,121.5259,10,Mobile Business Group,17421
2025-12-10 05:45:19.332561 UTC,2025,13:45:19,ndt-v97g4_1763480129_0000000000152FA3,Download,15.28756659059532,28.043,0.0,Taipei City,Taipei,25.053,121.5259,5,"Taiwan Mobile Co., Ltd.",24158
2025-12-10 05:44:48.007891 UTC,2025,13:44:48,ndt-v97g4_1763480129_000000000015EF2E,Download,4.7742244580189244,28.46,0.0015527359359420311,Taipei City,Taipei,25.053,121.5259,5,"Taiwan Mobile Co., Ltd.",24158
2025-12-10 05:43:52.525823 UTC,2025,13:43:52,ndt-lvdqj_1763512125_0000000000178189,Download,31.291165273941296,28.784,0.040480927454241464,Taipei City,Taipei,25.053,121.5259,5,"Taiwan Mobile Co., Ltd.",24158
2025-12-10 05:41:42.873217 UTC,2025,13:41:42,ndt-v97g4_1763480129_000000000016C865,Download,13.683034710794143,21.551,0.009397228819788243,Taipei City,Taipei,25.053,121.5259,5,"Taiwan Mobile Co., Ltd.",24158
2025-12-10 05:40:56.571499 UTC,2025,13:40:56,ndt-lvdqj_1763512125_000000000016F9C0,Download,10.634088810585723,23.16,0.0061758371299038776,Taipei City,Taipei,25.053,121.5259,5,"Taiwan Mobile Co., Ltd.",24158
2025-12-10 05:40:13.618000 UTC,2025,13:40:13,ndt-lvdqj_1763512125_000000000017817C,Download,224.29086083649659,16.093,4.23104092056446e-05,Taipei City,Taipei,25.053,121.5259,5,"Taiwan Mobile Co., Ltd.",24158
2025-12-10 05:38:49.522868 UTC,2025,13:38:49,ndt-v97g4_1763480129_0000000000162E0B,Download,12.885123440378447,21.698,0.0,Taipei City,Taipei,25.053,121.5259,5,"Taiwan Mobile Co., Ltd.",24158
2025-12-10 05:34:42.934159 UTC,2025,13:34:42,ndt-v97g4_1763480129_000000000016C857,Download,16.772952850000145,154.98,0.0016503162768407857,Taipei City,Taipei,25.053,121.5259,5,Mobile Business Group,17421
2025-12-10 05:33:12.753517 UTC,2025,13:33:12,ndt-lvdqj_1763512125_000000000016B8EC,Download,0.74912316378500776,147.809,0.15982527623498469,Taipei City,Taipei,25.053,121.5259,10,"Taiwan Mobile Co., Ltd.",24158
2025-12-10 05:32:52.709063 UTC,2025,13:32:52,ndt-d8597_1763604679_000000000015B02D,Download,35.764782030752855,152.148,0.0,Taipei City,Taipei,25.053,121.5259,100,"Far EastTone Telecommunication Co., Ltd.",9674
2025-12-10 05:26:24.693859 UTC,2025,13:26:24,ndt-d8597_1763604679_000000000015A08D,Download,364.56687418892074,22.302,0.0093984340389122352,Taipei City,Taipei,25.053,121.5259,5,"Taiwan Mobile Co., Ltd.",24158
2025-12-10 05:13:16.464776 UTC,2025,13:13:16,ndt-lvdqj_1763512125_0000000000178144,Download,111.69103290575696,152.36,0.0,Taipei City,Taipei,25.053,121.5259,5,Mobile Business Group,17421
2025-12-10 05:08:17.884452 UTC,2025,13:08:17,ndt-virtual-hrhtg_1763486473_000000000019153B,Download,81.363430345896731,20.769,0.00092478888305926737,Taipei City,Taipei,25.053,121.5259,5,Mobile Business Group,17421
2025-12-10 05:04:26.775640 UTC,2025,13:04:26,ndt-v97g4_1763480129_000000000016C821,Download,225.65885638712095,29.537,0.00025859231772339889,Taipei City,Taipei,25.053,121.5259,5,"Taiwan Mobile Co., Ltd.",24158
2025-12-10 05:04:18.995469 UTC,2025,13:04:18,ndt-virtual-hrhtg_1763486473_000000000019150E,Download,99.143088521046764,19.35,0.0,Taipei City,Taipei,25.053,121.5259,5,"Taiwan Mobile Co., Ltd.",24158
2025-12-10 05:00:29.036584 UTC,2025,13:00:29,ndt-d8597_1763604679_000000000013C89E,Download,4.95593196026244,18.453,0.0003140878020848109,Taipei City,Taipei,25.053,121.5259,10,Mobile Business Group,17421
2025-12-10 04:57:04.401463 UTC,2025,12:57:04,ndt-v97g4_1763480129_0000000000165901,Download,48.777556297253177,158.485,0.0006430748271601302,Taipei City,Taipei,25.053,121.5259,100,"Far EastTone Telecommunication Co., Ltd.",9674
2025-12-10 04:53:03.913158 UTC,2025,12:53:03,ndt-d8597_1763604679_0000000000147EBC,Download,7.4390168228598279,156.169,0.15245583994605444,Taipei City,Taipei,25.053,121.5259,5,Mobile Business Group,17421
2025-12-10 04:52:51.256444 UTC,2025,12:52:51,ndt-v97g4_1763480129_000000000015AE2F,Download,27.852766998450477,24.789,0.0,Taipei City,Taipei,25.053,121.5259,5,"Taiwan Mobile Co., Ltd.",24158
2025-12-10 04:51:18.703010 UTC,2025,12:51:18,ndt-d8597_1763604679_000000000014BFE1,Download,24.674105738492567,22.167,0.033361000501369059,Taipei City,Taipei,25.053,121.5259,5,Mobile Business Group,17421
2025-12-10 04:48:53.188769 UTC,2025,12:48:53,ndt-v97g4_1763480129_00000000001731A9,Download,46.468321278982629,162.931,4.6986462074559e-05,Taipei City,Taipei,25.053,121.5259,50,"Far EastTone Telecommunication Co., Ltd.",9674
2025-12-10 04:47:03.903055 UTC,2025,12:47:03,ndt-d8597_1763604679_000000000015054D,Download,1.1833462442956717,25.519,0.0030082412825928875,Taipei City,Taipei,25.053,121.5259,5,"Taiwan Mobile Co., Ltd.",24158
2025-12-10 04:46:24.837997 UTC,2025,12:46:24,ndt-d8597_1763604679_0000000000153439,Download,25.560907711028385,24.483,0.00013774046224464482,Taipei City,Taipei,25.053,121.5259,5,"Taiwan Mobile Co., Ltd.",24158
2025-12-10 04:45:51.831842 UTC,2025,12:45:51,ndt-d8597_1763604679_00000000001524AD,Download,10.504027027526766,20.043,0.00044982958924226864,Taipei City,Taipei,25.053,121.5259,5,"Taiwan Mobile Co., Ltd.",24158
2025-12-10 04:44:02.479363 UTC,2025,12:44:02,ndt-lvdqj_1763512125_0000000000165FBC,Download,57.627160441061612,160.16,0.00033426397402687956,Taipei City,Taipei,25.053,121.5259,50,"Far EastTone Telecommunication Co., Ltd.",9674
2025-12-10 04:43:42.860392 UTC,2025,12:43:42,ndt-d8597_1763604679_0000000000150543,Download,10.190326971734191,20.04,0.0,Taipei City,Taipei,25.053,121.5259,5,"Taiwan Mobile Co., Ltd.",24158
2025-12-10 04:36:25.560770 UTC,2025,12:36:25,ndt-v97g4_1763480129_0000000000169931,Download,2.3109992079049215,154.334,0.16852006512720655,Taipei City,Taipei,25.053,121.5259,5,Mobile Business Group,17421
2025-12-10 04:35:59.087081 UTC,2025,12:35:59,ndt-lvdqj_1763512125_0000000000177123,Download,8.8544080019734075,26.202,0.0,Taipei City,Taipei,25.053,121.5259,100,"Far EastTone Telecommunication Co., Ltd.",9674
2025-12-10 04:32:44.575102 UTC,2025,12:32:44,ndt-d8597_1763604679_0000000000147E9A,Download,12.549951449474513,164.864,0.017586191816232305,Taipei City,Taipei,25.053,121.5259,100,"Far EastTone Telecommunication Co., Ltd.",9674
2025-12-10 04:32:16.868736 UTC,2025,12:32:16,ndt-v97g4_1763480129_000000000016992A,Download,9.9399622272067472,153.781,0.006273653292161699,Taipei City,Taipei,25.053,121.5259,100,"Far EastTone Telecommunication Co., Ltd.",9674
2025-12-10 04:27:54.496864 UTC,2025,12:27:54,ndt-d8597_1763604679_00000000001543EC,Download,126.89998523146652,149.443,0.0,Taipei City,Taipei,25.053,121.5259,5,Mobile Business Group,17421
2025-12-10 04:22:45.764793 UTC,2025,12:22:45,ndt-lvdqj_1763512125_000000000016795E,Download,245.06523676407326,13.041,0.0,Taipei City,Taipei,25.053,121.5259,10,Mobile Business Group,17421
2025-12-10 04:21:58.999589 UTC,2025,12:21:58,ndt-lvdqj_1763512125_00000000001762A3,Download,16.1701015845575,164.502,0.0732707697235904,Taipei City,Taipei,25.053,121.5259,100,"Far EastTone Telecommunication Co., Ltd.",9674
2025-12-10 04:19:17.895179 UTC,2025,12:19:17,ndt-lvdqj_1763512125_000000000017629F,Download,62.5245536467868,22.079,0.0,Taipei City,Taipei,25.053,121.5259,10,"Taiwan Mobile Co., Ltd.",24158
2025-12-10 04:18:52.358591 UTC,2025,12:18:52,ndt-lvdqj_1763512125_000000000016A8CB,Download,1.3691684324002824,29.206,0.00533268426526232,Taipei City,Taipei,25.053,121.5259,20,"Far EastTone Telecommunication Co., Ltd.",9674
2025-12-10 04:18:44.965326 UTC,2025,12:18:44,ndt-lvdqj_1763512125_0000000000160AC8,Download,1.5567907614530418,22.713,0.0822398631583781,Taipei City,Taipei,25.053,121.5259,20,"Far EastTone Telecommunication Co., Ltd.",9674
2025-12-10 04:17:36.399589 UTC,2025,12:17:36,ndt-d8597_1763604679_00000000001553D6,Download,8.40268682394073,154.871,0.34986631017825709,Taipei City,Taipei,25.053,121.5259,5,Mobile Business Group,17421
2025-12-10 04:05:07.069942 UTC,2025,12:05:07,ndt-v97g4_1763480129_000000000015EE80,Download,2.8117100864281332,29.839,0.0057871636819005236,Taipei City,Taipei,25.053,121.5259,5,"Taiwan Mobile Co., Ltd.",24158
2025-12-10 04:04:34.492457 UTC,2025,12:04:34,ndt-d8597_1763604679_000000000015807C,Download,4.0530022412784641,33.881,0.062538289275755124,Taipei City,Taipei,25.053,121.5259,5,"Taiwan Mobile Co., Ltd.",24158
2025-12-10 04:03:53.789836 UTC,2025,12:03:53,ndt-lvdqj_1763512125_000000000016A8BA,Download,4.6329471875814718,31.05,0.0013672063493522428,Taipei City,Taipei,25.053,121.5259,5,"Taiwan Mobile Co., Ltd.",24158
2025-12-10 04:03:21.199261 UTC,2025,12:03:21,ndt-lvdqj_1763512125_0000000000174312,Download,23.253591678736587,28.073,0.003011399435161309,Taipei City,Taipei,25.053,121.5259,5,"Taiwan Mobile Co., Ltd.",24158
2025-12-04 03:59:46.287058 UTC,2025,11:59:46,ndt-v97g4_1763480129_00000000000FD8DB,Download,111.07240997586118,154.911,0.00047144928727223126,Taipei City,Taipei,25.053,121.5259,5,Mobile Business Group,17421
2025-12-04 03:50:32.212663 UTC,2025,11:50:32,ndt-d8597_1763604679_00000000000E6A49,Download,99.572976686883521,158.009,0.0,Taipei City,Taipei,25.053,121.5259,5,Mobile Business Group,17421
2025-12-04 03:46:48.104998 UTC,2025,11:46:48,ndt-lvdqj_1763512125_0000000000100868,Download,93.124513096739861,153.78,0.0,Taipei City,Taipei,25.053,121.5259,5,Mobile Business Group,17421
2025-12-04 03:46:35.487558 UTC,2025,11:46:35,ndt-d8597_1763604679_00000000000BECF9,Download,431.86608733545069,16.805,0.0,Taipei City,Taipei,25.053,121.5259,5,"Taiwan Mobile Co., Ltd.",24158
2025-12-04 03:45:13.209695 UTC,2025,11:45:13,ndt-lvdqj_1763512125_0000000000107293,Download,194.93937853489226,25.495,0.0,Taipei City,Taipei,25.053,121.5259,5,"Taiwan Mobile Co., Ltd.",24158
2025-12-04 03:44:43.877779 UTC,2025,11:44:43,ndt-v97g4_1763480129_00000000000F4C0A,Download,467.35368750491853,16.862,0.0,Taipei City,Taipei,25.053,121.5259,5,"Taiwan Mobile Co., Ltd.",24158
2025-12-04 03:37:46.210678 UTC,2025,11:37:46,ndt-d8597_1763604679_00000000000E9822,Download,120.54681012991227,27.405,0.0,Taipei City,Taipei,25.053,121.5259,20,"Taiwan Mobile Co., Ltd.",24158
2025-12-04 03:34:39.063571 UTC,2025,11:34:39,ndt-v97g4_1763480129_0000000000102846,Download,64.236166228438918,159.152,0.0,Taipei City,Taipei,25.053,121.5259,50,"Far EastTone Telecommunication Co., Ltd.",9674
2025-12-04 03:34:35.512379 UTC,2025,11:34:35,ndt-d8597_1763604679_00000000000ED696,Download,34.161203256171028,153.733,0.35237207089501232,Taipei City,Taipei,25.053,121.5259,50,"Far EastTone Telecommunication Co., Ltd.",9674
2025-12-04 03:31:40.604342 UTC,2025,11:31:40,ndt-v97g4_1763480129_00000000000FB9F1,Download,1.5548074764397968,162.77,0.0,Taipei City,Taipei,25.053,121.5259,50,"Far EastTone Telecommunication Co., Ltd.",9674
2025-12-04 03:30:45.886765 UTC,2025,11:30:45,ndt-lvdqj_1763512125_0000000000100854,Download,7.7313070580767693,24.357,0.0,Taipei City,Taipei,25.053,121.5259,5,"Taiwan Mobile Co., Ltd.",24158
2025-12-04 03:28:40.135859 UTC,2025,11:28:40,ndt-v97g4_1763480129_00000000001100FE,Download,234.80637931554327,14.377,0.0,Taipei City,Taipei,25.053,121.5259,10,Mobile Business Group,17421
2025-12-04 03:28:24.770897 UTC,2025,11:28:24,ndt-d8597_1763604679_00000000000E7975,Download,12.344342102617871,23.156,0.0,Taipei City,Taipei,25.053,121.5259,20,"Taiwan Mobile Co., Ltd.",24158
2025-12-04 03:27:53.021915 UTC,2025,11:27:53,ndt-d8597_1763604679_00000000000EB6F3,Download,94.98173095585868,24.27,0.0,Taipei City,Taipei,25.053,121.5259,5,"Taiwan Mobile Co., Ltd.",24158
2025-12-04 03:25:42.578173 UTC,2025,11:25:42,ndt-v97g4_1763480129_0000000000102832,Download,121.49937392736818,22.755,0.0023976817893904706,Taipei City,Taipei,25.053,121.5259,5,"Taiwan Mobile Co., Ltd.",24158
2025-12-04 03:24:11.094656 UTC,2025,11:24:11,ndt-virtual-hrhtg_1763486473_00000000001214C7,Download,250.69125439642204,19.191,0.0,Taipei City,Taipei,25.053,121.5259,50,"Far EastTone Telecommunication Co., Ltd.",9674
2025-12-04 03:23:12.701052 UTC,2025,11:23:12,ndt-lvdqj_1763512125_00000000001043F6,Download,0.20340703660525977,103.0,0.32909610088255337,Taipei City,Taipei,25.053,121.5259,20,"Far EastTone Telecommunication Co., Ltd.",9674
2025-12-04 03:16:15.279902 UTC,2025,11:16:15,ndt-lvdqj_1763512125_0000000000106333,Download,48.62756012384213,21.234,0.0,Taipei City,Taipei,25.053,121.5259,20,"Taiwan Mobile Co., Ltd.",24158
2025-12-04 03:04:11.597554 UTC,2025,11:04:11,ndt-lvdqj_1763512125_000000000010D0E3,Download,58.335610581131526,155.819,0.00017215312321088239,Taipei City,Taipei,25.053,121.5259,100,"Far EastTone Telecommunication Co., Ltd.",9674
2025-12-04 02:59:14.980322 UTC,2025,10:59:14,ndt-d8597_1763604679_00000000000EE5DB,Download,27.882913344732575,23.639,0.0,Taipei City,Taipei,25.053,121.5259,5,"Taiwan Mobile Co., Ltd.",24158
2025-12-04 02:56:06.670491 UTC,2025,10:56:06,ndt-lvdqj_1763512125_000000000010C0BD,Download,86.855445769878429,157.918,0.0,Taipei City,Taipei,25.053,121.5259,5,Mobile Business Group,17421
2025-12-04 02:53:02.932137 UTC,2025,10:53:02,ndt-v97g4_1763480129_00000000000FD870,Download,36.117595198030827,25.039,0.0,Taipei City,Taipei,25.053,121.5259,5,"Taiwan Mobile Co., Ltd.",24158
2025-12-04 02:51:38.750211 UTC,2025,10:51:38,ndt-v97g4_1763480129_0000000000103799,Download,98.407980788161723,154.687,0.0019704375087111568,Taipei City,Taipei,25.053,121.5259,5,Mobile Business Group,17421
2025-12-04 02:51:27.844579 UTC,2025,10:51:27,ndt-lvdqj_1763512125_00000000001091C1,Download,110.8129309389744,147.66,0.0020545032092612854,Taipei City,Taipei,25.053,121.5259,5,Mobile Business Group,17421
2025-12-04 02:50:28.596926 UTC,2025,10:50:28,ndt-v97g4_1763480129_0000000000105820,Download,298.30711638233396,16.31,0.0,Taipei City,Taipei,25.053,121.5259,5,"Taiwan Mobile Co., Ltd.",24158
2025-12-04 02:50:13.717931 UTC,2025,10:50:13,ndt-v97g4_1763480129_000000000010D44B,Download,123.37248656022307,149.55,0.0,Taipei City,Taipei,25.053,121.5259,5,Mobile Business Group,17421
2025-12-04 02:50:10.165565 UTC,2025,10:50:10,ndt-lvdqj_1763512125_000000000011005F,Download,393.83552339347983,20.196,0.0,Taipei City,Taipei,25.053,121.5259,5,"Taiwan Mobile Co., Ltd.",24158
2025-12-04 02:49:58.163123 UTC,2025,10:49:58,ndt-v97g4_1763480129_00000000000F5BA5,Download,250.73721456900211,16.547,0.0,Taipei City,Taipei,25.053,121.5259,5,"Taiwan Mobile Co., Ltd.",24158
2025-12-04 02:49:42.320272 UTC,2025,10:49:42,ndt-lvdqj_1763512125_00000000001062FA,Download,121.33307214850817,150.412,0.0,Taipei City,Taipei,25.053,121.5259,5,Mobile Business Group,17421
2025-12-04 02:49:21.421131 UTC,2025,10:49:21,ndt-v97g4_1763480129_00000000000F2C56,Download,0.17434017662999571,181.021,0.051518793706293704,Taipei City,Taipei,25.053,121.5259,100,"Far EastTone Telecommunication Co., Ltd.",9674
2025-12-04 02:49:01.894519 UTC,2025,10:49:01,ndt-v97g4_1763480129_000000000010A644,Download,59.792569286070425,147.164,0.034494032628567692,Taipei City,Taipei,25.053,121.5259,100,"Far EastTone Telecommunication Co., Ltd.",9674
2025-12-04 02:48:13.701475 UTC,2025,10:48:13,ndt-d8597_1763604679_00000000000E7925,Download,46.11473039481762,152.483,8.2243877229845545e-05,Taipei City,Taipei,25.053,121.5259,5,Mobile Business Group,17421
2025-12-04 02:47:54.705274 UTC,2025,10:47:54,ndt-lvdqj_1763512125_000000000010C0A9,Download,72.978067420292334,158.649,0.0,Taipei City,Taipei,25.053,121.5259,5,Mobile Business Group,17421
2025-12-04 02:47:20.677015 UTC,2025,10:47:20,ndt-d8597_1763604679_00000000000E499A,Download,45.689965899212773,149.49,0.0,Taipei City,Taipei,25.053,121.5259,5,Mobile Business Group,17421
2025-12-04 02:47:06.606590 UTC,2025,10:47:06,ndt-v97g4_1763480129_00000000000F5B9E,Download,7.536205446661091,191.34,0.0020170322860927565,Taipei City,Taipei,25.053,121.5259,50,"Far EastTone Telecommunication Co., Ltd.",9674
2025-12-04 02:47:01.949250 UTC,2025,10:47:01,ndt-v97g4_1763480129_000000000010D443,Download,96.380138022204548,157.845,0.000278991679528696,Taipei City,Taipei,25.053,121.5259,5,Mobile Business Group,17421
2025-12-04 02:45:42.459711 UTC,2025,10:45:42,ndt-lvdqj_1763512125_00000000000E7E86,Download,29.389286936745005,151.19,0.02809128424402128,Taipei City,Taipei,25.053,121.5259,5,"Taiwan Mobile Co., Ltd.",24158
2025-12-04 02:43:37.445893 UTC,2025,10:43:37,ndt-d8597_1763604679_00000000000E7915,Download,38.130562061821252,22.119,0.0,Taipei City,Taipei,25.053,121.5259,5,"Taiwan Mobile Co., Ltd.",24158
2025-12-04 02:43:29.196621 UTC,2025,10:43:29,ndt-lvdqj_1763512125_000000000010080D,Download,38.3753921288127,163.614,0.00024871030644499294,Taipei City,Taipei,25.053,121.5259,50,"Far EastTone Telecommunication Co., Ltd.",9674
2025-12-04 02:43:06.695880 UTC,2025,10:43:06,ndt-v97g4_1763480129_000000000010E370,Download,324.43901594695024,17.734,0.0051785645593843,Taipei City,Taipei,25.053,121.5259,5,"Taiwan Mobile Co., Ltd.",24158
2025-12-04 02:41:19.334963 UTC,2025,10:41:19,ndt-v97g4_1763480129_000000000010F3EC,Download,36.86937715986177,162.495,0.0091960637953624382,Taipei City,Taipei,25.053,121.5259,50,"Far EastTone Telecommunication Co., Ltd.",9674
2025-12-04 02:41:13.150393 UTC,2025,10:41:13,ndt-lvdqj_1763512125_000000000010C0A4,Download,21.058814449775717,25.511,0.00011256028537342939,Taipei City,Taipei,25.053,121.5259,5,"Taiwan Mobile Co., Ltd.",24158
2025-12-04 02:41:01.974107 UTC,2025,10:41:01,ndt-d8597_1763604679_00000000000E790F,Download,319.04188053904591,13.996,4.1765133146378096e-05,Taipei City,Taipei,25.053,121.5259,100,"Far EastTone Telecommunication Co., Ltd.",9674
2025-12-04 02:39:42.091304 UTC,2025,10:39:42,ndt-d8597_1763604679_00000000000EB696,Download,11.541214641009969,17.387,0.10244397901358233,Taipei City,Taipei,25.053,121.5259,5,"Taiwan Mobile Co., Ltd.",24158
2025-12-04 02:38:43.177300 UTC,2025,10:38:43,ndt-d8597_1763604679_00000000000C6BCB,Download,67.400679245494331,157.727,0.0,Taipei City,Taipei,25.053,121.5259,5,Mobile Business Group,17421
2025-12-04 02:38:19.743027 UTC,2025,10:38:19,ndt-v97g4_1763480129_00000000000FAA0B,Download,2.8842446404244639,162.905,0.0,Taipei City,Taipei,25.053,121.5259,20,"Far EastTone Telecommunication Co., Ltd.",9674
2025-12-04 02:36:29.442281 UTC,2025,10:36:29,ndt-lvdqj_1763512125_000000000010D0AE,Download,2.191046325980651,20.182,0.15790023971515529,Taipei City,Taipei,25.053,121.5259,5,"Taiwan Mobile Co., Ltd.",24158
2025-12-04 02:30:38.504625 UTC,2025,10:30:38,ndt-d8597_1763604679_00000000000E59AE,Download,4.3754199576101,170.155,0.0,Taipei City,Taipei,25.053,121.5259,5,Mobile Business Group,17421
2025-12-04 02:30:22.607061 UTC,2025,10:30:22,ndt-d8597_1763604679_00000000000EE591,Download,119.67059788060567,150.17,0.0,Taipei City,Taipei,25.053,121.5259,5,Mobile Business Group,17421
2025-12-04 02:29:44.562507 UTC,2025,10:29:44,ndt-v97g4_1763480129_00000000000F1D89,Download,120.1039950860968,149.694,0.0,Taipei City,Taipei,25.053,121.5259,5,Mobile Business Group,17421
2025-12-04 02:29:00.321886 UTC,2025,10:29:00,ndt-d8597_1763604679_00000000000C4C2D,Download,14.097650574037839,158.0,0.37961224329666726,Taipei City,Taipei,25.053,121.5259,20,Mobile Business Group,17421
2025-12-04 02:28:46.840888 UTC,2025,10:28:46,ndt-d8597_1763604679_00000000000E2A4E,Download,10.601098260011668,158.872,0.0,Taipei City,Taipei,25.053,121.5259,5,Mobile Business Group,17421
2025-12-04 02:27:53.414200 UTC,2025,10:27:53,ndt-v97g4_1763480129_00000000000F3BC0,Download,86.79921159694814,161.169,0.0,Taipei City,Taipei,25.053,121.5259,50,"Far EastTone Telecommunication Co., Ltd.",9674
2025-12-04 02:27:03.171953 UTC,2025,10:27:03,ndt-d8597_1763604679_00000000000E78F3,Download,63.28099884688271,20.894,0.0,Taipei City,Taipei,25.053,121.5259,5,"Taiwan Mobile Co., Ltd.",24158
2025-12-04 02:23:46.966795 UTC,2025,10:23:46,ndt-lvdqj_1763512125_000000000011003A,Download,24.864511813976875,25.402,0.0,Taipei City,Taipei,25.053,121.5259,5,"Taiwan Mobile Co., Ltd.",24158
2025-12-04 02:23:37.343066 UTC,2025,10:23:37,ndt-v97g4_1763480129_00000000000F3BB6,Download,40.300276982050612,154.374,0.0,Taipei City,Taipei,25.053,121.5259,5,Mobile Business Group,17421
2025-12-04 02:22:19.180211 UTC,2025,10:22:19,ndt-d8597_1763604679_00000000000EE57D,Download,253.736723376538,18.332,0.0,Taipei City,Taipei,25.053,121.5259,10,"Taiwan Mobile Co., Ltd.",24158
2025-12-04 02:21:38.105273 UTC,2025,10:21:38,ndt-lvdqj_1763512125_00000000000EEDBD,Download,45.2066654184158,153.268,0.0,Taipei City,Taipei,25.053,121.5259,5,Mobile Business Group,17421
2025-12-04 02:18:59.063520 UTC,2025,10:18:59,ndt-lvdqj_1763512125_000000000010C076,Download,11.713948357117271,152.023,0.0002978532127685184,Taipei City,Taipei,25.053,121.5259,20,"Taiwan Mobile Co., Ltd.",24158
2025-12-04 02:18:33.816491 UTC,2025,10:18:33,ndt-lvdqj_1763512125_00000000000FBFDE,Download,47.093160660235021,161.86,0.00029407475805850444,Taipei City,Taipei,25.053,121.5259,100,"Far EastTone Telecommunication Co., Ltd.",9674
2025-12-04 02:18:33.676344 UTC,2025,10:18:33,ndt-lvdqj_1763512125_00000000000FBFDD,Download,92.130797163838849,155.086,0.0,Taipei City,Taipei,25.053,121.5259,5,Mobile Business Group,17421
2025-12-04 02:15:05.502462 UTC,2025,10:15:05,ndt-v97g4_1763480129_000000000010D41B,Download,176.69794669798191,18.792,0.0,Taipei City,Taipei,25.053,121.5259,5,"Taiwan Mobile Co., Ltd.",24158
2025-12-04 02:14:12.196092 UTC,2025,10:14:12,ndt-v97g4_1763480129_00000000000F6A9B,Download,28.025236938770288,157.688,0.02343477667260346,Taipei City,Taipei,25.053,121.5259,5,Mobile Business Group,17421
2025-12-04 02:13:08.257940 UTC,2025,10:13:08,ndt-v97g4_1763480129_00000000000F3BA3,Download,22.82996397657417,162.98,3.229312044210686e-05,Taipei City,Taipei,25.053,121.5259,5,Mobile Business Group,17421
2025-12-04 02:08:36.395696 UTC,2025,10:08:36,ndt-v97g4_1763480129_00000000000F89F7,Download,25.877243161786204,22.046,0.0,Taipei City,Taipei,25.053,121.5259,5,"Taiwan Mobile Co., Ltd.",24158
2025-12-04 02:08:14.345005 UTC,2025,10:08:14,ndt-d8597_1763604679_00000000000E39BE,Download,34.155353385200705,22.986,0.00043021707802575734,Taipei City,Taipei,25.053,121.5259,5,"Taiwan Mobile Co., Ltd.",24158
2025-12-04 02:07:39.762299 UTC,2025,10:07:39,ndt-d8597_1763604679_00000000000EC611,Download,26.738249252148748,21.996,0.0023863053670026826,Taipei City,Taipei,25.053,121.5259,5,"Taiwan Mobile Co., Ltd.",24158
2025-12-04 02:06:14.152061 UTC,2025,10:06:14,ndt-v97g4_1763480129_000000000010D410,Download,106.50631573000395,26.344,0.0,Taipei City,Taipei,25.053,121.5259,5,"Taiwan Mobile Co., Ltd.",24158
2025-12-04 02:04:31.043251 UTC,2025,10:04:31,ndt-d8597_1763604679_00000000000EC600,Download,55.633899269130659,23.984,0.0,Taipei City,Taipei,25.053,121.5259,20,"Taiwan Mobile Co., Ltd.",24158
2025-12-04 02:02:53.643822 UTC,2025,10:02:53,ndt-v97g4_1763480129_00000000000FD824,Download,154.72454973607478,22.271,0.0,Taipei City,Taipei,25.053,121.5259,5,"Taiwan Mobile Co., Ltd.",24158
2025-12-04 02:02:11.407570 UTC,2025,10:02:11,ndt-d8597_1763604679_00000000000CBB66,Download,9.3761704852246091,158.109,0.28582152498810748,Taipei City,Taipei,25.053,121.5259,100,"Far EastTone Telecommunication Co., Ltd.",9674
2025-12-04 02:02:09.811621 UTC,2025,10:02:09,ndt-d8597_1763604679_00000000000CABDB,Download,113.67566140571364,154.85,0.0,Taipei City,Taipei,25.053,121.5259,5,Mobile Business Group,17421
2025-12-04 02:01:43.214246 UTC,2025,10:01:43,ndt-v97g4_1763480129_000000000010D40E,Download,117.85335960254791,156.772,0.0,Taipei City,Taipei,25.053,121.5259,5,Mobile Business Group,17421
2025-12-04 02:00:39.463523 UTC,2025,10:00:39,ndt-d8597_1763604679_00000000000CBB63,Download,44.366231066816141,163.023,0.000272397048768384,Taipei City,Taipei,25.053,121.5259,100,"Far EastTone Telecommunication Co., Ltd.",9674
2025-12-04 01:54:32.346986 UTC,2025,09:54:32,ndt-d8597_1763604679_00000000000E9743,Download,34.624906601046071,24.205,0.0,Taipei City,Taipei,25.053,121.5259,20,"Taiwan Mobile Co., Ltd.",24158
2025-12-04 01:47:55.688360 UTC,2025,09:47:55,ndt-v97g4_1763480129_00000000000FF822,Download,108.52345193302942,155.195,0.0,Taipei City,Taipei,25.053,121.5259,5,Mobile Business Group,17421
2025-12-04 01:45:30.859188 UTC,2025,09:45:30,ndt-lvdqj_1763512125_000000000010D03F,Download,0.5677839294091841,20.0,0.21875041051334529,Taipei City,Taipei,25.053,121.5259,5,"Taiwan Mobile Co., Ltd.",24158
2025-12-04 01:44:00.475041 UTC,2025,09:44:00,ndt-lvdqj_1763512125_00000000001071C2,Download,2.2508338306980922,160.06,0.0,Taipei City,Taipei,25.053,121.5259,100,"Far EastTone Telecommunication Co., Ltd.",9674
2025-12-04 01:42:53.753332 UTC,2025,09:42:53,ndt-v97g4_1763480129_00000000001057C8,Download,21.327004427967882,159.932,0.00025157994865288681,Taipei City,Taipei,25.053,121.5259,10,"Far EastTone Telecommunication Co., Ltd.",9674
2025-12-04 01:42:47.527969 UTC,2025,09:42:47,ndt-lvdqj_1763512125_000000000010A0E8,Download,30.261053169331039,159.06,0.00030287316253171037,Taipei City,Taipei,25.053,121.5259,10,"Far EastTone Telecommunication Co., Ltd.",9674
2025-12-04 01:41:38.454912 UTC,2025,09:41:38,ndt-v97g4_1763480129_00000000000F4B6B,Download,47.084456062017431,160.295,0.00023457253709691518,Taipei City,Taipei,25.053,121.5259,50,"Far EastTone Telecommunication Co., Ltd.",9674
2025-12-04 01:32:59.822806 UTC,2025,09:32:59,ndt-d8597_1763604679_00000000000ED587,Download,10.246592880618609,22.839,4.6643241394321965e-05,Taipei City,Taipei,25.053,121.5259,5,"Taiwan Mobile Co., Ltd.",24158
2025-12-04 01:32:04.658826 UTC,2025,09:32:04,ndt-v97g4_1763480129_00000000000F3B6D,Download,62.527218616174153,26.372,0.0019308054405989478,Taipei City,Taipei,25.053,121.5259,50,"Far EastTone Telecommunication Co., Ltd.",9674
2025-12-04 01:31:57.700678 UTC,2025,09:31:57,ndt-v97g4_1763480129_000000000011004F,Download,64.908767164880018,26.11,2.937184839336615e-05,Taipei City,Taipei,25.053,121.5259,50,"Far EastTone Telecommunication Co., Ltd.",9674
2025-12-04 01:31:06.286517 UTC,2025,09:31:06,ndt-v97g4_1763480129_000000000010D3DC,Download,8.95288440659256,27.999,0.0,Taipei City,Taipei,25.053,121.5259,5,"Taiwan Mobile Co., Ltd.",24158
2025-12-04 01:28:09.754449 UTC,2025,09:28:09,ndt-v97g4_1763480129_00000000000F6A49,Download,75.563355426105275,155.202,0.0,Taipei City,Taipei,25.053,121.5259,5,Mobile Business Group,17421
2025-12-04 01:18:59.825288 UTC,2025,09:18:59,ndt-d8597_1763604679_00000000000EE4FB,Download,11.17496068336299,18.198,0.0574804197753873,Taipei City,Taipei,25.053,121.5259,5,"Taiwan Mobile Co., Ltd.",24158
2025-12-04 01:10:50.195812 UTC,2025,09:10:50,ndt-v97g4_1763480129_00000000000FA991,Download,21.6253643571465,154.927,0.00054839065775249066,Taipei City,Taipei,25.053,121.5259,5,Mobile Business Group,17421
2025-12-04 01:10:03.737356 UTC,2025,09:10:03,ndt-v97g4_1763480129_00000000000F1D12,Download,84.920031344413388,25.99,2.9136335587843522e-05,Taipei City,Taipei,25.053,121.5259,50,"Far EastTone Telecommunication Co., Ltd.",9674
2025-12-04 01:07:02.500524 UTC,2025,09:07:02,ndt-virtual-hrhtg_1763486473_000000000011ED69,Download,24.617843499754429,18.114,4.7296381411104579e-05,Taipei City,Taipei,25.053,121.5259,100,"Far EastTone Telecommunication Co., Ltd.",9674
2025-12-04 01:01:27.065143 UTC,2025,09:01:27,ndt-lvdqj_1763512125_00000000000FDFF2,Download,95.953415322376614,150.331,1.9579544517230754e-05,Taipei City,Taipei,25.053,121.5259,5,Mobile Business Group,17421
2025-12-04 01:00:44.434804 UTC,2025,09:00:44,ndt-v97g4_1763480129_00000000000F5AEA,Download,35.778813333281235,27.49,0.062099205696909923,Taipei City,Taipei,25.053,121.5259,20,"Taiwan Mobile Co., Ltd.",24158
2025-12-04 00:59:42.879451 UTC,2025,08:59:42,ndt-lvdqj_1763512125_0000000000100732,Download,108.17132440989374,151.783,8.717435219714151e-06,Taipei City,Taipei,25.053,121.5259,5,Mobile Business Group,17421
2025-12-04 00:57:26.162915 UTC,2025,08:57:26,ndt-d8597_1763604679_00000000000EA60C,Download,113.10262655272206,153.866,0.0,Taipei City,Taipei,25.053,121.5259,5,Mobile Business Group,17421
2025-12-04 00:55:41.403955 UTC,2025,08:55:41,ndt-d8597_1763604679_00000000000E0F41,Download,444.37107352288587,18.38,0.0,Taipei City,Taipei,25.053,121.5259,5,"Taiwan Mobile Co., Ltd.",24158
2025-12-04 00:47:58.781495 UTC,2025,08:47:58,ndt-lvdqj_1763512125_00000000000F1CF3,Download,17.614476490342234,157.821,0.24597220081066945,Taipei City,Taipei,25.053,121.5259,100,"Far EastTone Telecommunication Co., Ltd.",9674
2025-12-04 00:43:29.805143 UTC,2025,08:43:29,ndt-lvdqj_1763512125_00000000001042CB,Download,54.439661267535989,31.843,0.0,Taipei City,Taipei,25.053,121.5259,5,"Taiwan Mobile Co., Ltd.",24158
2025-12-04 00:41:43.706464 UTC,2025,08:41:43,ndt-lvdqj_1763512125_0000000000106224,Download,58.856490003070476,26.106,0.0,Taipei City,Taipei,25.053,121.5259,5,"Taiwan Mobile Co., Ltd.",24158
2025-12-04 00:41:08.223603 UTC,2025,08:41:08,ndt-d8597_1763604679_00000000000DFDF8,Download,73.907291754476816,25.512,0.0,Taipei City,Taipei,25.053,121.5259,5,"Taiwan Mobile Co., Ltd.",24158
2025-12-04 00:38:14.079746 UTC,2025,08:38:14,ndt-d8597_1763604679_00000000000E6884,Download,61.947567671834115,21.161,3.5614797382755664e-05,Taipei City,Taipei,25.053,121.5259,100,"Far EastTone Telecommunication Co., Ltd.",9674
2025-12-04 00:30:11.251058 UTC,2025,08:30:11,ndt-lvdqj_1763512125_00000000001006E3,Download,26.524668623343118,157.762,0.0,Taipei City,Taipei,25.053,121.5259,5,Mobile Business Group,17421
2025-12-04 00:29:56.039483 UTC,2025,08:29:56,ndt-v97g4_1763480129_00000000000FF7B3,Download,12.533873001806469,155.875,0.021103555110580985,Taipei City,Taipei,25.053,121.5259,100,"Far EastTone Telecommunication Co., Ltd.",9674
2025-12-04 00:28:50.615029 UTC,2025,08:28:50,ndt-lvdqj_1763512125_00000000000F5FCE,Download,47.099248875081535,160.901,0.00026203326348509155,Taipei City,Taipei,25.053,121.5259,50,"Far EastTone Telecommunication Co., Ltd.",9674
2025-12-04 00:18:26.848470 UTC,2025,08:18:26,ndt-d8597_1763604679_00000000000ED4E6,Download,49.924148724297638,28.56,0.0,Taipei City,Taipei,25.053,121.5259,5,"Taiwan Mobile Co., Ltd.",24158
2025-12-04 00:14:33.596659 UTC,2025,08:14:33,ndt-d8597_1763604679_00000000000E483C,Download,25.460455039427867,20.449,0.0,Taipei City,Taipei,25.053,121.5259,5,"Taiwan Mobile Co., Ltd.",24158
2025-12-04 00:14:08.937667 UTC,2025,08:14:08,ndt-lvdqj_1763512125_0000000000106201,Download,25.1549375238936,21.923,0.0,Taipei City,Taipei,25.053,121.5259,5,"Taiwan Mobile Co., Ltd.",24158
2025-12-04 00:12:51.249207 UTC,2025,08:12:51,ndt-virtual-hrhtg_1763486473_00000000001201E7,Download,177.18391604856703,19.62,0.0,Taipei City,Taipei,25.053,121.5259,5,"Taiwan Mobile Co., Ltd.",24158
2025-12-04 00:07:43.527200 UTC,2025,08:07:43,ndt-lvdqj_1763512125_00000000000FCF32,Download,95.299374133344827,158.838,0.0,Taipei City,Taipei,25.053,121.5259,5,Mobile Business Group,17421
2025-12-04 00:06:58.049127 UTC,2025,08:06:58,ndt-v97g4_1763480129_0000000000100740,Download,75.844230112179972,155.863,0.0,Taipei City,Taipei,25.053,121.5259,5,Mobile Business Group,17421
2025-12-04 00:03:40.322100 UTC,2025,08:03:40,ndt-lvdqj_1763512125_00000000000FEC7E,Download,15.193903596056016,25.443,0.0,Taipei City,Taipei,25.053,121.5259,100,Mobile Business Group,17421
2025-12-04 00:01:09.875731 UTC,2025,08:01:09,ndt-v97g4_1763480129_000000000010270F,Download,64.3655266418228,161.704,0.0,Taipei City,Taipei,25.053,121.5259,5,Mobile Business Group,17421
2025-12-03 23:50:48.185094 UTC,2025,07:50:48,ndt-lvdqj_1763512125_0000000000105206,Download,19.272516041380214,159.84,0.24606719567489135,Taipei City,Taipei,25.053,121.5259,50,"Far EastTone Telecommunication Co., Ltd.",9674
2025-12-03 23:39:09.458025 UTC,2025,07:39:09,ndt-d8597_1763604679_00000000000EC4A7,Download,23.807246787418059,164.068,0.00064139065154904045,Taipei City,Taipei,25.053,121.5259,50,"Far EastTone Telecommunication Co., Ltd.",9674
2025-12-03 23:39:01.459905 UTC,2025,07:39:01,ndt-lvdqj_1763512125_0000000000100678,Download,27.0539840598026,24.672,0.0013714246811945133,Taipei City,Taipei,25.053,121.5259,50,"Far EastTone Telecommunication Co., Ltd.",9674
2025-12-03 23:31:39.995845 UTC,2025,07:31:39,ndt-v97g4_1763480129_00000000000F1C89,Download,44.5037919150611,161.107,0.000347929775752779,Taipei City,Taipei,25.053,121.5259,50,"Far EastTone Telecommunication Co., Ltd.",9674
2025-12-03 23:28:04.906957 UTC,2025,07:28:04,ndt-lvdqj_1763512125_0000000000109050,Download,62.03095760381207,23.207,0.0,Taipei City,Taipei,25.053,121.5259,5,"Taiwan Mobile Co., Ltd.",24158
2025-12-03 23:11:52.072135 UTC,2025,07:11:52,ndt-v97g4_1763480129_00000000000F1C6F,Download,105.63961624869076,158.006,1.0545126317321105e-05,Taipei City,Taipei,25.053,121.5259,50,"Far EastTone Telecommunication Co., Ltd.",9674
2025-12-03 23:11:42.366321 UTC,2025,07:11:42,ndt-lvdqj_1763512125_00000000000FAF6D,Download,114.90416211500546,149.59,8.2435538326346068e-06,Taipei City,Taipei,25.053,121.5259,5,Mobile Business Group,17421
2025-12-03 23:10:18.398996 UTC,2025,07:10:18,ndt-v97g4_1763480129_00000000000F4AB2,Download,13.231562440039481,165.61,0.0046942061917720152,Taipei City,Taipei,25.053,121.5259,50,"Far EastTone Telecommunication Co., Ltd.",9674
2025-12-03 23:09:59.209962 UTC,2025,07:09:59,ndt-lvdqj_1763512125_00000000000FAF66,Download,79.524528419520976,23.932,0.0,Taipei City,Taipei,25.053,121.5259,5,"Taiwan Mobile Co., Ltd.",24158
2025-12-03 23:09:07.396576 UTC,2025,07:09:07,ndt-v97g4_1763480129_00000000000F5A48,Download,21.929556860852287,22.396,0.11586594586069331,Taipei City,Taipei,25.053,121.5259,5,"Taiwan Mobile Co., Ltd.",24158
2025-12-03 22:37:26.633555 UTC,2025,06:37:26,ndt-lvdqj_1763512125_00000000000FCE8E,Download,114.15114722239971,158.706,0.0,Taipei City,Taipei,25.053,121.5259,50,"Far EastTone Telecommunication Co., Ltd.",9674
2025-12-03 22:37:10.990864 UTC,2025,06:37:10,ndt-d8597_1763604679_00000000000DFD0F,Download,100.36836209244301,160.958,5.5911163081868411e-05,Taipei City,Taipei,25.053,121.5259,20,"Far EastTone Telecommunication Co., Ltd.",9674
2025-12-03 22:33:31.493798 UTC,2025,06:33:31,ndt-v97g4_1763480129_00000000000FF732,Download,116.76341227738273,157.466,0.0,Taipei City,Taipei,25.053,121.5259,50,"Far EastTone Telecommunication Co., Ltd.",9674
2025-12-03 22:33:01.132423 UTC,2025,06:33:01,ndt-d8597_1763604679_00000000000CCAAC,Download,105.67520432196426,159.833,2.1044730419766548e-05,Taipei City,Taipei,25.053,121.5259,50,"Far EastTone Telecommunication Co., Ltd.",9674
2025-12-03 22:20:21.563088 UTC,2025,06:20:21,ndt-lvdqj_1763512125_00000000000FCE76,Download,72.581569503096162,159.935,9.1552631655713636e-05,Taipei City,Taipei,25.053,121.5259,100,"Far EastTone Telecommunication Co., Ltd.",9674
2025-12-03 21:46:24.804041 UTC,2025,05:46:24,ndt-v97g4_1763480129_00000000001046A6,Download,16.847894428705203,161.889,0.0010294945873673229,Taipei City,Taipei,25.053,121.5259,100,"Far EastTone Telecommunication Co., Ltd.",9674
2025-12-03 21:45:48.892544 UTC,2025,05:45:48,ndt-lvdqj_1763512125_00000000001022A2,Download,333.50286451584003,21.827,0.0,Taipei City,Taipei,25.053,121.5259,5,"Taiwan Mobile Co., Ltd.",24158
2025-12-03 21:29:28.861915 UTC,2025,05:29:28,ndt-v97g4_1763480129_00000000000F2A6E,Download,42.82075694480443,168.273,0.00058623119206161151,Taipei City,Taipei,25.053,121.5259,50,"Far EastTone Telecommunication Co., Ltd.",9674
2025-12-03 21:28:53.045226 UTC,2025,05:28:53,ndt-lvdqj_1763512125_0000000000100578,Download,42.673953190747284,168.481,0.00059742529778178659,Taipei City,Taipei,25.053,121.5259,50,"Far EastTone Telecommunication Co., Ltd.",9674
2025-12-03 21:28:20.959169 UTC,2025,05:28:20,ndt-virtual-hrhtg_1763486473_000000000011E16C,Download,18.345284997713595,30.61,0.027728666003305893,Taipei City,Taipei,25.053,121.5259,50,"Far EastTone Telecommunication Co., Ltd.",9674
2025-12-03 20:38:58.614352 UTC,2025,04:38:58,ndt-virtual-hrhtg_1763486473_000000000011D002,Download,4.8910435812483692,22.458,0.0021994905086438962,Taipei City,Taipei,25.053,121.5259,5,Mobile Business Group,17421
2025-12-03 20:24:20.369275 UTC,2025,04:24:20,ndt-lvdqj_1763512125_00000000000FBD88,Download,52.715526117410228,27.161,0.0,Taipei City,Taipei,25.053,121.5259,20,"Taiwan Mobile Co., Ltd.",24158
2025-12-03 20:20:45.129342 UTC,2025,04:20:45,ndt-d8597_1763604679_00000000000E4639,Download,42.631549421126444,20.338,0.07889909847112142,Taipei City,Taipei,25.053,121.5259,5,"Taiwan Mobile Co., Ltd.",24158
2025-12-03 20:04:43.301551 UTC,2025,04:04:43,ndt-d8597_1763604679_00000000000EA3BF,Download,10.504278229713009,19.437,0.0,Taipei City,Taipei,25.053,121.5259,5,Mobile Business Group,17421
2025-12-03 19:45:27.799982 UTC,2025,03:45:27,ndt-v97g4_1763480129_00000000000F1B42,Download,4.1117879442431722,149.738,0.08980487993247753,Taipei City,Taipei,25.053,121.5259,50,"Far EastTone Telecommunication Co., Ltd.",9674
2025-12-03 19:43:10.940845 UTC,2025,03:43:10,ndt-v97g4_1763480129_000000000010D1F6,Download,133.04082623198147,26.895,0.0,Taipei City,Taipei,25.053,121.5259,5,"Taiwan Mobile Co., Ltd.",24158
2025-12-03 19:24:26.979728 UTC,2025,03:24:26,ndt-d8597_1763604679_00000000000EC25B,Download,27.951539088343814,19.88,0.10070923984518844,Taipei City,Taipei,25.053,121.5259,5,"Taiwan Mobile Co., Ltd.",24158
2025-12-03 19:07:05.664793 UTC,2025,03:07:05,ndt-v97g4_1763480129_000000000010258D,Download,51.626410598770306,155.049,0.0,Taipei City,Taipei,25.053,121.5259,5,Mobile Business Group,17421
2025-12-03 18:59:09.505302 UTC,2025,02:59:09,ndt-lvdqj_1763512125_000000000010405E,Download,5.0325162685628477,185.559,0.00294340014659287,Taipei City,Taipei,25.053,121.5259,50,"Far EastTone Telecommunication Co., Ltd.",9674
2025-12-03 18:37:07.472767 UTC,2025,02:37:07,ndt-lvdqj_1763512125_00000000000FAD96,Download,41.512579665951456,21.624,0.0,Taipei City,Taipei,25.053,121.5259,20,"Taiwan Mobile Co., Ltd.",24158
2025-12-03 18:21:01.620218 UTC,2025,02:21:01,ndt-lvdqj_1763512125_00000000000E4CE1,Download,11.784037993591642,158.838,0.2271861523948252,Taipei City,Taipei,25.053,121.5259,50,"Far EastTone Telecommunication Co., Ltd.",9674
2025-12-03 18:20:27.986068 UTC,2025,02:20:27,ndt-lvdqj_1763512125_000000000010043B,Download,11.751597653345206,160.675,0.33025374863548346,Taipei City,Taipei,25.053,121.5259,50,"Far EastTone Telecommunication Co., Ltd.",9674
2025-12-03 18:11:36.375952 UTC,2025,02:11:36,ndt-d8597_1763604679_00000000000E936C,Download,56.22519143774015,155.534,0.0,Taipei City,Taipei,25.053,121.5259,5,Mobile Business Group,17421
2025-12-03 18:07:53.723382 UTC,2025,02:07:53,ndt-v97g4_1763480129_0000000000102537,Download,87.750816924759121,163.171,0.0,Taipei City,Taipei,25.053,121.5259,50,"Far EastTone Telecommunication Co., Ltd.",9674
2025-12-03 18:06:27.918638 UTC,2025,02:06:27,ndt-d8597_1763604679_00000000000C3AD5,Download,79.333754372140362,163.166,0.0,Taipei City,Taipei,25.053,121.5259,50,"Far EastTone Telecommunication Co., Ltd.",9674
2025-12-03 18:04:04.227689 UTC,2025,02:04:04,ndt-v97g4_1763480129_00000000000FD5A2,Download,195.23955300903378,16.308,0.0,Taipei City,Taipei,25.053,121.5259,5,"Taiwan Mobile Co., Ltd.",24158
2025-12-03 17:53:48.874201 UTC,2025,01:53:48,ndt-v97g4_1763480129_00000000000F390F,Download,106.43434305959487,154.322,0.0,Taipei City,Taipei,25.053,121.5259,50,"Far EastTone Telecommunication Co., Ltd.",9674
2025-12-03 17:48:26.264427 UTC,2025,01:48:26,ndt-v97g4_1763480129_0000000000106478,Download,91.605035298648616,23.875,0.0,Taipei City,Taipei,25.053,121.5259,5,"Taiwan Mobile Co., Ltd.",24158
2025-12-03 17:42:08.387843 UTC,2025,01:42:08,ndt-lvdqj_1763512125_00000000000F7E65,Download,12.458462516241399,24.851,0.0,Taipei City,Taipei,25.053,121.5259,5,"Taiwan Mobile Co., Ltd.",24158
2025-12-03 17:37:22.748687 UTC,2025,01:37:22,ndt-lvdqj_1763512125_00000000000F6E2E,Download,11.88221575976131,158.013,0.00073983264394971153,Taipei City,Taipei,25.053,121.5259,5,Mobile Business Group,17421
2025-12-03 17:36:29.718938 UTC,2025,01:36:29,ndt-v97g4_1763480129_000000000010D131,Download,17.395055739699607,157.55,0.0,Taipei City,Taipei,25.053,121.5259,5,Mobile Business Group,17421
2025-12-03 17:33:15.398735 UTC,2025,01:33:15,ndt-d8597_1763604679_00000000000D6688,Download,17.278004512113736,27.146,0.0021538824443504529,Taipei City,Taipei,25.053,121.5259,100,"Far EastTone Telecommunication Co., Ltd.",9674
2025-12-03 17:23:50.463213 UTC,2025,01:23:50,ndt-lvdqj_1763512125_00000000000F0B3A,Download,22.747944914820248,160.404,0.00048166462198666267,Taipei City,Taipei,25.053,121.5259,50,"Far EastTone Telecommunication Co., Ltd.",9674
2025-12-03 17:09:30.640607 UTC,2025,01:09:30,ndt-v97g4_1763480129_00000000000FD55D,Download,19.327092839736473,155.913,0.0,Taipei City,Taipei,25.053,121.5259,5,Mobile Business Group,17421
2025-12-03 17:07:49.808758 UTC,2025,01:07:49,ndt-lvdqj_1763512125_00000000000F2F80,Download,30.941693508768509,153.671,0.0,Taipei City,Taipei,25.053,121.5259,5,Mobile Business Group,17421
2025-12-03 17:07:02.153049 UTC,2025,01:07:02,ndt-lvdqj_1763512125_00000000000F6DFE,Download,15.153196550787982,155.003,0.045503413351699752,Taipei City,Taipei,25.053,121.5259,5,Mobile Business Group,17421
2025-12-03 17:05:06.835180 UTC,2025,01:05:06,ndt-v97g4_1763480129_00000000000F38CB,Download,76.722471763603821,156.307,0.0,Taipei City,Taipei,25.053,121.5259,5,Mobile Business Group,17421
2025-12-03 17:03:43.174367 UTC,2025,01:03:43,ndt-v97g4_1763480129_00000000000FA6E2,Download,56.019858282547347,22.695,0.0,Taipei City,Taipei,25.053,121.5259,5,"Taiwan Mobile Co., Ltd.",24158
2025-12-03 17:00:20.541152 UTC,2025,01:00:20,ndt-lvdqj_1763512125_00000000000FEA09,Download,42.70544274664433,20.918,0.0,Taipei City,Taipei,25.053,121.5259,5,"Taiwan Mobile Co., Ltd.",24158
2025-12-03 16:29:18.626417 UTC,2025,00:29:18,ndt-v97g4_1763480129_000000000010B28B,Download,58.599103455372379,24.699,0.0,Taipei City,Taipei,25.053,121.5259,5,"Taiwan Mobile Co., Ltd.",24158
2025-12-03 16:28:03.290355 UTC,2025,00:28:03,ndt-d8597_1763604679_00000000000EC116,Download,57.741684287294227,158.917,0.00024995549636908136,Taipei City,Taipei,25.053,121.5259,50,"Far EastTone Telecommunication Co., Ltd.",9674
2025-12-03 16:27:26.669086 UTC,2025,00:27:26,ndt-d8597_1763604679_00000000000E3495,Download,107.80497380222567,153.629,0.0,Taipei City,Taipei,25.053,121.5259,50,"Far EastTone Telecommunication Co., Ltd.",9674
2025-12-03 16:22:55.933104 UTC,2025,00:22:55,ndt-lvdqj_1763512125_0000000000100365,Download,53.409648457358607,23.915,0.0,Taipei City,Taipei,25.053,121.5259,5,"Taiwan Mobile Co., Ltd.",24158
2025-12-03 16:22:22.224758 UTC,2025,00:22:22,ndt-d8597_1763604679_00000000000E541E,Download,0.16091752004831414,219.865,0.16074221527086591,Taipei City,Taipei,25.053,121.5259,5,"Taiwan Mobile Co., Ltd.",24158
2025-12-03 16:17:31.506744 UTC,2025,00:17:31,ndt-lvdqj_1763512125_00000000000F9D2A,Download,32.063734247540722,161.475,0.00035452610795553359,Taipei City,Taipei,25.053,121.5259,20,"Far EastTone Telecommunication Co., Ltd.",9674
2025-12-03 16:16:41.881753 UTC,2025,00:16:41,ndt-v97g4_1763480129_00000000000F57ED,Download,49.052556115032743,163.805,0.00019756036446888283,Taipei City,Taipei,25.053,121.5259,50,"Far EastTone Telecommunication Co., Ltd.",9674
2025-12-03 16:16:35.711368 UTC,2025,00:16:35,ndt-virtual-hrhtg_1763486473_00000000001192F5,Download,32.965316099574075,22.031,0.0020482822025231651,Taipei City,Taipei,25.053,121.5259,20,"Far EastTone Telecommunication Co., Ltd.",9674
2025-12-03 16:16:33.489475 UTC,2025,00:16:33,ndt-d8597_1763604679_00000000000E4437,Download,38.36657842887621,163.867,0.00022489332137787767,Taipei City,Taipei,25.053,121.5259,50,"Far EastTone Telecommunication Co., Ltd.",9674
2025-12-03 16:15:44.479895 UTC,2025,00:15:44,ndt-v97g4_1763480129_00000000000FA69F,Download,81.273572064166814,31.449,0.0,Taipei City,Taipei,25.053,121.5259,20,"Taiwan Mobile Co., Ltd.",24158
2025-12-03 16:15:17.659156 UTC,2025,00:15:17,ndt-lvdqj_1763512125_00000000000FDC56,Download,87.607088448015134,32.961,0.0,Taipei City,Taipei,25.053,121.5259,20,"Taiwan Mobile Co., Ltd.",24158
2025-12-03 16:14:17.586803 UTC,2025,00:14:17,ndt-lvdqj_1763512125_00000000000FAC91,Download,61.090266671502441,159.937,0.0,Taipei City,Taipei,25.053,121.5259,50,"Far EastTone Telecommunication Co., Ltd.",9674
2025-12-03 16:12:04.023016 UTC,2025,00:12:04,ndt-lvdqj_1763512125_00000000000F0AD8,Download,46.115684946428729,166.512,0.00017792790772167526,Taipei City,Taipei,25.053,121.5259,50,"Far EastTone Telecommunication Co., Ltd.",9674
2025-12-03 16:10:31.780872 UTC,2025,00:10:31,ndt-d8597_1763604679_00000000000E82D1,Download,0.82858008633372227,231.83,0.083547470277428829,Taipei City,Taipei,25.053,121.5259,20,"Taiwan Mobile Co., Ltd.",24158
2025-12-03 16:03:16.693261 UTC,2025,00:03:16,ndt-v97g4_1763480129_000000000010C1E1,Download,74.908272230175783,19.927,0.0087801752164401222,Taipei City,Taipei,25.053,121.5259,5,Mobile Business Group,17421
2025-12-03 16:02:48.582336 UTC,2025,00:02:48,ndt-v97g4_1763480129_000000000010247A,Download,15.016505033522646,26.552,0.0,Taipei City,Taipei,25.053,121.5259,5,Mobile Business Group,17421
2025-12-03 16:00:43.479018 UTC,2025,00:00:43,ndt-v97g4_1763480129_00000000000FF533,Download,33.370626878459,165.708,0.00025243317275982276,Taipei City,Taipei,25.053,121.5259,50,"Far EastTone Telecommunication Co., Ltd.",9674
2025-12-03 16:00:18.147762 UTC,2025,00:00:18,ndt-v97g4_1763480129_00000000000EED83,Download,28.27939361735756,22.066,7.7642558652205157e-05,Taipei City,Taipei,25.053,121.5259,5,"Taiwan Mobile Co., Ltd.",24158
2025-12-03 15:58:09.132400 UTC,2025,23:58:09,ndt-lvdqj_1763512125_0000000000103008,Download,97.271816954358286,160.939,6.8248311188848617e-05,Taipei City,Taipei,25.053,121.5259,100,"Far EastTone Telecommunication Co., Ltd.",9674
2025-12-03 15:54:22.086441 UTC,2025,23:54:22,ndt-lvdqj_1763512125_00000000000F0ABF,Download,103.89496249474774,161.456,0.0,Taipei City,Taipei,25.053,121.5259,20,"Far EastTone Telecommunication Co., Ltd.",9674
2025-12-03 15:46:26.482115 UTC,2025,23:46:26,ndt-d8597_1763604679_00000000000E829B,Download,39.95061069773972,159.397,0.0002680473262095059,Taipei City,Taipei,25.053,121.5259,50,"Far EastTone Telecommunication Co., Ltd.",9674
2025-12-03 15:44:55.891060 UTC,2025,23:44:55,ndt-v97g4_1763480129_00000000000F1A08,Download,73.136007567843876,24.4,0.0,Taipei City,Taipei,25.053,121.5259,5,"Taiwan Mobile Co., Ltd.",24158
2025-12-03 15:39:33.317874 UTC,2025,23:39:33,ndt-lvdqj_1763512125_00000000000E6BDC,Download,106.85129592142435,158.302,0.00470233241172204,Taipei City,Taipei,25.053,121.5259,5,Mobile Business Group,17421
2025-12-03 15:25:50.976143 UTC,2025,23:25:50,ndt-lvdqj_1763512125_00000000000FE973,Download,65.5532415036147,148.234,0.00021611091791191953,Taipei City,Taipei,25.053,121.5259,5,"Taiwan Mobile Co., Ltd.",24158
2025-12-03 15:24:39.919239 UTC,2025,23:24:39,ndt-v97g4_1763480129_000000000010244D,Download,87.860304496882662,157.557,0.000249073307456675,Taipei City,Taipei,25.053,121.5259,20,Mobile Business Group,17421
2025-12-03 15:23:34.684509 UTC,2025,23:23:34,ndt-d2hpb_1763462662_00000000001451B2,Download,109.50543233377059,43.164,5.132704603857032e-05,Taipei City,Taipei,25.053,121.5259,50,"Far EastTone Telecommunication Co., Ltd.",9674
2025-12-03 15:20:11.890940 UTC,2025,23:20:11,ndt-v97g4_1763480129_00000000001033C3,Download,8.81442656893262,165.243,0.29151813381658814,Taipei City,Taipei,25.053,121.5259,100,"Far EastTone Telecommunication Co., Ltd.",9674
2025-12-03 15:18:01.242443 UTC,2025,23:18:01,ndt-v97g4_1763480129_00000000000F671C,Download,153.19062842811471,21.76,0.0,Taipei City,Taipei,25.053,121.5259,5,"Taiwan Mobile Co., Ltd.",24158
2025-12-03 15:12:50.663452 UTC,2025,23:12:50,ndt-v97g4_1763480129_00000000000FA63E,Download,0.34978323381175,216.978,0.0036420395421436005,Taipei City,Taipei,25.053,121.5259,20,"Taiwan Mobile Co., Ltd.",24158
2025-12-03 15:12:47.475764 UTC,2025,23:12:47,ndt-d8597_1763604679_00000000000E537D,Download,46.010887632119427,16.651,0.0,Taipei City,Taipei,25.053,121.5259,10,"Taiwan Mobile Co., Ltd.",24158
2025-12-03 15:08:34.664085 UTC,2025,23:08:34,ndt-lvdqj_1763512125_00000000000E9AFE,Download,111.90904215612993,159.078,0.0,Taipei City,Taipei,25.053,121.5259,50,"Far EastTone Telecommunication Co., Ltd.",9674
2025-12-03 15:08:19.707623 UTC,2025,23:08:19,ndt-lvdqj_1763512125_00000000000FBB66,Download,15.910015616840692,153.08,0.0,Taipei City,Taipei,25.053,121.5259,100,"Taiwan Mobile Co., Ltd.",24158
2025-12-03 15:06:36.148960 UTC,2025,23:06:36,ndt-d8597_1763604679_00000000000DDFF6,Download,50.105665718902117,159.02,0.00022588733764884259,Taipei City,Taipei,25.053,121.5259,5,"Far EastTone Telecommunication Co., Ltd.",9674
2025-12-03 15:06:06.321129 UTC,2025,23:06:06,ndt-v97g4_1763480129_00000000000FF4DC,Download,45.540812015460737,164.793,0.011107924040948467,Taipei City,Taipei,25.053,121.5259,100,"Far EastTone Telecommunication Co., Ltd.",9674
2025-12-03 15:00:03.075748 UTC,2025,23:00:03,ndt-v97g4_1763480129_00000000001053D3,Download,66.8835685260243,159.476,7.1037024778378355e-05,Taipei City,Taipei,25.053,121.5259,50,"Far EastTone Telecommunication Co., Ltd.",9674
2025-12-03 14:57:19.294919 UTC,2025,22:57:19,ndt-d8597_1763604679_00000000000E91A9,Download,1.0567935438033846,191.992,0.054039069535985029,Taipei City,Taipei,25.053,121.5259,50,"Far EastTone Telecommunication Co., Ltd.",9674
2025-12-03 14:56:54.698474 UTC,2025,22:56:54,ndt-d8597_1763604679_00000000000E8221,Download,18.789257049125315,157.652,0.2558862651002935,Taipei City,Taipei,25.053,121.5259,50,"Far EastTone Telecommunication Co., Ltd.",9674
2025-12-03 14:53:16.198507 UTC,2025,22:53:16,ndt-lvdqj_1763512125_00000000000F9C8B,Download,49.759570157981095,162.443,0.00020343719584144739,Taipei City,Taipei,25.053,121.5259,100,"Far EastTone Telecommunication Co., Ltd.",9674
2025-12-03 14:46:51.493275 UTC,2025,22:46:51,ndt-d8597_1763604679_00000000000DDFD6,Download,6.6052865975327419,148.083,0.3834641082609106,Taipei City,Taipei,25.053,121.5259,100,"Taiwan Mobile Co., Ltd.",24158
2025-12-03 14:46:38.835146 UTC,2025,22:46:38,ndt-lvdqj_1763512125_00000000000F8DCF,Download,233.90295419395636,19.764,0.0,Taipei City,Taipei,25.053,121.5259,5,Mobile Business Group,17421
2025-12-03 14:43:48.441621 UTC,2025,22:43:48,ndt-d8597_1763604679_00000000000EC05E,Download,28.081990592128722,155.46,0.023304055798676716,Taipei City,Taipei,25.053,121.5259,5,Mobile Business Group,17421
2025-12-03 14:43:28.164371 UTC,2025,22:43:28,ndt-lvdqj_1763512125_00000000000FBB34,Download,0.43446760892335479,165.763,0.013917504948895083,Taipei City,Taipei,25.053,121.5259,50,"Far EastTone Telecommunication Co., Ltd.",9674
2025-12-03 14:43:04.739519 UTC,2025,22:43:04,ndt-d8597_1763604679_00000000000E3398,Download,6.4349722252921886,158.436,0.058613454891246926,Taipei City,Taipei,25.053,121.5259,5,Mobile Business Group,17421
2025-12-03 14:41:04.948369 UTC,2025,22:41:04,ndt-d8597_1763604679_00000000000CC959,Download,2.381733366347675,157.459,0.034699019608491657,Taipei City,Taipei,25.053,121.5259,5,Mobile Business Group,17421
2025-12-03 14:40:27.697076 UTC,2025,22:40:27,ndt-d8597_1763604679_00000000000E6379,Download,310.22487325141651,22.394,0.049614234286970232,Taipei City,Taipei,25.053,121.5259,5,"Taiwan Mobile Co., Ltd.",24158
2025-12-03 14:39:10.653070 UTC,2025,22:39:10,ndt-v97g4_1763480129_000000000010D01D,Download,1.1692599535266508,159.241,0.16148182066602168,Taipei City,Taipei,25.053,121.5259,100,"Taiwan Mobile Co., Ltd.",24158
2025-12-03 14:38:03.185358 UTC,2025,22:38:03,ndt-d8597_1763604679_00000000000E338A,Download,0.64195016354831569,155.089,0.1433267426429076,Taipei City,Taipei,25.053,121.5259,100,"Taiwan Mobile Co., Ltd.",24158
2025-12-03 14:36:39.189810 UTC,2025,22:36:39,ndt-d8597_1763604679_00000000000E7254,Download,13.30338899578523,146.838,0.18122011287083367,Taipei City,Taipei,25.053,121.5259,100,"Taiwan Mobile Co., Ltd.",24158
2025-12-03 14:35:26.828924 UTC,2025,22:35:26,ndt-d8597_1763604679_00000000000E3384,Download,64.126812974820766,34.522,0.0,Taipei City,Taipei,25.053,121.5259,20,"Taiwan Mobile Co., Ltd.",24158
2025-12-03 14:25:03.799503 UTC,2025,22:25:03,ndt-lvdqj_1763512125_00000000000EDA47,Download,0.2706363319999508,167.046,0.11856532243077494,Taipei City,Taipei,25.053,121.5259,5,Mobile Business Group,17421
2025-12-03 14:22:23.327392 UTC,2025,22:22:23,ndt-lvdqj_1763512125_00000000000F5C52,Download,6.8805755342517889,23.54,0.0,Taipei City,Taipei,25.053,121.5259,5,"Taiwan Mobile Co., Ltd.",24158
2025-12-03 14:14:50.880995 UTC,2025,22:14:50,ndt-d8597_1763604679_00000000000DF91C,Download,9.6676327664233668,312.68,0.069359224008738687,Taipei City,Taipei,25.053,121.5259,50,"Far EastTone Telecommunication Co., Ltd.",9674
2025-12-03 14:13:29.068194 UTC,2025,22:13:29,ndt-lvdqj_1763512125_00000000000FABAE,Download,1.144850385573841,24.448,0.0,Taipei City,Taipei,25.053,121.5259,5,"Taiwan Mobile Co., Ltd.",24158
2025-12-03 14:12:29.487089 UTC,2025,22:12:29,ndt-v97g4_1763480129_000000000010C128,Download,6.15023421927668,34.922,0.00037146585068001468,Taipei City,Taipei,25.053,121.5259,5,"Taiwan Mobile Co., Ltd.",24158
2025-12-03 14:12:18.614004 UTC,2025,22:12:18,ndt-v97g4_1763480129_00000000000EDFEF,Download,6.6786067487773852,25.135,0.0,Taipei City,Taipei,25.053,121.5259,5,"Taiwan Mobile Co., Ltd.",24158
2025-12-03 14:12:08.785679 UTC,2025,22:12:08,ndt-v97g4_1763480129_00000000000FD462,Download,3.0256640735761309,23.925,0.0,Taipei City,Taipei,25.053,121.5259,5,"Taiwan Mobile Co., Ltd.",24158
2025-12-03 14:08:55.534807 UTC,2025,22:08:55,ndt-d8597_1763604679_00000000000C89C5,Download,4.532443058282503,26.483,0.095776908035846847,Taipei City,Taipei,25.053,121.5259,5,"Taiwan Mobile Co., Ltd.",24158
2025-12-03 14:06:49.920179 UTC,2025,22:06:49,ndt-lvdqj_1763512125_00000000000F8D89,Download,11.209128961010903,21.398,0.024767563509614145,Taipei City,Taipei,25.053,121.5259,5,"Taiwan Mobile Co., Ltd.",24158
2025-12-03 13:52:53.991740 UTC,2025,21:52:53,ndt-d8597_1763604679_00000000000E16BD,Download,8.020830183018532,161.231,0.24932864172787902,Taipei City,Taipei,25.053,121.5259,100,"Far EastTone Telecommunication Co., Ltd.",9674
2025-12-03 13:51:39.968646 UTC,2025,21:51:39,ndt-lvdqj_1763512125_00000000000F4CC8,Download,72.154713196510258,26.91,0.0,Taipei City,Taipei,25.053,121.5259,20,"Taiwan Mobile Co., Ltd.",24158
2025-12-03 13:51:00.387814 UTC,2025,21:51:00,ndt-d8597_1763604679_00000000000CC937,Download,23.696668224263856,30.124,0.0,Taipei City,Taipei,25.053,121.5259,5,"Taiwan Mobile Co., Ltd.",24158
2025-12-03 13:49:34.790459 UTC,2025,21:49:34,ndt-v97g4_1763480129_000000000010145A,Download,1.5712742266222741,32.307,0.011188302529211974,Taipei City,Taipei,25.053,121.5259,100,"Far EastTone Telecommunication Co., Ltd.",9674
2025-12-03 13:48:57.930010 UTC,2025,21:48:57,ndt-lvdqj_1763512125_00000000000E6B30,Download,9.69245602585651,159.667,0.20656881303146488,Taipei City,Taipei,25.053,121.5259,100,"Far EastTone Telecommunication Co., Ltd.",9674
2025-12-03 13:45:52.861101 UTC,2025,21:45:52,ndt-lvdqj_1763512125_00000000000F2E01,Download,1.1530280869218676,32.539,0.0,Taipei City,Taipei,25.053,121.5259,5,Mobile Business Group,17421
2025-12-03 13:41:16.990842 UTC,2025,21:41:16,ndt-lvdqj_1763512125_00000000000FAB84,Download,33.057865055244839,25.766,0.0,Taipei City,Taipei,25.053,121.5259,5,Mobile Business Group,17421
2025-12-03 13:30:45.858539 UTC,2025,21:30:45,ndt-d8597_1763604679_00000000000DCF89,Download,103.13512844693132,30.154,0.0,Taipei City,Taipei,25.053,121.5259,5,"Taiwan Mobile Co., Ltd.",24158
2025-12-03 13:28:58.567489 UTC,2025,21:28:58,ndt-d8597_1763604679_00000000000E71AF,Download,39.561020258994361,152.161,0.21068160464276264,Taipei City,Taipei,25.053,121.5259,100,"Far EastTone Telecommunication Co., Ltd.",9674
2025-12-03 13:28:49.165443 UTC,2025,21:28:49,ndt-virtual-hrhtg_1763486473_000000000011756E,Download,4.4414629511994717,19.347,0.0089252575257678778,Taipei City,Taipei,25.053,121.5259,20,"Taiwan Mobile Co., Ltd.",24158
2025-12-03 13:28:27.430809 UTC,2025,21:28:27,ndt-v97g4_1763480129_00000000000F76E6,Download,44.710952641996712,150.0,0.068176026637894224,Taipei City,Taipei,25.053,121.5259,5,Mobile Business Group,17421
2025-12-03 13:28:20.878999 UTC,2025,21:28:20,ndt-d8597_1763604679_00000000000E236C,Download,25.619145202085377,24.112,0.0,Taipei City,Taipei,25.053,121.5259,20,"Taiwan Mobile Co., Ltd.",24158
2025-12-03 13:27:50.003865 UTC,2025,21:27:50,ndt-lvdqj_1763512125_00000000000F9BE6,Download,40.317441245627386,151.941,0.065983260523698892,Taipei City,Taipei,25.053,121.5259,5,Mobile Business Group,17421
2025-12-03 13:22:17.632788 UTC,2025,21:22:17,ndt-d8597_1763604679_00000000000DDEF9,Download,12.10496492970452,22.941,0.0,Taipei City,Taipei,25.053,121.5259,5,"Taiwan Mobile Co., Ltd.",24158
2025-12-03 13:20:20.848425 UTC,2025,21:20:20,ndt-d8597_1763604679_00000000000E429A,Download,18.554851793218997,154.781,0.06328290598479118,Taipei City,Taipei,25.053,121.5259,5,Mobile Business Group,17421
2025-12-03 13:18:31.939460 UTC,2025,21:18:31,ndt-d8597_1763604679_00000000000C59DF,Download,14.234796610987143,23.283,0.0,Taipei City,Taipei,25.053,121.5259,5,"Taiwan Mobile Co., Ltd.",24158
2025-12-03 13:18:19.665393 UTC,2025,21:18:19,ndt-lvdqj_1763512125_00000000000E6B0D,Download,1.7423308083700995,163.585,0.0049673625496344919,Taipei City,Taipei,25.053,121.5259,50,"Far EastTone Telecommunication Co., Ltd.",9674
2025-12-03 13:17:54.959076 UTC,2025,21:17:54,ndt-lvdqj_1763512125_00000000000F5BD2,Download,31.29232994797238,148.61,0.0954020899794757,Taipei City,Taipei,25.053,121.5259,5,Mobile Business Group,17421
2025-12-03 13:16:40.605826 UTC,2025,21:16:40,ndt-lvdqj_1763512125_00000000000EBF13,Download,35.74520852017681,148.7,0.05864487850483819,Taipei City,Taipei,25.053,121.5259,5,Mobile Business Group,17421
2025-12-03 13:15:30.536043 UTC,2025,21:15:30,ndt-d8597_1763604679_00000000000E166E,Download,30.827117873457329,154.0,0.13763485833838432,Taipei City,Taipei,25.053,121.5259,5,Mobile Business Group,17421
2025-12-03 13:15:13.499499 UTC,2025,21:15:13,ndt-d8597_1763604679_00000000000C697A,Download,0.16284008606387448,195.865,0.24000737633119726,Taipei City,Taipei,25.053,121.5259,50,"Far EastTone Telecommunication Co., Ltd.",9674
2025-12-03 13:13:19.808515 UTC,2025,21:13:19,ndt-v97g4_1763480129_000000000010B0F9,Download,0.59965435107050846,150.276,0.14193025141930252,Taipei City,Taipei,25.053,121.5259,5,"Taiwan Mobile Co., Ltd.",24158
2025-12-03 13:11:04.902289 UTC,2025,21:11:04,ndt-d8597_1763604679_00000000000DEF7C,Download,0.69617422114177108,171.489,0.084148978193705232,Taipei City,Taipei,25.053,121.5259,20,"Far EastTone Telecommunication Co., Ltd.",9674
2025-12-03 13:06:49.144279 UTC,2025,21:06:49,ndt-d8597_1763604679_00000000000DEF73,Download,10.424284077429572,157.298,0.22591518354516088,Taipei City,Taipei,25.053,121.5259,100,"Far EastTone Telecommunication Co., Ltd.",9674
2025-12-03 13:04:49.047646 UTC,2025,21:04:49,ndt-8wq6c_1763541608_000000000011ED08,Download,1.9833566338510604,44.343,0.048003413300234665,Taipei City,Taipei,25.053,121.5259,50,"Far EastTone Telecommunication Co., Ltd.",9674
2025-12-03 13:04:32.027153 UTC,2025,21:04:32,ndt-v97g4_1763480129_00000000000F76BD,Download,38.366981324330048,159.051,0.0068084954471797129,Taipei City,Taipei,25.053,121.5259,50,"Far EastTone Telecommunication Co., Ltd.",9674
2025-12-03 13:04:23.756213 UTC,2025,21:04:23,ndt-d8597_1763604679_00000000000DDECA,Download,6.7937068066003645,20.816,0.0,Taipei City,Taipei,25.053,121.5259,5,Mobile Business Group,17421
2025-12-03 13:03:37.940249 UTC,2025,21:03:37,ndt-8wq6c_1763541608_000000000011DDAF,Download,14.028406635987682,43.911,0.0018869900736560108,Taipei City,Taipei,25.053,121.5259,50,"Far EastTone Telecommunication Co., Ltd.",9674
2025-12-03 13:03:01.460464 UTC,2025,21:03:01,ndt-lvdqj_1763512125_00000000000F2DA5,Download,19.186128083240408,163.694,0.020170152114781303,Taipei City,Taipei,25.053,121.5259,50,"Far EastTone Telecommunication Co., Ltd.",9674
2025-12-03 13:02:18.037150 UTC,2025,21:02:18,ndt-v97g4_1763480129_00000000001081D2,Download,11.966083099773975,170.036,0.002592111053935444,Taipei City,Taipei,25.053,121.5259,100,"Far EastTone Telecommunication Co., Ltd.",9674
2025-12-03 13:00:29.755155 UTC,2025,21:00:29,ndt-lvdqj_1763512125_00000000001001AC,Download,83.482981758198335,18.045,1.3283340759435388e-05,Taipei City,Taipei,25.053,121.5259,5,Mobile Business Group,17421
2025-12-03 13:00:14.868993 UTC,2025,21:00:14,ndt-v97g4_1763480129_000000000010C0AA,Download,7.3856798568279887,161.226,0.50100444457122673,Taipei City,Taipei,25.053,121.5259,100,"Far EastTone Telecommunication Co., Ltd.",9674
2025-12-03 12:57:56.986976 UTC,2025,20:57:56,ndt-v97g4_1763480129_00000000000FA586,Download,24.625982176477972,145.0,0.106015067743713,Taipei City,Taipei,25.053,121.5259,5,Mobile Business Group,17421
2025-12-03 12:56:39.074176 UTC,2025,20:56:39,ndt-d8597_1763604679_00000000000E9056,Download,38.884393069240083,22.088,0.0,Taipei City,Taipei,25.053,121.5259,5,Mobile Business Group,17421
2025-12-03 12:56:20.414172 UTC,2025,20:56:20,ndt-d8597_1763604679_00000000000E80E9,Download,0.61797090155238266,22.066,0.29862179635340652,Taipei City,Taipei,25.053,121.5259,20,"Taiwan Mobile Co., Ltd.",24158
2025-12-03 12:56:07.537465 UTC,2025,20:56:07,ndt-v97g4_1763480129_0000000000101404,Download,2.3111007766958935,39.741,0.0,Taipei City,Taipei,25.053,121.5259,5,"Taiwan Mobile Co., Ltd.",24158
2025-12-03 12:55:12.712252 UTC,2025,20:55:12,ndt-lvdqj_1763512125_00000000000EFEC1,Download,32.5193545717383,26.422,0.0,Taipei City,Taipei,25.053,121.5259,20,"Taiwan Mobile Co., Ltd.",24158
2025-12-03 12:53:05.947478 UTC,2025,20:53:05,ndt-v97g4_1763480129_00000000000F665B,Download,10.947034562020555,154.612,0.27756562192246087,Taipei City,Taipei,25.053,121.5259,50,"Far EastTone Telecommunication Co., Ltd.",9674
2025-12-03 12:52:20.012085 UTC,2025,20:52:20,ndt-v97g4_1763480129_00000000001071E6,Download,25.548619870264428,156.901,0.00037290861722873327,Taipei City,Taipei,25.053,121.5259,20,"Far EastTone Telecommunication Co., Ltd.",9674
2025-12-03 12:49:54.962113 UTC,2025,20:49:54,ndt-d8597_1763604679_00000000000E9040,Download,431.01460753092232,16.319,0.0,Taipei City,Taipei,25.053,121.5259,5,"Taiwan Mobile Co., Ltd.",24158
2025-12-03 12:48:30.065807 UTC,2025,20:48:30,ndt-lvdqj_1763512125_00000000000FE875,Download,0.907414944828316,170.193,0.0066318817964597454,Taipei City,Taipei,25.053,121.5259,50,"Far EastTone Telecommunication Co., Ltd.",9674
2025-12-03 12:46:06.262080 UTC,2025,20:46:06,ndt-b94kl_1763696170_000000000013B231,Download,132.20878557271178,68.922,3.3078339481081536e-05,Taipei City,Taipei,25.053,121.5259,20,"Taiwan Mobile Co., Ltd.",24158
2025-12-03 12:44:47.890840 UTC,2025,20:44:47,ndt-lvdqj_1763512125_00000000000F8CF2,Download,153.37015483497817,18.355,0.0,Taipei City,Taipei,25.053,121.5259,5,"Taiwan Mobile Co., Ltd.",24158
2025-12-03 12:44:39.295781 UTC,2025,20:44:39,ndt-lvdqj_1763512125_00000000000F6C23,Download,74.848256814881211,157.523,0.00016743244519737172,Taipei City,Taipei,25.053,121.5259,10,"Far EastTone Telecommunication Co., Ltd.",9674
2025-12-03 12:44:28.919495 UTC,2025,20:44:28,ndt-v97g4_1763480129_00000000000F1933,Download,4.2314249001378306,153.557,0.0840856373907913,Taipei City,Taipei,25.053,121.5259,5,Mobile Business Group,17421
2025-12-03 12:43:51.696731 UTC,2025,20:43:51,ndt-v97g4_1763480129_00000000000F962C,Download,17.046522091906152,167.037,0.26253253162227141,Taipei City,Taipei,25.053,121.5259,50,"Far EastTone Telecommunication Co., Ltd.",9674
2025-12-03 12:37:44.026416 UTC,2025,20:37:44,ndt-d8597_1763604679_00000000000E9037,Download,186.3704047981409,24.683,0.0,Taipei City,Taipei,25.053,121.5259,20,"Taiwan Mobile Co., Ltd.",24158
2025-12-03 12:34:15.538176 UTC,2025,20:34:15,ndt-lvdqj_1763512125_00000000000F2D65,Download,25.048905784814547,24.653,0.00054990186825393283,Taipei City,Taipei,25.053,121.5259,5,Mobile Business Group,17421
2025-12-03 12:33:16.350588 UTC,2025,20:33:16,ndt-lvdqj_1763512125_00000000000FCA6C,Download,40.953305044810747,29.175,0.0010902253492425834,Taipei City,Taipei,25.053,121.5259,20,"Taiwan Mobile Co., Ltd.",24158
2025-12-03 12:29:00.927040 UTC,2025,20:29:00,ndt-v97g4_1763480129_00000000001052BC,Download,48.350400651473613,161.97,0.00025110403930292955,Taipei City,Taipei,25.053,121.5259,100,"Far EastTone Telecommunication Co., Ltd.",9674
2025-12-03 12:20:28.725837 UTC,2025,20:20:28,ndt-v97g4_1763480129_00000000000FD3F0,Download,121.81866600750595,19.887,0.0,Taipei City,Taipei,25.053,121.5259,5,"Taiwan Mobile Co., Ltd.",24158
2025-12-03 12:20:21.432350 UTC,2025,20:20:21,ndt-d8597_1763604679_00000000000EA00F,Download,11.191888949758612,80.858,0.0,Taipei City,Taipei,25.053,121.5259,50,Mobile Business Group,17421
2025-12-03 12:19:51.304486 UTC,2025,20:19:51,ndt-lvdqj_1763512125_00000000000F5B6D,Download,33.57192214393416,156.969,0.032028402426156143,Taipei City,Taipei,25.053,121.5259,5,Mobile Business Group,17421
2025-12-03 12:18:50.798259 UTC,2025,20:18:50,ndt-lvdqj_1763512125_00000000000F6BE7,Download,26.553453468197485,156.518,0.032539333346271425,Taipei City,Taipei,25.053,121.5259,5,Mobile Business Group,17421
2025-12-03 12:18:26.841428 UTC,2025,20:18:26,ndt-d8597_1763604679_00000000000E22E6,Download,1.823446380542765,159.539,0.065955017569529886,Taipei City,Taipei,25.053,121.5259,10,"Far EastTone Telecommunication Co., Ltd.",9674
2025-12-03 12:08:31.039430 UTC,2025,20:08:31,ndt-lvdqj_1763512125_00000000000F3D63,Download,1.0637630980005384,173.687,0.21242088607594936,Taipei City,Taipei,25.053,121.5259,50,"Far EastTone Telecommunication Co., Ltd.",9674
2025-12-03 12:07:45.246964 UTC,2025,20:07:45,ndt-d8597_1763604679_00000000000E07F7,Download,8.8759728673743155,164.847,0.33292221083250889,Taipei City,Taipei,25.053,121.5259,100,"Far EastTone Telecommunication Co., Ltd.",9674
2025-12-03 12:05:59.489664 UTC,2025,20:05:59,ndt-lvdqj_1763512125_00000000000FDAA8,Download,43.589973359969015,163.676,0.08267438484782029,Taipei City,Taipei,25.053,121.5259,100,"Far EastTone Telecommunication Co., Ltd.",9674
2025-12-03 12:05:04.050517 UTC,2025,20:05:04,ndt-lvdqj_1763512125_00000000000FE828,Download,94.848263505855144,29.206,0.0,Taipei City,Taipei,25.053,121.5259,5,"Taiwan Mobile Co., Ltd.",24158
2025-12-03 12:04:50.220320 UTC,2025,20:04:50,ndt-d8597_1763604679_00000000000DAFF0,Download,11.236225768650716,162.675,0.28552980432046809,Taipei City,Taipei,25.053,121.5259,50,"Far EastTone Telecommunication Co., Ltd.",9674
2025-12-03 12:02:56.221369 UTC,2025,20:02:56,ndt-d8597_1763604679_00000000000DCECD,Download,40.67093910791435,158.277,0.040634529587532824,Taipei City,Taipei,25.053,121.5259,10,"Far EastTone Telecommunication Co., Ltd.",9674
2025-12-03 12:01:17.388749 UTC,2025,20:01:17,ndt-d8597_1763604679_00000000000DDE36,Download,18.783700170529471,158.764,0.059623471179026735,Taipei City,Taipei,25.053,121.5259,5,Mobile Business Group,17421
2025-12-03 11:57:25.794556 UTC,2025,19:57:25,ndt-v97g4_1763480129_000000000010C04A,Download,6.0975651584437145,45.049,0.018962635687959264,Taipei City,Taipei,25.053,121.5259,5,"Taiwan Mobile Co., Ltd.",24158
2025-12-03 11:56:00.081731 UTC,2025,19:56:00,ndt-d8597_1763604679_00000000000CD88F,Download,184.79516583193254,22.356,0.0,Taipei City,Taipei,25.053,121.5259,10,Mobile Business Group,17421
2025-12-03 11:55:17.648710 UTC,2025,19:55:17,ndt-d8597_1763604679_00000000000E31FE,Download,31.24874024713025,155.47,0.0,Taipei City,Taipei,25.053,121.5259,5,Mobile Business Group,17421
2025-12-03 11:53:59.003607 UTC,2025,19:53:59,ndt-lvdqj_1763512125_000000000010012C,Download,141.69748473752381,26.54,0.0,Taipei City,Taipei,25.053,121.5259,5,"Taiwan Mobile Co., Ltd.",24158
2025-12-03 11:47:11.495921 UTC,2025,19:47:11,ndt-lvdqj_1763512125_00000000000F5B3A,Download,5.3214584313933724,159.171,0.0,Taipei City,Taipei,25.053,121.5259,100,"Far EastTone Telecommunication Co., Ltd.",9674
2025-12-03 11:46:04.882596 UTC,2025,19:46:04,ndt-v97g4_1763480129_0000000000108169,Download,3.418121220037269,173.43,0.0017723740063628228,Taipei City,Taipei,25.053,121.5259,100,"Far EastTone Telecommunication Co., Ltd.",9674
2025-12-03 11:45:37.307977 UTC,2025,19:45:37,ndt-lvdqj_1763512125_00000000000FF2F8,Download,47.289192762525907,15.864,0.073305938310120555,Taipei City,Taipei,25.053,121.5259,5,"Taiwan Mobile Co., Ltd.",24158
2025-12-03 11:44:39.569485 UTC,2025,19:44:39,ndt-v97g4_1763480129_00000000000EEC31,Download,11.644165896677187,163.011,0.0011821662707062791,Taipei City,Taipei,25.053,121.5259,100,"Taiwan Mobile Co., Ltd.",24158
2025-12-03 11:35:23.388106 UTC,2025,19:35:23,ndt-d8597_1763604679_00000000000D9F10,Download,24.469297544211056,151.229,0.0003592216116702121,Taipei City,Taipei,25.053,121.5259,100,"Far EastTone Telecommunication Co., Ltd.",9674
2025-12-03 11:34:40.686143 UTC,2025,19:34:40,ndt-lvdqj_1763512125_00000000000FDA70,Download,11.742873621275153,170.69,0.21208807234558322,Taipei City,Taipei,25.053,121.5259,50,"Far EastTone Telecommunication Co., Ltd.",9674
2025-12-03 11:33:41.609736 UTC,2025,19:33:41,ndt-v97g4_1763480129_000000000010A0BC,Download,6.4659952322288534,151.1,0.1829483407323306,Taipei City,Taipei,25.053,121.5259,5,Mobile Business Group,17421
2025-12-03 11:29:45.738997 UTC,2025,19:29:45,ndt-lvdqj_1763512125_00000000000FC9F9,Download,16.497546590961125,23.949,0.0,Taipei City,Taipei,25.053,121.5259,5,"Taiwan Mobile Co., Ltd.",24158
2025-12-03 11:26:34.473364 UTC,2025,19:26:34,ndt-lvdqj_1763512125_00000000000FAAA8,Download,11.266718638442741,21.427,0.090149583014220866,Taipei City,Taipei,25.053,121.5259,5,"Taiwan Mobile Co., Ltd.",24158
2025-12-03 11:24:16.144059 UTC,2025,19:24:16,ndt-v97g4_1763480129_00000000000F0DE3,Download,1.5425320741370274,190.574,0.21293119454287021,Taipei City,Taipei,25.053,121.5259,50,"Far EastTone Telecommunication Co., Ltd.",9674
2025-12-03 11:20:20.685313 UTC,2025,19:20:20,ndt-lvdqj_1763512125_00000000000FDA56,Download,489.18951600927477,17.058,0.0,Taipei City,Taipei,25.053,121.5259,5,"Taiwan Mobile Co., Ltd.",24158
2025-12-03 11:17:53.621720 UTC,2025,19:17:53,ndt-lvdqj_1763512125_00000000000FC9DE,Download,108.58359592872978,155.168,0.0,Taipei City,Taipei,25.053,121.5259,50,"Far EastTone Telecommunication Co., Ltd.",9674
2025-12-03 11:16:43.906424 UTC,2025,19:16:43,ndt-d8597_1763604679_00000000000E5146,Download,18.858767326798624,163.485,0.00047809213116598232,Taipei City,Taipei,25.053,121.5259,100,"Far EastTone Telecommunication Co., Ltd.",9674
2025-12-03 11:16:12.410454 UTC,2025,19:16:12,ndt-v97g4_1763480129_000000000010712C,Download,1.8958907202251754,151.233,0.0,Taipei City,Taipei,25.053,121.5259,5,Mobile Business Group,17421
2025-12-03 11:14:51.100177 UTC,2025,19:14:51,ndt-v97g4_1763480129_00000000000F956D,Download,63.925120264505416,21.046,0.0,Taipei City,Taipei,25.053,121.5259,5,"Taiwan Mobile Co., Ltd.",24158
2025-12-03 11:12:32.337796 UTC,2025,19:12:32,ndt-lvdqj_1763512125_00000000000F9AEE,Download,75.755926539637144,26.429,0.0,Taipei City,Taipei,25.053,121.5259,20,"Taiwan Mobile Co., Ltd.",24158
2025-12-03 11:10:55.440918 UTC,2025,19:10:55,ndt-d8597_1763604679_00000000000E318B,Download,99.788416678932791,155.797,4.4640354863567052e-06,Taipei City,Taipei,25.053,121.5259,5,Mobile Business Group,17421
2025-12-03 10:59:34.905972 UTC,2025,18:59:34,ndt-d8597_1763604679_00000000000DDDB0,Download,56.8473605326961,160.523,0.026898752164019157,Taipei City,Taipei,25.053,121.5259,5,Mobile Business Group,17421
2025-12-03 10:56:44.287795 UTC,2025,18:56:44,ndt-d8597_1763604679_00000000000DBF50,Download,122.17433187088352,147.403,0.0,Taipei City,Taipei,25.053,121.5259,5,Mobile Business Group,17421
2025-12-03 10:55:58.791944 UTC,2025,18:55:58,ndt-8wq6c_1763541608_00000000001255D1,Download,15.10957428304693,39.993,0.00032826850432662717,Taipei City,Taipei,25.053,121.5259,50,"Far EastTone Telecommunication Co., Ltd.",9674
2025-12-03 10:52:53.999028 UTC,2025,18:52:53,ndt-v97g4_1763480129_00000000000FD380,Download,13.724069274546398,167.452,8.0630489776020012e-05,Taipei City,Taipei,25.053,121.5259,10,"Far EastTone Telecommunication Co., Ltd.",9674
2025-12-03 10:44:50.244906 UTC,2025,18:44:50,ndt-v97g4_1763480129_00000000000F46AD,Download,175.11019530498558,22.384,0.0,Taipei City,Taipei,25.053,121.5259,5,"Taiwan Mobile Co., Ltd.",24158
2025-12-03 10:42:21.449533 UTC,2025,18:42:21,ndt-d8597_1763604679_00000000000CC89A,Download,104.64424432212216,157.246,1.0681386115397837e-05,Taipei City,Taipei,25.053,121.5259,50,"Far EastTone Telecommunication Co., Ltd.",9674
2025-12-03 10:37:11.078154 UTC,2025,18:37:11,ndt-v97g4_1763480129_000000000010325E,Download,5.0058675914349466,30.835,0.0,Taipei City,Taipei,25.053,121.5259,20,"Taiwan Mobile Co., Ltd.",24158
2025-12-03 10:35:18.701678 UTC,2025,18:35:18,ndt-v97g4_1763480129_00000000000F1869,Download,24.486843681976914,25.073,0.089122978461218527,Taipei City,Taipei,25.053,121.5259,20,"Taiwan Mobile Co., Ltd.",24158
2025-12-03 10:31:55.201836 UTC,2025,18:31:55,ndt-v97g4_1763480129_00000000000FA4B5,Download,19.150385446472104,165.0,0.21066719205353829,Taipei City,Taipei,25.053,121.5259,50,"Far EastTone Telecommunication Co., Ltd.",9674
2025-12-03 10:29:40.834687 UTC,2025,18:29:40,ndt-lvdqj_1763512125_00000000000F7B54,Download,95.36225204780618,24.769,0.0,Taipei City,Taipei,25.053,121.5259,5,"Taiwan Mobile Co., Ltd.",24158
2025-12-03 10:29:39.311717 UTC,2025,18:29:39,ndt-v97g4_1763480129_00000000000FD363,Download,9.1535341161735921,157.646,0.0018228817616084251,Taipei City,Taipei,25.053,121.5259,100,"Far EastTone Telecommunication Co., Ltd.",9674
2025-12-03 10:20:37.138779 UTC,2025,18:20:37,ndt-d8597_1763604679_00000000000E0700,Download,49.063038405442391,156.442,0.0,Taipei City,Taipei,25.053,121.5259,5,Mobile Business Group,17421
2025-12-03 10:09:43.860439 UTC,2025,18:09:43,ndt-d8597_1763604679_00000000000DDD2E,Download,291.68816335574354,22.605,0.00037079489614214966,Taipei City,Taipei,25.053,121.5259,5,Mobile Business Group,17421
2025-12-03 10:06:25.342227 UTC,2025,18:06:25,ndt-lvdqj_1763512125_00000000000F8BA2,Download,84.760959996115346,159.137,0.0027779072348364103,Taipei City,Taipei,25.053,121.5259,20,"Far EastTone Telecommunication Co., Ltd.",9674
2025-12-03 09:59:15.983230 UTC,2025,17:59:15,ndt-v97g4_1763480129_00000000000EEBBE,Download,2.1364088913587853,159.948,0.031874551933835461,Taipei City,Taipei,25.053,121.5259,50,"Far EastTone Telecommunication Co., Ltd.",9674
2025-12-03 09:57:27.859181 UTC,2025,17:57:27,ndt-d8597_1763604679_00000000000C196C,Download,2.3062715894692225,171.655,0.0043984160277737595,Taipei City,Taipei,25.053,121.5259,50,"Far EastTone Telecommunication Co., Ltd.",9674
2025-12-03 09:45:41.529471 UTC,2025,17:45:41,ndt-v97g4_1763480129_00000000000F4657,Download,7.89200369246545,19.147,0.00014722757304756686,Taipei City,Taipei,25.053,121.5259,20,"Far EastTone Telecommunication Co., Ltd.",18412
2025-12-03 09:45:32.353858 UTC,2025,17:45:32,ndt-d8597_1763604679_00000000000DDCF1,Download,1.7297072626373819,159.222,0.28831161742811312,Taipei City,Taipei,25.053,121.5259,100,"Far EastTone Telecommunication Co., Ltd.",9674
2025-12-03 09:42:43.083804 UTC,2025,17:42:43,ndt-d8597_1763604679_00000000000DAEB1,Download,36.593354834599033,21.875,0.00039731979009342329,Taipei City,Taipei,25.053,121.5259,20,"Far EastTone Telecommunication Co., Ltd.",9674
2025-12-03 09:41:46.156563 UTC,2025,17:41:46,ndt-d8597_1763604679_00000000000E21A6,Download,24.154345369858195,29.194,0.0014533266322971079,Taipei City,Taipei,25.053,121.5259,100,"Far EastTone Telecommunication Co., Ltd.",9674
2025-12-03 09:40:31.621578 UTC,2025,17:40:31,ndt-v97g4_1763480129_00000000000F55EC,Download,44.12489158144988,158.704,0.00026987785022334943,Taipei City,Taipei,25.053,121.5259,50,"Far EastTone Telecommunication Co., Ltd.",9674
2025-12-03 09:39:45.209008 UTC,2025,17:39:45,ndt-d8597_1763604679_00000000000E6061,Download,0.45420205554706861,174.37,0.21823254057445324,Taipei City,Taipei,25.053,121.5259,50,"Far EastTone Telecommunication Co., Ltd.",9674
2025-12-03 09:39:17.742392 UTC,2025,17:39:17,ndt-lvdqj_1763512125_00000000000F9A32,Download,47.365260996708514,157.0,0.0046176177193566559,Taipei City,Taipei,25.053,121.5259,20,"Far EastTone Telecommunication Co., Ltd.",9674
2025-12-03 09:36:32.736107 UTC,2025,17:36:32,ndt-v97g4_1763480129_00000000000F6548,Download,1.0824198438636594,40.34,0.0042266606828998852,Taipei City,Taipei,25.053,121.5259,100,"Far EastTone Telecommunication Co., Ltd.",9674
2025-12-03 09:31:54.876431 UTC,2025,17:31:54,ndt-v97g4_1763480129_00000000000F849A,Download,80.084167463782791,160.46,0.00024011351200744712,Taipei City,Taipei,25.053,121.5259,100,"Far EastTone Telecommunication Co., Ltd.",9674
2025-12-03 09:30:47.162378 UTC,2025,17:30:47,ndt-d8597_1763604679_00000000000E5064,Download,56.723199735365021,157.0,0.035364983346197344,Taipei City,Taipei,25.053,121.5259,50,"Far EastTone Telecommunication Co., Ltd.",9674
2025-12-03 09:29:43.639196 UTC,2025,17:29:43,ndt-d8597_1763604679_00000000000DCD9F,Download,108.46730202970711,153.231,0.0,Taipei City,Taipei,25.053,121.5259,5,Mobile Business Group,17421
2025-12-03 09:26:41.539751 UTC,2025,17:26:41,ndt-d8597_1763604679_00000000000D7FB1,Download,2.6425955566247508,132.93,0.0022210021008964077,Taipei City,Taipei,25.053,121.5259,100,"Far EastTone Telecommunication Co., Ltd.",9674
2025-12-03 09:25:12.236505 UTC,2025,17:25:12,ndt-d8597_1763604679_00000000000CC86E,Download,1.8583697308829525,166.441,0.0019994875263062827,Taipei City,Taipei,25.053,121.5259,100,"Far EastTone Telecommunication Co., Ltd.",9674
2025-12-03 09:24:52.205241 UTC,2025,17:24:52,ndt-d8597_1763604679_00000000000DED5B,Download,2.7282490757654076,19.51,0.13956464523294981,Taipei City,Taipei,25.053,121.5259,5,"Taiwan Mobile Co., Ltd.",24158
2025-12-03 09:24:15.187958 UTC,2025,17:24:15,ndt-v97g4_1763480129_00000000000FA44E,Download,11.080730185062201,165.435,0.038016453231387533,Taipei City,Taipei,25.053,121.5259,50,"Far EastTone Telecommunication Co., Ltd.",9674
2025-12-03 09:23:26.707720 UTC,2025,17:23:26,ndt-v97g4_1763480129_00000000000FF30C,Download,12.203890641950968,158.083,0.0012326649027951692,Taipei City,Taipei,25.053,121.5259,50,"Far EastTone Telecommunication Co., Ltd.",9674
2025-12-03 09:22:49.178691 UTC,2025,17:22:49,ndt-lvdqj_1763512125_00000000000E5FEC,Download,0.17516097512954218,487.372,0.010910197339824394,Taipei City,Taipei,25.053,121.5259,50,"Far EastTone Telecommunication Co., Ltd.",9674
2025-12-03 09:21:54.120592 UTC,2025,17:21:54,ndt-v97g4_1763480129_00000000000FF30A,Download,10.355785505649687,148.811,0.24807245859027827,Taipei City,Taipei,25.053,121.5259,5,Mobile Business Group,17421
2025-12-03 09:21:26.150495 UTC,2025,17:21:26,ndt-v97g4_1763480129_00000000000F362C,Download,10.243458275162125,152.132,0.23723674124303173,Taipei City,Taipei,25.053,121.5259,5,Mobile Business Group,17421
2025-12-03 09:21:12.646711 UTC,2025,17:21:12,ndt-lvdqj_1763512125_00000000000FE6FF,Download,4.7795520352177823,19.0,0.11125931194981217,Taipei City,Taipei,25.053,121.5259,10,"Taiwan Mobile Co., Ltd.",24158
2025-12-03 09:19:45.350930 UTC,2025,17:19:45,ndt-d8597_1763604679_00000000000E1433,Download,33.072652157875325,160.26,0.00037292204662648526,Taipei City,Taipei,25.053,121.5259,100,"Far EastTone Telecommunication Co., Ltd.",9674
2025-12-03 09:12:31.325257 UTC,2025,17:12:31,ndt-v97g4_1763480129_00000000000EDE36,Download,3.0683182386594403,165.098,0.0,Taipei City,Taipei,25.053,121.5259,5,Mobile Business Group,17421
2025-12-03 09:11:07.521607 UTC,2025,17:11:07,ndt-d8597_1763604679_00000000000D7F83,Download,82.046736118865368,149.878,0.0,Taipei City,Taipei,25.053,121.5259,5,Mobile Business Group,17421
2025-12-03 09:10:24.212028 UTC,2025,17:10:24,ndt-v97g4_1763480129_00000000000FA436,Download,48.875682586510784,158.922,0.00042508870663768528,Taipei City,Taipei,25.053,121.5259,50,"Far EastTone Telecommunication Co., Ltd.",9674
2025-12-03 08:54:53.666256 UTC,2025,16:54:53,ndt-lvdqj_1763512125_00000000000F5A21,Download,9.64970364586313,158.102,0.2530535427382401,Taipei City,Taipei,25.053,121.5259,20,"Far EastTone Telecommunication Co., Ltd.",9674
2025-12-03 08:54:51.175658 UTC,2025,16:54:51,ndt-v97g4_1763480129_00000000000FA417,Download,1.5181242534118418,161.736,0.37595489268825028,Taipei City,Taipei,25.053,121.5259,100,"Far EastTone Telecommunication Co., Ltd.",9674
2025-12-03 08:53:03.085908 UTC,2025,16:53:03,ndt-d8597_1763604679_00000000000DBE44,Download,1.7862896618972703,163.685,0.27468003318117629,Taipei City,Taipei,25.053,121.5259,100,"Far EastTone Telecommunication Co., Ltd.",9674
2025-12-03 08:45:03.988139 UTC,2025,16:45:03,ndt-lvdqj_1763512125_00000000000F4A8F,Download,118.90993848143326,145.425,0.0,Taipei City,Taipei,25.053,121.5259,100,"Far EastTone Telecommunication Co., Ltd.",9674
2025-12-03 08:41:24.701004 UTC,2025,16:41:24,ndt-d8597_1763604679_00000000000D8E9E,Download,98.901101564725693,162.054,1.1231151602960608e-05,Taipei City,Taipei,25.053,121.5259,50,"Far EastTone Telecommunication Co., Ltd.",9674
2025-12-03 08:30:37.323952 UTC,2025,16:30:37,ndt-d8597_1763604679_00000000000D7F2E,Download,5.76081975479417,163.244,0.000996560609727604,Taipei City,Taipei,25.053,121.5259,20,"Far EastTone Telecommunication Co., Ltd.",9674
2025-12-03 08:18:30.160960 UTC,2025,16:18:30,ndt-virtual-hrhtg_1763486473_000000000011280A,Download,26.49138421412006,28.914,0.0,Taipei City,Taipei,25.053,121.5259,50,"Far EastTone Telecommunication Co., Ltd.",9674
2025-12-03 08:15:29.362568 UTC,2025,16:15:29,ndt-lvdqj_1763512125_00000000000F7A72,Download,110.22674094685239,148.479,0.0020078031203342919,Taipei City,Taipei,25.053,121.5259,5,Mobile Business Group,17421
2025-12-03 08:14:38.857704 UTC,2025,16:14:38,ndt-lvdqj_1763512125_00000000000E2AE5,Download,8.76947874635099,164.0,0.35827440568882235,Taipei City,Taipei,25.053,121.5259,50,"Far EastTone Telecommunication Co., Ltd.",9674
2025-12-03 08:14:01.547556 UTC,2025,16:14:01,ndt-d8597_1763604679_00000000000C191C,Download,10.143146650265754,163.804,0.27133463117646989,Taipei City,Taipei,25.053,121.5259,50,"Far EastTone Telecommunication Co., Ltd.",9674
2025-12-03 08:09:22.775681 UTC,2025,16:09:22,ndt-v97g4_1763480129_00000000000FB3A8,Download,18.046684866586432,156.409,0.24569546440628426,Taipei City,Taipei,25.053,121.5259,20,"Far EastTone Telecommunication Co., Ltd.",9674
2025-12-03 07:58:46.035024 UTC,2025,15:58:46,ndt-lvdqj_1763512125_00000000000FC887,Download,4.4623311797798033,27.251,0.0,Taipei City,Taipei,25.053,121.5259,20,"Taiwan Mobile Co., Ltd.",24158
2025-12-03 07:58:26.486200 UTC,2025,15:58:26,ndt-virtual-hrhtg_1763486473_0000000000113325,Download,0.32088741993293768,38.966,0.26672886624750752,Taipei City,Taipei,25.053,121.5259,100,"Taiwan Mobile Co., Ltd.",24158
2025-12-03 07:57:52.971460 UTC,2025,15:57:52,ndt-d8597_1763604679_00000000000E058D,Download,174.01726264167675,22.003,0.0,Taipei City,Taipei,25.053,121.5259,5,"Taiwan Mobile Co., Ltd.",24158
2025-12-03 07:47:28.938716 UTC,2025,15:47:28,ndt-v97g4_1763480129_00000000000FD27C,Download,0.15731324753676232,159.216,0.31845730027548208,Taipei City,Taipei,25.053,121.5259,50,"Far EastTone Telecommunication Co., Ltd.",9674
2025-12-03 07:44:08.989306 UTC,2025,15:44:08,ndt-lvdqj_1763512125_00000000000F9967,Download,26.340782542099078,27.356,0.00096615925162120842,Taipei City,Taipei,25.053,121.5259,100,"Far EastTone Telecommunication Co., Ltd.",9674
2025-12-03 07:42:04.024545 UTC,2025,15:42:04,ndt-d8597_1763604679_00000000000D3F72,Download,8.880054496082316,28.898,0.020135301212848886,Taipei City,Taipei,25.053,121.5259,100,"Far EastTone Telecommunication Co., Ltd.",9674
2025-12-03 07:38:49.214276 UTC,2025,15:38:49,ndt-d8597_1763604679_00000000000D8E10,Download,4.2933058556683132,39.65,0.0,Taipei City,Taipei,25.053,121.5259,100,"Far EastTone Telecommunication Co., Ltd.",9674
2025-12-03 07:36:19.203946 UTC,2025,15:36:19,ndt-v97g4_1763480129_00000000000F459A,Download,3.85098647277522,162.189,0.048593006514875262,Taipei City,Taipei,25.053,121.5259,50,"Far EastTone Telecommunication Co., Ltd.",9674
2025-12-03 07:31:47.420844 UTC,2025,15:31:47,ndt-v97g4_1763480129_00000000000FB368,Download,5.4344714736040922,139.554,0.22755380756805862,Taipei City,Taipei,25.053,121.5259,20,Mobile Business Group,17421
2025-12-03 07:31:03.191218 UTC,2025,15:31:03,ndt-d2hpb_1763462662_000000000012AC2D,Download,10.339400534389085,165.143,0.15546241946736911,Taipei City,Taipei,25.053,121.5259,5,"Taiwan Mobile Co., Ltd.",24158
2025-12-03 07:30:23.619662 UTC,2025,15:30:23,ndt-lvdqj_1763512125_00000000000F6A0D,Download,44.287628070054041,21.948,0.088419144987986323,Taipei City,Taipei,25.053,121.5259,20,"Taiwan Mobile Co., Ltd.",24158
2025-12-03 07:30:10.997064 UTC,2025,15:30:10,ndt-d8597_1763604679_00000000000D8DFF,Download,11.30014044047306,23.593,0.0741844381137222,Taipei City,Taipei,25.053,121.5259,5,"Taiwan Mobile Co., Ltd.",24158
2025-12-03 07:27:52.581629 UTC,2025,15:27:52,ndt-v97g4_1763480129_00000000000FA380,Download,9.4101883672336619,28.657,0.00012029183730163477,Taipei City,Taipei,25.053,121.5259,5,Mobile Business Group,17421
2025-12-03 07:18:35.598766 UTC,2025,15:18:35,ndt-d8597_1763604679_00000000000DEC3C,Download,107.73131520605438,149.376,3.1138798862701161e-05,Taipei City,Taipei,25.053,121.5259,100,"Far EastTone Telecommunication Co., Ltd.",9674
2025-12-03 07:17:28.033147 UTC,2025,15:17:28,ndt-v97g4_1763480129_00000000000FA372,Download,48.394525902832086,22.883,0.0,Taipei City,Taipei,25.053,121.5259,5,"Taiwan Mobile Co., Ltd.",24158
2025-12-03 07:16:17.124027 UTC,2025,15:16:17,ndt-d8597_1763604679_00000000000E2063,Download,126.64801928087009,19.329,0.0,Taipei City,Taipei,25.053,121.5259,5,Mobile Business Group,17421
2025-12-03 06:56:05.270010 UTC,2025,14:56:05,ndt-lvdqj_1763512125_00000000000F79E6,Download,279.8847565250814,21.966,0.0,Taipei City,Taipei,25.053,121.5259,20,"Taiwan Mobile Co., Ltd.",24158
2025-12-03 06:53:21.104557 UTC,2025,14:53:21,ndt-d8597_1763604679_00000000000D2F56,Download,244.16151908794407,22.019,0.0,Taipei City,Taipei,25.053,121.5259,20,"Taiwan Mobile Co., Ltd.",24158
2025-12-03 06:49:25.880748 UTC,2025,14:49:25,ndt-d8597_1763604679_00000000000DF51C,Download,21.804673245706244,162.579,0.00017046174840753154,Taipei City,Taipei,25.053,121.5259,50,"Far EastTone Telecommunication Co., Ltd.",9674
2025-12-03 06:38:08.473590 UTC,2025,14:38:08,ndt-lvdqj_1763512125_00000000000FC7DA,Download,72.5739951390073,14.755,0.0,Taipei City,Taipei,25.053,121.5259,5,"Taiwan Mobile Co., Ltd.",24158
2025-12-03 06:35:18.219294 UTC,2025,14:35:18,ndt-lvdqj_1763512125_00000000000EBC4C,Download,62.783093307388363,27.843,0.0011531990896298731,Taipei City,Taipei,25.053,121.5259,20,"Taiwan Mobile Co., Ltd.",24158
2025-12-03 06:19:33.210168 UTC,2025,14:19:33,ndt-v97g4_1763480129_00000000000F452D,Download,11.469223935377586,19.879,0.078613833971708791,Taipei City,Taipei,25.053,121.5259,5,"Taiwan Mobile Co., Ltd.",24158
2025-12-03 06:19:03.306286 UTC,2025,14:19:03,ndt-lvdqj_1763512125_00000000000EBC2B,Download,1.5768467985260077,172.327,0.0,Taipei City,Taipei,25.053,121.5259,50,"Far EastTone Telecommunication Co., Ltd.",9674
2025-12-03 06:12:04.307188 UTC,2025,14:12:04,ndt-lvdqj_1763512125_00000000000FC7A7,Download,7.4233844620410876,22.621,0.0,Taipei City,Taipei,25.053,121.5259,5,"Taiwan Mobile Co., Ltd.",24158
2025-12-03 06:11:45.466054 UTC,2025,14:11:45,ndt-v97g4_1763480129_00000000000FF1C6,Download,1.980492435913743,30.718,0.032607467703966511,Taipei City,Taipei,25.053,121.5259,5,"Taiwan Mobile Co., Ltd.",24158
2025-12-03 06:11:35.041327 UTC,2025,14:11:35,ndt-d8597_1763604679_00000000000C9813,Download,3.3698287952691603,29.41,0.026471120633923789,Taipei City,Taipei,25.053,121.5259,5,"Taiwan Mobile Co., Ltd.",24158
2025-12-03 06:08:23.077236 UTC,2025,14:08:23,ndt-d8597_1763604679_00000000000D8D36,Download,8.6500490875084441,163.688,0.013177098583944214,Taipei City,Taipei,25.053,121.5259,50,"Far EastTone Telecommunication Co., Ltd.",9674
2025-12-03 06:05:07.959932 UTC,2025,14:05:07,ndt-lvdqj_1763512125_00000000000F7986,Download,35.519447491744629,20.006,0.0,Taipei City,Taipei,25.053,121.5259,5,"Taiwan Mobile Co., Ltd.",24158
2025-12-03 06:03:42.233528 UTC,2025,14:03:42,ndt-lvdqj_1763512125_00000000000EFBDE,Download,24.6295521818266,19.716,9.2195400447248732e-05,Taipei City,Taipei,25.053,121.5259,5,"Taiwan Mobile Co., Ltd.",24158
2025-12-03 06:01:09.201885 UTC,2025,14:01:09,ndt-v97g4_1763480129_00000000000FF1B2,Download,17.681687119911643,168.586,0.0009761410369506393,Taipei City,Taipei,25.053,121.5259,50,"Far EastTone Telecommunication Co., Ltd.",9674
2025-12-03 05:59:59.549530 UTC,2025,13:59:59,ndt-v97g4_1763480129_00000000000F63F8,Download,7.8297028152978605,22.575,0.0888125474890218,Taipei City,Taipei,25.053,121.5259,5,"Taiwan Mobile Co., Ltd.",24158
2025-12-03 05:58:12.546540 UTC,2025,13:58:12,ndt-lvdqj_1763512125_00000000000F4963,Download,290.16947300446031,27.244,0.0,Taipei City,Taipei,25.053,121.5259,20,"Taiwan Mobile Co., Ltd.",24158
2025-12-03 05:54:02.294135 UTC,2025,13:54:02,ndt-d8597_1763604679_00000000000D64B2,Download,57.512128538569549,146.903,0.011004349206834742,Taipei City,Taipei,25.053,121.5259,5,"Taiwan Mobile Co., Ltd.",24158
2025-12-03 05:53:21.502933 UTC,2025,13:53:21,ndt-d8597_1763604679_00000000000D5E9B,Download,70.6493240660554,145.692,0.0054842137135178723,Taipei City,Taipei,25.053,121.5259,5,"Taiwan Mobile Co., Ltd.",24158
2025-12-03 05:52:01.193562 UTC,2025,13:52:01,ndt-lvdqj_1763512125_00000000000FD82D,Download,62.473241504668579,156.089,0.0,Taipei City,Taipei,25.053,121.5259,5,Mobile Business Group,17421
2025-12-03 05:51:57.624053 UTC,2025,13:51:57,ndt-lvdqj_1763512125_00000000000F3AB5,Download,35.525352462948256,160.463,0.0,Taipei City,Taipei,25.053,121.5259,5,Mobile Business Group,17421
2025-12-03 05:44:59.811582 UTC,2025,13:44:59,ndt-lvdqj_1763512125_00000000000FC75F,Download,6.9023253177387511,25.699,0.0,Taipei City,Taipei,25.053,121.5259,5,"Taiwan Mobile Co., Ltd.",24158
2025-12-03 05:33:19.966660 UTC,2025,13:33:19,ndt-v97g4_1763480129_00000000000F1691,Download,38.643766338512172,153.49,0.35693564668057004,Taipei City,Taipei,25.053,121.5259,100,"Far EastTone Telecommunication Co., Ltd.",9674
2025-12-03 05:33:16.530628 UTC,2025,13:33:16,ndt-lvdqj_1763512125_00000000000F58E2,Download,43.512612204978204,25.55,0.0,Taipei City,Taipei,25.053,121.5259,5,"Taiwan Mobile Co., Ltd.",24158
2025-12-03 05:32:59.410098 UTC,2025,13:32:59,ndt-lvdqj_1763512125_00000000000F58E0,Download,60.867025238488523,21.671,0.0,Taipei City,Taipei,25.053,121.5259,5,"Taiwan Mobile Co., Ltd.",24158
2025-12-03 05:32:35.767715 UTC,2025,13:32:35,ndt-lvdqj_1763512125_00000000000F898F,Download,62.712901885058933,21.69,0.0,Taipei City,Taipei,25.053,121.5259,5,"Taiwan Mobile Co., Ltd.",24158
2025-12-03 05:26:27.017794 UTC,2025,13:26:27,ndt-v97g4_1763480129_00000000000F2539,Download,67.317673799962279,156.045,4.9289028203644452e-05,Taipei City,Taipei,25.053,121.5259,50,"Far EastTone Telecommunication Co., Ltd.",9674
2025-12-03 05:21:53.048144 UTC,2025,13:21:53,ndt-v97g4_1763480129_00000000000F63BD,Download,145.27422503751279,19.729,0.0,Taipei City,Taipei,25.053,121.5259,10,Mobile Business Group,17421
2025-12-03 05:16:30.389363 UTC,2025,13:16:30,ndt-lvdqj_1763512125_00000000000FC730,Download,50.574013363904719,30.032,0.0,Taipei City,Taipei,25.053,121.5259,5,"Taiwan Mobile Co., Ltd.",24158
2025-12-03 05:10:37.772273 UTC,2025,13:10:37,ndt-lvdqj_1763512125_00000000000F895D,Download,18.700718326571764,20.084,0.00070350560162561119,Taipei City,Taipei,25.053,121.5259,100,"Far EastTone Telecommunication Co., Ltd.",9674
2025-12-03 05:07:42.545027 UTC,2025,13:07:42,ndt-lvdqj_1763512125_00000000000F58B8,Download,46.581627348906316,159.049,0.00026159250046875319,Taipei City,Taipei,25.053,121.5259,100,"Far EastTone Telecommunication Co., Ltd.",9674
2025-12-03 05:07:19.478710 UTC,2025,13:07:19,ndt-d8597_1763604679_00000000000DAC2A,Download,86.822149395316458,25.772,0.0,Taipei City,Taipei,25.053,121.5259,5,"Taiwan Mobile Co., Ltd.",24158
2025-12-03 05:06:56.806863 UTC,2025,13:06:56,ndt-d8597_1763604679_00000000000BE920,Download,42.446923648181354,171.612,0.00030279294687510472,Taipei City,Taipei,25.053,121.5259,50,"Far EastTone Telecommunication Co., Ltd.",9674
2025-12-03 05:06:15.227082 UTC,2025,13:06:15,ndt-lvdqj_1763512125_00000000000FE54A,Download,211.01226817850258,21.861,0.0016440967298109539,Taipei City,Taipei,25.053,121.5259,100,"Far EastTone Telecommunication Co., Ltd.",9674
2025-12-03 05:04:27.137269 UTC,2025,13:04:27,ndt-lvdqj_1763512125_00000000000F9870,Download,197.31552666974719,20.008,0.0,Taipei City,Taipei,25.053,121.5259,5,"Taiwan Mobile Co., Ltd.",24158
2025-12-03 05:03:22.091074 UTC,2025,13:03:22,ndt-v97g4_1763480129_00000000000F44BB,Download,49.312212160250972,13.489,0.00017811339896942803,Taipei City,Taipei,25.053,121.5259,50,"Far EastTone Telecommunication Co., Ltd.",18412
2025-12-03 05:02:28.834845 UTC,2025,13:02:28,ndt-d8597_1763604679_00000000000E03F8,Download,29.073797644988975,37.479,0.0,Taipei City,Taipei,25.053,121.5259,5,"Taiwan Mobile Co., Ltd.",24158
2025-12-03 04:52:44.343251 UTC,2025,12:52:44,ndt-d8597_1763604679_00000000000DEB34,Download,91.624080941599914,23.969,0.0,Taipei City,Taipei,25.053,121.5259,5,"Taiwan Mobile Co., Ltd.",24158
2025-12-03 04:50:40.275725 UTC,2025,12:50:40,ndt-v97g4_1763480129_00000000000EDCA0,Download,93.5364120030402,154.988,0.0,Taipei City,Taipei,25.053,121.5259,5,Mobile Business Group,17421
2025-12-03 04:50:12.648564 UTC,2025,12:50:12,ndt-v97g4_1763480129_00000000000F44A8,Download,109.9591768251986,151.961,0.0,Taipei City,Taipei,25.053,121.5259,5,Mobile Business Group,17421
2025-12-03 04:48:10.736226 UTC,2025,12:48:10,ndt-d8597_1763604679_00000000000D4DC0,Download,182.89970674627563,20.017,0.0,Taipei City,Taipei,25.053,121.5259,5,"Taiwan Mobile Co., Ltd.",24158
2025-12-03 04:47:44.928341 UTC,2025,12:47:44,ndt-v97g4_1763480129_00000000000F44A1,Download,227.11673149897052,16.682,0.0055222356395391381,Taipei City,Taipei,25.053,121.5259,5,"Taiwan Mobile Co., Ltd.",24158
2025-12-03 04:38:25.456774 UTC,2025,12:38:25,ndt-lvdqj_1763512125_00000000000F3A34,Download,21.09863694177686,154.0,0.27785754838537341,Taipei City,Taipei,25.053,121.5259,5,Mobile Business Group,17421
2025-12-03 04:27:35.825573 UTC,2025,12:27:35,ndt-lvdqj_1763512125_00000000000E97E8,Download,87.87585834363864,20.193,0.0,Taipei City,Taipei,25.053,121.5259,5,"Taiwan Mobile Co., Ltd.",24158
2025-12-03 04:27:24.813745 UTC,2025,12:27:24,ndt-lvdqj_1763512125_00000000000EFB39,Download,24.289388719005842,19.918,0.057680859854636182,Taipei City,Taipei,25.053,121.5259,20,"Taiwan Mobile Co., Ltd.",24158
2025-12-03 04:24:32.052723 UTC,2025,12:24:32,ndt-d8597_1763604679_00000000000D2E25,Download,19.630740131651589,21.257,0.069336073111684493,Taipei City,Taipei,25.053,121.5259,20,"Taiwan Mobile Co., Ltd.",24158
2025-12-03 04:21:34.072018 UTC,2025,12:21:34,ndt-v97g4_1763480129_00000000000F24D8,Download,10.107701714801728,155.599,0.24674091117316846,Taipei City,Taipei,25.053,121.5259,50,"Far EastTone Telecommunication Co., Ltd.",9674
2025-12-03 04:20:59.955601 UTC,2025,12:20:59,ndt-v97g4_1763480129_0000000000103044,Download,89.442880305093,149.354,1.0485702332559241e-05,Taipei City,Taipei,25.053,121.5259,5,Mobile Business Group,17421
2025-12-03 04:18:48.075132 UTC,2025,12:18:48,ndt-d8597_1763604679_00000000000DEAD4,Download,94.541287448871429,152.407,0.0,Taipei City,Taipei,25.053,121.5259,5,Mobile Business Group,17421
2025-12-03 04:13:49.025878 UTC,2025,12:13:49,ndt-lvdqj_1763512125_00000000000FD79F,Download,24.983542001968939,23.97,0.0,Taipei City,Taipei,25.053,121.5259,5,"Taiwan Mobile Co., Ltd.",24158
2025-12-03 04:00:12.270489 UTC,2025,12:00:12,ndt-lvdqj_1763512125_00000000000FE4C9,Download,88.644476507633357,160.076,2.5427335486074233e-05,Taipei City,Taipei,25.053,121.5259,10,"Far EastTone Telecommunication Co., Ltd.",9674
2025-11-27 03:58:51.091569 UTC,2025,11:58:51,ndt-d8597_1763604679_0000000000071718,Download,89.488044681587,199.017,4.9695408126018784e-05,Taipei City,Taipei,25.053,121.5259,10,"Far EastTone Telecommunication Co., Ltd.",9674
2025-11-27 03:52:44.633181 UTC,2025,11:52:44,ndt-lvdqj_1763512125_0000000000089B1C,Download,18.263364784296439,29.305,0.0,Taipei City,Taipei,25.053,121.5259,5,"Taiwan Mobile Co., Ltd.",24158
2025-11-27 03:47:53.534823 UTC,2025,11:47:53,ndt-d8597_1763604679_000000000007743C,Download,17.0042175555839,27.203,0.0,Taipei City,Taipei,25.053,121.5259,5,"Taiwan Mobile Co., Ltd.",24158
2025-11-27 03:47:34.447967 UTC,2025,11:47:34,ndt-virtual-hrhtg_1763486473_000000000009C555,Download,23.550435885069842,17.906,0.0,Taipei City,Taipei,25.053,121.5259,5,"Taiwan Mobile Co., Ltd.",24158
2025-11-27 03:46:52.257034 UTC,2025,11:46:52,ndt-d8597_1763604679_0000000000078425,Download,10.779908443047569,23.585,0.0,Taipei City,Taipei,25.053,121.5259,5,"Taiwan Mobile Co., Ltd.",24158
2025-11-27 03:46:40.729755 UTC,2025,11:46:40,ndt-lvdqj_1763512125_0000000000083D3A,Download,30.576781859532804,21.379,0.0,Taipei City,Taipei,25.053,121.5259,5,"Taiwan Mobile Co., Ltd.",24158
2025-11-27 03:45:57.841635 UTC,2025,11:45:57,ndt-d8597_1763604679_000000000007A420,Download,38.009131193632477,22.892,0.0,Taipei City,Taipei,25.053,121.5259,5,"Taiwan Mobile Co., Ltd.",24158
2025-11-27 03:45:03.361503 UTC,2025,11:45:03,ndt-lvdqj_1763512125_000000000008DAEB,Download,22.472139620581984,20.294,0.0,Taipei City,Taipei,25.053,121.5259,20,"Taiwan Mobile Co., Ltd.",24158
2025-11-27 03:43:03.732811 UTC,2025,11:43:03,ndt-v97g4_1763480129_00000000000954CE,Download,22.920131076962516,152.895,0.018615804565949332,Taipei City,Taipei,25.053,121.5259,5,Mobile Business Group,17421
2025-11-27 03:37:17.056532 UTC,2025,11:37:17,ndt-d8597_1763604679_00000000000726F0,Download,36.910731441287275,206.878,0.00031868757849327505,Taipei City,Taipei,25.053,121.5259,50,"Far EastTone Telecommunication Co., Ltd.",9674
2025-11-27 03:35:52.367805 UTC,2025,11:35:52,ndt-8wq6c_1763541608_00000000000AA5C2,Download,6.4031297744131281,181.69,0.0018911924663791869,Taipei City,Taipei,25.053,121.5259,5,"Taiwan Mobile Co., Ltd.",24158
2025-11-27 03:35:22.847492 UTC,2025,11:35:22,ndt-d8597_1763604679_00000000000707BB,Download,42.42192962606152,157.163,0.0,Taipei City,Taipei,25.053,121.5259,20,Mobile Business Group,17421
2025-11-27 03:35:11.185157 UTC,2025,11:35:11,ndt-v97g4_1763480129_000000000009D257,Download,45.395425550095958,204.944,0.00078674881250853624,Taipei City,Taipei,25.053,121.5259,50,"Far EastTone Telecommunication Co., Ltd.",9674
2025-11-27 03:25:17.774827 UTC,2025,11:25:17,ndt-d8597_1763604679_000000000007E20C,Download,57.707285040805232,157.852,0.0054489946990157823,Taipei City,Taipei,25.053,121.5259,5,Mobile Business Group,17421
2025-11-27 03:21:39.756042 UTC,2025,11:21:39,ndt-lvdqj_1763512125_000000000008DAD1,Download,20.875797479701841,157.31,0.21224748198656115,Taipei City,Taipei,25.053,121.5259,5,Mobile Business Group,17421
2025-11-27 03:07:11.204982 UTC,2025,11:07:11,ndt-v97g4_1763480129_000000000009549F,Download,108.63756692030078,155.907,0.0,Taipei City,Taipei,25.053,121.5259,5,Mobile Business Group,17421
2025-11-27 03:01:19.626053 UTC,2025,11:01:19,ndt-v97g4_1763480129_000000000009A326,Download,88.004399849525143,30.477,0.0,Taipei City,Taipei,25.053,121.5259,20,"Taiwan Mobile Co., Ltd.",24158
2025-11-27 03:00:55.529307 UTC,2025,11:00:55,ndt-d8597_1763604679_0000000000046F81,Download,9.39588599104866,26.967,0.0,Taipei City,Taipei,25.053,121.5259,5,"Taiwan Mobile Co., Ltd.",24158
2025-11-27 03:00:33.363102 UTC,2025,11:00:33,ndt-d8597_1763604679_000000000008104D,Download,58.109863767885592,158.723,0.0,Taipei City,Taipei,25.053,121.5259,20,Mobile Business Group,17421
2025-11-27 02:57:30.228915 UTC,2025,10:57:30,ndt-v97g4_1763480129_000000000009935E,Download,99.620321518498557,22.971,0.00081093632053450622,Taipei City,Taipei,25.053,121.5259,5,"Taiwan Mobile Co., Ltd.",24158
2025-11-27 02:51:23.744000 UTC,2025,10:51:23,ndt-lvdqj_1763512125_0000000000080DFC,Download,36.7502352269189,209.139,0.00032402423211135505,Taipei City,Taipei,25.053,121.5259,100,"Far EastTone Telecommunication Co., Ltd.",9674
2025-11-27 02:50:31.456967 UTC,2025,10:50:31,ndt-v97g4_1763480129_00000000000963F2,Download,18.592682050220859,21.346,0.00064670746920632868,Taipei City,Taipei,25.053,121.5259,100,"Far EastTone Telecommunication Co., Ltd.",9674
2025-11-27 02:49:40.241172 UTC,2025,10:49:40,ndt-v97g4_1763480129_000000000008C8B4,Download,21.297534421441586,22.813,5.6385438499127765e-05,Taipei City,Taipei,25.053,121.5259,5,Mobile Business Group,17421
2025-11-27 02:47:42.146789 UTC,2025,10:47:42,ndt-v97g4_1763480129_000000000009164C,Download,83.936279031410578,197.046,1.3239698747158275e-05,Taipei City,Taipei,25.053,121.5259,50,"Far EastTone Telecommunication Co., Ltd.",9674
2025-11-27 02:47:07.039652 UTC,2025,10:47:07,ndt-d8597_1763604679_000000000007A3C3,Download,89.864371921502439,192.753,0.0,Taipei City,Taipei,25.053,121.5259,50,"Far EastTone Telecommunication Co., Ltd.",9674
2025-11-27 02:39:57.084237 UTC,2025,10:39:57,ndt-v97g4_1763480129_000000000007FE41,Download,21.245542628857446,15.0,0.11994312388098577,Taipei City,Taipei,25.053,121.5259,50,"Far EastTone Telecommunication Co., Ltd.",9674
2025-11-27 02:37:55.387795 UTC,2025,10:37:55,ndt-d8597_1763604679_0000000000079386,Download,16.505509150596517,23.4,0.0,Taipei City,Taipei,25.053,121.5259,5,"Taiwan Mobile Co., Ltd.",24158
2025-11-27 02:36:54.866042 UTC,2025,10:36:54,ndt-d8597_1763604679_000000000007C249,Download,112.31917083721221,14.255,0.00666617834242515,Taipei City,Taipei,25.053,121.5259,5,"Taiwan Mobile Co., Ltd.",24158
2025-11-27 02:23:32.325763 UTC,2025,10:23:32,ndt-lvdqj_1763512125_0000000000080DC9,Download,8.9591778545111769,145.469,0.15403940235356339,Taipei City,Taipei,25.053,121.5259,5,"Taiwan Mobile Co., Ltd.",24158
2025-11-27 02:22:32.316348 UTC,2025,10:22:32,ndt-v97g4_1763480129_0000000000099325,Download,22.962914096357096,19.901,0.00038951364081367396,Taipei City,Taipei,25.053,121.5259,100,"Far EastTone Telecommunication Co., Ltd.",9674
2025-11-27 02:00:45.202009 UTC,2025,10:00:45,ndt-lvdqj_1763512125_0000000000086B8F,Download,37.119104848918354,22.101,0.00011770115434487583,Taipei City,Taipei,25.053,121.5259,100,"Far EastTone Telecommunication Co., Ltd.",18412
2025-11-27 01:58:18.619585 UTC,2025,09:58:18,ndt-lvdqj_1763512125_0000000000089A8E,Download,13.822250162474527,26.074,0.0,Taipei City,Taipei,25.053,121.5259,100,"Far EastTone Telecommunication Co., Ltd.",18412
2025-11-27 01:56:47.381338 UTC,2025,09:56:47,ndt-v97g4_1763480129_000000000008E92F,Download,10.865748275631077,21.1,0.12204513396098678,Taipei City,Taipei,25.053,121.5259,5,"Taiwan Mobile Co., Ltd.",24158
2025-11-27 01:48:09.313027 UTC,2025,09:48:09,ndt-d8597_1763604679_000000000006FEE0,Download,59.068252310181158,209.195,5.80397127657427e-05,Taipei City,Taipei,25.053,121.5259,50,"Far EastTone Telecommunication Co., Ltd.",9674
2025-11-27 01:45:39.274032 UTC,2025,09:45:39,ndt-d8597_1763604679_000000000007B2D0,Download,83.078504115329835,200.474,0.0,Taipei City,Taipei,25.053,121.5259,50,"Far EastTone Telecommunication Co., Ltd.",9674
2025-11-27 01:38:02.225387 UTC,2025,09:38:02,ndt-v97g4_1763480129_0000000000084AD1,Download,3.5726370275342543,86.46,0.00032876685836675395,Taipei City,Taipei,25.053,121.5259,5,"Taiwan Mobile Co., Ltd.",24158
2025-11-27 01:37:32.131765 UTC,2025,09:37:32,ndt-lvdqj_1763512125_0000000000083C7D,Download,29.229296261193586,22.317,0.0,Taipei City,Taipei,25.053,121.5259,10,Mobile Business Group,17421
2025-11-27 01:37:29.325925 UTC,2025,09:37:29,ndt-v97g4_1763480129_000000000009E161,Download,46.806290583997374,25.631,0.0,Taipei City,Taipei,25.053,121.5259,5,"Taiwan Mobile Co., Ltd.",24158
2025-11-27 01:24:51.930231 UTC,2025,09:24:51,ndt-v97g4_1763480129_000000000008E8FB,Download,30.229960540868102,208.257,0.00038377596355287929,Taipei City,Taipei,25.053,121.5259,50,"Far EastTone Telecommunication Co., Ltd.",9674
2025-11-27 01:22:32.427188 UTC,2025,09:22:32,ndt-lvdqj_1763512125_000000000008CAA9,Download,5.5981998834896,26.478,0.0,Taipei City,Taipei,25.053,121.5259,5,"Taiwan Mobile Co., Ltd.",24158
2025-11-27 01:19:12.118916 UTC,2025,09:19:12,ndt-lvdqj_1763512125_0000000000088BD5,Download,4.8942629010299417,24.227,0.0,Taipei City,Taipei,25.053,121.5259,5,"Taiwan Mobile Co., Ltd.",24158
2025-11-27 01:09:40.825682 UTC,2025,09:09:40,ndt-virtual-hrhtg_1763486473_000000000009B6FF,Download,75.233205495583277,17.147,0.0,Taipei City,Taipei,25.053,121.5259,5,"Taiwan Mobile Co., Ltd.",24158
2025-11-27 01:08:16.669919 UTC,2025,09:08:16,ndt-v97g4_1763480129_00000000000899A2,Download,321.39953652340557,17.839,0.0,Taipei City,Taipei,25.053,121.5259,5,"Taiwan Mobile Co., Ltd.",24158
2025-11-27 01:07:46.499210 UTC,2025,09:07:46,ndt-v97g4_1763480129_00000000000953F4,Download,328.91376175043922,18.575,0.0,Taipei City,Taipei,25.053,121.5259,5,"Taiwan Mobile Co., Ltd.",24158
2025-11-27 01:06:08.825891 UTC,2025,09:06:08,ndt-d8597_1763604679_00000000000772DA,Download,156.90945741666675,28.743,0.0,Taipei City,Taipei,25.053,121.5259,20,"Taiwan Mobile Co., Ltd.",24158
2025-11-27 01:05:40.969175 UTC,2025,09:05:40,ndt-lvdqj_1763512125_0000000000078E69,Download,192.49033350447249,24.111,0.0,Taipei City,Taipei,25.053,121.5259,50,"Far EastTone Telecommunication Co., Ltd.",9674
2025-11-27 01:05:13.309170 UTC,2025,09:05:13,ndt-d8597_1763604679_00000000000715CD,Download,16.231675299843083,160.195,0.0,Taipei City,Taipei,25.053,121.5259,100,"Taiwan Mobile Co., Ltd.",24158
2025-11-27 01:04:48.629985 UTC,2025,09:04:48,ndt-lvdqj_1763512125_0000000000088BB9,Download,2.5208979074008,23.174,0.0035776696292677428,Taipei City,Taipei,25.053,121.5259,20,"Taiwan Mobile Co., Ltd.",24158
2025-11-27 01:04:17.144607 UTC,2025,09:04:17,ndt-lvdqj_1763512125_0000000000083C2F,Download,15.960008262994354,21.844,0.051583960467841944,Taipei City,Taipei,25.053,121.5259,20,"Taiwan Mobile Co., Ltd.",24158
2025-11-27 01:01:49.374618 UTC,2025,09:01:49,ndt-lvdqj_1763512125_0000000000081CCF,Download,40.492932599168888,21.594,0.00013436385347073945,Taipei City,Taipei,25.053,121.5259,20,"Taiwan Mobile Co., Ltd.",24158
2025-11-27 00:59:36.885655 UTC,2025,08:59:36,ndt-v97g4_1763480129_000000000009C1AD,Download,18.558320987983826,22.732,0.04298971806515569,Taipei City,Taipei,25.053,121.5259,20,"Taiwan Mobile Co., Ltd.",24158
2025-11-27 00:59:02.016518 UTC,2025,08:59:02,ndt-d8597_1763604679_000000000007343D,Download,55.082405472599255,154.533,0.0,Taipei City,Taipei,25.053,121.5259,20,Mobile Business Group,17421
2025-11-27 00:51:40.227482 UTC,2025,08:51:40,ndt-d8597_1763604679_00000000000743A5,Download,43.508809407297051,21.222,0.011682725293748617,Taipei City,Taipei,25.053,121.5259,20,"Taiwan Mobile Co., Ltd.",24158
2025-11-27 00:51:30.288876 UTC,2025,08:51:30,ndt-v97g4_1763480129_000000000009057B,Download,162.03332229076526,22.995,0.0,Taipei City,Taipei,25.053,121.5259,5,"Taiwan Mobile Co., Ltd.",24158
2025-11-27 00:50:15.303187 UTC,2025,08:50:15,ndt-v97g4_1763480129_00000000000889B0,Download,287.54554563282943,20.997,4.0421220345546176e-06,Taipei City,Taipei,25.053,121.5259,5,Mobile Business Group,17421
2025-11-27 00:38:12.439136 UTC,2025,08:38:12,ndt-d8597_1763604679_000000000006FE61,Download,0.41267512462257949,44.644,0.0039036098045436363,Taipei City,Taipei,25.053,121.5259,5,"Taiwan Mobile Co., Ltd.",24158
2025-11-27 00:34:53.279062 UTC,2025,08:34:53,ndt-d8597_1763604679_0000000000074389,Download,20.174886383130687,23.928,0.0,Taipei City,Taipei,25.053,121.5259,5,"Taiwan Mobile Co., Ltd.",24158
2025-11-27 00:32:42.578245 UTC,2025,08:32:42,ndt-v97g4_1763480129_000000000009C18D,Download,6.9277353667277133,22.688,0.0,Taipei City,Taipei,25.053,121.5259,20,"Taiwan Mobile Co., Ltd.",24158
2025-11-27 00:32:06.315424 UTC,2025,08:32:06,ndt-d8597_1763604679_000000000007C14F,Download,23.994729940445847,152.0,0.13024283407073836,Taipei City,Taipei,25.053,121.5259,5,Mobile Business Group,17421
2025-11-27 00:30:17.439922 UTC,2025,08:30:17,ndt-d8597_1763604679_0000000000074381,Download,199.48369407893256,25.304,0.003563073910683535,Taipei City,Taipei,25.053,121.5259,5,"Taiwan Mobile Co., Ltd.",24158
2025-11-27 00:28:03.481844 UTC,2025,08:28:03,ndt-d8597_1763604679_0000000000079260,Download,99.224290886517849,155.562,0.0,Taipei City,Taipei,25.053,121.5259,5,Mobile Business Group,17421
2025-11-27 00:27:20.238590 UTC,2025,08:27:20,ndt-d8597_1763604679_0000000000071582,Download,264.81838340640905,16.455,1.79333192742088e-08,Taipei City,Taipei,25.053,121.5259,5,"Taiwan Mobile Co., Ltd.",24158
2025-11-27 00:24:12.066333 UTC,2025,08:24:12,ndt-lvdqj_1763512125_0000000000082B75,Download,148.51337526846382,21.802,4.661705606435504e-05,Taipei City,Taipei,25.053,121.5259,5,"Taiwan Mobile Co., Ltd.",24158
2025-11-27 00:23:05.973575 UTC,2025,08:23:05,ndt-lvdqj_1763512125_0000000000085B3B,Download,347.75139085754341,19.818,0.0,Taipei City,Taipei,25.053,121.5259,5,"Taiwan Mobile Co., Ltd.",24158
2025-11-27 00:19:54.682040 UTC,2025,08:19:54,ndt-v97g4_1763480129_0000000000099275,Download,7.5259555075397886,213.608,0.32342403077634735,Taipei City,Taipei,25.053,121.5259,50,"Far EastTone Telecommunication Co., Ltd.",9674
2025-11-27 00:18:57.171175 UTC,2025,08:18:57,ndt-lvdqj_1763512125_000000000008D9A2,Download,8.530872653729725,210.86,0.33331195583483819,Taipei City,Taipei,25.053,121.5259,50,"Far EastTone Telecommunication Co., Ltd.",9674
2025-11-27 00:18:43.241659 UTC,2025,08:18:43,ndt-d8597_1763604679_000000000006FE3C,Download,73.620287348681671,203.995,0.00051958989978318686,Taipei City,Taipei,25.053,121.5259,50,"Far EastTone Telecommunication Co., Ltd.",9674
2025-11-27 00:08:03.970184 UTC,2025,08:08:03,ndt-8wq6c_1763541608_000000000009CCB3,Download,8.0649781345255445,39.781,0.00072528118299477779,Taipei City,Taipei,25.053,121.5259,5,"Far EastTone Telecommunication Co., Ltd.",9674
2025-11-27 00:06:43.902173 UTC,2025,08:06:43,ndt-lvdqj_1763512125_000000000008BA4D,Download,471.24717187602488,18.711,1.2059595704688869e-05,Taipei City,Taipei,25.053,121.5259,5,"Taiwan Mobile Co., Ltd.",24158
2025-11-27 00:06:36.816147 UTC,2025,08:06:36,ndt-d8597_1763604679_0000000000043F10,Download,12.582183515896707,203.451,0.028707773255607402,Taipei City,Taipei,25.053,121.5259,5,"Far EastTone Telecommunication Co., Ltd.",9674
2025-11-27 00:04:13.683374 UTC,2025,08:04:13,ndt-d8597_1763604679_000000000004CE81,Download,11.666169086714616,16.305,0.10737175666332155,Taipei City,Taipei,25.053,121.5259,5,"Taiwan Mobile Co., Ltd.",24158
2025-11-27 00:02:37.744210 UTC,2025,08:02:37,ndt-l4sth_1763735737_000000000007DC42,Download,40.0174608229812,217.399,1.9811621016979727e-05,Taipei City,Taipei,25.053,121.5259,5,Mobile Business Group,17421
2025-11-27 00:00:41.708182 UTC,2025,08:00:41,ndt-lvdqj_1763512125_0000000000080CAF,Download,2.3870319388250363,207.457,0.0,Taipei City,Taipei,25.053,121.5259,50,"Far EastTone Telecommunication Co., Ltd.",9674
2025-11-26 23:57:09.431416 UTC,2025,07:57:09,ndt-d8597_1763604679_0000000000048E90,Download,69.1541094660132,200.92,4.7958471993377431e-05,Taipei City,Taipei,25.053,121.5259,20,"Far EastTone Telecommunication Co., Ltd.",9674
2025-11-26 23:54:46.190222 UTC,2025,07:54:46,ndt-lvdqj_1763512125_0000000000087B64,Download,9.013241260445346,207.532,0.31122289293730149,Taipei City,Taipei,25.053,121.5259,50,"Far EastTone Telecommunication Co., Ltd.",9674
2025-11-26 23:40:49.547587 UTC,2025,07:40:49,ndt-v97g4_1763480129_0000000000090526,Download,23.436057541188564,150.24,0.0,Taipei City,Taipei,25.053,121.5259,10,"Taiwan Mobile Co., Ltd.",24158
2025-11-26 23:39:02.259941 UTC,2025,07:39:02,ndt-d8597_1763604679_000000000007D075,Download,180.25543693364963,25.837,0.0,Taipei City,Taipei,25.053,121.5259,5,"Taiwan Mobile Co., Ltd.",24158
2025-11-26 23:38:31.806496 UTC,2025,07:38:31,ndt-d8597_1763604679_0000000000074316,Download,14.930048841505357,205.398,0.38975742433347038,Taipei City,Taipei,25.053,121.5259,50,"Far EastTone Telecommunication Co., Ltd.",9674
2025-11-26 23:30:00.044639 UTC,2025,07:30:00,ndt-v97g4_1763480129_000000000009050F,Download,118.41450408304321,149.752,0.0,Taipei City,Taipei,25.053,121.5259,5,Mobile Business Group,17421
2025-11-26 23:28:51.366353 UTC,2025,07:28:51,ndt-v97g4_1763480129_000000000008E859,Download,92.478261247791323,18.159,0.0,Taipei City,Taipei,25.053,121.5259,20,"Taiwan Mobile Co., Ltd.",24158
2025-11-26 23:09:40.916376 UTC,2025,07:09:40,ndt-v97g4_1763480129_0000000000095362,Download,106.82395435882263,22.149,0.010884794343917994,Taipei City,Taipei,25.053,121.5259,5,"Far EastTone Telecommunication Co., Ltd.",9674
2025-11-26 22:44:37.983332 UTC,2025,06:44:37,ndt-lvdqj_1763512125_000000000008A999,Download,4.9969806711495428,195.745,0.023974970733009741,Taipei City,Taipei,25.053,121.5259,5,"Taiwan Mobile Co., Ltd.",24158
2025-11-26 22:37:51.570028 UTC,2025,06:37:51,ndt-v97g4_1763480129_00000000000981E9,Download,11.405401054445205,205.35,0.26099347167440612,Taipei City,Taipei,25.053,121.5259,50,"Far EastTone Telecommunication Co., Ltd.",9674
2025-11-26 22:34:32.326322 UTC,2025,06:34:32,ndt-v97g4_1763480129_00000000000962C0,Download,282.8484570807816,18.119,0.0,Taipei City,Taipei,25.053,121.5259,5,"Taiwan Mobile Co., Ltd.",24158
2025-11-26 22:33:25.111310 UTC,2025,06:33:25,ndt-v97g4_1763480129_000000000008599C,Download,276.19221342975504,17.692,0.0,Taipei City,Taipei,25.053,121.5259,5,"Taiwan Mobile Co., Ltd.",24158
2025-11-26 22:20:12.594561 UTC,2025,06:20:12,ndt-v97g4_1763480129_000000000008989F,Download,41.275815063046686,26.322,0.0012323810196502036,Taipei City,Taipei,25.053,121.5259,10,"Taiwan Mobile Co., Ltd.",24158
2025-11-26 22:17:32.132130 UTC,2025,06:17:32,ndt-v97g4_1763480129_0000000000095305,Download,16.020538396535184,20.575,0.045402101272821682,Taipei City,Taipei,25.053,121.5259,20,"Taiwan Mobile Co., Ltd.",24158
2025-11-26 22:16:24.363236 UTC,2025,06:16:24,ndt-v97g4_1763480129_0000000000083B6F,Download,41.070980642588388,207.853,2.6436443503774405e-05,Taipei City,Taipei,25.053,121.5259,50,"Far EastTone Telecommunication Co., Ltd.",9674
2025-11-26 22:13:47.582508 UTC,2025,06:13:47,ndt-8wq6c_1763541608_00000000000A83AF,Download,11.583800243427529,46.642,0.12655802238668407,Taipei City,Taipei,25.053,121.5259,50,"Far EastTone Telecommunication Co., Ltd.",9674
2025-11-26 22:12:15.755087 UTC,2025,06:12:15,ndt-v97g4_1763480129_000000000008C709,Download,1.7990037536182251,208.104,0.325673254425019,Taipei City,Taipei,25.053,121.5259,50,"Far EastTone Telecommunication Co., Ltd.",9674
2025-11-26 22:12:12.387920 UTC,2025,06:12:12,ndt-lvdqj_1763512125_0000000000086A1E,Download,8.1900632048441917,207.503,0.335591136960318,Taipei City,Taipei,25.053,121.5259,50,"Far EastTone Telecommunication Co., Ltd.",9674
2025-11-26 22:01:33.461512 UTC,2025,06:01:33,ndt-lvdqj_1763512125_000000000008E8B7,Download,61.948307208009446,203.171,3.5273874836879939e-05,Taipei City,Taipei,25.053,121.5259,50,"Far EastTone Telecommunication Co., Ltd.",9674
2025-11-26 21:57:42.978517 UTC,2025,05:57:42,ndt-lvdqj_1763512125_000000000008992A,Download,47.127263702317578,204.686,0.00014629641107652338,Taipei City,Taipei,25.053,121.5259,100,"Far EastTone Telecommunication Co., Ltd.",9674
2025-11-26 21:54:27.016266 UTC,2025,05:54:27,ndt-lvdqj_1763512125_000000000008C95A,Download,9.6804964128052937,206.837,0.300145820783575,Taipei City,Taipei,25.053,121.5259,50,"Far EastTone Telecommunication Co., Ltd.",9674
2025-11-26 21:20:53.109595 UTC,2025,05:20:53,ndt-v97g4_1763480129_000000000009E02A,Download,42.544111279789981,25.689,0.00076906205125257211,Taipei City,Taipei,25.053,121.5259,10,"Taiwan Mobile Co., Ltd.",24158
2025-11-26 21:14:22.200586 UTC,2025,05:14:22,ndt-d8597_1763604679_0000000000076190,Download,106.433939100147,156.238,0.0,Taipei City,Taipei,25.053,121.5259,5,Mobile Business Group,17421
2025-11-26 20:29:58.117449 UTC,2025,04:29:58,ndt-v97g4_1763480129_00000000000922F8,Download,42.856903530114238,158.498,0.050885010466150106,Taipei City,Taipei,25.053,121.5259,5,Mobile Business Group,17421
2025-11-26 19:24:38.654331 UTC,2025,03:24:38,ndt-lvdqj_1763512125_000000000008D7F9,Download,25.385457045601218,29.558,0.027881894278130787,Taipei City,Taipei,25.053,121.5259,20,"Taiwan Mobile Co., Ltd.",24158
2025-11-26 19:11:57.651418 UTC,2025,03:11:57,ndt-d8597_1763604679_0000000000065FCA,Download,17.276750771367226,201.385,0.35883883953951717,Taipei City,Taipei,25.053,121.5259,50,"Far EastTone Telecommunication Co., Ltd.",9674
2025-11-26 18:57:43.634770 UTC,2025,02:57:43,ndt-d8597_1763604679_0000000000047E9C,Download,88.578519681965645,198.64,0.0,Taipei City,Taipei,25.053,121.5259,50,"Far EastTone Telecommunication Co., Ltd.",9674
2025-11-26 18:54:36.157601 UTC,2025,02:54:36,ndt-v97g4_1763480129_000000000007DF79,Download,104.03985595106825,153.593,0.0057281781734222041,Taipei City,Taipei,25.053,121.5259,5,Mobile Business Group,17421
2025-11-26 18:30:16.308628 UTC,2025,02:30:16,ndt-v97g4_1763480129_0000000000088782,Download,100.74437268526908,150.262,0.0034981481805264449,Taipei City,Taipei,25.053,121.5259,5,Mobile Business Group,17421
2025-11-26 18:23:57.941658 UTC,2025,02:23:57,ndt-v97g4_1763480129_0000000000093228,Download,19.117801975709398,27.184,0.0,Taipei City,Taipei,25.053,121.5259,5,"Taiwan Mobile Co., Ltd.",24158
2025-11-26 18:01:16.503765 UTC,2025,02:01:16,ndt-v97g4_1763480129_000000000009906E,Download,16.4209488074961,32.931,0.076259203717514226,Taipei City,Taipei,25.053,121.5259,10,"Taiwan Mobile Co., Ltd.",24158
2025-11-26 17:25:44.945799 UTC,2025,01:25:44,ndt-v97g4_1763480129_000000000009A053,Download,106.20071012700467,152.727,0.0,Taipei City,Taipei,25.053,121.5259,5,Mobile Business Group,17421
2025-11-26 17:22:52.054788 UTC,2025,01:22:52,ndt-lvdqj_1763512125_000000000008B7CE,Download,100.98959701361416,155.4,6.4138251828269366e-05,Taipei City,Taipei,25.053,121.5259,5,Mobile Business Group,17421
2025-11-26 17:18:55.682845 UTC,2025,01:18:55,ndt-lvdqj_1763512125_0000000000086849,Download,15.406868082583003,33.446,0.12625506575378939,Taipei City,Taipei,25.053,121.5259,10,"Taiwan Mobile Co., Ltd.",24158
2025-11-26 17:17:19.806880 UTC,2025,01:17:19,ndt-v97g4_1763480129_00000000000970D3,Download,21.087260873712996,29.809,0.07982437539706104,Taipei City,Taipei,25.053,121.5259,10,"Taiwan Mobile Co., Ltd.",24158
2025-11-26 17:15:11.261222 UTC,2025,01:15:11,ndt-d8597_1763604679_00000000000711A7,Download,5.9518179318344311,155.833,0.03320608857357954,Taipei City,Taipei,25.053,121.5259,20,"Taiwan Mobile Co., Ltd.",24158
2025-11-26 17:10:01.060492 UTC,2025,01:10:01,ndt-d8597_1763604679_000000000006BD7B,Download,160.42153030489268,19.971,0.0,Taipei City,Taipei,25.053,121.5259,5,"Taiwan Mobile Co., Ltd.",24158
2025-11-26 16:51:31.747829 UTC,2025,00:51:31,ndt-lvdqj_1763512125_000000000008D6E2,Download,17.8891374768772,205.906,0.033477694681986796,Taipei City,Taipei,25.053,121.5259,50,"Far EastTone Telecommunication Co., Ltd.",9674
2025-11-26 16:50:50.805377 UTC,2025,00:50:50,ndt-lvdqj_1763512125_000000000008A774,Download,26.76823889130744,212.458,0.00021784920289007173,Taipei City,Taipei,25.053,121.5259,20,"Far EastTone Telecommunication Co., Ltd.",9674
2025-11-26 16:48:38.016850 UTC,2025,00:48:38,ndt-lvdqj_1763512125_0000000000089717,Download,114.1522721995711,154.822,0.0,Taipei City,Taipei,25.053,121.5259,20,Mobile Business Group,17421
2025-11-26 16:44:13.514243 UTC,2025,00:44:13,ndt-v97g4_1763480129_000000000007AF61,Download,12.989720740431805,211.0,0.12633814588507394,Taipei City,Taipei,25.053,121.5259,50,"Far EastTone Telecommunication Co., Ltd.",9674
2025-11-26 16:43:32.263359 UTC,2025,00:43:32,ndt-lvdqj_1763512125_000000000008B792,Download,14.432824202753116,210.268,0.12027868656679698,Taipei City,Taipei,25.053,121.5259,50,"Far EastTone Telecommunication Co., Ltd.",9674
2025-11-26 16:35:32.174121 UTC,2025,00:35:32,ndt-d2hpb_1763462662_000000000009CCA0,Download,35.844525963281022,40.942,0.1925356095537458,Taipei City,Taipei,25.053,121.5259,50,"Far EastTone Telecommunication Co., Ltd.",9674
2025-11-26 16:31:55.892545 UTC,2025,00:31:55,ndt-d8597_1763604679_000000000006AEE1,Download,23.616282265544406,200.761,0.00043083263739607838,Taipei City,Taipei,25.053,121.5259,50,"Far EastTone Telecommunication Co., Ltd.",9674
2025-11-26 16:26:49.676297 UTC,2025,00:26:49,ndt-d8597_1763604679_0000000000064F40,Download,90.498966996381867,146.012,0.0,Taipei City,Taipei,25.053,121.5259,10,"Taiwan Mobile Co., Ltd.",24158
2025-11-26 16:26:08.947685 UTC,2025,00:26:08,ndt-d8597_1763604679_0000000000064F3D,Download,49.917145253236164,31.818,0.0001105113879944635,Taipei City,Taipei,25.053,121.5259,50,"Far EastTone Telecommunication Co., Ltd.",9674
2025-11-26 16:16:56.955792 UTC,2025,00:16:56,ndt-lvdqj_1763512125_000000000008B76B,Download,44.531812328213427,213.307,0.00019833331267361326,Taipei City,Taipei,25.053,121.5259,20,"Far EastTone Telecommunication Co., Ltd.",9674
2025-11-26 16:09:59.114806 UTC,2025,00:09:59,ndt-d2hpb_1763462662_0000000000095FB7,Download,37.26436951479355,44.6,0.1778754972690518,Taipei City,Taipei,25.053,121.5259,50,"Far EastTone Telecommunication Co., Ltd.",9674
2025-11-26 16:07:36.164428 UTC,2025,00:07:36,ndt-lvdqj_1763512125_000000000008D696,Download,16.272436730850387,210.306,0.14443840212204848,Taipei City,Taipei,25.053,121.5259,50,"Far EastTone Telecommunication Co., Ltd.",9674
2025-11-26 15:57:56.807360 UTC,2025,23:57:56,ndt-v97g4_1763480129_000000000007CF3A,Download,9.4577430057657814,203.452,0.24350341591847988,Taipei City,Taipei,25.053,121.5259,20,"Far EastTone Telecommunication Co., Ltd.",9674
2025-11-26 15:51:56.955226 UTC,2025,23:51:56,ndt-d8597_1763604679_0000000000063FB4,Download,13.26877648771406,159.861,0.0,Taipei City,Taipei,25.053,121.5259,100,"Taiwan Mobile Co., Ltd.",24158
2025-11-26 15:51:34.130939 UTC,2025,23:51:34,ndt-d8597_1763604679_0000000000065E2C,Download,7.9449160890695936,161.747,0.033172022966497273,Taipei City,Taipei,25.053,121.5259,100,"Taiwan Mobile Co., Ltd.",24158
2025-11-26 15:50:53.222100 UTC,2025,23:50:53,ndt-d8597_1763604679_000000000006AE9A,Download,12.782495908915688,216.433,0.15651982158071467,Taipei City,Taipei,25.053,121.5259,50,"Far EastTone Telecommunication Co., Ltd.",9674
2025-11-26 15:50:30.502172 UTC,2025,23:50:30,ndt-lvdqj_1763512125_000000000008F4AA,Download,13.736198801723475,154.06,8.04949015949828e-05,Taipei City,Taipei,25.053,121.5259,5,Mobile Business Group,17421
2025-11-26 15:49:30.659280 UTC,2025,23:49:30,ndt-v97g4_1763480129_000000000008B501,Download,15.532416755587567,209.689,0.0031183686543122804,Taipei City,Taipei,25.053,121.5259,100,"Far EastTone Telecommunication Co., Ltd.",9674
2025-11-26 15:44:36.105858 UTC,2025,23:44:36,ndt-virtual-bdxlf_1763486519_000000000008EF12,Download,3.5978075802632969,60.187,0.33515189674816742,Taipei City,Taipei,25.053,121.5259,50,"Far EastTone Telecommunication Co., Ltd.",9674
2025-11-26 15:40:10.694067 UTC,2025,23:40:10,ndt-d8597_1763604679_0000000000064ECF,Download,0.23876156593755313,96.262,0.14279984861408454,Taipei City,Taipei,25.053,121.5259,20,Mobile Business Group,17421
2025-11-26 15:29:04.020661 UTC,2025,23:29:04,ndt-d8597_1763604679_0000000000041E76,Download,9.6585168938575254,222.7,0.2526366967688019,Taipei City,Taipei,25.053,121.5259,50,"Far EastTone Telecommunication Co., Ltd.",9674
2025-11-26 15:28:38.135499 UTC,2025,23:28:38,ndt-lvdqj_1763512125_000000000008F48B,Download,9.3272992960904,219.959,0.22630704895484371,Taipei City,Taipei,25.053,121.5259,50,"Far EastTone Telecommunication Co., Ltd.",9674
2025-11-26 15:27:32.727971 UTC,2025,23:27:32,ndt-d8597_1763604679_000000000004ACD4,Download,10.718274694392468,222.064,0.26414764390924267,Taipei City,Taipei,25.053,121.5259,50,"Far EastTone Telecommunication Co., Ltd.",9674
2025-11-26 15:26:06.557473 UTC,2025,23:26:06,ndt-d8597_1763604679_000000000006BCB4,Download,10.646084230499525,217.33,0.21711677472879692,Taipei City,Taipei,25.053,121.5259,50,"Far EastTone Telecommunication Co., Ltd.",9674
2025-11-26 15:25:03.983876 UTC,2025,23:25:03,ndt-lvdqj_1763512125_0000000000085811,Download,66.568967686231616,209.914,1.589385011921714e-05,Taipei City,Taipei,25.053,121.5259,20,"Far EastTone Telecommunication Co., Ltd.",9674
2025-11-26 15:24:47.262660 UTC,2025,23:24:47,ndt-v97g4_1763480129_000000000009312D,Download,80.482295757919147,26.81,0.025234548546174244,Taipei City,Taipei,25.053,121.5259,100,"Far EastTone Telecommunication Co., Ltd.",9674
2025-11-26 15:23:47.972957 UTC,2025,23:23:47,ndt-lvdqj_1763512125_0000000000081965,Download,40.876601534829057,209.142,0.00016164132503099116,Taipei City,Taipei,25.053,121.5259,50,"Far EastTone Telecommunication Co., Ltd.",9674
2025-11-26 15:10:57.878561 UTC,2025,23:10:57,ndt-v97g4_1763480129_000000000007CEF2,Download,15.14717023506965,23.893,7.4220461126242785e-05,Taipei City,Taipei,25.053,121.5259,100,"Far EastTone Telecommunication Co., Ltd.",9674
2025-11-26 15:09:55.530029 UTC,2025,23:09:55,ndt-v97g4_1763480129_000000000007FB1C,Download,11.213065651609098,25.804,0.097731351822716014,Taipei City,Taipei,25.053,121.5259,5,"Taiwan Mobile Co., Ltd.",24158
2025-11-26 15:05:21.921228 UTC,2025,23:05:21,ndt-lvdqj_1763512125_0000000000078B43,Download,113.20601720616902,152.469,4.3188456749449115e-05,Taipei City,Taipei,25.053,121.5259,5,Mobile Business Group,17421
2025-11-26 15:04:42.944296 UTC,2025,23:04:42,ndt-v97g4_1763480129_000000000009608C,Download,107.96386955135384,152.104,0.0019818279008941217,Taipei City,Taipei,25.053,121.5259,5,Mobile Business Group,17421
2025-11-26 15:04:11.446809 UTC,2025,23:04:11,ndt-virtual-hrhtg_1763486473_0000000000092741,Download,458.72165453970422,14.68,0.0009673473756305923,Taipei City,Taipei,25.053,121.5259,5,Mobile Business Group,17421
2025-11-26 15:03:17.208282 UTC,2025,23:03:17,ndt-d8597_1763604679_0000000000048D09,Download,108.80024527855285,152.046,0.00058141310740306921,Taipei City,Taipei,25.053,121.5259,5,Mobile Business Group,17421
2025-11-26 15:02:42.749249 UTC,2025,23:02:42,ndt-v97g4_1763480129_000000000007BFB3,Download,113.16550352801282,150.0,0.00039284232058974953,Taipei City,Taipei,25.053,121.5259,5,Mobile Business Group,17421
2025-11-26 15:00:57.217586 UTC,2025,23:00:57,ndt-lvdqj_1763512125_0000000000087803,Download,78.757151660665954,156.434,0.0014605749662132527,Taipei City,Taipei,25.053,121.5259,5,Mobile Business Group,17421
2025-11-26 15:00:10.829113 UTC,2025,23:00:10,ndt-d8597_1763604679_0000000000066EEC,Download,10.52533295586727,20.198,0.1283144195460775,Taipei City,Taipei,25.053,121.5259,5,"Taiwan Mobile Co., Ltd.",24158
2025-11-26 14:59:31.277194 UTC,2025,22:59:31,ndt-v97g4_1763480129_00000000000875C0,Download,3.5160838524774483,20.149,0.26700765536173271,Taipei City,Taipei,25.053,121.5259,5,"Taiwan Mobile Co., Ltd.",24158
2025-11-26 14:47:58.762187 UTC,2025,22:47:58,ndt-d8597_1763604679_0000000000049D6B,Download,6.8865675144266154,28.821,0.0,Taipei City,Taipei,25.053,121.5259,5,"Taiwan Mobile Co., Ltd.",24158
2025-11-26 14:47:51.836840 UTC,2025,22:47:51,ndt-v97g4_1763480129_0000000000097019,Download,12.567922897941934,161.805,0.013255687411537809,Taipei City,Taipei,25.053,121.5259,5,Mobile Business Group,17421
2025-11-26 14:46:46.283991 UTC,2025,22:46:46,ndt-d8597_1763604679_000000000006DCA2,Download,17.813599190123707,197.989,0.28665884417773,Taipei City,Taipei,25.053,121.5259,50,"Far EastTone Telecommunication Co., Ltd.",9674
2025-11-26 14:41:46.316644 UTC,2025,22:41:46,ndt-d8597_1763604679_0000000000066EBD,Download,12.091439481999268,23.934,0.00015903697838907458,Taipei City,Taipei,25.053,121.5259,100,Mobile Business Group,17421
2025-11-26 14:24:57.655082 UTC,2025,22:24:57,ndt-d8597_1763604679_0000000000068DD1,Download,6.3143359530351324,161.003,0.038992911056815127,Taipei City,Taipei,25.053,121.5259,5,Mobile Business Group,17421
2025-11-26 14:22:38.650521 UTC,2025,22:22:38,ndt-v97g4_1763480129_0000000000079F6E,Download,22.067904214943837,210.0,0.060267928381521084,Taipei City,Taipei,25.053,121.5259,100,"Far EastTone Telecommunication Co., Ltd.",9674
2025-11-26 14:21:29.031445 UTC,2025,22:21:29,ndt-lvdqj_1763512125_00000000000808F3,Download,14.770748421237226,151.221,0.14696263906097667,Taipei City,Taipei,25.053,121.5259,20,Mobile Business Group,17421
2025-11-26 14:13:52.914358 UTC,2025,22:13:52,ndt-virtual-hrhtg_1763486473_0000000000093529,Download,193.61351712519303,14.0,0.097649520560206857,Taipei City,Taipei,25.053,121.5259,5,Mobile Business Group,17421
2025-11-26 14:11:22.266996 UTC,2025,22:11:22,ndt-lvdqj_1763512125_0000000000084852,Download,19.670896993802344,158.608,0.077712004506848134,Taipei City,Taipei,25.053,121.5259,20,Mobile Business Group,17421
2025-11-26 13:58:06.105457 UTC,2025,21:58:06,ndt-lvdqj_1763512125_00000000000808CA,Download,18.425455169426343,20.776,0.078393686242433383,Taipei City,Taipei,25.053,121.5259,100,"Far EastTone Telecommunication Co., Ltd.",9674
2025-11-26 13:55:20.452725 UTC,2025,21:55:20,ndt-v97g4_1763480129_000000000007FAB3,Download,8.5912800305964563,157.53,0.045006047443989151,Taipei City,Taipei,25.053,121.5259,5,Mobile Business Group,17421
2025-11-26 13:51:05.262924 UTC,2025,21:51:05,ndt-v97g4_1763480129_0000000000095075,Download,2.3875463446107053,17.278,0.0018992542672557678,Taipei City,Taipei,25.053,121.5259,10,"Taiwan Mobile Co., Ltd.",24158
2025-11-26 13:43:46.985879 UTC,2025,21:43:46,ndt-d8597_1763604679_000000000006EB66,Download,3.3280636842019615,201.997,0.13059611045850347,Taipei City,Taipei,25.053,121.5259,50,"Far EastTone Telecommunication Co., Ltd.",9674
2025-11-26 13:43:34.977288 UTC,2025,21:43:34,ndt-s4dtx_1763724059_000000000009A055,Download,27.223250858382819,60.773,0.22636107174539538,Taipei City,Taipei,25.053,121.5259,50,"Far EastTone Telecommunication Co., Ltd.",9674
2025-11-26 13:41:06.413098 UTC,2025,21:41:06,ndt-d8597_1763604679_0000000000040E10,Download,8.6008529483798224,30.21,0.0,Taipei City,Taipei,25.053,121.5259,5,"Taiwan Mobile Co., Ltd.",24158
2025-11-26 13:39:22.331268 UTC,2025,21:39:22,ndt-8wq6c_1763541608_00000000000A42D5,Download,27.614695541452061,54.585,0.15365945369602504,Taipei City,Taipei,25.053,121.5259,50,"Far EastTone Telecommunication Co., Ltd.",9674
2025-11-26 13:38:40.932947 UTC,2025,21:38:40,ndt-v97g4_1763480129_0000000000087543,Download,7.9306891350954256,219.454,0.22325322483492924,Taipei City,Taipei,25.053,121.5259,50,"Far EastTone Telecommunication Co., Ltd.",9674
2025-11-26 13:35:02.764072 UTC,2025,21:35:02,ndt-d8597_1763604679_0000000000069D30,Download,15.734217318812114,247.631,0.09166883334559088,Taipei City,Taipei,25.053,121.5259,50,"Far EastTone Telecommunication Co., Ltd.",9674
2025-11-26 13:33:32.034104 UTC,2025,21:33:32,ndt-d8597_1763604679_0000000000068D6E,Download,0.05699292346052142,23.0,0.66940495128256117,Taipei City,Taipei,25.053,121.5259,5,"Taiwan Mobile Co., Ltd.",24158
2025-11-26 13:29:10.292291 UTC,2025,21:29:10,ndt-lvdqj_1763512125_000000000008C609,Download,8.67659258612409,16.733,0.14340630550003941,Taipei City,Taipei,25.053,121.5259,5,"Taiwan Mobile Co., Ltd.",24158
2025-11-26 13:23:05.698944 UTC,2025,21:23:05,ndt-8wq6c_1763541608_000000000009543B,Download,21.08887927307849,51.783,0.2110396359068312,Taipei City,Taipei,25.053,121.5259,50,"Far EastTone Telecommunication Co., Ltd.",9674
2025-11-26 13:18:59.860924 UTC,2025,21:18:59,ndt-v97g4_1763480129_0000000000079F12,Download,99.647458304824738,142.213,0.0,Taipei City,Taipei,25.053,121.5259,10,"Taiwan Mobile Co., Ltd.",24158
2025-11-26 13:18:27.561979 UTC,2025,21:18:27,ndt-v97g4_1763480129_0000000000075FDE,Download,16.804166829433441,141.198,0.0,Taipei City,Taipei,25.053,121.5259,10,"Taiwan Mobile Co., Ltd.",24158
2025-11-26 13:17:27.382661 UTC,2025,21:17:27,ndt-d8597_1763604679_000000000006AD5D,Download,2.4596023756343879,322.103,0.011582452584334733,Taipei City,Taipei,25.053,121.5259,100,"Far EastTone Telecommunication Co., Ltd.",9674
2025-11-26 13:15:01.763134 UTC,2025,21:15:01,ndt-d2hpb_1763462662_00000000000B03B0,Download,25.654967133609055,54.505,0.21998329843107775,Taipei City,Taipei,25.053,121.5259,50,"Far EastTone Telecommunication Co., Ltd.",9674
2025-11-26 13:13:26.032844 UTC,2025,21:13:26,ndt-8wq6c_1763541608_000000000009F5CB,Download,25.502816383886181,55.553,0.26161165954467908,Taipei City,Taipei,25.053,121.5259,50,"Far EastTone Telecommunication Co., Ltd.",9674
2025-11-26 13:11:05.093830 UTC,2025,21:11:05,ndt-d8597_1763604679_000000000006EB2D,Download,46.550553300440548,200.706,4.1501530005635254e-05,Taipei City,Taipei,25.053,121.5259,5,"Far EastTone Telecommunication Co., Ltd.",9674
2025-11-26 13:08:42.407356 UTC,2025,21:08:42,ndt-lvdqj_1763512125_00000000000847E1,Download,80.271886890049316,19.202,0.0,Taipei City,Taipei,25.053,121.5259,5,"Taiwan Mobile Co., Ltd.",24158
2025-11-26 13:06:29.406724 UTC,2025,21:06:29,ndt-8wq6c_1763541608_000000000009D635,Download,29.950107077345752,48.522,0.22144272256238531,Taipei City,Taipei,25.053,121.5259,50,"Far EastTone Telecommunication Co., Ltd.",9674
2025-11-26 13:03:52.604098 UTC,2025,21:03:52,ndt-v97g4_1763480129_000000000007BF07,Download,33.9188909271291,18.725,0.0065388740472443847,Taipei City,Taipei,25.053,121.5259,5,Mobile Business Group,17421
2025-11-26 13:00:54.188474 UTC,2025,21:00:54,ndt-virtual-bdxlf_1763486519_000000000008F362,Download,34.206384342259206,56.309,0.2129228552161801,Taipei City,Taipei,25.053,121.5259,50,"Far EastTone Telecommunication Co., Ltd.",9674
2025-11-26 12:59:48.983336 UTC,2025,20:59:48,ndt-lvdqj_1763512125_00000000000886A9,Download,36.943895203384535,155.0,0.04361575174844716,Taipei City,Taipei,25.053,121.5259,5,Mobile Business Group,17421
2025-11-26 12:54:02.285876 UTC,2025,20:54:02,ndt-lvdqj_1763512125_000000000008E51C,Download,76.0649487548229,203.963,2.7913606496602244e-05,Taipei City,Taipei,25.053,121.5259,20,"Far EastTone Telecommunication Co., Ltd.",9674
2025-11-26 12:48:28.732380 UTC,2025,20:48:28,ndt-d8597_1763604679_0000000000062F24,Download,2.8452442497186023,24.036,0.00039810094026712179,Taipei City,Taipei,25.053,121.5259,5,"Taiwan Mobile Co., Ltd.",24158
2025-11-26 12:48:25.171082 UTC,2025,20:48:25,ndt-lvdqj_1763512125_000000000008F391,Download,1.925702592794053,16.885,0.01387159197593547,Taipei City,Taipei,25.053,121.5259,5,Mobile Business Group,17421
2025-11-26 12:47:56.439725 UTC,2025,20:47:56,ndt-lvdqj_1763512125_0000000000085700,Download,9.8522544120386488,23.838,0.0,Taipei City,Taipei,25.053,121.5259,5,"Taiwan Mobile Co., Ltd.",24158
2025-11-26 12:47:24.148044 UTC,2025,20:47:24,ndt-v97g4_1763480129_000000000007EDF9,Download,21.320695532383233,158.232,0.018574649610061476,Taipei City,Taipei,25.053,121.5259,5,Mobile Business Group,17421
2025-11-26 12:47:06.868604 UTC,2025,20:47:06,ndt-d8597_1763604679_000000000006CCC4,Download,10.334207433049633,228.158,0.15450343059630775,Taipei City,Taipei,25.053,121.5259,50,"Far EastTone Telecommunication Co., Ltd.",9674
2025-11-26 12:46:17.857446 UTC,2025,20:46:17,ndt-lvdqj_1763512125_0000000000086683,Download,1.175553653248089,207.787,0.18219053415917993,Taipei City,Taipei,25.053,121.5259,50,"Far EastTone Telecommunication Co., Ltd.",9674
2025-11-26 12:45:54.782964 UTC,2025,20:45:54,ndt-lvdqj_1763512125_000000000008184A,Download,5.0446859932717185,197.233,0.054180406287294237,Taipei City,Taipei,25.053,121.5259,100,"Far EastTone Telecommunication Co., Ltd.",9674
2025-11-26 12:45:20.067884 UTC,2025,20:45:20,ndt-d8597_1763604679_000000000006EAF1,Download,8.70514759746283,22.178,0.0,Taipei City,Taipei,25.053,121.5259,5,"Taiwan Mobile Co., Ltd.",24158
2025-11-26 12:43:40.211374 UTC,2025,20:43:40,ndt-d8597_1763604679_0000000000066DCA,Download,20.615602099840174,23.9,0.0,Taipei City,Taipei,25.053,121.5259,10,"Taiwan Mobile Co., Ltd.",24158
2025-11-26 12:43:11.594255 UTC,2025,20:43:11,ndt-v97g4_1763480129_0000000000075FA6,Download,14.068430861296525,20.441,0.0,Taipei City,Taipei,25.053,121.5259,10,"Taiwan Mobile Co., Ltd.",24158
2025-11-26 12:42:48.834251 UTC,2025,20:42:48,ndt-lvdqj_1763512125_000000000008083D,Download,8.920531311425945,19.765,0.1515881304887719,Taipei City,Taipei,25.053,121.5259,100,"Far EastTone Telecommunication Co., Ltd.",9674
2025-11-26 12:42:44.712159 UTC,2025,20:42:44,ndt-d8597_1763604679_0000000000062F19,Download,0.94614657886683173,226.44,0.12398828999483383,Taipei City,Taipei,25.053,121.5259,50,"Far EastTone Telecommunication Co., Ltd.",9674
2025-11-26 12:42:36.019506 UTC,2025,20:42:36,ndt-lvdqj_1763512125_000000000007F644,Download,4.92926138326539,22.286,0.0,Taipei City,Taipei,25.053,121.5259,5,"Taiwan Mobile Co., Ltd.",24158
2025-11-26 12:35:58.557017 UTC,2025,20:35:58,ndt-v97g4_1763480129_000000000007EDE1,Download,7.00128462921693,23.635,0.0,Taipei City,Taipei,25.053,121.5259,5,"Taiwan Mobile Co., Ltd.",24158
2025-11-26 12:33:13.582457 UTC,2025,20:33:13,ndt-d8597_1763604679_0000000000065C8A,Download,0.42036729663455608,232.137,0.18566159148122721,Taipei City,Taipei,25.053,121.5259,50,"Far EastTone Telecommunication Co., Ltd.",9674
2025-11-26 12:32:42.556768 UTC,2025,20:32:42,ndt-virtual-hrhtg_1763486473_0000000000092031,Download,61.0290633059238,18.289,0.0,Taipei City,Taipei,25.053,121.5259,5,"Taiwan Mobile Co., Ltd.",24158
2025-11-26 12:29:18.440452 UTC,2025,20:29:18,ndt-lvdqj_1763512125_00000000000856DE,Download,444.8686888367202,11.893,8.6808792217627463e-05,Taipei City,Taipei,25.053,121.5259,5,Mobile Business Group,17421
2025-11-26 12:29:00.236458 UTC,2025,20:29:00,ndt-lvdqj_1763512125_000000000008E4EB,Download,409.72082852557656,12.626,0.0026074667197800352,Taipei City,Taipei,25.053,121.5259,5,Mobile Business Group,17421
2025-11-26 12:26:58.267040 UTC,2025,20:26:58,ndt-v97g4_1763480129_0000000000076FDA,Download,38.211861331485082,155.873,0.08785451113370546,Taipei City,Taipei,25.053,121.5259,5,Mobile Business Group,17421
2025-11-26 12:25:38.030334 UTC,2025,20:25:38,ndt-lvdqj_1763512125_0000000000086653,Download,41.994109731942004,200.522,0.021198763709177049,Taipei City,Taipei,25.053,121.5259,100,"Far EastTone Telecommunication Co., Ltd.",9674
2025-11-26 12:24:43.689783 UTC,2025,20:24:43,ndt-lvdqj_1763512125_000000000008866E,Download,9.2003471949514228,160.078,0.017994549397375052,Taipei City,Taipei,25.053,121.5259,5,Mobile Business Group,17421
2025-11-26 12:24:21.647541 UTC,2025,20:24:21,ndt-lvdqj_1763512125_000000000008C5AA,Download,0.37589439877839925,225.398,0.19560251284980013,Taipei City,Taipei,25.053,121.5259,50,"Far EastTone Telecommunication Co., Ltd.",9674
2025-11-26 12:22:02.557721 UTC,2025,20:22:02,ndt-lvdqj_1763512125_00000000000856D0,Download,25.51339910423297,154.448,0.059603589637200263,Taipei City,Taipei,25.053,121.5259,5,Mobile Business Group,17421
2025-11-26 12:21:15.470180 UTC,2025,20:21:15,ndt-d8597_1763604679_0000000000066D89,Download,33.331468700166205,155.343,0.017084845603987663,Taipei City,Taipei,25.053,121.5259,5,Mobile Business Group,17421
2025-11-26 12:20:46.607111 UTC,2025,20:20:46,ndt-lvdqj_1763512125_000000000008664A,Download,25.889554560329373,155.0,0.080686780342281064,Taipei City,Taipei,25.053,121.5259,5,Mobile Business Group,17421
2025-11-26 12:17:48.467018 UTC,2025,20:17:48,ndt-v97g4_1763480129_000000000007CDFA,Download,119.12837836756191,21.864,0.0010537271651342097,Taipei City,Taipei,25.053,121.5259,5,Mobile Business Group,17421
2025-11-26 12:16:26.263976 UTC,2025,20:16:26,ndt-v97g4_1763480129_000000000007FA1C,Download,1.5266883749065965,46.817,0.00684161657625959,Taipei City,Taipei,25.053,121.5259,5,"Taiwan Mobile Co., Ltd.",24158
2025-11-26 12:15:31.662872 UTC,2025,20:15:31,ndt-v97g4_1763480129_0000000000076FCA,Download,3.6702892737438266,31.16,0.0075204849532047764,Taipei City,Taipei,25.053,121.5259,5,"Taiwan Mobile Co., Ltd.",24158
2025-11-26 12:15:18.564570 UTC,2025,20:15:18,ndt-lvdqj_1763512125_0000000000073A12,Download,5.0972011806741646,211.501,0.0033610562355439006,Taipei City,Taipei,25.053,121.5259,50,"Far EastTone Telecommunication Co., Ltd.",9674
2025-11-26 12:14:53.355058 UTC,2025,20:14:53,ndt-v97g4_1763480129_0000000000075F7A,Download,116.89790625780867,21.344,0.0030974418260576366,Taipei City,Taipei,25.053,121.5259,5,Mobile Business Group,17421
2025-11-26 12:14:27.688236 UTC,2025,20:14:27,ndt-lvdqj_1763512125_000000000008375D,Download,63.227888548517342,22.748,0.0,Taipei City,Taipei,25.053,121.5259,20,"Taiwan Mobile Co., Ltd.",24158
2025-11-26 12:13:52.347313 UTC,2025,20:13:52,ndt-v97g4_1763480129_0000000000076FC7,Download,10.840330355389403,203.364,0.33185663556607714,Taipei City,Taipei,25.053,121.5259,50,"Far EastTone Telecommunication Co., Ltd.",9674
2025-11-26 12:13:23.603139 UTC,2025,20:13:23,ndt-lvdqj_1763512125_0000000000084775,Download,24.061786659402006,17.311,0.0,Taipei City,Taipei,25.053,121.5259,5,Mobile Business Group,17421
2025-11-26 12:12:44.363761 UTC,2025,20:12:44,ndt-lvdqj_1763512125_000000000008270D,Download,25.172695752969283,16.807,0.0,Taipei City,Taipei,25.053,121.5259,5,Mobile Business Group,17421
2025-11-26 12:10:48.343045 UTC,2025,20:10:48,ndt-d8597_1763604679_0000000000045D0E,Download,53.269733227028269,151.0,0.040135768145286743,Taipei City,Taipei,25.053,121.5259,5,Mobile Business Group,17421
2025-11-26 12:10:30.678653 UTC,2025,20:10:30,ndt-lvdqj_1763512125_000000000008F343,Download,55.659455622011137,18.921,0.0,Taipei City,Taipei,25.053,121.5259,100,Mobile Business Group,17421
2025-11-26 12:08:59.680323 UTC,2025,20:08:59,ndt-lvdqj_1763512125_000000000008476D,Download,27.017777262391537,154.545,0.01106893181322781,Taipei City,Taipei,25.053,121.5259,5,Mobile Business Group,17421
2025-11-26 12:08:31.592646 UTC,2025,20:08:31,ndt-lvdqj_1763512125_000000000008476B,Download,42.152975233965876,192.719,0.26943185094282618,Taipei City,Taipei,25.053,121.5259,50,"Far EastTone Telecommunication Co., Ltd.",9674
2025-11-26 12:08:16.402565 UTC,2025,20:08:16,ndt-v97g4_1763480129_0000000000075F73,Download,24.34972765462987,152.205,0.046704729754064589,Taipei City,Taipei,25.053,121.5259,5,Mobile Business Group,17421
2025-11-26 12:07:51.043827 UTC,2025,20:07:51,ndt-v97g4_1763480129_000000000007FA0E,Download,38.038842957272749,157.645,0.015852005918130473,Taipei City,Taipei,25.053,121.5259,5,Mobile Business Group,17421
2025-11-26 12:04:08.536941 UTC,2025,20:04:08,ndt-lvdqj_1763512125_000000000008B5BC,Download,8.7061330684234974,221.244,0.1736428843667561,Taipei City,Taipei,25.053,121.5259,50,"Far EastTone Telecommunication Co., Ltd.",9674
2025-11-26 12:03:57.798077 UTC,2025,20:03:57,ndt-lvdqj_1763512125_0000000000088642,Download,52.196467970484974,25.567,0.00013398196366330332,Taipei City,Taipei,25.053,121.5259,5,"Taiwan Mobile Co., Ltd.",24158
2025-11-26 12:01:24.321259 UTC,2025,20:01:24,ndt-lvdqj_1763512125_000000000008B5B9,Download,4.611126111643217,212.858,0.052607439089758679,Taipei City,Taipei,25.053,121.5259,100,"Far EastTone Telecommunication Co., Ltd.",9674
2025-11-26 11:59:39.817739 UTC,2025,19:59:39,ndt-d8597_1763604679_0000000000065C4E,Download,0.87078314818481473,215.142,0.24401509876903785,Taipei City,Taipei,25.053,121.5259,50,"Far EastTone Telecommunication Co., Ltd.",9674
2025-11-26 11:58:30.483808 UTC,2025,19:58:30,ndt-virtual-hrhtg_1763486473_000000000008DED1,Download,189.95370257966312,17.748,0.0,Taipei City,Taipei,25.053,121.5259,5,"Taiwan Mobile Co., Ltd.",24158
2025-11-26 11:56:20.778426 UTC,2025,19:56:20,ndt-lvdqj_1763512125_000000000008D4F4,Download,18.811748986382234,207.688,0.118091875622869,Taipei City,Taipei,25.053,121.5259,100,"Far EastTone Telecommunication Co., Ltd.",9674
2025-11-26 11:56:10.440789 UTC,2025,19:56:10,ndt-lvdqj_1763512125_0000000000088638,Download,25.812518437633578,21.512,0.0,Taipei City,Taipei,25.053,121.5259,10,"Taiwan Mobile Co., Ltd.",24158
2025-11-26 11:55:51.004239 UTC,2025,19:55:51,ndt-lvdqj_1763512125_0000000000084748,Download,14.702440362519914,206.905,0.092450065657496458,Taipei City,Taipei,25.053,121.5259,100,"Far EastTone Telecommunication Co., Ltd.",9674
2025-11-26 11:54:56.418726 UTC,2025,19:54:56,ndt-d8597_1763604679_000000000006DB29,Download,128.39120206911323,28.64,0.0,Taipei City,Taipei,25.053,121.5259,20,"Taiwan Mobile Co., Ltd.",24158
2025-11-26 11:54:28.078238 UTC,2025,19:54:28,ndt-v97g4_1763480129_000000000007ADD4,Download,16.212413585846658,26.976,0.00065535412688157027,Taipei City,Taipei,25.053,121.5259,100,"Far EastTone Telecommunication Co., Ltd.",9674
2025-11-26 11:51:36.483196 UTC,2025,19:51:36,ndt-d8597_1763604679_000000000006ACB9,Download,13.080031082271427,24.786,9.0243404160694586e-05,Taipei City,Taipei,25.053,121.5259,10,"Taiwan Mobile Co., Ltd.",24158
2025-11-26 11:50:26.882527 UTC,2025,19:50:26,ndt-lvdqj_1763512125_000000000008C56C,Download,43.603929623738026,199.115,0.0019932731931347984,Taipei City,Taipei,25.053,121.5259,50,"Far EastTone Telecommunication Co., Ltd.",9674
2025-11-26 11:47:46.841391 UTC,2025,19:47:46,ndt-d8597_1763604679_000000000006EA76,Download,297.78524340629832,19.942,0.0,Taipei City,Taipei,25.053,121.5259,20,"Far EastTone Telecommunication Co., Ltd.",18412
2025-11-26 11:47:24.967605 UTC,2025,19:47:24,ndt-v97g4_1763480129_000000000007BE8A,Download,35.6701509338972,197.397,0.037807255440940428,Taipei City,Taipei,25.053,121.5259,50,"Far EastTone Telecommunication Co., Ltd.",9674
2025-11-26 11:47:02.097694 UTC,2025,19:47:02,ndt-v97g4_1763480129_0000000000076FA1,Download,54.056704858237858,32.221,0.0,Taipei City,Taipei,25.053,121.5259,100,"Taiwan Mobile Co., Ltd.",24158
2025-11-26 11:46:51.585278 UTC,2025,19:46:51,ndt-d8597_1763604679_0000000000066D28,Download,9.5554281380114325,28.445,0.0,Taipei City,Taipei,25.053,121.5259,5,"Taiwan Mobile Co., Ltd.",24158
2025-11-26 11:46:17.642906 UTC,2025,19:46:17,ndt-lvdqj_1763512125_00000000000876A9,Download,298.93372367953157,18.988,0.0,Taipei City,Taipei,25.053,121.5259,5,"Taiwan Mobile Co., Ltd.",24158
2025-11-26 11:42:38.047084 UTC,2025,19:42:38,ndt-d8597_1763604679_0000000000068C88,Download,38.679168756614835,22.508,0.0,Taipei City,Taipei,25.053,121.5259,5,Mobile Business Group,17421
2025-11-26 11:42:37.403960 UTC,2025,19:42:37,ndt-d8597_1763604679_000000000006CC4D,Download,1.6501856264897,246.536,0.23404657158488784,Taipei City,Taipei,25.053,121.5259,50,"Far EastTone Telecommunication Co., Ltd.",9674
2025-11-26 11:40:09.449376 UTC,2025,19:40:09,ndt-lvdqj_1763512125_000000000008E476,Download,54.076877316171057,19.779,0.0053913817642268136,Taipei City,Taipei,25.053,121.5259,5,"Taiwan Mobile Co., Ltd.",24158
2025-11-26 11:38:08.498477 UTC,2025,19:38:08,ndt-v97g4_1763480129_0000000000092016,Download,7.565664934580683,149.952,0.0,Taipei City,Taipei,25.053,121.5259,10,Mobile Business Group,17421
2025-11-26 11:33:48.633381 UTC,2025,19:33:48,ndt-lvdqj_1763512125_000000000008D4D0,Download,110.14929622897279,19.325,0.0,Taipei City,Taipei,25.053,121.5259,5,"Taiwan Mobile Co., Ltd.",24158
2025-11-26 11:33:41.957626 UTC,2025,19:33:41,ndt-d8597_1763604679_000000000006F8B9,Download,21.665677527121854,28.208,0.0024805743476710288,Taipei City,Taipei,25.053,121.5259,20,"Taiwan Mobile Co., Ltd.",24158
2025-11-26 11:30:37.624763 UTC,2025,19:30:37,ndt-d8597_1763604679_0000000000062E5C,Download,3.1000668648641203,202.762,0.0028755127623343773,Taipei City,Taipei,25.053,121.5259,100,"Far EastTone Telecommunication Co., Ltd.",9674
2025-11-26 11:28:34.277442 UTC,2025,19:28:34,ndt-lvdqj_1763512125_0000000000077A49,Download,12.463314471277252,202.97,0.0023876121133112956,Taipei City,Taipei,25.053,121.5259,50,"Far EastTone Telecommunication Co., Ltd.",9674
2025-11-26 11:28:01.456787 UTC,2025,19:28:01,ndt-v97g4_1763480129_000000000007ED6A,Download,100.7645195919612,29.965,1.9040381653145862e-05,Taipei City,Taipei,25.053,121.5259,100,"Far EastTone Telecommunication Co., Ltd.",9674
2025-11-26 11:27:24.702536 UTC,2025,19:27:24,ndt-d8597_1763604679_0000000000069C3E,Download,4.3397025887961682,20.538,0.07216804133244431,Taipei City,Taipei,25.053,121.5259,100,"Far EastTone Telecommunication Co., Ltd.",9674
2025-11-26 11:26:35.923327 UTC,2025,19:26:35,ndt-v97g4_1763480129_000000000007BE6D,Download,43.642481692528882,200.445,0.0078405206191316055,Taipei City,Taipei,25.053,121.5259,50,"Far EastTone Telecommunication Co., Ltd.",9674
2025-11-26 11:15:17.591944 UTC,2025,19:15:17,ndt-lvdqj_1763512125_00000000000826B4,Download,2.4468476687991565,276.271,0.061320285243158766,Taipei City,Taipei,25.053,121.5259,5,"Taiwan Mobile Co., Ltd.",24158
2025-11-26 11:14:17.635711 UTC,2025,19:14:17,ndt-d8597_1763604679_000000000006BAEA,Download,31.688329716682329,199.135,0.00064652028891287381,Taipei City,Taipei,25.053,121.5259,50,"Far EastTone Telecommunication Co., Ltd.",9674
2025-11-26 11:09:13.079452 UTC,2025,19:09:13,ndt-v97g4_1763480129_000000000008E3C6,Download,64.550669409002822,23.489,0.0,Taipei City,Taipei,25.053,121.5259,100,"Far EastTone Telecommunication Co., Ltd.",9674
2025-11-26 11:03:42.970213 UTC,2025,19:03:42,ndt-lvdqj_1763512125_00000000000789F3,Download,5.2976151326993106,219.232,0.24707385458979597,Taipei City,Taipei,25.053,121.5259,50,"Far EastTone Telecommunication Co., Ltd.",9674
2025-11-26 10:59:54.764146 UTC,2025,18:59:54,ndt-d8597_1763604679_000000000006CC04,Download,7.7335730623046279,207.973,0.07007870513267693,Taipei City,Taipei,25.053,121.5259,100,"Far EastTone Telecommunication Co., Ltd.",9674
2025-11-26 10:56:18.796736 UTC,2025,18:56:18,ndt-d8597_1763604679_0000000000061E78,Download,7.1553438345477787,159.722,0.061734791517884233,Taipei City,Taipei,25.053,121.5259,5,Mobile Business Group,17421
2025-11-26 10:53:05.887340 UTC,2025,18:53:05,ndt-lvdqj_1763512125_00000000000836BC,Download,14.79765104402078,211.288,0.1157117045022473,Taipei City,Taipei,25.053,121.5259,50,"Far EastTone Telecommunication Co., Ltd.",9674
2025-11-26 10:52:06.151770 UTC,2025,18:52:06,ndt-8wq6c_1763541608_00000000000A40C3,Download,41.254094532945381,51.412,0.14045867354022623,Taipei City,Taipei,25.053,121.5259,50,"Far EastTone Telecommunication Co., Ltd.",9674
2025-11-26 10:37:00.950768 UTC,2025,18:37:00,ndt-virtual-hrhtg_1763486473_000000000008CD63,Download,50.23829538448657,20.568,0.0,Taipei City,Taipei,25.053,121.5259,5,"Taiwan Mobile Co., Ltd.",24158
2025-11-26 10:35:50.020678 UTC,2025,18:35:50,ndt-d8597_1763604679_0000000000069BAD,Download,17.191768148134042,155.174,0.0,Taipei City,Taipei,25.053,121.5259,10,Mobile Business Group,17421
2025-11-26 10:35:04.238449 UTC,2025,18:35:04,ndt-v97g4_1763480129_00000000000854CA,Download,53.054134192510993,200.002,0.00012294167928260946,Taipei City,Taipei,25.053,121.5259,100,"Far EastTone Telecommunication Co., Ltd.",9674
2025-11-26 10:30:29.388176 UTC,2025,18:30:29,ndt-lvdqj_1763512125_000000000008657A,Download,124.93646668405869,12.341,8.911828794665784e-06,Taipei City,Taipei,25.053,121.5259,5,Mobile Business Group,17421
2025-11-26 10:29:16.439667 UTC,2025,18:29:16,ndt-lvdqj_1763512125_000000000008F28B,Download,9.268133474441651,224.0,0.21738740757338113,Taipei City,Taipei,25.053,121.5259,50,"Far EastTone Telecommunication Co., Ltd.",9674
2025-11-26 10:29:06.519719 UTC,2025,18:29:06,ndt-lvdqj_1763512125_00000000000894A5,Download,109.26883707252816,151.317,8.6850962683966228e-06,Taipei City,Taipei,25.053,121.5259,5,Mobile Business Group,17421
2025-11-26 10:23:39.172893 UTC,2025,18:23:39,ndt-d8597_1763604679_0000000000069B92,Download,37.274709800244011,26.773,0.00011760384205312584,Taipei City,Taipei,25.053,121.5259,5,Mobile Business Group,17421
2025-11-26 10:20:57.732281 UTC,2025,18:20:57,ndt-d8597_1763604679_000000000006E9A5,Download,58.492325264882034,152.652,0.0,Taipei City,Taipei,25.053,121.5259,5,Mobile Business Group,17421
2025-11-26 10:20:33.408813 UTC,2025,18:20:33,ndt-v97g4_1763480129_000000000007CD5A,Download,29.605024767177365,154.925,0.0,Taipei City,Taipei,25.053,121.5259,10,Mobile Business Group,17421
2025-11-26 10:20:25.655142 UTC,2025,18:20:25,ndt-d8597_1763604679_000000000006BA75,Download,39.880980130554022,158.206,0.0,Taipei City,Taipei,25.053,121.5259,10,Mobile Business Group,17421
2025-11-26 10:20:16.718993 UTC,2025,18:20:16,ndt-v97g4_1763480129_000000000007ED0F,Download,52.506630946464092,159.014,3.3629589290869241e-05,Taipei City,Taipei,25.053,121.5259,10,Mobile Business Group,17421
2025-11-26 10:19:43.315219 UTC,2025,18:19:43,ndt-lvdqj_1763512125_00000000000846A3,Download,73.132089726923411,156.709,0.0,Taipei City,Taipei,25.053,121.5259,10,Mobile Business Group,17421
2025-11-26 10:18:56.715371 UTC,2025,18:18:56,ndt-d8597_1763604679_000000000006BA72,Download,86.854280808791131,150.348,0.0,Taipei City,Taipei,25.053,121.5259,5,Mobile Business Group,17421
2025-11-26 10:18:31.618737 UTC,2025,18:18:31,ndt-v97g4_1763480129_000000000007DCCB,Download,20.45064295488007,203.399,8.2676935589803824e-05,Taipei City,Taipei,25.053,121.5259,10,Mobile Business Group,17421
2025-11-26 10:15:35.386350 UTC,2025,18:15:35,ndt-lvdqj_1763512125_000000000008B4FE,Download,69.226469449232567,158.392,0.0,Taipei City,Taipei,25.053,121.5259,5,Mobile Business Group,17421
2025-11-26 10:12:21.749565 UTC,2025,18:12:21,ndt-v97g4_1763480129_000000000007BDF2,Download,0.84492836060213816,146.0,0.13707429834621854,Taipei City,Taipei,25.053,121.5259,10,"Taiwan Mobile Co., Ltd.",24158
2025-11-26 10:10:49.741149 UTC,2025,18:10:49,ndt-d8597_1763604679_0000000000066C4C,Download,2.1441817195719466,25.732,0.00057865606330049753,Taipei City,Taipei,25.053,121.5259,5,"Taiwan Mobile Co., Ltd.",24158
2025-11-26 10:06:05.589961 UTC,2025,18:06:05,ndt-lvdqj_1763512125_0000000000082649,Download,18.095345350775052,159.632,0.015359035184570474,Taipei City,Taipei,25.053,121.5259,100,"Taiwan Mobile Co., Ltd.",24158
2025-11-26 10:05:48.436514 UTC,2025,18:05:48,ndt-lvdqj_1763512125_0000000000086555,Download,11.874046661608334,157.622,0.050301703352063527,Taipei City,Taipei,25.053,121.5259,100,"Taiwan Mobile Co., Ltd.",24158
2025-11-26 10:05:10.902766 UTC,2025,18:05:10,ndt-lvdqj_1763512125_0000000000086554,Download,95.476912590765039,152.004,1.9784627946795858e-05,Taipei City,Taipei,25.053,121.5259,5,Mobile Business Group,17421
2025-11-26 10:02:24.810435 UTC,2025,18:02:24,ndt-d8597_1763604679_0000000000068BAD,Download,67.750367006738117,200.113,0.0018068482366691166,Taipei City,Taipei,25.053,121.5259,10,"Far EastTone Telecommunication Co., Ltd.",9674
2025-11-26 09:55:05.435170 UTC,2025,17:55:05,ndt-d8597_1763604679_0000000000064C0C,Download,27.34908625492633,201.873,0.017830000652493475,Taipei City,Taipei,25.053,121.5259,100,"Far EastTone Telecommunication Co., Ltd.",9674
2025-11-26 09:50:39.357643 UTC,2025,17:50:39,ndt-d8597_1763604679_0000000000067BD3,Download,12.605817690485459,196.329,0.37112819785209117,Taipei City,Taipei,25.053,121.5259,5,"Far EastTone Telecommunication Co., Ltd.",9674
2025-11-26 09:48:56.242757 UTC,2025,17:48:56,ndt-v97g4_1763480129_0000000000071F93,Download,140.55950680057151,19.846,0.0,Taipei City,Taipei,25.053,121.5259,5,"Taiwan Mobile Co., Ltd.",24158
2025-11-26 09:48:28.886166 UTC,2025,17:48:28,ndt-v97g4_1763480129_0000000000072F1B,Download,83.43725060718252,156.004,0.0,Taipei City,Taipei,25.053,121.5259,5,Mobile Business Group,17421
2025-11-26 09:46:50.685108 UTC,2025,17:46:50,ndt-lvdqj_1763512125_000000000007E855,Download,15.639671218700954,23.871,0.00073949152604685581,Taipei City,Taipei,25.053,121.5259,100,"Far EastTone Telecommunication Co., Ltd.",9674
2025-11-26 09:46:46.772897 UTC,2025,17:46:46,ndt-lvdqj_1763512125_000000000008364E,Download,2.0247725947953588,29.956,0.0014543374762566071,Taipei City,Taipei,25.053,121.5259,5,"Taiwan Mobile Co., Ltd.",24158
2025-11-26 09:46:26.903072 UTC,2025,17:46:26,ndt-lvdqj_1763512125_000000000008D41B,Download,3.08702798703497,21.57,0.024700498609199532,Taipei City,Taipei,25.053,121.5259,100,"Far EastTone Telecommunication Co., Ltd.",9674
2025-11-26 09:46:18.806618 UTC,2025,17:46:18,ndt-d8597_1763604679_0000000000060E9C,Download,5.6192220625726685,202.786,0.0050307102585677756,Taipei City,Taipei,25.053,121.5259,50,"Far EastTone Telecommunication Co., Ltd.",9674
2025-11-26 09:45:37.406366 UTC,2025,17:45:37,ndt-lvdqj_1763512125_000000000008E3B8,Download,27.818120147674684,25.383,0.001426568934536393,Taipei City,Taipei,25.053,121.5259,100,"Far EastTone Telecommunication Co., Ltd.",9674
2025-11-26 09:45:26.953308 UTC,2025,17:45:26,ndt-d8597_1763604679_0000000000064BF7,Download,36.973387655232663,208.368,0.00023949192994584325,Taipei City,Taipei,25.053,121.5259,50,"Far EastTone Telecommunication Co., Ltd.",9674
2025-11-26 09:45:17.201102 UTC,2025,17:45:17,ndt-v97g4_1763480129_000000000007DC93,Download,16.604130395240169,23.495,0.00053416865506989233,Taipei City,Taipei,25.053,121.5259,100,"Far EastTone Telecommunication Co., Ltd.",9674
2025-11-26 09:43:36.584353 UTC,2025,17:43:36,ndt-lvdqj_1763512125_0000000000086524,Download,106.47896695642237,21.708,3.412553274282383e-05,Taipei City,Taipei,25.053,121.5259,100,"Far EastTone Telecommunication Co., Ltd.",9674
2025-11-26 09:41:56.309340 UTC,2025,17:41:56,ndt-d8597_1763604679_000000000006BA2A,Download,89.495602167552278,195.031,0.00016316123862724022,Taipei City,Taipei,25.053,121.5259,100,"Far EastTone Telecommunication Co., Ltd.",9674
2025-11-26 09:40:53.967245 UTC,2025,17:40:53,ndt-lvdqj_1763512125_0000000000088550,Download,91.850615589368559,156.711,0.0,Taipei City,Taipei,25.053,121.5259,5,Mobile Business Group,17421
2025-11-26 09:40:27.040437 UTC,2025,17:40:27,ndt-v97g4_1763480129_0000000000071F84,Download,5.093148023176906,156.766,0.00017760108369754425,Taipei City,Taipei,25.053,121.5259,5,Mobile Business Group,17421
2025-11-26 09:39:28.542181 UTC,2025,17:39:28,ndt-lvdqj_1763512125_000000000008D40A,Download,4.3125379847271148,26.879,0.089471979982336178,Taipei City,Taipei,25.053,121.5259,5,"Taiwan Mobile Co., Ltd.",24158
2025-11-26 09:39:10.284815 UTC,2025,17:39:10,ndt-lvdqj_1763512125_000000000008C47B,Download,8.5486462077189,237.0,0.23368647911504534,Taipei City,Taipei,25.053,121.5259,50,"Far EastTone Telecommunication Co., Ltd.",9674
2025-11-26 09:36:11.584287 UTC,2025,17:36:11,ndt-v97g4_1763480129_0000000000086437,Download,48.079919184105833,204.296,0.0093905883650916809,Taipei City,Taipei,25.053,121.5259,100,"Far EastTone Telecommunication Co., Ltd.",9674
2025-11-26 09:35:18.677052 UTC,2025,17:35:18,ndt-d8597_1763604679_0000000000066BF4,Download,60.567522896408164,157.6,0.0,Taipei City,Taipei,25.053,121.5259,5,Mobile Business Group,17421
2025-11-26 09:34:21.931007 UTC,2025,17:34:21,ndt-d8597_1763604679_0000000000068B68,Download,6.4945731912351361,205.404,0.29682187801111831,Taipei City,Taipei,25.053,121.5259,100,"Far EastTone Telecommunication Co., Ltd.",9674
2025-11-26 09:32:45.452186 UTC,2025,17:32:45,ndt-v97g4_1763480129_000000000009008E,Download,22.351646029296941,155.168,0.0,Taipei City,Taipei,25.053,121.5259,5,Mobile Business Group,17421
2025-11-26 09:26:45.917424 UTC,2025,17:26:45,ndt-lvdqj_1763512125_000000000008D3EE,Download,7.7111559088436232,22.416,0.015141599781101788,Taipei City,Taipei,25.053,121.5259,100,"Far EastTone Telecommunication Co., Ltd.",9674
2025-11-26 09:23:27.978701 UTC,2025,17:23:27,ndt-v97g4_1763480129_0000000000077DFA,Download,34.117468201935729,203.931,0.00053620963402345109,Taipei City,Taipei,25.053,121.5259,20,"Far EastTone Telecommunication Co., Ltd.",9674
2025-11-26 09:21:13.135148 UTC,2025,17:21:13,ndt-d8597_1763604679_000000000006D9E3,Download,7.5149338014584757,28.685,0.0,Taipei City,Taipei,25.053,121.5259,5,"Taiwan Mobile Co., Ltd.",24158
2025-11-26 09:20:58.702591 UTC,2025,17:20:58,ndt-d8597_1763604679_000000000006F7C3,Download,10.176894335804992,198.379,0.35136429730518454,Taipei City,Taipei,25.053,121.5259,50,"Far EastTone Telecommunication Co., Ltd.",9674
2025-11-26 09:20:24.220037 UTC,2025,17:20:24,ndt-v97g4_1763480129_0000000000071F68,Download,6.3600576244678448,254.574,0.19065864718530182,Taipei City,Taipei,25.053,121.5259,50,"Far EastTone Telecommunication Co., Ltd.",9674
2025-11-26 09:20:19.884987 UTC,2025,17:20:19,ndt-lvdqj_1763512125_00000000000825E9,Download,11.403412538295154,33.636,0.0,Taipei City,Taipei,25.053,121.5259,5,"Taiwan Mobile Co., Ltd.",24158
2025-11-26 09:17:07.152153 UTC,2025,17:17:07,ndt-v97g4_1763480129_0000000000072EF7,Download,108.01324153060673,150.548,1.1347773474913946e-05,Taipei City,Taipei,25.053,121.5259,5,Mobile Business Group,17421
2025-11-26 09:16:08.671468 UTC,2025,17:16:08,ndt-d8597_1763604679_0000000000065AEF,Download,90.33343458694776,154.254,0.0011363223365414257,Taipei City,Taipei,25.053,121.5259,5,Mobile Business Group,17421
2025-11-26 09:16:08.182175 UTC,2025,17:16:08,ndt-d8597_1763604679_0000000000068B27,Download,11.176011072182343,216.33,0.18416495169023997,Taipei City,Taipei,25.053,121.5259,50,"Far EastTone Telecommunication Co., Ltd.",9674
2025-11-26 09:15:15.709136 UTC,2025,17:15:15,ndt-v97g4_1763480129_000000000007BDA4,Download,6.3792386791863374,29.249,0.0050039644040095824,Taipei City,Taipei,25.053,121.5259,5,"Taiwan Mobile Co., Ltd.",24158
2025-11-26 09:15:14.334568 UTC,2025,17:15:14,ndt-lvdqj_1763512125_00000000000825DA,Download,13.387120609298625,215.0,0.18770865642735565,Taipei City,Taipei,25.053,121.5259,50,"Far EastTone Telecommunication Co., Ltd.",9674
2025-11-26 09:13:42.562406 UTC,2025,17:13:42,ndt-v97g4_1763480129_0000000000075E7E,Download,40.214379617756947,152.595,0.00026620011258690222,Taipei City,Taipei,25.053,121.5259,5,Mobile Business Group,17421
2025-11-26 09:06:32.903760 UTC,2025,17:06:32,ndt-lvdqj_1763512125_000000000008C43A,Download,92.74617106804304,155.018,0.0001080809344550439,Taipei City,Taipei,25.053,121.5259,5,Mobile Business Group,17421
2025-11-26 09:03:40.002815 UTC,2025,17:03:40,ndt-lvdqj_1763512125_00000000000884F9,Download,112.03763423871763,149.399,0.0,Taipei City,Taipei,25.053,121.5259,5,Mobile Business Group,17421
2025-11-26 08:58:33.940592 UTC,2025,16:58:33,ndt-v97g4_1763480129_0000000000076EB3,Download,57.044259613040609,203.587,0.0031401992107452439,Taipei City,Taipei,25.053,121.5259,50,"Far EastTone Telecommunication Co., Ltd.",9674
2025-11-26 08:57:50.713917 UTC,2025,16:57:50,ndt-lvdqj_1763512125_0000000000080682,Download,71.782274482129893,203.531,0.0011331192163437183,Taipei City,Taipei,25.053,121.5259,100,"Far EastTone Telecommunication Co., Ltd.",9674
2025-11-26 08:57:08.770481 UTC,2025,16:57:08,ndt-d8597_1763604679_0000000000063C2A,Download,3.0487397549349886,29.448,0.0,Taipei City,Taipei,25.053,121.5259,5,"Taiwan Mobile Co., Ltd.",24158
2025-11-26 08:56:50.121777 UTC,2025,16:56:50,ndt-d8597_1763604679_0000000000063C29,Download,41.146707416904128,21.868,0.0,Taipei City,Taipei,25.053,121.5259,20,"Taiwan Mobile Co., Ltd.",24158
2025-11-26 08:56:34.299604 UTC,2025,16:56:34,ndt-d8597_1763604679_0000000000064B83,Download,1.4438680768026211,29.916,0.0,Taipei City,Taipei,25.053,121.5259,5,"Taiwan Mobile Co., Ltd.",24158
2025-11-26 08:53:40.204981 UTC,2025,16:53:40,ndt-v97g4_1763480129_0000000000079D8C,Download,37.515881956611778,195.0,0.28028827379071031,Taipei City,Taipei,25.053,121.5259,50,"Far EastTone Telecommunication Co., Ltd.",9674
2025-11-26 08:53:00.427628 UTC,2025,16:53:00,ndt-lvdqj_1763512125_000000000008C414,Download,41.252487945008724,194.529,0.32804039105732352,Taipei City,Taipei,25.053,121.5259,50,"Far EastTone Telecommunication Co., Ltd.",9674
2025-11-26 08:52:09.951577 UTC,2025,16:52:09,ndt-v97g4_1763480129_0000000000071F45,Download,32.438755394565504,201.351,0.014894045026040326,Taipei City,Taipei,25.053,121.5259,50,"Far EastTone Telecommunication Co., Ltd.",9674
2025-11-26 08:51:35.412840 UTC,2025,16:51:35,ndt-lvdqj_1763512125_000000000008D3A3,Download,19.720024991131435,206.223,0.048487449628059155,Taipei City,Taipei,25.053,121.5259,50,"Far EastTone Telecommunication Co., Ltd.",9674
2025-11-26 08:50:20.138160 UTC,2025,16:50:20,ndt-virtual-hrhtg_1763486473_000000000008F251,Download,9.164426129772151,24.311,0.1034503102047159,Taipei City,Taipei,25.053,121.5259,20,"Far EastTone Telecommunication Co., Ltd.",9674
2025-11-26 08:50:05.749421 UTC,2025,16:50:05,ndt-lvdqj_1763512125_000000000008F1FF,Download,8.9232446148854976,27.372,0.14181472970264594,Taipei City,Taipei,25.053,121.5259,5,"Taiwan Mobile Co., Ltd.",24158
2025-11-26 08:49:56.129854 UTC,2025,16:49:56,ndt-lvdqj_1763512125_00000000000825B5,Download,13.048877562257147,33.89,0.0002616293130361752,Taipei City,Taipei,25.053,121.5259,5,"Taiwan Mobile Co., Ltd.",24158
2025-11-26 08:49:38.392454 UTC,2025,16:49:38,ndt-d8597_1763604679_0000000000066BA0,Download,17.473897293109481,208.435,0.00959351648734488,Taipei City,Taipei,25.053,121.5259,20,"Far EastTone Telecommunication Co., Ltd.",9674
2025-11-26 08:49:37.385819 UTC,2025,16:49:37,ndt-d8597_1763604679_000000000006B9C6,Download,8.9251754811748061,29.966,0.1093998396996374,Taipei City,Taipei,25.053,121.5259,5,"Taiwan Mobile Co., Ltd.",24158
2025-11-26 08:49:33.885265 UTC,2025,16:49:33,ndt-lvdqj_1763512125_000000000008D3A0,Download,18.611002456659762,202.193,0.13608941801858779,Taipei City,Taipei,25.053,121.5259,100,"Far EastTone Telecommunication Co., Ltd.",9674
2025-11-26 08:49:07.563551 UTC,2025,16:49:07,ndt-lvdqj_1763512125_00000000000825B1,Download,25.462666724934621,23.16,0.0,Taipei City,Taipei,25.053,121.5259,5,"Taiwan Mobile Co., Ltd.",24158
2025-11-26 08:48:50.436170 UTC,2025,16:48:50,ndt-v97g4_1763480129_0000000000077DBE,Download,5.5496361278208663,209.91,0.063156292029334885,Taipei City,Taipei,25.053,121.5259,50,"Far EastTone Telecommunication Co., Ltd.",9674
2025-11-26 08:48:41.945515 UTC,2025,16:48:41,ndt-v97g4_1763480129_0000000000077DBC,Download,14.570157029148133,207.036,0.015735093989692906,Taipei City,Taipei,25.053,121.5259,20,"Far EastTone Telecommunication Co., Ltd.",9674
2025-11-26 08:48:15.667688 UTC,2025,16:48:15,ndt-v97g4_1763480129_0000000000077DBA,Download,8.9751228597356558,27.0,0.079059458836259366,Taipei City,Taipei,25.053,121.5259,5,"Taiwan Mobile Co., Ltd.",24158
2025-11-26 08:47:52.316848 UTC,2025,16:47:52,ndt-v97g4_1763480129_0000000000075E5A,Download,26.37314464003564,23.445,0.0,Taipei City,Taipei,25.053,121.5259,5,"Taiwan Mobile Co., Ltd.",24158
2025-11-26 08:33:05.139804 UTC,2025,16:33:05,ndt-lvdqj_1763512125_0000000000082593,Download,16.250418818405752,29.184,0.0,Taipei City,Taipei,25.053,121.5259,5,"Taiwan Mobile Co., Ltd.",24158
2025-11-26 08:32:42.592570 UTC,2025,16:32:42,ndt-v97g4_1763480129_000000000008A2D7,Download,87.495009752415726,152.046,0.0,Taipei City,Taipei,25.053,121.5259,5,Mobile Business Group,17421
2025-11-26 08:31:01.138930 UTC,2025,16:31:01,ndt-d8597_1763604679_0000000000061D0F,Download,92.820296777980488,197.91,0.0,Taipei City,Taipei,25.053,121.5259,20,"Far EastTone Telecommunication Co., Ltd.",9674
2025-11-26 08:29:07.173623 UTC,2025,16:29:07,ndt-d8597_1763604679_000000000006AAF1,Download,2.6346099408560959,203.611,0.040379234686688539,Taipei City,Taipei,25.053,121.5259,100,"Far EastTone Telecommunication Co., Ltd.",9674
2025-11-26 08:25:59.743129 UTC,2025,16:25:59,ndt-d8597_1763604679_000000000006B9A4,Download,18.546221358615565,206.79,0.32137890788944895,Taipei City,Taipei,25.053,121.5259,100,"Far EastTone Telecommunication Co., Ltd.",9674
2025-11-26 08:22:57.119737 UTC,2025,16:22:57,ndt-d8597_1763604679_0000000000042D00,Download,45.15772351942546,19.757,0.0,Taipei City,Taipei,25.053,121.5259,5,"Taiwan Mobile Co., Ltd.",24158
2025-11-26 08:06:27.124672 UTC,2025,16:06:27,ndt-lvdqj_1763512125_00000000000893C2,Download,13.492983767656582,200.142,0.021636715163864475,Taipei City,Taipei,25.053,121.5259,100,"Far EastTone Telecommunication Co., Ltd.",9674
2025-11-26 08:00:05.450465 UTC,2025,16:00:05,ndt-d8597_1763604679_0000000000069A95,Download,14.029671665521514,151.186,0.31102615414483842,Taipei City,Taipei,25.053,121.5259,5,Mobile Business Group,17421
2025-11-26 07:58:08.923379 UTC,2025,15:58:08,ndt-d8597_1763604679_000000000006B976,Download,188.78591496819615,20.687,0.0,Taipei City,Taipei,25.053,121.5259,5,"Taiwan Mobile Co., Ltd.",24158
2025-11-26 07:57:50.559179 UTC,2025,15:57:50,ndt-d8597_1763604679_0000000000063BC7,Download,3.8123898530574167,207.315,0.18772610341118845,Taipei City,Taipei,25.053,121.5259,10,"Far EastTone Telecommunication Co., Ltd.",9674
2025-11-26 07:56:53.457671 UTC,2025,15:56:53,ndt-v97g4_1763480129_0000000000074E7B,Download,116.345619943895,150.418,0.0,Taipei City,Taipei,25.053,121.5259,5,Mobile Business Group,17421
2025-11-26 07:56:21.920197 UTC,2025,15:56:21,ndt-lvdqj_1763512125_000000000008F1BD,Download,8.3122379931737864,150.788,0.10794628780602722,Taipei City,Taipei,25.053,121.5259,5,Mobile Business Group,17421
2025-11-26 07:46:51.070108 UTC,2025,15:46:51,ndt-d8597_1763604679_0000000000066B2D,Download,7.2261785394388856,214.033,0.0,Taipei City,Taipei,25.053,121.5259,20,"Far EastTone Telecommunication Co., Ltd.",9674
2025-11-26 07:43:32.180075 UTC,2025,15:43:32,ndt-v97g4_1763480129_0000000000070FF5,Download,65.0825566702981,197.551,0.0,Taipei City,Taipei,25.053,121.5259,20,"Far EastTone Telecommunication Co., Ltd.",9674
2025-11-26 07:42:52.383038 UTC,2025,15:42:52,ndt-d8597_1763604679_0000000000063BAC,Download,11.024328887734384,19.399,0.10428575411984496,Taipei City,Taipei,25.053,121.5259,10,"Taiwan Mobile Co., Ltd.",24158
2025-11-26 07:40:15.045621 UTC,2025,15:40:15,ndt-lvdqj_1763512125_0000000000084590,Download,63.165442135961634,34.101,0.0,Taipei City,Taipei,25.053,121.5259,5,"Taiwan Mobile Co., Ltd.",24158
2025-11-26 07:33:10.290449 UTC,2025,15:33:10,ndt-v97g4_1763480129_0000000000074E5A,Download,71.235079497653587,26.448,0.0,Taipei City,Taipei,25.053,121.5259,5,"Taiwan Mobile Co., Ltd.",24158
2025-11-26 07:28:10.139403 UTC,2025,15:28:10,ndt-d8597_1763604679_0000000000061C99,Download,10.040414670666086,205.785,0.27338584128467847,Taipei City,Taipei,25.053,121.5259,50,"Far EastTone Telecommunication Co., Ltd.",9674
2025-11-26 07:06:04.258788 UTC,2025,15:06:04,ndt-d8597_1763604679_000000000006D8DC,Download,21.856606545576465,20.588,0.0487281371543889,Taipei City,Taipei,25.053,121.5259,20,"Taiwan Mobile Co., Ltd.",24158
2025-11-26 07:04:50.624218 UTC,2025,15:04:50,ndt-v97g4_1763480129_0000000000074E30,Download,289.4317248443561,14.18,5.0996351801973415e-05,Taipei City,Taipei,25.053,121.5259,10,"Far EastTone Telecommunication Co., Ltd.",9674
2025-11-26 07:04:47.980854 UTC,2025,15:04:47,ndt-v97g4_1763480129_0000000000077D1F,Download,21.673887470081269,20.417,0.075164200852703117,Taipei City,Taipei,25.053,121.5259,20,"Taiwan Mobile Co., Ltd.",24158
2025-11-26 07:04:14.972837 UTC,2025,15:04:14,ndt-d8597_1763604679_0000000000060D1B,Download,20.190495708191612,21.676,0.078188446700148434,Taipei City,Taipei,25.053,121.5259,20,"Taiwan Mobile Co., Ltd.",24158
2025-11-26 07:03:51.357859 UTC,2025,15:03:51,ndt-v97g4_1763480129_00000000000872D1,Download,23.066758191129793,20.679,0.066189421165730733,Taipei City,Taipei,25.053,121.5259,5,"Taiwan Mobile Co., Ltd.",24158
2025-11-26 07:02:24.551005 UTC,2025,15:02:24,ndt-v97g4_1763480129_0000000000071EA3,Download,2.6215291869076345,23.044,0.0,Taipei City,Taipei,25.053,121.5259,5,"Taiwan Mobile Co., Ltd.",24158
2025-11-26 07:01:47.639362 UTC,2025,15:01:47,ndt-v97g4_1763480129_0000000000076DF2,Download,5.8595527055556182,21.347,0.0,Taipei City,Taipei,25.053,121.5259,5,"Taiwan Mobile Co., Ltd.",24158
2025-11-26 06:59:40.059857 UTC,2025,14:59:40,ndt-v97g4_1763480129_0000000000076DED,Download,6.7937376729099883,24.351,0.0,Taipei City,Taipei,25.053,121.5259,5,Mobile Business Group,17421
2025-11-26 06:58:39.216537 UTC,2025,14:58:39,ndt-d8597_1763604679_0000000000069A21,Download,3.3086150157575038,149.008,0.29217177034846259,Taipei City,Taipei,25.053,121.5259,5,Mobile Business Group,17421
2025-11-26 06:58:32.814994 UTC,2025,14:58:32,ndt-virtual-hrhtg_1763486473_0000000000089E46,Download,34.0674495984494,21.875,0.0,Taipei City,Taipei,25.053,121.5259,100,"Taiwan Mobile Co., Ltd.",24158
2025-11-26 06:55:58.799921 UTC,2025,14:55:58,ndt-v97g4_1763480129_00000000000872C4,Download,2.7221198013720302,177.028,0.00013704765526041389,Taipei City,Taipei,25.053,121.5259,10,Mobile Business Group,17421
2025-11-26 06:53:51.822370 UTC,2025,14:53:51,ndt-d8597_1763604679_0000000000064A72,Download,106.40761352415474,22.59,0.0,Taipei City,Taipei,25.053,121.5259,5,"Taiwan Mobile Co., Ltd.",24158
2025-11-26 06:49:37.319469 UTC,2025,14:49:37,ndt-v97g4_1763480129_000000000007EB9E,Download,102.2656837969587,23.486,0.0,Taipei City,Taipei,25.053,121.5259,10,"Taiwan Mobile Co., Ltd.",24158
2025-11-26 06:48:10.975785 UTC,2025,14:48:10,ndt-v97g4_1763480129_000000000007F873,Download,87.180952537127965,198.422,0.0,Taipei City,Taipei,25.053,121.5259,50,"Far EastTone Telecommunication Co., Ltd.",9674
2025-11-26 06:36:03.710598 UTC,2025,14:36:03,ndt-d8597_1763604679_000000000006B8E1,Download,7.13198502395445,32.733,0.0,Taipei City,Taipei,25.053,121.5259,5,"Taiwan Mobile Co., Ltd.",24158
2025-11-26 06:34:16.150854 UTC,2025,14:34:16,ndt-lvdqj_1763512125_000000000008450D,Download,122.5514767838167,19.942,0.0,Taipei City,Taipei,25.053,121.5259,5,"Taiwan Mobile Co., Ltd.",24158
2025-11-26 06:32:00.514577 UTC,2025,14:32:00,ndt-v97g4_1763480129_0000000000070F89,Download,123.82734054667654,17.254,0.0,Taipei City,Taipei,25.053,121.5259,5,Mobile Business Group,17421
2025-11-26 06:27:45.119332 UTC,2025,14:27:45,ndt-d8597_1763604679_000000000006898B,Download,92.210792237624077,191.513,0.0,Taipei City,Taipei,25.053,121.5259,5,"Far EastTone Telecommunication Co., Ltd.",9674
2025-11-26 06:22:35.933359 UTC,2025,14:22:35,ndt-lvdqj_1763512125_00000000000844F6,Download,163.25891707067026,25.117,0.00012877677327391223,Taipei City,Taipei,25.053,121.5259,100,"Far EastTone Telecommunication Co., Ltd.",9674
2025-11-26 06:18:51.875657 UTC,2025,14:18:51,ndt-d8597_1763604679_000000000006F66F,Download,93.6979648935217,39.177,0.0,Taipei City,Taipei,25.053,121.5259,5,"Taiwan Mobile Co., Ltd.",24158
2025-11-26 06:12:30.831910 UTC,2025,14:12:30,ndt-v97g4_1763480129_0000000000077CD7,Download,77.849490407892674,194.176,0.0029383462012305714,Taipei City,Taipei,25.053,121.5259,5,"Far EastTone Telecommunication Co., Ltd.",9674
2025-11-26 06:09:41.342728 UTC,2025,14:09:41,ndt-lvdqj_1763512125_00000000000863C2,Download,147.65915692694475,20.619,0.0,Taipei City,Taipei,25.053,121.5259,5,"Taiwan Mobile Co., Ltd.",24158
2025-11-26 06:05:53.904372 UTC,2025,14:05:53,ndt-d8597_1763604679_00000000000679F5,Download,205.18739415445481,20.758,0.0,Taipei City,Taipei,25.053,121.5259,5,"Taiwan Mobile Co., Ltd.",24158
2025-11-26 06:03:15.361114 UTC,2025,14:03:15,ndt-d8597_1763604679_000000000006E79F,Download,8.2880736824022527,26.493,0.0001832023582172434,Taipei City,Taipei,25.053,121.5259,100,"Far EastTone Telecommunication Co., Ltd.",9674
2025-11-26 05:56:03.061318 UTC,2025,13:56:03,ndt-d8597_1763604679_000000000004AAE2,Download,112.85484088547584,153.151,0.0,Taipei City,Taipei,25.053,121.5259,10,Mobile Business Group,17421
2025-11-26 05:49:42.425707 UTC,2025,13:49:42,ndt-v97g4_1763480129_0000000000079C87,Download,44.566118007211692,207.984,0.00027038543135984172,Taipei City,Taipei,25.053,121.5259,100,"Far EastTone Telecommunication Co., Ltd.",9674
2025-11-26 05:49:12.114768 UTC,2025,13:49:12,ndt-d8597_1763604679_000000000004CB27,Download,17.86246005560729,23.806,0.063953556851303967,Taipei City,Taipei,25.053,121.5259,5,"Taiwan Mobile Co., Ltd.",24158
2025-11-26 05:38:38.402549 UTC,2025,13:38:38,ndt-lvdqj_1763512125_000000000008833E,Download,58.783018553954555,25.923,5.6615060837297066e-05,Taipei City,Taipei,25.053,121.5259,50,"Far EastTone Telecommunication Co., Ltd.",9674
2025-11-26 05:28:23.582634 UTC,2025,13:28:23,ndt-lvdqj_1763512125_00000000000892ED,Download,24.327079568683306,24.41,0.07579060599737833,Taipei City,Taipei,25.053,121.5259,5,"Taiwan Mobile Co., Ltd.",24158
2025-11-26 05:24:00.175035 UTC,2025,13:24:00,ndt-d8597_1763604679_000000000006B858,Download,104.10413898904442,147.889,0.0,Taipei City,Taipei,25.053,121.5259,5,Mobile Business Group,17421
2025-11-26 05:23:55.288391 UTC,2025,13:23:55,ndt-v97g4_1763480129_000000000007DB4E,Download,0.75966848282615307,20.758,0.19322989125805629,Taipei City,Taipei,25.053,121.5259,20,"Taiwan Mobile Co., Ltd.",24158
2025-11-26 05:16:56.202299 UTC,2025,13:16:56,ndt-lvdqj_1763512125_000000000008050F,Download,82.431696642003018,197.433,2.5744651541564349e-05,Taipei City,Taipei,25.053,121.5259,50,"Far EastTone Telecommunication Co., Ltd.",9674
2025-11-26 05:10:04.009929 UTC,2025,13:10:04,ndt-d8597_1763604679_000000000006E73D,Download,14.5469011529158,24.484,0.0,Taipei City,Taipei,25.053,121.5259,100,"Taiwan Mobile Co., Ltd.",24158
2025-11-26 04:52:17.919598 UTC,2025,12:52:17,ndt-lvdqj_1763512125_000000000007F42B,Download,1.4593173653014984,150.086,0.0,Taipei City,Taipei,25.053,121.5259,5,Mobile Business Group,17421
2025-11-26 04:51:44.832058 UTC,2025,12:51:44,ndt-d8597_1763604679_0000000000062AE1,Download,1.3215420085829124,149.525,0.00150954524949359,Taipei City,Taipei,25.053,121.5259,5,Mobile Business Group,17421
2025-11-26 04:51:23.274374 UTC,2025,12:51:23,ndt-d8597_1763604679_000000000006E716,Download,4.8487028640062011,19.845,0.0,Taipei City,Taipei,25.053,121.5259,10,"Taiwan Mobile Co., Ltd.",24158
2025-11-26 04:51:05.556354 UTC,2025,12:51:05,ndt-d8597_1763604679_000000000004CAFF,Download,52.641322885352665,157.618,0.0,Taipei City,Taipei,25.053,121.5259,5,Mobile Business Group,17421
2025-11-26 04:50:56.977854 UTC,2025,12:50:56,ndt-d8597_1763604679_000000000006E715,Download,37.655704923043565,27.859,8.6309355609741025e-05,Taipei City,Taipei,25.053,121.5259,100,"Far EastTone Telecommunication Co., Ltd.",9674
2025-11-26 04:50:52.686464 UTC,2025,12:50:52,ndt-lvdqj_1763512125_000000000008D1DA,Download,3.8450454347296579,18.855,0.0,Taipei City,Taipei,25.053,121.5259,10,"Taiwan Mobile Co., Ltd.",24158
2025-11-26 04:44:17.543617 UTC,2025,12:44:17,ndt-lvdqj_1763512125_0000000000086316,Download,21.733466118118724,165.87,0.0,Taipei City,Taipei,25.053,121.5259,10,Mobile Business Group,17421
2025-11-26 04:44:02.760341 UTC,2025,12:44:02,ndt-d8597_1763604679_000000000004EAF6,Download,19.395071064514358,161.441,0.00060065128469878083,Taipei City,Taipei,25.053,121.5259,5,Mobile Business Group,17421
2025-11-26 04:40:44.739099 UTC,2025,12:40:44,ndt-d8597_1763604679_000000000004AAB0,Download,0.97701844616618472,87.986,0.0016552392666649902,Taipei City,Taipei,25.053,121.5259,10,"Taiwan Mobile Co., Ltd.",24158
2025-11-26 04:40:13.236110 UTC,2025,12:40:13,ndt-lvdqj_1763512125_00000000000804DF,Download,0.322081571629874,199.862,0.14528358679604972,Taipei City,Taipei,25.053,121.5259,10,"Taiwan Mobile Co., Ltd.",24158
2025-11-26 04:40:08.778495 UTC,2025,12:40:08,ndt-lvdqj_1763512125_00000000000814C6,Download,411.24156312352437,24.67,0.0,Taipei City,Taipei,25.053,121.5259,50,"Far EastTone Telecommunication Co., Ltd.",9674
2025-11-26 04:37:10.059690 UTC,2025,12:37:10,ndt-d8597_1763604679_000000000004CAF8,Download,0.42032578484073191,19.958,0.0063550416153957861,Taipei City,Taipei,25.053,121.5259,5,"Taiwan Mobile Co., Ltd.",24158
2025-11-26 04:36:09.056783 UTC,2025,12:36:09,ndt-v97g4_1763480129_0000000000071DD1,Download,0.33600593787124322,22.247,0.041935847740929878,Taipei City,Taipei,25.053,121.5259,5,"Taiwan Mobile Co., Ltd.",24158
2025-11-26 04:35:53.813682 UTC,2025,12:35:53,ndt-d8597_1763604679_0000000000061B1A,Download,1.7535080403498486,29.945,0.0033000201465318338,Taipei City,Taipei,25.053,121.5259,5,"Taiwan Mobile Co., Ltd.",24158
2025-11-26 04:34:05.893171 UTC,2025,12:34:05,ndt-lvdqj_1763512125_000000000008E179,Download,119.33964786035214,144.25,0.0,Taipei City,Taipei,25.053,121.5259,5,"Taiwan Mobile Co., Ltd.",24158
2025-11-26 04:33:32.829860 UTC,2025,12:33:32,ndt-lvdqj_1763512125_000000000008A270,Download,115.72731385790479,144.711,0.0,Taipei City,Taipei,25.053,121.5259,5,"Taiwan Mobile Co., Ltd.",24158
2025-11-26 04:32:12.422207 UTC,2025,12:32:12,ndt-lvdqj_1763512125_000000000008F065,Download,4.614829066299154,23.802,0.0,Taipei City,Taipei,25.053,121.5259,5,"Taiwan Mobile Co., Ltd.",24158
2025-11-26 04:32:05.290990 UTC,2025,12:32:05,ndt-v97g4_1763480129_0000000000089195,Download,116.15622757724228,157.003,0.0,Taipei City,Taipei,25.053,121.5259,5,Mobile Business Group,17421
2025-11-26 04:30:30.722803 UTC,2025,12:30:30,ndt-lvdqj_1763512125_00000000000814BB,Download,2.918128877189516,22.525,0.00089430238498561482,Taipei City,Taipei,25.053,121.5259,5,"Taiwan Mobile Co., Ltd.",24158
2025-11-26 04:15:52.900211 UTC,2025,12:15:52,ndt-d8597_1763604679_000000000006F5A2,Download,23.349268435473412,153.605,0.1960020149903568,Taipei City,Taipei,25.053,121.5259,5,Mobile Business Group,17421
2025-11-26 04:11:18.911141 UTC,2025,12:11:18,ndt-lvdqj_1763512125_000000000008A23B,Download,64.6170097343992,21.432,5.2520772737982175e-05,Taipei City,Taipei,25.053,121.5259,5,"Taiwan Mobile Co., Ltd.",24158
2025-11-26 04:09:36.907539 UTC,2025,12:09:36,ndt-virtual-hrhtg_1763486473_000000000008963D,Download,42.415733108847114,18.439,0.017703302672276454,Taipei City,Taipei,25.053,121.5259,5,"Taiwan Mobile Co., Ltd.",24158